,primary_ATR14,primary_vol_chg,primary_ret_1w,primary_Close,primary_Volume,ratio_yield_gold,bac_ret_1w,c_ret_1w,wfc_ret_1w,gspc_ret_1w,ftse_ret_1w,gold_ret_1w,tnx_chg,eurusd_ret,gbpusd_ret
2005-03-11,-1.1172419478515296,-0.10930871492120743,-0.0476091507053841,36.11000061035156,-0.6221194392065674,2.9136272787006554,-0.021157344592000582,0.0008989132247867916,-0.02541462844759741,-0.07612943410050688,-0.031054509762638793,-0.05445436553794302,1.612309802207587,1.9829592297435483,0.11770090337985142
2005-03-12,-1.1289313560493097,0.02795713376855779,-0.14470035907105,36.0099983215332,-0.5981068486649713,2.919636823919224,-0.5325559696994102,-0.5183473356194868,-0.2427534752137721,-0.07612943410050688,-0.8068739250838284,-0.9681894499130784,-0.004801771525306656,0.0050616332191265765,0.01168542483604493
2005-03-18,-1.1397858065186768,-0.10930871492120743,-0.0476091507053841,36.0099983215332,-0.5981068486649713,2.919636823919224,-0.021157344592000582,0.0008989132247867916,-0.02541462844759741,-0.07612943410050688,-0.031054509762638793,-0.05445436553794302,-0.3239685294989046,-1.3505805187414233,-0.3943274564026128
2005-03-19,-1.139797238715538,-0.4999257885587649,-1.0990801976678974,34.93000030517578,-0.6689449722928592,2.919636823919224,-0.7679066508155028,-1.3119928371187295,-0.5413399809389693,-0.07612943410050688,-0.041733280555277155,-2.0182224137470994,-0.004801771525306656,0.0050616332191265765,0.01168542483604493
2005-03-25,-1.140154957043238,-0.10930871492120743,-0.0476091507053841,34.93000030517578,-0.6689449722928592,2.919636823919224,-0.021157344592000582,0.0008989132247867916,-0.02541462844759741,-0.07612943410050688,-0.031054509762638793,-0.05445436553794302,0.5760675742501489,-3.1739215740516253,-2.988257762250711
2005-03-26,-1.1356268914447663,0.7301592871383034,-0.7301175180431683,34.25,-0.5325929809651456,2.919636823919224,0.14643489682314995,0.060195221237062294,0.5257564117058274,-0.07612943410050688,-0.14456259659389176,0.11249762323699498,-0.004801771525306656,0.0050616332191265765,0.01168542483604493
2005-04-01,-1.1314222591033283,-0.10930871492120743,-0.0476091507053841,34.25,-0.5325929809651456,2.919636823919224,-0.021157344592000582,0.0008989132247867916,-0.02541462844759741,-0.07612943410050688,-0.031054509762638793,-0.05445436553794302,-0.8906976771355019,-0.5256453496396151,0.6486114477848347
2005-04-02,-1.1108542462000737,-0.7716103675354447,0.2082947434582838,34.5,-0.6642914286539733,2.919636823919224,0.4081676359342997,0.4623728377290574,0.04227658942396539,-0.07612943410050688,0.9013244095855003,0.08428241661033879,-0.004801771525306656,0.0050616332191265765,0.01168542483604493
2005-04-08,-1.091755377075623,-0.10930871492120743,-0.0476091507053841,34.5,-0.6642914286539733,2.919636823919224,-0.021157344592000582,0.0008989132247867916,-0.02541462844759741,-0.07612943410050688,-0.031054509762638793,-0.05445436553794302,0.2562565991221577,0.15212200491312977,0.22280763841447507
2005-04-09,-1.0892957486038506,0.08672043119165511,-0.6268417418976652,33.93000030517578,-0.6322073882714128,2.919636823919224,-0.27362741607780855,0.20441325172288935,-0.2488259638205214,-0.07612943410050688,-1.2458461230589069,-0.3312779566129953,-0.004801771525306656,0.0050616332191265765,0.01168542483604493
2005-04-15,-1.0870118078800615,-0.10930871492120743,-0.0476091507053841,33.93000030517578,-0.6322073882714128,2.8451813179559595,-0.021157344592000582,0.0008989132247867916,-0.02541462844759741,-0.07612943410050688,-0.031054509762638793,-0.05445436553794302,-1.4925444193595774,0.1519397739692942,0.6498952765725067
2005-04-16,-1.0626727238549367,1.367423581104029,0.9236627339986259,34.869998931884766,-0.37785474820129933,2.7577141345280034,0.0361614525416027,0.329801666099277,-0.2661521703207487,-0.07612943410050688,-0.5994963452671079,1.252739791283891,-0.004801771525306656,0.0050616332191265765,0.01168542483604493
2005-04-22,-1.0497926110657076,-0.10930871492120743,-0.0476091507053841,34.869998931884766,-0.37785474820129933,2.7484548715263135,-0.021157344592000582,0.0008989132247867916,-0.02541462844759741,-0.07612943410050688,-0.031054509762638793,-0.05445436553794302,-0.0729704092939067,1.2886547908578525,1.3348419184960354
2005-04-23,-1.0652582560221024,-1.2994466150292279,0.5757511512173122,35.4900016784668,-0.6637068729027562,2.7421073764065897,0.4046842629627094,0.3656476687262106,0.6444375013588048,-0.07612943410050688,-0.6762895684431927,0.04078468286339151,-0.004801771525306656,0.0050616332191265765,0.01168542483604493
2005-04-29,-1.0803135499171057,-0.10930871492120743,-0.0476091507053841,35.4900016784668,-0.6637068729027562,2.6958855625145692,-0.021157344592000582,0.0008989132247867916,-0.02541462844759741,-0.07612943410050688,-0.031054509762638793,-0.05445436553794302,-0.34644506175056555,-1.3464128294547066,-0.159937814318687
2005-04-30,-1.0870031167511758,-0.43120798217793127,0.07093191365666654,35.61000061035156,-0.7164423082574152,2.7771755851480293,0.260600672228106,-0.20709847618911464,-0.11834285571698906,-0.07612943410050688,1.5733914296630762,-1.2633803239747805,-0.004801771525306656,0.0050616332191265765,0.01168542483604493
2005-05-06,-1.0932148573828124,-0.10930871492120743,-0.0476091507053841,35.61000061035156,-0.7164423082574152,2.843237740175088,-0.021157344592000582,0.0008989132247867916,-0.02541462844759741,-0.07612943410050688,-0.031054509762638793,-0.05445436553794302,0.4791793645562753,-0.7931555185672589,-1.1855721912633752
2005-05-07,-1.0705157119854012,0.13900704836269745,-1.1798110976298046,34.459999084472656,-0.6792597638880276,2.899952221868717,-0.24433397008844396,-0.3844004129134747,-0.2895030190352677,-0.07612943410050688,-0.4640359882911411,-0.8726163061993937,-0.004801771525306656,0.0050616332191265765,0.01168542483604493
2005-05-13,-1.0494379341163766,-0.10930871492120743,-0.0476091507053841,34.459999084472656,-0.6792597638880276,2.7468328428383493,-0.021157344592000582,0.0008989132247867916,-0.02541462844759741,-0.07612943410050688,-0.031054509762638793,-0.05445436553794302,-1.0929516155324914,-1.7222788704019971,-2.324530757073895
2005-05-14,-1.031601490253885,-0.11607745517060936,1.5801974463427437,36.060001373291016,-0.6803405376743261,2.7732822428977357,0.8786678655804158,1.0876677751369224,1.0609272010258397,-0.07612943410050688,1.1164218222423197,-0.448189401719861,-0.004801771525306656,0.0050616332191265765,0.01168542483604493
2005-05-20,-1.016427753823988,-0.10930871492120743,-0.0476091507053841,36.060001373291016,-0.6803405376743261,2.7829164016600934,-0.021157344592000582,0.0008989132247867916,-0.02541462844759741,-0.07612943410050688,-0.031054509762638793,-0.05445436553794302,0.06584873412321482,-0.8573203898615356,-1.7253651910651306
2005-05-21,-1.04989887373203,-1.719341410671307,-0.3003926020839993,35.79999923706055,-0.9369517877458767,2.7601690120517013,0.027288341901373424,-0.2862844568894951,-0.2978808431195288,-0.07612943410050688,0.16065690499211194,0.28529366665557454,-0.004801771525306656,0.0050616332191265765,0.01168542483604493
2005-05-27,-1.0809791993609261,-0.10930871492120743,-0.0476091507053841,35.79999923706055,-0.9369517877458767,2.7122736103659233,-0.021157344592000582,0.0008989132247867916,-0.02541462844759741,-0.07612943410050688,-0.031054509762638793,-0.05445436553794302,-0.3571989667697614,0.1466978870055138,-0.10633454063204283
2005-05-28,-1.0730403895235934,1.4297788107624128,-0.2924334122107347,35.54999923706055,-0.7971480819543539,2.6762992709513305,-0.547090298619039,0.1572375194555119,0.25965117568820095,-0.07612943410050688,0.1416444608002165,0.49448472091413004,-0.004801771525306656,0.0050616332191265765,0.01168542483604493
2005-06-03,-1.0656686375317845,-0.10930871492120743,-0.0476091507053841,35.54999923706055,-0.7971480819543539,2.5813901915850326,-0.021157344592000582,0.0008989132247867916,-0.02541462844759741,-0.07612943410050688,-0.031054509762638793,-0.05445436553794302,-0.7182333481721748,-3.2109596047356113,-0.6598642060253944
2005-06-04,-1.084860645646202,-0.8045078344073388,-0.16595015389704534,35.43000030517578,-0.886259025753213,2.548689578433065,0.11436494685081731,0.04530314181968309,-0.04558923604514447,-0.07612943410050688,0.3765485348044615,0.46153452293842956,-0.004801771525306656,0.0050616332191265765,0.01168542483604493
2005-06-10,-1.1026817960381616,-0.10930871492120743,-0.0476091507053841,35.43000030517578,-0.886259025753213,2.6145507975772526,-0.021157344592000582,0.0008989132247867916,-0.02541462844759741,-0.07612943410050688,-0.031054509762638793,-0.05445436553794302,0.5071481236765634,-0.9643557184238104,0.06798146362455504
2005-06-11,-1.1126338636234923,1.0964056562730768,0.5955829202661699,36.08000183105469,-0.7604104979329075,2.519787198866136,0.371201232182858,-0.09884367504228203,0.11590938155274975,-0.07612943410050688,0.5857320293063905,1.4524684010926103,-0.004801771525306656,0.0050616332191265765,0.01168542483604493
2005-06-17,-1.121875069238442,-0.10930871492120743,-0.0476091507053841,36.08000183105469,-0.7604104979329075,2.5564862444568495,-0.021157344592000582,0.0008989132247867916,-0.02541462844759741,-0.07612943410050688,-0.031054509762638793,-0.05445436553794302,0.2826847304716558,1.1095363205406643,0.8744627974682035
2005-06-18,-1.1269846318491188,-0.19180194645201717,-0.5431767524668071,35.56999969482422,-0.7717940668344054,2.5377450501044323,0.045354345137963936,-0.28277916590105245,-0.46253359810788125,-0.07612943410050688,-0.012931394614364893,0.24213316168958762,-0.004801771525306656,0.0050616332191265765,0.01168542483604493
2005-06-24,-1.1317292257018894,-0.10930871492120743,-0.0476091507053841,35.56999969482422,-0.7717940668344054,2.3825530801922885,-0.021157344592000582,0.0008989132247867916,-0.02541462844759741,-0.07612943410050688,-0.031054509762638793,-0.05445436553794302,-1.214670088303467,-1.466887734181029,-0.26752948998090703
2005-06-25,-1.1340519064015526,-0.44791277964636494,-0.5502784336272194,35.060001373291016,-0.8174897496254345,2.488788603619176,-1.0888670387401933,-0.4432964085581843,0.25488431139766204,-0.07612943410050688,1.0302236878677706,-1.7580145326211871,-0.004801771525306656,0.0050616332191265765,0.01168542483604493
2005-07-01,-1.1362086813369543,-0.10930871492120743,-0.0476091507053841,35.060001373291016,-0.8174897496254345,2.6203878811482046,-0.021157344592000582,0.0008989132247867916,-0.02541462844759741,-0.07612943410050688,-0.031054509762638793,-0.05445436553794302,1.0347699544458393,-1.2794781091439682,-3.1792257122107705
2005-07-02,-1.1420301929564827,-0.39714312387452966,-0.2976008230326584,34.810001373291016,-0.852820473723243,2.6646069265807832,0.08542762475236969,0.20106249306975837,-0.02541462844759741,-0.07612943410050688,0.8758069151411655,-0.7312445046238286,-0.004801771525306656,0.0050616332191265765,0.01168542483604493
2005-07-08,-1.1474358823174735,-0.10930871492120743,-0.0476091507053841,34.810001373291016,-0.852820473723243,2.7121512380804687,-0.021157344592000582,0.0008989132247867916,-0.02541462844759741,-0.07612943410050688,-0.031054509762638793,-0.05445436553794302,0.35367123743026985,-0.22293913373442875,-2.2156174798751644
2005-07-09,-1.1448178669365103,1.0010499960873025,1.0098957896971936,35.86000061035156,-0.7270068447537564,2.732588227578693,0.4972614136961114,-0.0501840450831869,0.7826811251452602,-0.07612943410050688,-0.04739068804184377,-0.36183792717662017,-0.004801771525306656,0.0050616332191265765,0.01168542483604493
2005-07-15,-1.142386852654187,-0.10930871492120743,-0.0476091507053841,35.86000061035156,-0.7270068447537564,2.7994983389251793,-0.021157344592000582,0.0008989132247867916,-0.02541462844759741,-0.07612943410050688,-0.031054509762638793,-0.05445436553794302,0.4909550612979141,1.0280763757442097,1.1411326300204374
2005-07-16,-1.146378390594354,-0.09919093544741528,-0.30180244263820155,35.599998474121094,-0.7255203718266879,2.7618671697113575,-0.7142181098604344,-1.1364865394547534,-0.5766858169891448,-0.07612943410050688,0.1059200143570744,0.5073520804394709,-0.004801771525306656,0.0050616332191265765,0.01168542483604493
2005-07-22,-1.1552922864464383,-0.10930871492120743,-0.0476091507053841,35.599998474121094,-0.7255203718266879,2.809209972784384,-0.021157344592000582,0.0008989132247867916,-0.02541462844759741,-0.07612943410050688,-0.031054509762638793,-0.05445436553794302,0.34338014626407704,0.41864373030195307,-0.7640159586954206
2005-07-23,-1.173637043402376,-1.122534875157047,-0.5006156676746686,35.13999938964844,-0.8747827567792273,2.7607638855870045,-0.8071328339876015,-0.5458559549516308,-0.23087963809885645,-0.07612943410050688,0.47683377555832046,0.6690127442336701,-0.004801771525306656,0.0050616332191265765,0.01168542483604493
2005-07-29,-1.1906714605757467,-0.10930871492120743,-0.0476091507053841,35.13999938964844,-0.8747827567792273,2.8075340398751907,-0.021157344592000582,0.0008989132247867916,-0.02541462844759741,-0.07612943410050688,-0.031054509762638793,-0.05445436553794302,0.3392645207582863,0.49570928445425044,1.183256006366272
2005-07-30,-1.2089192499738304,0.4662934403570635,0.0621373817432233,35.25,-0.8129387213608291,2.7406863580308936,-0.24753893116196515,0.07979089004364637,-0.5147646905878251,-0.07612943410050688,0.3733853184273012,0.9489032737962254,-0.004801771525306656,0.0050616332191265765,0.01168542483604493
2005-08-05,-1.2183414159687764,-0.10930871492120743,-0.0476091507053841,35.25,-0.8129387213608291,2.851060494252142,-0.021157344592000582,0.0008989132247867916,-0.02541462844759741,-0.07612943410050688,-0.031054509762638793,-0.05445436553794302,0.8113106114800851,1.9400167488844908,1.010215955637058
2005-08-06,-1.2183414159687764,-0.3610384929826107,-0.9825100115398695,34.310001373291016,-0.8441437469383879,2.772098225059955,-0.38630154121500493,-0.00515019811833234,-0.12793298226681776,-0.07612943410050688,0.35235986069145003,1.1213563786153775,-0.004801771525306656,0.0050616332191265765,0.01168542483604493
2005-08-12,-1.2143274166016995,-0.10930871492120743,-0.0476091507053841,34.310001373291016,-0.8441437469383879,2.627804065341643,-0.021157344592000582,0.0008989132247867916,-0.02541462844759741,-0.07612943410050688,-0.031054509762638793,-0.05445436553794302,-1.063274801605023,0.9762303375367593,2.5660337753463875
2005-08-13,-1.2183414159687764,-0.06934542360168408,0.1874102411245972,34.540000915527344,-0.8395229209721448,2.703894979290478,0.5931962060745234,0.3277052107042145,0.211161930323876,-0.07612943410050688,-0.43929414131310907,-1.207323795305935,-0.004801771525306656,0.0050616332191265765,0.01168542483604493
2005-08-19,-1.2183414159687764,-0.10930871492120743,-0.0476091507053841,34.540000915527344,-0.8395229209721448,2.6763014452351657,-0.021157344592000582,0.0008989132247867916,-0.02541462844759741,-0.07612943410050688,-0.031054509762638793,-0.05445436553794302,-0.21075466063280096,-2.6749444291796713,-1.3310153580111532
2005-08-20,-1.2183414159687764,0.3139695139861443,-0.9509774075120867,33.650001525878906,-0.7900581622926719,2.6745310116972227,-0.5254349649926913,-0.6327662996305253,-0.9645353490700139,-0.07612943410050688,-1.0766006084865045,-0.02742665128679008,-0.004801771525306656,0.0050616332191265765,0.01168542483604493
2005-08-26,-1.2176682650887976,-0.10930871492120743,-0.0476091507053841,33.650001525878906,-0.7900581622926719,2.665337372317435,-0.021157344592000582,0.0008989132247867916,-0.02541462844759741,-0.07612943410050688,-0.031054509762638793,-0.05445436553794302,-0.07394193382267228,1.7322310369083018,0.852244507505723
2005-08-27,-1.2131582375424512,-0.21937848021186965,0.43164881605787736,34.11000061035156,-0.8043754158411356,2.606226377157275,0.024922192260774943,0.4786475692503899,0.2377682770204926,-0.07612943410050688,1.2111863068429707,0.8641543479906566,-0.004801771525306656,0.0050616332191265765,0.01168542483604493
2005-09-02,-1.2089703548208435,-0.10930871492120743,-0.0476091507053841,34.11000061035156,-0.8043754158411356,2.4523270956002157,-0.021157344592000582,0.0008989132247867916,-0.02541462844759741,-0.07612943410050688,-0.031054509762638793,-0.05445436553794302,-1.1829830609592753,2.0632863290379997,2.125843458556435
2005-09-03,-1.2148020718134522,-0.7629890905844172,0.6821398742894965,34.81999969482422,-0.8869024733151869,2.413325128726552,0.005131581220572178,0.4400764957397096,0.2512059925788322,-0.07612943410050688,0.36876388207788746,0.5840455113950408,-0.004801771525306656,0.0050616332191265765,0.01168542483604493
2005-09-09,-1.2183414159687764,-0.10930871492120743,-0.0476091507053841,34.81999969482422,-0.8869024733151869,2.511842446977474,-0.021157344592000582,0.0008989132247867916,-0.02541462844759741,-0.07612943410050688,-0.031054509762638793,-0.05445436553794302,0.7897096220208799,-0.9875782819559409,-0.0067903296027093645
2005-09-10,-1.2183414159687764,2.3232719668002875,0.12355889327804329,34.9900016784668,-0.633415760981018,2.4271150194501696,0.4581574501242354,0.4979826591754611,0.05218156376404037,-0.07612943410050688,0.5650503907977437,1.3273361557021446,-0.004801771525306656,0.0050616332191265765,0.01168542483604493
2005-09-16,-1.2183414159687764,-0.10930871492120743,-0.0476091507053841,34.9900016784668,-0.633415760981018,2.5321325900775253,-0.021157344592000582,0.0008989132247867916,-0.02541462844759741,-0.07612943410050688,-0.031054509762638793,-0.05445436553794302,0.8389086147701229,-2.0827863881110895,-2.2365645346168095
2005-09-17,-1.217836222681671,-0.6154836941738249,-0.9694209488577891,34.06999969482422,-0.7204360454980059,2.4999589222693603,-0.9573107477493906,-0.1210757114877889,-0.5414233974478836,-0.07612943410050688,0.03823295888504136,0.4599133791425482,-0.004801771525306656,0.0050616332191265765,0.01168542483604493
2005-09-23,-1.2115782872885386,-0.10930871492120743,-0.0476091507053841,34.06999969482422,-0.7204360454980059,2.491282983092217,-0.021157344592000582,0.0008989132247867916,-0.02541462844759741,-0.07612943410050688,-0.031054509762638793,-0.05445436553794302,-0.0731304295703565,-1.3244537068166795,-1.5405241548201667
2005-09-24,-1.215487812514731,-0.2836302784843458,-0.1916718256631086,33.93000030517578,-0.7463528045874096,2.448042028238119,-0.10797084469745111,0.1642872689159936,-0.23531908096411105,-0.07612943410050688,0.7472797062376508,0.6466976747769293,-0.004801771525306656,0.0050616332191265765,0.01168542483604493
2005-09-30,-1.2183414159687764,-0.10930871492120743,-0.0476091507053841,33.93000030517578,-0.7463528045874096,2.525209790023732,-0.021157344592000582,0.0008989132247867916,-0.02541462844759741,-0.07612943410050688,-0.031054509762638793,-0.05445436553794302,0.6116031106975884,-0.18141535047899462,-0.5744935801514186
2005-10-01,-1.2179759242180586,1.057586449489475,-0.07860597355022711,33.900001525878906,-0.5809464293638533,2.480527063384777,0.09271895103936521,-0.06289447232495557,-0.02541462844759741,-0.07612943410050688,-1.4159041511899277,0.6636741865067822,-0.004801771525306656,0.0050616332191265765,0.01168542483604493
2005-10-07,-1.2169153454771355,-0.10930871492120743,-0.0476091507053841,33.900001525878906,-0.5809464293638533,2.4889983035473997,-0.021157344592000582,0.0008989132247867916,-0.02541462844759741,-0.07612943410050688,-0.031054509762638793,-0.05445436553794302,0.06226737208573335,0.5653740893782663,-0.6095642543161934
2005-10-08,-1.206904394990528,-0.5516954938364139,0.13854425475583193,34.08000183105469,-0.6632008395658818,2.5321940443014146,-0.16793307843707475,-0.21419814474798232,0.19120590103972976,-0.07612943410050688,-1.1012319294700343,-0.7390635130603699,-0.004801771525306656,0.0050616332191265765,0.01168542483604493
2005-10-14,-1.1976085123958216,-0.10930871492120743,-0.0476091507053841,34.08000183105469,-0.6632008395658818,2.643611073610462,-0.021157344592000582,0.0008989132247867916,-0.02541462844759741,-0.07612943410050688,-0.031054509762638793,-0.05445436553794302,0.8650927302068797,-0.4058576984016796,0.514000444572804
2005-10-15,-1.1827278455012473,0.8360707502506421,1.032547728691607,35.130001068115234,-0.5081954124754532,2.6616992359229115,0.11967837966153284,-0.4269659065644336,0.0690261626365236,-0.07612943410050688,-1.6871897585438393,-0.3315095790531915,-0.004801771525306656,0.0050616332191265765,0.01168542483604493
2005-10-21,-1.1689100833848576,-0.10930871492120743,-0.0476091507053841,35.130001068115234,-0.5081954124754532,2.5842009912174446,-0.021157344592000582,0.0008989132247867916,-0.02541462844759741,-0.07612943410050688,-0.031054509762638793,-0.05445436553794302,-0.5895608673840844,-1.1239887976861136,0.1078582225213077
2005-10-22,-1.1595508611657013,-0.4811513178760471,1.2597345696562368,36.43999862670898,-0.5845595510127001,2.5362492936477485,1.1266280710125156,0.9481781599017155,0.7591960862241921,-0.07612943410050688,0.88041347043642,0.7047061655563405,-0.004801771525306656,0.0050616332191265765,0.01168542483604493
2005-10-28,-1.1550260495723268,-0.10930871492120743,-0.0476091507053841,36.43999862670898,-0.5845595510127001,2.697781340927899,-0.021157344592000582,0.0008989132247867916,-0.02541462844759741,-0.07612943410050688,-0.031054509762638793,-0.05445436553794302,1.2549981332962252,1.3035660993242582,0.581826891701337
2005-10-29,-1.1556846714241011,0.19959349593391643,0.7894183626538904,37.310001373291016,-0.5274224980985043,2.840288573355298,0.13914733875041493,-0.17164172109480144,-0.5049448179142386,-0.07612943410050688,2.619310434436216,-2.1406493597892244,-0.004801771525306656,0.0050616332191265765,0.01168542483604493
2005-11-04,-1.156296248857892,-0.10930871492120743,-0.0476091507053841,37.310001373291016,-0.5274224980985043,2.910791276246982,-0.021157344592000582,0.0008989132247867916,-0.02541462844759741,-0.07612943410050688,-0.031054509762638793,-0.05445436553794302,0.5036350551505406,-2.554000501927244,-1.7156737923390903
2005-11-05,-1.153045350152613,-0.9766566085055676,0.8450679762961264,38.2599983215332,-0.701092266842529,2.8055566176821944,0.7630834638588971,1.3903050737983165,1.2337359227622582,-0.07612943410050688,0.4719293389442791,1.4994705851762087,-0.004801771525306656,0.0050616332191265765,0.01168542483604493
2005-11-11,-1.1500266584977112,-0.10930871492120743,-0.0476091507053841,38.2599983215332,-0.701092266842529,2.7110994811293314,-0.021157344592000582,0.0008989132247867916,-0.02541462844759741,-0.07612943410050688,-0.031054509762638793,-0.05445436553794302,-0.6919006805362821,-0.8768032673146746,-0.2990026929813672
2005-11-12,-1.1607629773774661,-0.011542339917450722,-0.2583649272391803,38.02999877929688,-0.6860519527286607,2.571905208255817,0.04087839151249629,0.22638829037824765,0.15383102417233468,-0.07612943410050688,0.37549147182882187,2.1283844479863685,-0.004801771525306656,0.0050616332191265765,0.01168542483604493
2005-11-18,-1.1710795190535677,-0.10930871492120743,-0.0476091507053841,38.02999877929688,-0.6860519527286607,2.530499753580549,-0.021157344592000582,0.0008989132247867916,-0.02541462844759741,-0.07612943410050688,-0.031054509762638793,-0.05445436553794302,-0.32466999490104387,0.015157941531341623,-2.032809904354503
2005-11-19,-1.1573993099593973,-1.2349251807485466,0.7175472241045087,38.86000061035156,-0.8637383610841258,2.48127766318306,0.8639864398404666,0.6061992988795701,0.8805104274502072,-0.07612943410050688,0.26660203250209413,0.7364681231949737,-0.004801771525306656,0.0050616332191265765,0.01168542483604493
2005-11-25,-1.1446962586576677,-0.10930871492120743,-0.0476091507053841,38.86000061035156,-0.8637383610841258,2.424075703599422,-0.021157344592000582,0.0008989132247867916,-0.02541462844759741,-0.07612943410050688,-0.031054509762638793,-0.05445436553794302,-0.45759301217052145,-0.1665609894664383,0.06456298303849146
2005-11-26,-1.1506058526183534,2.1736437374740105,0.06967560818149318,38.9900016784668,-0.6117174004843519,2.3435180170290897,-0.5372821371471225,-0.39892009525890787,-0.766093593601991,-0.07612943410050688,0.02012000301510623,1.2903626435340199,-0.004801771525306656,0.0050616332191265765,0.01168542483604493
2005-12-02,-1.1560933327247045,-0.10930871492120743,-0.0476091507053841,38.9900016784668,-0.6117174004843519,2.415426781494111,-0.021157344592000582,0.0008989132247867916,-0.02541462844759741,-0.07612943410050688,-0.031054509762638793,-0.05445436553794302,0.5865573141287084,-0.24769054092235546,0.9960706775617412
2005-12-03,-1.1604945121022505,-1.0534278144247922,0.06928112543968606,39.119998931884766,-0.7795001693308592,2.2530156819332174,-0.1617636929234792,0.0766791917181616,-0.11903750123699354,-0.07612943410050688,-0.15829033461156816,2.7279541958310207,-0.004801771525306656,0.0050616332191265765,0.01168542483604493
2005-12-09,-1.1645813215242578,-0.10930871492120743,-0.0476091507053841,39.119998931884766,-0.7795001693308592,2.268276774185992,-0.021157344592000582,0.0008989132247867916,-0.02541462844759741,-0.07612943410050688,-0.031054509762638793,-0.05445436553794302,0.12399472549767106,1.2715230784856215,1.6491166013291136
2005-12-10,-1.1680289808398145,0.08234397333235158,0.5528379001848044,39.790000915527344,-0.7540305517675729,2.430685883347769,0.6362467068841741,0.24917995604572907,0.538031047746958,-0.07612943410050688,0.13812721874752062,-2.700520845349216,-0.004801771525306656,0.0050616332191265765,0.01168542483604493
2005-12-16,-1.1712303787756886,-0.10930871492120743,-0.0476091507053841,39.790000915527344,-0.7540305517675729,2.3587914043722793,-0.021157344592000582,0.0008989132247867916,-0.02541462844759741,-0.07612943410050688,-0.031054509762638793,-0.05445436553794302,-0.5818327736062071,1.8896830812952252,1.057629522054187
2005-12-17,-1.1738560027140994,0.20930037923942846,0.3136403103372387,40.20000076293945,-0.7095214299043873,2.3616182261057888,-0.039170908967604286,-0.0686145862537642,0.11050027739083708,-0.07612943410050688,0.7282972813254343,-0.10140477775513027,-0.004801771525306656,0.0050616332191265765,0.01168542483604493
2005-12-23,-1.1762940820854808,-0.10930871492120743,-0.0476091507053841,40.20000076293945,-0.7095214299043873,2.3056558311550117,-0.021157344592000582,0.0008989132247867916,-0.02541462844759741,-0.07612943410050688,-0.031054509762638793,-0.05445436553794302,-0.46268055420024307,-1.5244298948972705,-2.4833027306017748
2005-12-24,-1.1757806614740736,-1.4616769877026519,-0.49238725119356724,39.68999862670898,-0.9145238231492774,2.2101749966580826,-0.49577495381514397,-0.37974904475579807,-0.6053609361059396,-0.07612943410050688,0.24266577509744947,1.601886155876412,-0.004801771525306656,0.0050616332191265765,0.01168542483604493
2005-12-30,-1.175303913763481,-0.10930871492120743,-0.0476091507053841,39.68999862670898,-0.9145238231492774,2.217951631735369,-0.021157344592000582,0.0008989132247867916,-0.02541462844759741,-0.07612943410050688,-0.031054509762638793,-0.05445436553794302,0.06165486849110983,-0.14488859818685723,-0.8910288895513315
2005-12-31,-1.1755555573248537,0.9234937353079135,0.24388693521273017,40.02000045776367,-0.8145211661276497,2.074992153260284,0.2354901917722588,0.04985726979468545,0.23562048847013523,-0.07612943410050688,1.2909364572000537,2.5280072597980525,-0.004801771525306656,0.0050616332191265765,0.01168542483604493
2006-01-06,-1.1757892263461283,-0.10930871492120743,-0.0476091507053841,40.02000045776367,-0.8145211661276497,2.067541166197747,-0.021157344592000582,0.0008989132247867916,-0.02541462844759741,-0.07612943410050688,-0.031054509762638793,-0.05445436553794302,-0.07110702967380815,3.0679211023229103,3.367994831566403
2006-01-07,-1.1704517666733163,2.2130411234073315,-0.1352144368933262,39.91999816894531,-0.5276188041343608,1.9712962226566126,-0.4874366820120926,0.16378692055574656,-0.0791389651003643,-0.07612943410050688,-0.2695948566178805,1.7410633791459051,-0.004801771525306656,0.0050616332191265765,0.01168542483604493
2006-01-13,-1.1654955541199912,-0.10930871492120743,-0.0476091507053841,39.91999816894531,-0.5276188041343608,1.9568337231595796,-0.021157344592000582,0.0008989132247867916,-0.02541462844759741,-0.07612943410050688,-0.031054509762638793,-0.05445436553794302,-0.1377150515581461,-0.43401308536355016,0.12696235615879936
2006-01-14,-1.1324261664794015,-0.5432542602622965,-1.6898933242030576,38.04999923706055,-0.6144853155899277,1.9716436016449534,-1.0124958888026694,-1.7421080835903875,-0.8816016859491164,-0.07612943410050688,-0.47534789366525476,-0.3307128627669376,-0.004801771525306656,0.0050616332191265765,0.01168542483604493
2006-01-20,-1.105190434844917,-0.10930871492120743,-0.0476091507053841,38.04999923706055,-0.6144853155899277,1.978908819004675,-0.021157344592000582,0.0008989132247867916,-0.02541462844759741,-0.07612943410050688,-0.031054509762638793,-0.05445436553794302,0.061959715463664244,-0.014525355062347475,-0.3209984412791974
2006-01-21,-1.0753869827121743,0.2340243007608676,1.5187520817131,39.75,-0.5537242351360043,1.949358938346686,0.36812768602686013,0.682679059289109,0.5783915409411112,-0.07612943410050688,1.2946673447751975,0.5006645027075687,-0.004801771525306656,0.0050616332191265765,0.01168542483604493
2006-01-27,-1.0477123485889133,-0.10930871492120743,-0.0476091507053841,39.75,-0.5537242351360043,2.0573229007794196,-0.021157344592000582,0.0008989132247867916,-0.02541462844759741,-0.07612943410050688,-0.031054509762638793,-0.05445436553794302,0.9943289490876911,0.28911990344275157,0.460847545758328
2006-01-28,-1.0654095973144178,-0.665675486659132,-0.24164653854237036,39.52999877929688,-0.6612170580146436,2.007439448388136,-1.0975712356356977,-1.018552606514372,-0.8446932864134036,-0.07612943410050688,-0.3434378313961195,0.8656570783275673,-0.004801771525306656,0.0050616332191265765,0.01168542483604493
2006-02-03,-1.0818427568452433,-0.10930871492120743,-0.0476091507053841,39.52999877929688,-0.6612170580146436,2.0216139201384986,-0.021157344592000582,0.0008989132247867916,-0.02541462844759741,-0.07612943410050688,-0.031054509762638793,-0.05445436553794302,0.12399472549767106,-1.0600531149100332,-0.6721807391181404
2006-02-04,-1.0915475487856081,-1.032819778145201,0.29827812703750184,39.91999816894531,-0.8131263026839809,2.1222006986765796,0.5220454320352066,0.528170218683878,0.32438942255028363,-0.07612943410050688,0.023734274025594207,-1.8456319931128842,-0.004801771525306656,0.0050616332191265765,0.01168542483604493
2006-02-10,-1.100559141301661,-0.10930871492120743,-0.0476091507053841,39.91999816894531,-0.8131263026839809,2.1587446619570883,-0.021157344592000582,0.0008989132247867916,-0.02541462844759741,-0.07612943410050688,-0.031054509762638793,-0.05445436553794302,0.3157710074085273,-0.9908286103648937,-1.0942868346493027
2006-02-11,-1.100942361848355,1.117389955979407,0.7076668911665817,40.77999877929688,-0.6611232673530678,2.149017413782656,0.45399383728838205,0.1617259030223008,0.9170237470124746,-0.07612943410050688,0.9052255248197529,0.11737287327845465,-0.004801771525306656,0.0050616332191265765,0.01168542483604493
2006-02-17,-1.1012982094988566,-0.10930871492120743,-0.0476091507053841,40.77999877929688,-0.6611232673530678,2.1125794118112364,-0.021157344592000582,0.0008989132247867916,-0.02541462844759741,-0.07612943410050688,-0.031054509762638793,-0.05445436553794302,-0.3218824722572455,-0.13415222870999366,-0.3194798239275272
2006-02-18,-1.0991983907201046,-1.3000429735340455,0.7089335626531112,41.65999984741211,-0.8570181511233067,2.07113346592905,0.64818628295198,0.3491522377512223,0.44160653222656776,-0.07612943410050688,0.1297321545697896,0.6951215167405855,-0.004801771525306656,0.0050616332191265765,0.01168542483604493
2006-02-24,-1.0972485589969778,-0.10930871492120743,-0.0476091507053841,41.65999984741211,-0.8570181511233067,2.0999187049873993,-0.021157344592000582,0.0008989132247867916,-0.02541462844759741,-0.07612943410050688,-0.031054509762638793,-0.05445436553794302,0.2516564516217631,-0.2338713274771115,0.3047463703078801
2006-02-25,-1.1009927038808827,1.3980760406147554,-0.10651715970469341,41.59000015258789,-0.6879081353565922,2.05799186521182,-0.3480710922228494,-0.5231304279136909,-0.38485066669789353,-0.07612943410050688,-0.05124209210638743,0.7068811609614788,-0.004801771525306656,0.0050616332191265765,0.01168542483604493
2006-03-03,-1.1044694098445085,-0.10930871492120743,-0.0476091507053841,41.59000015258789,-0.6879081353565922,2.12903952967482,-0.021157344592000582,0.0008989132247867916,-0.02541462844759741,-0.07612943410050688,-0.031054509762638793,-0.05445436553794302,0.6307442618194992,1.461506364700841,0.5508259689619154
2006-03-04,-1.1139465555816501,-0.4354989397529524,-0.4353713833022965,41.130001068115234,-0.7392378013767014,2.289778955654551,0.45312166826006917,0.6160247441498569,0.18308395358387963,-0.07612943410050688,0.5209655311129202,-2.779180899660693,-0.004801771525306656,0.0050616332191265765,0.01168542483604493
2006-03-10,-1.1227467623375673,-0.10930871492120743,-0.0476091507053841,41.130001068115234,-0.7392378013767014,2.349364769720332,-0.021157344592000582,0.0008989132247867916,-0.02541462844759741,-0.07612943410050688,-0.031054509762638793,-0.05445436553794302,0.49277102039250675,-1.3942860273332573,-1.7661663797295684
2006-03-11,-1.1444577725987966,1.0019554971111617,0.18253674883149948,41.400001525878906,-0.5796050047855009,2.258507734150426,0.5618846726168065,0.23685323393958063,0.3647085174062677,-0.07612943410050688,0.9870246992255539,1.4996234289037915,-0.004801771525306656,0.0050616332191265765,0.01168542483604493
2006-03-17,-1.1646179964127952,-0.10930871492120743,-0.0476091507053841,41.400001525878906,-0.5796050047855009,2.2004489290858205,-0.021157344592000582,0.0008989132247867916,-0.02541462844759741,-0.07612943410050688,-0.031054509762638793,-0.05445436553794302,-0.4940119955117315,3.106444363410403,2.054315912381061
2006-03-18,-1.1527880003782391,-0.5389722451154741,0.5451704520655379,42.09999847412109,-0.6596477003168801,2.1646648585698394,-0.021157344592000582,0.22362590509184413,-0.06346295896623591,-0.07612943410050688,0.3732522550286656,0.5747111758670193,-0.004801771525306656,0.0050616332191265765,0.01168542483604493
2006-03-24,-1.1418030040604372,-0.10930871492120743,-0.0476091507053841,42.09999847412109,-0.6596477003168801,2.1574839696259005,-0.021157344592000582,0.0008989132247867916,-0.02541462844759741,-0.07612943410050688,-0.031054509762638793,-0.05445436553794302,-0.06699837051503334,-1.5789752211235084,-0.8915479720843301
2006-03-25,-1.1437532318793906,-0.4856477981848415,-0.4306740413795824,41.63999938964844,-0.7217098535528966,2.0318295891161777,-0.8389207437538612,-0.3193542562282102,-0.5540255361333953,-0.07612943410050688,-0.811855188584282,2.2457555675348013,-0.004801771525306656,0.0050616332191265765,0.01168542483604493
2006-03-31,-1.1455641577112756,-0.10930871492120743,-0.0476091507053841,41.63999938964844,-0.7217098535528966,2.1631542023279255,-0.021157344592000582,0.0008989132247867916,-0.02541462844759741,-0.07612943410050688,-0.031054509762638793,-0.05445436553794302,1.17946409189365,1.0392746344211465,-0.20943346163969587
2006-04-01,-1.1444685126731713,-0.07696568975769084,0.0029090574319861778,41.70000076293945,-0.7169123521543826,2.1254749339144046,0.10269380433482571,0.2412439685449265,0.21683747047455512,-0.07612943410050688,0.646723364383889,0.6158497542154825,-0.004801771525306656,0.0050616332191265765,0.01168542483604493
2006-04-07,-1.1434511279949315,-0.10930871492120743,-0.0476091507053841,41.70000076293945,-0.7169123521543826,2.200652150194627,-0.021157344592000582,0.0008989132247867916,-0.02541462844759741,-0.07612943410050688,-0.031054509762638793,-0.05445436553794302,0.6540214622177251,-0.2878718693396751,0.10291236144100002
2006-04-08,-1.1501439977241636,-1.763283855338003,0.36435135785953593,42.18999862670898,-0.9643691974204942,2.1545285492809936,-0.027324118292423448,0.2169182880779963,0.10919116427407982,-0.07612943410050688,0.004940765301199977,0.7589570797233022,-0.004801771525306656,0.0050616332191265765,0.01168542483604493
2006-04-14,-1.1563588053298792,-0.10930871492120743,-0.0476091507053841,42.18999862670898,-0.9643691974204942,2.2084604561860175,-0.021157344592000582,0.0008989132247867916,-0.02541462844759741,-0.07612943410050688,-0.031054509762638793,-0.05445436553794302,0.4637375979264821,-0.024304291197129436,0.6823152254996223
2006-04-15,-1.154492114033303,2.7658166921545884,0.20999423599470196,42.5,-0.7242629226081185,2.0162128096087835,0.6818580644063448,-0.021076790615749064,0.1564729570427707,-0.07612943410050688,1.0951598655130286,3.4819113193138835,-0.004801771525306656,0.0050616332191265765,0.01168542483604493
2006-04-21,-1.1527587578293397,-0.10930871492120743,-0.0476091507053841,42.5,-0.7242629226081185,1.9907696097925267,-0.021157344592000582,0.0008989132247867916,-0.02541462844759741,-0.07612943410050688,-0.031054509762638793,-0.05445436553794302,-0.23536025332484894,2.296171359221049,1.9987948450432598
2006-04-22,-1.059845836345016,1.8694934548309956,2.3281432711320136,45.380001068115234,-0.4320930153193482,1.8949420022489212,1.8139700124560612,1.067624476964934,1.7162274700486297,-0.07612943410050688,-1.2058244078399876,1.7774393873810397,-0.004801771525306656,0.0050616332191265765,0.01168542483604493
2006-04-28,-0.9735695521095726,-0.10930871492120743,-0.0476091507053841,45.380001068115234,-0.4320930153193482,1.9319591659548203,-0.021157344592000582,0.0008989132247867916,-0.02541462844759741,-0.07612943410050688,-0.031054509762638793,-0.05445436553794302,0.34379713059675826,2.7329957760269306,2.575224956395445
2006-04-29,-0.953167591600783,-0.3429370085568839,0.9335440786073472,46.650001525878906,-0.4848219071394786,1.7925722342746875,0.28955031588421026,0.22287075279182297,0.055676034195216176,-0.07612943410050688,0.7176289800333321,2.701416322084332,-0.004801771525306656,0.0050616332191265765,0.01168542483604493
2006-05-05,-0.9342229139854785,-0.10930871492120743,-0.0476091507053841,46.650001525878906,-0.4848219071394786,1.822045246123487,-0.021157344592000582,0.0008989132247867916,-0.02541462844759741,-0.07612943410050688,-0.031054509762638793,-0.05445436553794302,0.28225945458112667,1.0284965108178947,2.3008077389342207
2006-05-06,-0.9055221542347717,-1.0612798957183496,-1.798673321738885,44.31999969482422,-0.6862689799571908,1.7026495668483246,-0.7307873730276007,-0.7223545508382462,-0.7937607745973807,-0.07612943410050688,-1.9690896619556584,2.3793937405068504,-0.004801771525306656,0.0050616332191265765,0.01168542483604493
2006-05-12,-0.8788714487519725,-0.10930871492120743,-0.0476091507053841,44.31999969482422,-0.6862689799571908,1.7422794206340546,-0.021157344592000582,0.0008989132247867916,-0.02541462844759741,-0.07612943410050688,-0.031054509762638793,-0.05445436553794302,0.39315927982302407,1.44794643929263,1.9811102649921906
2006-05-13,-0.8572489516933705,0.06958220305095317,-1.2895396172117644,42.75,-0.6580401720010334,1.9821016055661764,-0.5542214061280142,-0.10148402593957133,-0.5322600449898269,-0.07612943410050688,-2.862975303419181,-4.2170644176241785,-0.004801771525306656,0.0050616332191265765,0.01168542483604493
2006-05-19,-0.8371709187103826,-0.10930871492120743,-0.0476091507053841,42.75,-0.6580401720010334,1.8963727061083013,-0.021157344592000582,0.0008989132247867916,-0.02541462844759741,-0.07612943410050688,-0.031054509762638793,-0.05445436553794302,-0.7899888940314583,-1.2641214070340328,-0.9232457826460896
2006-05-20,-0.836232182964208,0.022704721210827776,0.34603351669911325,43.22999954223633,-0.6362131219919724,1.9239278943765985,0.6273387082694758,0.4174367073679706,0.5320283363346473,-0.07612943410050688,1.5212735213133757,-0.5763207298253774,-0.004801771525306656,0.0050616332191265765,0.01168542483604493
2006-05-26,-0.8353604997713314,-0.10930871492120743,-0.0476091507053841,43.22999954223633,-0.6362131219919724,1.930105951924262,-0.021157344592000582,0.0008989132247867916,-0.02541462844759741,-0.07612943410050688,-0.031054509762638793,-0.05445436553794302,0.05283784892457892,-0.09720011230549949,-1.1304412860674509
2006-05-27,-0.8262191577262833,-1.3870623203903076,0.42276299456886096,43.810001373291016,-0.8549264012523474,2.005860431790738,-0.0896906239483494,0.3044538862117982,0.38411804818780604,-0.07612943410050688,-0.33072388214104204,-1.4524517942794364,-0.004801771525306656,0.0050616332191265765,0.01168542483604493
2006-06-02,-0.8177307686844529,-0.10930871492120743,-0.0476091507053841,43.810001373291016,-0.8549264012523474,1.9678938120399356,-0.021157344592000582,0.0008989132247867916,-0.02541462844759741,-0.07612943410050688,-0.031054509762638793,-0.05445436553794302,-0.3499560204643425,1.614748744316621,1.543918836144246
2006-06-03,-0.7872833085048173,1.2750527394153452,-1.4160342830494033,42.09999847412109,-0.6988445627319726,2.1099096285112307,-0.2902256172462187,-0.1939051771269523,0.4196433364601194,-0.07612943410050688,-1.2785568022980538,-2.5927730645256366,-0.004801771525306656,0.0050616332191265765,0.01168542483604493
2006-06-09,-0.7590106669094413,-0.10930871492120743,-0.0476091507053841,42.09999847412109,-0.6988445627319726,2.0966860253284114,-0.021157344592000582,0.0008989132247867916,-0.02541462844759741,-0.07612943410050688,-0.031054509762638793,-0.05445436553794302,-0.1212338048340723,-2.5285862947211664,-2.3433417632411353
2006-06-10,-0.7251200480718298,1.56312123375891,-1.6631457613930483,40.15999984741211,-0.4405548960538493,2.268725629840486,-0.8130239603520302,-0.746985479809541,-1.1312349352963433,-0.07612943410050688,-0.7029096727004183,-2.988453254904522,-0.004801771525306656,0.0050616332191265765,0.01168542483604493
2006-06-16,-0.6936501877226192,-0.10930871492120743,-0.0476091507053841,40.15999984741211,-0.4405548960538493,2.373084569510187,-0.021157344592000582,0.0008989132247867916,-0.02541462844759741,-0.07612943410050688,-0.031054509762638793,-0.05445436553794302,0.8719454672455403,-0.11688348981111049,0.36843747661636866
2006-06-17,-0.6984499352919699,-1.1231035458998286,0.5722050869080374,40.869998931884766,-0.6670724308286062,2.3315837624849327,-0.027103373119677886,-0.33754683925622464,-0.5547069513704019,-0.07612943410050688,1.0810821112543427,0.640697265029826,-0.004801771525306656,0.0050616332191265765,0.01168542483604493
2006-06-23,-0.7029068437492242,-0.10930871492120743,-0.0476091507053841,40.869998931884766,-0.6670724308286062,2.400347406338316,-0.021157344592000582,0.0008989132247867916,-0.02541462844759741,-0.07612943410050688,-0.031054509762638793,-0.05445436553794302,0.5626057982055385,-0.9433338843379989,-1.7051616952353903
2006-06-24,-0.6910758955917001,0.6591720771449285,0.9217209285142706,42.0,-0.5418662599811866,2.2321078611696388,0.38927321981995977,0.28291319853235947,0.7162082075741371,-0.07612943410050688,1.6007293595279013,2.8453852441086833,-0.004801771525306656,0.0050616332191265765,0.01168542483604493
2006-06-30,-0.6800900151597136,-0.10930871492120743,-0.0476091507053841,42.0,-0.5418662599811866,2.179670399932725,-0.021157344592000582,0.0008989132247867916,-0.02541462844759741,-0.07612943410050688,-0.031054509762638793,-0.05445436553794302,-0.45004855282078876,2.4377704268178455,1.798521132459931
2006-07-01,-0.7223102235428436,-1.9175796065807265,0.29463171561888846,42.40999984741211,-0.8969609764746538,2.0767149190611804,0.38924976272160156,0.4550108909915897,0.4497398029372714,-0.07612943410050688,0.5943555115613984,1.8043843888961326,-0.004801771525306656,0.0050616332191265765,0.01168542483604493
2006-07-07,-0.7615147027557502,-0.10930871492120743,-0.0476091507053841,42.40999984741211,-0.8969609764746538,2.070360149961657,-0.021157344592000582,0.0008989132247867916,-0.02541462844759741,-0.07612943410050688,-0.031054509762638793,-0.05445436553794302,-0.061322176044129,0.4039049200311999,0.14652948945488592
2006-07-08,-0.737165689448932,0.7353989985398183,-1.304139288904704,40.88999938964844,-0.8112079564780281,1.90473962987335,-0.3043198809990413,-0.805907862676133,-0.17989177550183338,-0.07612943410050688,-2.0548040667408443,3.1016352948433363,-0.004801771525306656,0.0050616332191265765,0.01168542483604493
2006-07-14,-0.7145558913783152,-0.10930871492120743,-0.0476091507053841,40.88999938964844,-0.8112079564780281,1.8625117785514262,-0.021157344592000582,0.0008989132247867916,-0.02541462844759741,-0.07612943410050688,-0.031054509762638793,-0.05445436553794302,-0.4012143362925108,-1.6681601250833284,-0.9004913704164509
2006-07-15,-0.6779388080212182,3.1749122186044394,1.8901027540974458,43.150001525878906,-0.4025696781156263,2.0945157232160097,1.0470977963891386,-0.3597393071055049,1.536223909631318,-0.07612943410050688,0.10830253933161268,-4.2170644176241785,-0.004801771525306656,0.0050616332191265765,0.01168542483604493
2006-07-21,-0.6439372306181994,-0.10930871492120743,-0.0476091507053841,43.150001525878906,-0.4025696781156263,2.0815354199007836,-0.021157344592000582,0.0008989132247867916,-0.02541462844759741,-0.07612943410050688,-0.031054509762638793,-0.05445436553794302,-0.11962626196788323,0.4082590354951698,1.381794816106781
2006-07-22,-0.6359712949679904,-0.7078247535191913,1.8454849309436525,45.47999954223633,-0.542372293318061,2.0030564578801484,0.833753481558903,0.7884165955725676,0.504898522533591,-0.07612943410050688,2.9018674615011912,1.3950909470264337,-0.004801771525306656,0.0050616332191265765,0.01168542483604493
2006-07-28,-0.6355174684992075,-0.10930871492120743,-0.0476091507053841,45.47999954223633,-0.542372293318061,1.9713827190180322,-0.021157344592000582,0.0008989132247867916,-0.02541462844759741,-0.07612943410050688,-0.031054509762638793,-0.05445436553794302,-0.2929998737747345,0.603134970767558,0.3714642767900047
2006-07-29,-0.6423865395637494,-0.3942084009816453,-0.32512017940811416,45.119998931884766,-0.5982802523299778,1.926134460605953,0.33913153438443067,0.0937566462477621,0.22672545153481893,-0.07612943410050688,-0.9717067272412516,0.8018945360185393,-0.004801771525306656,0.0050616332191265765,0.01168542483604493
2006-08-04,-0.6487649626951094,-0.10930871492120743,-0.0476091507053841,45.119998931884766,-0.5982802523299778,1.8699361993055608,-0.021157344592000582,0.0008989132247867916,-0.02541462844759741,-0.07612943410050688,-0.031054509762638793,-0.05445436553794302,-0.5287459214147666,1.362566833993032,2.765314046418304
2006-08-05,-0.6463558622368523,-1.1661462996503251,-0.9722537585765736,43.93000030517578,-0.7898880303949296,1.9207526749933923,-0.5170419804137026,-0.4672023811312884,-1.470931366974607,-0.07612943410050688,-0.8045442698727512,-1.0178455829863857,-0.004801771525306656,0.0050616332191265765,0.01168542483604493
2006-08-11,-0.6441188403827562,-0.10930871492120743,-0.0476091507053841,43.93000030517578,-0.7898880303949296,1.958839157789974,-0.021157344592000582,0.0008989132247867916,-0.02541462844759741,-0.07612943410050688,-0.031054509762638793,-0.05445436553794302,0.3508969045707275,-1.2543381157491786,-0.8547466466674067
2006-08-12,-0.6496791898772647,-0.31122557737217776,1.3729390031941522,45.709999084472656,-0.8161614121161391,2.0691372278270554,0.5768752420744049,0.532863329808432,0.2814133463014716,-0.07612943410050688,0.9097667703063343,-2.050483613398496,-0.004801771525306656,0.0050616332191265765,0.01168542483604493
2006-08-18,-0.6548423715507368,-0.10930871492120743,-0.0476091507053841,45.709999084472656,-0.8161614121161391,1.9837314549190705,-0.021157344592000582,0.0008989132247867916,-0.02541462844759741,-0.07612943410050688,-0.031054509762638793,-0.05445436553794302,-0.766178246884457,0.4975069540645411,-0.8494609886796135
2006-08-19,-0.6992130857651233,-0.8615223209890917,-0.19333503896867754,45.52000045776367,-0.9087600598187144,1.933121597059163,-0.21457141858302334,0.02262592082844515,-0.23676195869480018,-0.07612943410050688,-0.30720108379690153,0.901227080540731,-0.004801771525306656,0.0050616332191265765,0.01168542483604493
2006-08-25,-0.7404144632499108,-0.10930871492120743,-0.0476091507053841,45.52000045776367,-0.9087600598187144,1.9007960519739076,-0.021157344592000582,0.0008989132247867916,-0.02541462844759741,-0.07612943410050688,-0.031054509762638793,-0.05445436553794302,-0.3055043368888597,-0.39281645906590884,0.4696591147404942
2006-08-26,-0.782144574520397,0.24054270751909648,0.11412904928868643,45.72999954223633,-0.8743465211439908,1.888892841466936,-0.2754142017809911,0.3970977624532062,-0.09635045292840562,-0.07612943410050688,0.7583961410291713,0.17354021611223341,-0.004801771525306656,0.0050616332191265765,0.01168542483604493
2006-09-01,-0.8208939635572771,-0.10930871492120743,-0.0476091507053841,45.72999954223633,-0.8743465211439908,1.850251288122545,-0.021157344592000582,0.0008989132247867916,-0.02541462844759741,-0.07612943410050688,-0.031054509762638793,-0.05445436553794302,-0.36941147917280504,0.6178151017422893,1.0079705565780455
2006-09-02,-0.835698697747454,-0.9867575937426453,-0.40793486044887733,45.2599983215332,-0.9643691974204942,1.9242088650362452,-0.021157344592000582,-0.34666368873616693,0.11677959219138465,-0.07612943410050688,-0.8034053476630488,-1.4550071715618698,-0.004801771525306656,0.0050616332191265765,0.01168542483604493
2006-09-08,-0.8494459509240467,-0.10930871492120743,-0.0476091507053841,45.2599983215332,-0.9643691974204942,1.9571919520577017,-0.021157344592000582,0.0008989132247867916,-0.02541462844759741,-0.07612943410050688,-0.031054509762638793,-0.05445436553794302,0.30289387675367757,-1.4727615985786682,-2.338335170612609
2006-09-09,-0.8323553914473935,3.2348350169875095,1.261483125163732,46.95000076293945,-0.6933392690152873,2.1388115238152534,-0.13579424189947475,0.25556534108921364,0.7619230749299124,-0.07612943410050688,-0.056767876903562275,-3.2724967153725637,-0.004801771525306656,0.0050616332191265765,0.01168542483604493
2006-09-15,-0.8164855862190725,-0.10930871492120743,-0.0476091507053841,46.95000076293945,-0.6933392690152873,2.1527646731500183,-0.021157344592000582,0.0008989132247867916,-0.02541462844759741,-0.07612943410050688,-0.031054509762638793,-0.05445436553794302,0.11698905829557986,-0.22876354547847078,0.789335590901693
2006-09-16,-0.8350767613937554,-0.9983980794586531,-0.14468445907314692,46.81999969482422,-0.8319575044680548,2.0789034174302796,0.5160004841533723,0.16726643710807523,0.09536283886783523,-0.07612943410050688,-0.6428789043787304,1.2782033342827333,-0.004801771525306656,0.0050616332191265765,0.01168542483604493
2006-09-22,-0.8523399954845324,-0.10930871492120743,-0.0476091507053841,46.81999969482422,-0.8319575044680548,1.9424494764042837,-0.021157344592000582,0.0008989132247867916,-0.02541462844759741,-0.07612943410050688,-0.031054509762638793,-0.05445436553794302,-1.2176354518249835,1.3920427858627435,1.3934691609527923
2006-09-23,-0.8753133876352147,0.9977929849236405,0.05722244527576501,46.959999084472656,-0.7003430321390102,1.8942144248597765,0.5920201138202131,0.09156182481365954,0.12067588905540003,-0.07612943410050688,1.5326288395419414,0.8678507639027959,-0.004801771525306656,0.0050616332191265765,0.01168542483604493
2006-09-29,-0.8966458232037053,-0.10930871492120743,-0.0476091507053841,46.959999084472656,-0.7003430321390102,1.9210857778341541,-0.021157344592000582,0.0008989132247867916,-0.02541462844759741,-0.07612943410050688,-0.031054509762638793,-0.05445436553794302,0.24831134436331964,-1.0046165392415471,-1.752862500074256
2006-09-30,-0.9126358537691973,0.6427712814460159,-0.1222648134578754,46.86000061035156,-0.5844930250783266,2.0637609355480335,0.3315511075265893,0.734343576198883,0.11143453345102296,-0.07612943410050688,0.4144731083007156,-2.6406599090432588,-0.004801771525306656,0.0050616332191265765,0.01168542483604493
2006-10-06,-0.927483739294297,-0.10930871492120743,-0.0476091507053841,46.86000061035156,-0.5844930250783266,2.105912902393831,-0.021157344592000582,0.0008989132247867916,-0.02541462844759741,-0.07612943410050688,-0.031054509762638793,-0.05445436553794302,0.37159488787804223,-0.8077520645761096,-0.01253693812871366
2006-10-07,-0.9169696336195374,-0.6702916566189979,0.9249998166259833,48.15999984741211,-0.6882669391665742,2.0139443104363597,0.05683039992501599,-0.34556871947055784,-0.03392862194061213,-0.07612943410050688,1.6787927015110766,1.6384892183058433,-0.004801771525306656,0.0050616332191265765,0.01168542483604493
2006-10-13,-0.907206535492975,-0.10930871492120743,-0.0476091507053841,48.15999984741211,-0.6882669391665742,2.0890704599128056,-0.021157344592000582,0.0008989132247867916,-0.02541462844759741,-0.07612943410050688,-0.031054509762638793,-0.05445436553794302,0.676449487196212,-0.9168434968893945,-0.9634730962336014
2006-10-14,-0.899529477246441,0.3571059539591711,-0.8046942639379772,47.119998931884766,-0.6149160982797238,2.0658035139858293,-0.4203967055964689,-0.2453763741324222,0.23011771052739938,-0.07612943410050688,-0.05346966783147902,0.3670305258492749,-0.004801771525306656,0.0050616332191265765,0.01168542483604493
2006-10-20,-0.8924007803032307,-0.10930871492120743,-0.0476091507053841,47.119998931884766,-0.6149160982797238,2.0522409581389294,-0.021157344592000582,0.0008989132247867916,-0.02541462844759741,-0.07612943410050688,-0.031054509762638793,-0.05445436553794302,-0.12583299118098823,1.0574455089172028,1.7040035132659928
2006-10-21,-0.9079995579232847,-1.0133441486166395,0.07887793279141887,47.290000915527344,-0.7748030021284495,2.0240048391848653,0.020918665295241255,0.2389157941630704,-0.2873039714436926,-0.07612943410050688,0.029815581559041206,0.46368778214146833,-0.004801771525306656,0.0050616332191265765,0.01168542483604493
2006-10-27,-0.9224841371419064,-0.10930871492120743,-0.0476091507053841,47.290000915527344,-0.7748030021284495,1.9500592106459018,-0.021157344592000582,0.0008989132247867916,-0.02541462844759741,-0.07612943410050688,-0.031054509762638793,-0.05445436553794302,-0.6732529022123936,1.0575815629394674,0.8544250192539425
2006-10-28,-0.9227419490047701,0.15667755469886038,-0.3441535919024408,46.88999938964844,-0.7391211083442756,1.8060303691534787,-0.1629493128069379,-0.40273579900372997,-0.29805795228334814,-0.07612943410050688,-0.16762371840242998,2.7804271685934965,-0.004801771525306656,0.0050616332191265765,0.01168542483604493
2006-11-03,-0.9229813457345721,-0.10930871492120743,-0.0476091507053841,46.88999938964844,-0.7391211083442756,1.831688672882941,-0.021157344592000582,0.0008989132247867916,-0.02541462844759741,-0.07612943410050688,-0.031054509762638793,-0.05445436553794302,0.24398462443360008,-0.18123409893864936,0.2686164012922843
2006-11-04,-0.9395202514249781,-1.0165915125340468,0.4907231855135019,47.61000061035156,-0.869480312632927,1.8244615570591483,0.6861059073517891,0.5545317012535346,0.5505054964832548,-0.07612943410050688,0.6136616837255938,0.08692701674561036,-0.004801771525306656,0.0050616332191265765,0.01168542483604493
2006-11-10,-0.9604323771900424,-0.10930871492120743,-0.0476091507053841,47.61000061035156,-0.869480312632927,1.7412711218572707,-0.021157344592000582,0.0008989132247867916,-0.02541462844759741,-0.07612943410050688,-0.031054509762638793,-0.05445436553794302,-0.8065053907064453,1.4604558005012716,0.6615024548725182
2006-11-11,-0.9781150012417135,1.0026521876104606,-0.010790942245356434,47.65999984741211,-0.748433648567488,1.773881228864441,0.020033234353462433,0.08953834107094605,-0.36296435283313433,-0.07612943410050688,-0.2046966705000104,-0.703258614363895,-0.004801771525306656,0.0050616332191265765,0.01168542483604493
2006-11-17,-0.9945345807182652,-0.10930871492120743,-0.0476091507053841,47.65999984741211,-0.748433648567488,1.786821849326568,-0.021157344592000582,0.0008989132247867916,-0.02541462844759741,-0.07612943410050688,-0.031054509762638793,-0.05445436553794302,0.12203050876747147,-0.345157250556981,-1.0789999455318664
2006-11-18,-1.0142944629900703,-1.9310653007897398,-0.33449382780832065,47.27000045776367,-0.9643691974204942,1.752662012022215,-0.17025762449390497,-0.25373406398862747,-0.6226452843779751,-0.07612943410050688,-0.7731148551672579,0.6300738451044268,-0.004801771525306656,0.0050616332191265765,0.01168542483604493
2006-11-24,-1.0326429250996034,-0.10930871492120743,-0.0476091507053841,47.27000045776367,-0.9643691974204942,1.7142847472168021,-0.021157344592000582,0.0008989132247867916,-0.02541462844759741,-0.07612943410050688,-0.031054509762638793,-0.05445436553794302,-0.38364786689006697,2.389909966138765,2.280090017268597
2006-11-25,-1.0187833437631648,5.434985389912831,-0.9821173943376262,46.0099983215332,-0.6037833648684869,1.642058263970493,-0.5690474756691234,-0.4870926371028288,-0.3212066055191119,-0.07612943410050688,-1.111223185934246,1.4492960660930574,-0.004801771525306656,0.0050616332191265765,0.01168542483604493
2006-12-01,-1.006260967669922,-0.10930871492120743,-0.0476091507053841,46.0099983215332,-0.6037833648684869,1.567208608643088,-0.021157344592000582,0.0008989132247867916,-0.02541462844759741,-0.07612943410050688,-0.031054509762638793,-0.05445436553794302,-0.7724855076270792,2.134463437558576,2.8223586318521905
2006-12-02,-1.0123381990356533,-0.5433297583563134,0.5238780495671361,46.7599983215332,-0.6818346447250113,1.649297123299013,-0.9910540841664289,1.3213700544280114,0.1502604493549186,-0.07612943410050688,1.3979323481606583,-1.7591834549167205,-0.004801771525306656,0.0050616332191265765,0.01168542483604493
2006-12-08,-1.023188810211476,-0.10930871492120743,-0.0476091507053841,46.7599983215332,-0.6818346447250113,1.7327931679410091,-0.021157344592000582,0.0008989132247867916,-0.02541462844759741,-0.07612943410050688,-0.031054509762638793,-0.05445436553794302,0.8493835744193854,-0.8939768631854692,-1.305248007102583
2006-12-09,-1.003408511734107,0.5893923297094629,1.107023818199312,48.29999923706055,-0.5707526931574631,1.785654037236083,0.8850239014647205,1.131182116271806,0.16673744458598608,-0.07612943410050688,1.1185850818308802,-1.1020111836756585,-0.004801771525306656,0.0050616332191265765,0.01168542483604493
2006-12-15,-0.9850410917194075,-0.10930871492120743,-0.0476091507053841,48.29999923706055,-0.5707526931574631,1.8118088197310802,-0.021157344592000582,0.0008989132247867916,-0.02541462844759741,-0.07612943410050688,-0.031054509762638793,-0.05445436553794302,0.250531634853573,-1.0712667171588977,-0.13893547805271375
2006-12-16,-0.9888152364735197,-1.367690667737949,-0.3452099087316973,47.88999938964844,-0.8081543070313723,1.7918897323460372,-0.0052910736235131945,0.2352497856745989,0.13950868398136432,-0.07612943410050688,-0.7661052336844406,0.3394632532745919,-0.004801771525306656,0.0050616332191265765,0.01168542483604493
2006-12-22,-0.9923197994594809,-0.10930871492120743,-0.0476091507053841,47.88999938964844,-0.8081543070313723,1.8113759121256443,-0.021157344592000582,0.0008989132247867916,-0.02541462844759741,-0.07612943410050688,-0.031054509762638793,-0.05445436553794302,0.1850330653911663,0.3309191166153365,0.19731168965275311
2006-12-23,-1.0014758421467254,-1.419552463093537,0.2525394516921036,48.29999923706055,-0.9643691974204942,1.7351499688327923,-1.2867837168866545e-05,0.557425487166706,-0.2671717492710131,-0.07612943410050688,0.2960231760521557,1.4821615536540915,-0.004801771525306656,0.0050616332191265765,0.01168542483604493
2006-12-29,-1.0099778817848806,-0.10930871492120743,-0.0476091507053841,48.29999923706055,-0.9643691974204942,1.7857960359779574,-0.021157344592000582,0.0008989132247867916,-0.02541462844759741,-0.07612943410050688,-0.031054509762638793,-0.05445436553794302,0.4981443766767212,0.6008291705456984,0.10434679330788416
2006-12-30,-1.0255102169507653,0.7659064221680442,-0.417794378915655,47.790000915527344,-0.9010016090460323,1.935156446311623,-0.10038670293365022,-0.439869033495822,0.009391673507589574,-0.07612943410050688,-0.038448240246936695,-2.873039823363248,-0.004801771525306656,0.0050616332191265765,0.01168542483604493
2007-01-05,-1.039933099604801,-0.10930871492120743,-0.0476091507053841,47.790000915527344,-0.9010016090460323,1.895269215566334,-0.021157344592000582,0.0008989132247867916,-0.02541462844759741,-0.07612943410050688,-0.031054509762638793,-0.05445436553794302,-0.37560442537488536,-1.7194126139880643,-1.6143504479155226
2007-01-06,-1.0484655437379267,1.7726563983130457,0.09911178073476677,47.9900016784668,-0.7119796177089452,1.7934628392040142,0.052999203250575756,-0.18707924763658085,-0.10364662358320267,-0.07612943410050688,0.1686812331802262,1.9577975744526124,-0.004801771525306656,0.0050616332191265765,0.01168542483604493
2007-01-12,-1.056388527575829,-0.10930871492120743,-0.0476091507053841,47.9900016784668,-0.7119796177089452,1.8706100393691139,-0.021157344592000582,0.0008989132247867916,-0.02541462844759741,-0.07612943410050688,-0.031054509762638793,-0.05445436553794302,0.7463726369183582,-0.7149631347351367,1.6085520747662763
2007-01-13,-1.068258581466053,-0.07444450268545527,0.5149076894901418,48.7599983215332,-0.7067175253589043,1.822355102995192,0.08978574231155703,0.059153388072440125,0.43645401968324143,-0.07612943410050688,-0.050017376620401684,0.8901978274304257,-0.004801771525306656,0.0050616332191265765,0.01168542483604493
2007-01-19,-1.079280774364118,-0.10930871492120743,-0.0476091507053841,48.7599983215332,-0.7067175253589043,1.8286828729536597,-0.021157344592000582,0.0008989132247867916,-0.02541462844759741,-0.07612943410050688,-0.031054509762638793,-0.05445436553794302,0.056221306728769314,0.3901991624304705,1.0653316121379943
2007-01-20,-1.0544524664383088,1.4358477685013298,0.6282602138901081,49.70000076293945,-0.47133350129796436,1.786445376659904,-0.8368173136188396,0.08324412650274587,-0.03400276837425495,-0.07612943410050688,-0.12801637607814353,0.7823543709396991,-0.004801771525306656,0.0050616332191265765,0.01168542483604493
2007-01-26,-1.0313976090786288,-0.10930871492120743,-0.0476091507053841,49.70000076293945,-0.47133350129796436,1.8488394466149984,-0.021157344592000582,0.0008989132247867916,-0.02541462844759741,-0.07612943410050688,-0.031054509762638793,-0.05445436553794302,0.6041523775791324,-0.534212650829105,-0.9118008976628302
2007-01-27,-1.001657605307263,-0.21772731831311593,0.8200437365157868,50.93000030517578,-0.4946666548376796,1.8408291570544364,0.35817741498258066,-0.003931594176009847,-0.17142077394637217,-0.07612943410050688,0.8439272867896442,0.10140337259749646,-0.004801771525306656,0.0050616332191265765,0.01168542483604493
2007-02-02,-0.9740418875195661,-0.10930871492120743,-0.0476091507053841,50.93000030517578,-0.4946666548376796,1.8097141947158297,-0.021157344592000582,0.0008989132247867916,-0.02541462844759741,-0.07612943410050688,-0.031054509762638793,-0.05445436553794302,-0.30303956176293106,0.47334450864359723,0.3818013511539028
2007-02-03,-0.9824206141845865,-1.49052906619095,-0.39868081518260917,50.41999816894531,-0.7833150499610028,1.7138018538649955,0.11252107170763928,-0.6076323805880506,-0.45688487356951,-0.07612943410050688,0.7178571833741679,1.893198901887912,-0.004801771525306656,0.0050616332191265765,0.01168542483604493
2007-02-09,-0.9902008603735338,-0.10930871492120743,-0.0476091507053841,50.41999816894531,-0.7833150499610028,1.6897041890943234,-0.021157344592000582,0.0008989132247867916,-0.02541462844759741,-0.07612943410050688,-0.031054509762638793,-0.05445436553794302,-0.24586188189542982,0.4166264234461306,-0.8529501893853724
2007-02-10,-0.9953423610996464,0.41770286500635423,0.5295208980202896,51.25,-0.7138150791442031,1.6840950850185583,0.5429637684408154,0.34694951127025225,0.3246404496488088,-0.07612943410050688,0.3469097676639433,0.060622296308082795,-0.004801771525306656,0.0050616332191265765,0.01168542483604493
2007-02-16,-1.0001166117738935,-0.10930871492120743,-0.0476091507053841,51.25,-0.7138150791442031,1.6239680233857368,-0.021157344592000582,0.0008989132247867916,-0.02541462844759741,-0.07612943410050688,-0.031054509762638793,-0.05445436553794302,-0.6124846176044739,1.2081409923325803,-0.06382573096848747
2007-02-17,-1.0069799608513628,-1.1225930966946864,-0.19810644175943723,51.02999877929688,-0.8662543501103527,1.5649351095470778,-0.6420438065694122,-0.16012778551457715,-0.13790823140054445,-0.07612943410050688,-0.2153713025068677,1.2089392019212972,-0.004801771525306656,0.0050616332191265765,0.01168542483604493
2007-02-23,-1.0133530707090126,-0.10930871492120743,-0.0476091507053841,51.02999877929688,-0.8662543501103527,1.5590482731361166,-0.021157344592000582,0.0008989132247867916,-0.02541462844759741,-0.07612943410050688,-0.031054509762638793,-0.05445436553794302,-0.06686575516538008,0.2486734021774171,0.8254246465243522
2007-02-24,-0.9293562577243173,5.423061166391035,-1.9987573943370767,48.18999862670898,-0.259240097802304,1.737707000269416,-1.5416329873972754,-1.8647347582653384,-1.0589447937195888,-0.07612943410050688,-2.960688240906129,-3.6528429229269257,-0.004801771525306656,0.0050616332191265765,0.01168542483604493
2007-03-02,-0.8513592170956716,-0.10930871492120743,-0.0476091507053841,48.18999862670898,-0.259240097802304,1.6374096270228164,-0.021157344592000582,0.0008989132247867916,-0.02541462844759741,-0.07612943410050688,-0.031054509762638793,-0.05445436553794302,-0.9999473553609368,0.16713637285272914,-1.0328634306300217
2007-03-03,-0.8369093472058777,-0.9225784015280084,0.4107245945024598,48.81999969482422,-0.48034285775468727,1.600357462790756,0.5089130685929821,0.1910824924957971,0.028497838480460592,-0.07612943410050688,1.3553872179220485,0.7284730774807007,-0.004801771525306656,0.0050616332191265765,0.01168542483604493
2007-03-09,-0.8234916108796405,-0.10930871492120743,-0.0476091507053841,48.81999969482422,-0.48034285775468727,1.6436637468834339,-0.021157344592000582,0.0008989132247867916,-0.02541462844759741,-0.07612943410050688,-0.031054509762638793,-0.05445436553794302,0.4459859680551025,-0.5704172177491963,-0.8037684287820153
2007-03-10,-0.7790934047010202,1.3415323380725066,-1.3330525029250082,47.02999877929688,-0.17159381514875172,1.6323504865014384,-0.7573126840161284,-0.4187111434598338,-0.5187407724929742,-0.07612943410050688,-1.2372903434641367,0.18189539379198155,-0.004801771525306656,0.0050616332191265765,0.01168542483604493
2007-03-16,-0.7378664989637298,-0.10930871492120743,-0.0476091507053841,47.02999877929688,-0.17159381514875172,1.6077026289528975,-0.021157344592000582,0.0008989132247867916,-0.02541462844759741,-0.07612943410050688,-0.031054509762638793,-0.05445436553794302,-0.2584663321108597,1.7128139324748897,0.627708088298878
2007-03-17,-0.7152065106392212,-0.8849425457359446,1.0631227675721047,48.52000045776367,-0.4006240671824713,1.590198065187319,1.1552966623111622,1.1681360667944864,0.8951875609283159,-0.07612943410050688,2.2077733528344874,0.31677295759699864,-0.004801771525306656,0.0050616332191265765,0.01168542483604493
2007-03-23,-0.6986782228100413,-0.10930871492120743,-0.0476091507053841,48.52000045776367,-0.4006240671824713,1.633062514916257,-0.021157344592000582,0.0008989132247867916,-0.02541462844759741,-0.07612943410050688,-0.031054509762638793,-0.05445436553794302,0.44301374120073195,-0.03947532461711432,1.2312351951721592
2007-03-24,-0.7270728853849285,-1.0706130167443404,-0.14876775016001084,48.380001068115234,-0.6256671255101287,1.6061801564502756,-0.3866919663143215,-0.1930585503788473,-0.49454613026147776,-0.07612943410050688,-0.35664652920907397,0.5124005731151211,-0.004801771525306656,0.0050616332191265765,0.01168542483604493
2007-03-30,-0.7534393577758952,-0.10930871492120743,-0.0476091507053841,48.380001068115234,-0.6256671255101287,1.6243760741362752,-0.021157344592000582,0.0008989132247867916,-0.02541462844759741,-0.07612943410050688,-0.031054509762638793,-0.05445436553794302,0.18421126956035858,0.6466348921386372,0.3176568553853171
2007-03-31,-0.7793111864384948,-1.0596825990115863,0.2350060490690066,48.77000045776367,-0.7910200618683685,1.57752329015634,-0.11512425618166104,0.11916288689014563,-0.01642832225843426,-0.07612943410050688,0.8995227319960237,0.9437149581346271,-0.004801771525306656,0.0050616332191265765,0.01168542483604493
2007-04-06,-0.8033350273394801,-0.10930871492120743,-0.0476091507053841,48.77000045776367,-0.7910200618683685,1.6431333095775214,-0.021157344592000582,0.0008989132247867916,-0.02541462844759741,-0.07612943410050688,-0.031054509762638793,-0.05445436553794302,0.6837747695480512,0.058238241377678704,-0.1610396495538049
2007-04-07,-0.8370991232832421,0.2147829999721252,0.18242603313153274,49.09000015258789,-0.7489473160279789,1.5967396304639236,-0.2596303593041448,0.016255307791101653,0.14530646969931038,-0.07612943410050688,0.6378722022199131,0.9271330708498422,-0.004801771525306656,0.0050616332191265765,0.01168542483604493
2007-04-13,-0.8684514980881639,-0.10930871492120743,-0.0476091507053841,49.09000015258789,-0.7489473160279789,1.5967396304639236,-0.021157344592000582,0.0008989132247867916,-0.02541462844759741,-0.07612943410050688,-0.031054509762638793,-0.05445436553794302,-0.004801771525306656,1.2275751625750577,1.015019941158264
2007-04-14,-0.8017480436427759,4.580555947219816,2.4162939242235493,52.540000915527344,-0.08741342461715382,1.570103857223121,0.3256211925524691,0.9320170771323283,1.4668801855982794,-0.07612943410050688,0.2171375376725392,0.5145262419234085,-0.004801771525306656,0.0050616332191265765,0.01168542483604493
2007-04-20,-0.7477938084474139,-0.10930871492120743,-0.0476091507053841,52.540000915527344,-0.08741342461715382,1.5236148652161168,-0.021157344592000582,0.0008989132247867916,-0.02541462844759741,-0.07612943410050688,-0.031054509762638793,-0.05445436553794302,-0.4940119955117315,0.7328353235273778,1.2577060570438028
2007-04-21,-0.7685143201523605,-1.4522271807818872,-0.04093748180915124,52.54999923706055,-0.5141500288964321,1.5769089957335336,-0.17033894068802402,-0.023809731896570104,-0.3323081784189851,-0.07612943410050688,-0.7211476790082145,-1.1901040878273679,-0.004801771525306656,0.0050616332191265765,0.01168542483604493
2007-04-27,-0.7877547953069539,-0.10930871492120743,-0.0476091507053841,52.54999923706055,-0.5141500288964321,1.5946839967779385,-0.021157344592000582,0.0008989132247867916,-0.02541462844759741,-0.07612943410050688,-0.031054509762638793,-0.05445436553794302,0.18178802544387337,0.2142180062835528,-0.3388338075355414
2007-04-28,-0.8018020263395851,0.3431405739550399,0.005764225420133284,52.630001068115234,-0.4219516273891864,1.560166042074218,0.23991041426816354,0.357037344307851,-0.0426354164081993,-0.07612943410050688,1.8635485751323102,0.6855602884521501,-0.004801771525306656,0.0050616332191265765,0.01168542483604493
2007-05-04,-0.8148458837270283,-0.10930871492120743,-0.0476091507053841,52.630001068115234,-0.4219516273891864,1.525055759153609,-0.021157344592000582,0.0008989132247867916,-0.02541462844759741,-0.07612943410050688,-0.031054509762638793,-0.05445436553794302,-0.37560442537488536,-0.3255192889272571,-0.29455263174917196
2007-05-05,-0.82452805313825,-1.2332705117624216,-0.3673549931909797,52.150001525878906,-0.6786697551913701,1.5924125743482587,-0.18076424222527387,-0.47739412508464324,-0.37001230122384526,-0.07612943410050688,-0.40931401587285166,-1.4817868131053846,-0.004801771525306656,0.0050616332191265765,0.01168542483604493
2007-05-11,-0.8335186390200986,-0.10930871492120743,-0.0476091507053841,52.150001525878906,-0.6786697551913701,1.6044057087204815,-0.021157344592000582,0.0008989132247867916,-0.02541462844759741,-0.07612943410050688,-0.031054509762638793,-0.05445436553794302,0.12039396321530092,-0.5881587135686716,-0.5967636587723851
2007-05-12,-0.8422141429124301,-0.20075012951786098,0.21457537981980984,52.540000915527344,-0.6932847395608828,1.645077027388728,0.1614963902139501,0.9403386038619946,0.7586639377022735,-0.07612943410050688,0.7218305922996855,-0.9003286973406252,-0.004801771525306656,0.0050616332191265765,0.01168542483604493
2007-05-18,-0.8502885393838809,-0.10930871492120743,-0.0476091507053841,52.540000915527344,-0.6932847395608828,1.7302482366481555,-0.021157344592000582,0.0008989132247867916,-0.02541462844759741,-0.07612943410050688,-0.031054509762638793,-0.05445436553794302,0.8678151804676071,-0.06508003973620702,-0.38279672334483994
2007-05-19,-0.8567446202384271,0.007153741263072085,-0.648161170044793,51.63999938964844,-0.675125340655073,1.7566028154414397,-0.06515126193604652,0.05849669997213282,-0.2718169959163501,-0.07612943410050688,-0.7269127702061288,-0.5818683006846959,-0.004801771525306656,0.0050616332191265765,0.01168542483604493
2007-05-25,-0.8627395524605055,-0.10930871492120743,-0.0476091507053841,51.63999938964844,-0.675125340655073,1.7872950605831768,-0.021157344592000582,0.0008989132247867916,-0.02541462844759741,-0.07612943410050688,-0.031054509762638793,-0.05445436553794302,0.2977762776139102,-0.5125395003414919,0.5280245424312334
2007-05-26,-0.8887887787181531,-0.9444203682005446,0.12890850443783256,51.900001525878906,-0.8093910350572678,1.715735143055053,-0.25249311794827944,-0.29125119053805565,0.20583852614304962,-0.07612943410050688,1.0304072445886137,1.397719216373535,-0.004801771525306656,0.0050616332191265765,0.01168542483604493
2007-06-01,-0.9129773459573974,-0.10930871492120743,-0.0476091507053841,51.900001525878906,-0.8093910350572678,1.76965600065225,-0.021157344592000582,0.0008989132247867916,-0.02541462844759741,-0.07612943410050688,-0.031054509762638793,-0.05445436553794302,0.534235419718989,-0.10067490521563857,-0.22246896613386727
2007-06-02,-0.8868356997919261,2.2156939614571347,-1.0541162648654765,50.40999984741211,-0.5189747950221485,1.8877306225196189,-0.30994090217092707,-0.5705642181315862,-0.9265627168751406,-0.07612943410050688,-1.720519738965703,-2.3169128826632375,-0.004801771525306656,0.0050616332191265765,0.01168542483604493
2007-06-08,-0.8660330033871723,-0.10930871492120743,-0.0476091507053841,50.40999984741211,-0.5189747950221485,1.9936362193380532,-0.021157344592000582,0.0008989132247867916,-0.02541462844759741,-0.07612943410050688,-0.031054509762638793,-0.05445436553794302,0.9948672013277584,-0.7092972526749136,-0.8295818008701267
2007-06-09,-0.8678929227811346,0.021807103674668475,0.05671297856492398,50.560001373291016,-0.4924254942616518,1.9497757969105738,-0.12215306934764536,0.3226533943020395,0.5262382370874799,-0.07612943410050688,2.265827476351952,0.7693906414822601,-0.004801771525306656,0.0050616332191265765,0.01168542483604493
2007-06-15,-0.8696199907898139,-0.10930871492120743,-0.0476091507053841,50.560001373291016,-0.4924254942616518,1.974352101317638,-0.021157344592000582,0.0008989132247867916,-0.02541462844759741,-0.07612943410050688,-0.031054509762638793,-0.05445436553794302,0.22260454353088233,0.05829795012251285,0.6343814171904849
2007-06-16,-0.8448395201204244,0.362266591219176,-1.3234844916504362,48.720001220703125,-0.3935930393315461,1.9792034299611134,-0.6574778818253616,-0.7669043274599978,-0.8427017230550659,-0.07612943410050688,-1.6420994008900494,-0.14473396014477313,-0.004801771525306656,0.0050616332191265765,0.01168542483604493
2007-06-22,-0.8218290830702769,-0.10930871492120743,-0.0476091507053841,48.720001220703125,-0.3935930393315461,1.9668964741581876,-0.021157344592000582,0.0008989132247867916,-0.02541462844759741,-0.07612943410050688,-0.031054509762638793,-0.05445436553794302,-0.11762350922760541,0.6524793773068756,1.2158671412818112
2007-06-23,-0.8348312445650652,0.24890629347998403,-0.24190104020869999,48.45000076293945,-0.3090614791135828,1.9932499244368969,-0.05572499888282659,-0.5632383806944536,0.1071292347095078,-0.07612943410050688,0.37431881215862595,-0.5427123820596247,-0.004801771525306656,0.0050616332191265765,0.01168542483604493
2007-06-29,-0.8469046802387971,-0.10930871492120743,-0.0476091507053841,48.45000076293945,-0.3090614791135828,1.9249976831763218,-0.021157344592000582,0.0008989132247867916,-0.02541462844759741,-0.07612943410050688,-0.031054509762638793,-0.05445436553794302,-0.6277358018737754,0.7283473964280391,0.5109898751723887
2007-06-30,-0.8681832956005502,-1.930883996429455,0.32866761259293237,48.970001220703125,-0.7800487356421691,1.9030018769296184,0.1288174607048579,0.21192268054161614,0.11536788571276689,-0.07612943410050688,0.786662433839742,0.36493608283237733,-0.004801771525306656,0.0050616332191265765,0.01168542483604493
2007-07-06,-0.8879420098650352,-0.10930871492120743,-0.0476091507053841,48.970001220703125,-0.7800487356421691,2.001578196424592,-0.021157344592000582,0.0008989132247867916,-0.02541462844759741,-0.07612943410050688,-0.031054509762638793,-0.05445436553794302,0.9210990897770283,0.934370058962504,0.32803095808032817
2007-07-07,-0.8378986307470855,3.9730685324581954,0.7255881066443535,50.04999923706055,-0.23812084011141432,1.938664286292822,0.17966130286669202,0.41960259227182967,0.1585205852123182,-0.07612943410050688,0.23030855744558898,1.1314676095266565,-0.004801771525306656,0.0050616332191265765,0.01168542483604493
2007-07-13,-0.7914297787089893,-0.10930871492120743,-0.0476091507053841,50.04999923706055,-0.23812084011141432,1.8903458977997747,-0.021157344592000582,0.0008989132247867916,-0.02541462844759741,-0.07612943410050688,-0.031054509762638793,-0.05445436553794302,-0.45348012724310616,1.4142768726754538,1.2791787480744314
2007-07-14,-0.7482802628193065,0.9800723036539867,-1.7917934035127645,47.560001373291016,0.06419372687478209,1.808663178239587,-0.699115178858268,-0.8988300828299828,-0.7393968467441754,-0.07612943410050688,-1.318009600017631,1.5518761946987947,-0.004801771525306656,0.0050616332191265765,0.01168542483604493
2007-07-20,-0.7082128552074579,-0.10930871492120743,-0.0476091507053841,47.560001373291016,0.06419372687478209,1.7204639313090628,-0.021157344592000582,0.0008989132247867916,-0.02541462844759741,-0.07612943410050688,-0.031054509762638793,-0.05445436553794302,-0.8592442860221435,0.37471773723503154,1.2484475591899507
2007-07-21,-0.6269179441495722,1.8585401994392559,-2.502318494271751,44.22999954223633,0.7692072240496346,1.8260750647283523,-0.5465301856100032,-1.9557167786700915,-1.059292738010893,-0.07612943410050688,-3.724454506838285,-2.119382666140079,-0.004801771525306656,0.0050616332191265765,0.01168542483604493
2007-07-27,-0.5514298124529642,-0.10930871492120743,-0.0476091507053841,44.22999954223633,0.7692072240496346,1.728589057246998,-0.021157344592000582,0.0008989132247867916,-0.02541462844759741,-0.07612943410050688,-0.031054509762638793,-0.05445436553794302,-0.9437697820798958,-1.5718049247817527,-1.5093131369723667
2007-07-28,-0.5368793949744156,-0.3446784520218404,-0.5073435865294753,43.650001525878906,0.6405558822729343,1.6742288300269126,-0.2650367702435888,-0.7016430381489887,-0.716975532214468,-0.07612943410050688,0.06518673473106963,1.064636442609246,-0.004801771525306656,0.0050616332191265765,0.01168542483604493
2007-08-03,-0.5233682930300491,-0.10930871492120743,-0.0476091507053841,43.650001525878906,0.6405558822729343,1.6204122050790277,-0.021157344592000582,0.0008989132247867916,-0.02541462844759741,-0.07612943410050688,-0.031054509762638793,-0.05445436553794302,-0.5505769276601583,1.2036570038341008,0.7713579402846373
2007-08-04,-0.4431258510108024,-0.36047396886847877,0.43429797115914853,44.25,0.5119023593180578,1.6296560092141363,0.932869797263616,0.7399698821216703,1.4742082489768873,-0.07612943410050688,-1.9953917221210289,-0.24775445410801855,-0.004801771525306656,0.0050616332191265765,0.01168542483604493
2007-08-10,-0.3686150119929305,-0.10930871492120743,-0.0476091507053841,44.25,0.5119023593180578,1.689648518267379,-0.021157344592000582,0.0008989132247867916,-0.02541462844759741,-0.07612943410050688,-0.031054509762638793,-0.05445436553794302,0.6132026515573299,-0.8461922876334478,-1.136882200573434
2007-08-11,-0.250476682012401,0.33698923032522793,2.1391099818613255,47.0099983215332,0.7251703272615926,1.7485120662545879,1.8186550203861251,1.0175306999188714,2.5293508629188017,-0.07612943410050688,0.2509040248200917,-1.2356821428504678,-0.004801771525306656,0.0050616332191265765,0.01168542483604493
2007-08-17,-0.14077680417333796,-0.10930871492120743,-0.0476091507053841,47.0099983215332,0.7251703272615926,1.6689308977830148,-0.021157344592000582,0.0008989132247867916,-0.02541462844759741,-0.07612943410050688,-0.031054509762638793,-0.05445436553794302,-0.7915046992872562,-1.6751186940908374,-2.18004248445959
2007-08-18,-0.165626444810886,-1.368334052920431,-0.8381277476943518,45.95000076293945,0.051806816012240124,1.6213252615901188,0.03877513742122507,-0.16676382588488445,-0.5821611807841832,-0.07612943410050688,1.658864595662547,0.9439856921343502,-0.004801771525306656,0.0050616332191265765,0.01168542483604493
2007-08-24,-0.18870111111718063,-0.10930871492120743,-0.0476091507053841,45.95000076293945,0.051806816012240124,1.5912257270945667,-0.021157344592000582,0.0008989132247867916,-0.02541462844759741,-0.07612943410050688,-0.031054509762638793,-0.05445436553794302,-0.31578476647394005,1.3492056383009063,1.560715798075457
2007-08-25,-0.19901844601079358,-1.051786493589481,-1.1386677311689046,44.52000045776367,-0.2827324773488806,1.5705183207477005,-0.6681385184348898,-0.8808733310525245,-0.050799195804364976,-0.07612943410050688,0.8482069273743899,0.3878210436699212,-0.004801771525306656,0.0050616332191265765,0.01168542483604493
2007-08-31,-0.21033460685646546,-0.10930871492120743,-0.0476091507053841,44.52000045776367,-0.2827324773488806,1.5167416784335064,-0.021157344592000582,0.0008989132247867916,-0.02541462844759741,-0.07612943410050688,-0.031054509762638793,-0.05445436553794302,-0.5706161882525848,-0.029685353834108148,0.38385343302559294
2007-09-01,-0.23229884660884292,-0.9171608866076151,-0.8350941718181406,43.52000045776367,-0.4972927933618036,1.4091304608141673,-0.9448614241327649,-0.7874586984135784,-1.1602358107696036,-0.07612943410050688,-1.2000954970538478,2.386326511938671,-0.004801771525306656,0.0050616332191265765,0.01168542483604493
2007-09-07,-0.25269421209319326,-0.10930871492120743,-0.0476091507053841,43.52000045776367,-0.4972927933618036,1.3173200069636728,-0.021157344592000582,0.0008989132247867916,-0.02541462844759741,-0.07612943410050688,-0.031054509762638793,-0.05445436553794302,-1.0306346641135793,1.1433591484808274,0.6748988880065505
2007-09-08,-0.2712855306094965,0.2821749081968115,1.5796624249978994,45.540000915527344,-0.41575490019065114,1.286151590371982,0.5138641158191366,0.674217486519881,0.37898005205188373,-0.07612943410050688,1.0105096647243386,0.6875171539623125,-0.004801771525306656,0.0050616332191265765,0.01168542483604493
2007-09-14,-0.2885488978032067,-0.10930871492120743,-0.0476091507053841,45.540000915527344,-0.41575490019065114,1.3371545237466174,-0.021157344592000582,0.0008989132247867916,-0.02541462844759741,-0.07612943410050688,-0.031054509762638793,-0.05445436553794302,0.5933079886224739,0.6591663477477998,-1.1952696727049166
2007-09-15,-0.27888919609543367,1.6992556898400373,1.1764477112745695,47.130001068115234,0.00032337693071007737,1.2616517921251749,0.7071520997931734,0.4933285092760746,0.4778995530678205,-0.07612943410050688,1.7185817571954398,1.7608235562264727,-0.004801771525306656,0.0050616332191265765,0.01168542483604493
2007-09-21,-0.2699194730810731,-0.10930871492120743,-0.0476091507053841,47.130001068115234,0.00032337693071007737,1.3551191977368515,-0.021157344592000582,0.0008989132247867916,-0.02541462844759741,-0.07612943410050688,-0.031054509762638793,-0.05445436553794302,1.102214205124058,1.9566062884376942,0.8080395146358376
2007-09-22,-0.3154005033658438,-1.306536483167025,-1.0220865322177901,45.81999969482422,-0.4081763966175041,1.3159665789785142,-0.5550138852011547,-0.46584295007512133,-0.5548299965144793,-0.07612943410050688,0.07176784804549469,0.8665204128162001,-0.004801771525306656,0.0050616332191265765,0.01168542483604493
2007-09-28,-0.35763288863027365,-0.10930871492120743,-0.0476091507053841,45.81999969482422,-0.4081763966175041,1.288898068782694,-0.021157344592000582,0.0008989132247867916,-0.02541462844759741,-0.07612943410050688,-0.031054509762638793,-0.05445436553794302,-0.3184656543614296,1.2092307381288683,1.0268227453278458
2007-09-29,-0.3676870143821276,-0.5389244801217381,1.2990434522072452,47.58000183105469,-0.507883503996259,1.293926173349459,1.3476493327439745,0.9229018153562205,1.5817838157387865,-0.07612943410050688,1.280220838440944,-0.17377584300404147,-0.004801771525306656,0.0050616332191265765,0.01168542483604493
2007-10-05,-0.3770229882945635,-0.10930871492120743,-0.0476091507053841,47.58000183105469,-0.507883503996259,1.3264741124415254,-0.021157344592000582,0.0008989132247867916,-0.02541462844759741,-0.07612943410050688,-0.031054509762638793,-0.05445436553794302,0.37569506935302777,-0.5367832836561611,0.2729445599908258
2007-10-06,-0.43047590592420304,0.4234206980300047,-0.6076088843892625,46.81999969482422,-0.39843416429358375,1.3015424918343612,-0.36356855394754034,-0.2341200537915516,-1.206397401514893,-0.07612943410050688,1.3133790493481148,0.5353913249214253,-0.004801771525306656,0.0050616332191265765,0.01168542483604493
2007-10-12,-0.4801107580088684,-0.10930871492120743,-0.0476091507053841,46.81999969482422,-0.39843416429358375,1.3283976924690706,-0.021157344592000582,0.0008989132247867916,-0.02541462844759741,-0.07612943410050688,-0.031054509762638793,-0.05445436553794302,0.308187565326222,0.12230264171109592,-0.520722966530471
2007-10-13,-0.4793335833586045,1.8463574249791035,-1.395449261006977,45.02000045776367,0.060534800484235485,1.277843872131969,-2.458330360610585,-3.037683567530053,-2.7558601011344597,-0.07612943410050688,-2.011678041663806,1.1530327219801364,-0.004801771525306656,0.0050616332191265765,0.01168542483604493
2007-10-19,-0.4786119211833593,-0.10930871492120743,-0.0476091507053841,45.02000045776367,0.060534800484235485,1.1252029867267737,-0.021157344592000582,0.0008989132247867916,-0.02541462844759741,-0.07612943410050688,-0.031054509762638793,-0.05445436553794302,-1.8008278172456769,0.799839488993488,0.8140672748335308
2007-10-20,-0.46856844378857443,-0.864757123136628,1.7434901270223655,47.31999969482422,-0.20937836469476587,1.0662773343550676,0.25154272016838425,0.16916154692517688,1.5660973961605775,-0.07612943410050688,1.3122535734780945,1.4846196351353655,-0.004801771525306656,0.0050616332191265765,0.01168542483604493
2007-10-26,-0.4592423576362742,-0.10930871492120743,-0.0476091507053841,47.31999969482422,-0.20937836469476587,1.0662773343550676,-0.021157344592000582,0.0008989132247867916,-0.02541462844759741,-0.07612943410050688,-0.031054509762638793,-0.05445436553794302,-0.004801771525306656,1.060477307855861,0.17767317573258282
2007-10-27,-0.3568490601799474,1.0111036810684098,-3.137111949626765,43.150001525878906,0.11015006045786499,1.0050666790603193,-1.735633407216793,-3.033436466869476,-2.0316907384400453,-0.07612943410050688,-1.3208154979903735,1.588762272302528,-0.004801771525306656,0.0050616332191265765,0.01168542483604493
2007-11-02,-0.2617695696847867,-0.10930871492120743,-0.0476091507053841,43.150001525878906,0.11015006045786499,0.9551560703017266,-0.021157344592000582,0.0008989132247867916,-0.02541462844759741,-0.07612943410050688,-0.031054509762638793,-0.05445436553794302,-0.6648473118244543,0.7546300850794143,1.7022845040753793
2007-11-03,-0.23701186296865234,1.077611737421309,-0.73009870918769,42.310001373291016,0.5499541031906543,0.8859059565410613,-0.7275845943950456,-3.238593047419666,-0.64795646047821,-0.07612943410050688,-2.3028668133805117,1.910988742168849,-0.004801771525306656,0.0050616332191265765,0.01168542483604493
2007-11-09,-0.21402256387509888,-0.10930871492120743,-0.0476091507053841,42.310001373291016,0.5499541031906543,0.8472628544763809,-0.021157344592000582,0.0008989132247867916,-0.02541462844759741,-0.07612943410050688,-0.031054509762638793,-0.05445436553794302,-0.5450896291065938,1.5111483236210377,0.507056015825734
2007-11-10,-0.1753173082665289,-0.6920583780802392,0.5987119659647815,43.09000015258789,0.26555791492179937,0.9689686732194425,0.22891757005331417,0.7186888028262212,-0.5336723172229946,-0.07612943410050688,-0.1738868943021729,-3.376156983285711,-0.004801771525306656,0.0050616332191265765,0.01168542483604493
2007-11-16,-0.13937671377285688,-0.10930871492120743,-0.0476091507053841,43.09000015258789,0.26555791492179937,0.928023806261276,-0.021157344592000582,0.0008989132247867916,-0.02541462844759741,-0.07612943410050688,-0.031054509762638793,-0.05445436553794302,-0.5553078391790605,-0.10001157336865814,-2.324310177982281
2007-11-17,-0.1483569872882992,-1.1928882599118666,-0.9751340671764493,41.95000076293945,-0.1809368918664306,0.8292983844707355,-0.7965664766092312,-1.7848966519829574,-0.3235357114538301,-0.07612943410050688,-0.3351111861498276,2.8258681995866257,-0.004801771525306656,0.0050616332191265765,0.01168542483604493
2007-11-23,-0.16537483734920216,-0.10930871492120743,-0.0476091507053841,41.95000076293945,-0.1809368918664306,0.7609753634507332,-0.021157344592000582,0.0008989132247867916,-0.02541462844759741,-0.07612943410050688,-0.031054509762638793,-0.05445436553794302,-0.9867586789486621,1.4045841631311464,0.47654190189757806
2007-11-24,-0.07459871453846592,1.792052260810879,3.0195148638804934,45.619998931884766,0.37575430814981725,0.8655537012359429,1.9264293744608312,1.3333262722605999,1.5700013386170897,-0.07612943410050688,1.757667862753895,-3.051878462533285,-0.004801771525306656,0.0050616332191265765,0.01168542483604493
2007-11-30,0.009693399500074902,-0.10930871492120743,-0.0476091507053841,45.619998931884766,0.37575430814981725,0.8449896626481173,-0.021157344592000582,0.0008989132247867916,-0.02541462844759741,-0.07612943410050688,-0.031054509762638793,-0.05445436553794302,-0.29515596930278293,-1.0902975818363276,0.028219625815258508
2007-12-01,-0.012017620409937882,-1.486957756581621,0.3059017092091315,46.08000183105469,-0.23246613568966049,0.8136452640162669,-0.48577185669258194,0.8015812055342258,-0.7124473466090062,-0.07612943410050688,1.2197656701920134,0.8671440044634666,-0.004801771525306656,0.0050616332191265765,0.01168542483604493
2007-12-07,-0.032177853183521225,-0.10930871492120743,-0.0476091507053841,46.08000183105469,-0.23246613568966049,0.8895761115430885,-0.021157344592000582,0.0008989132247867916,-0.02541462844759741,-0.07612943410050688,-0.031054509762638793,-0.05445436553794302,1.0949970317691107,-0.18861591512301232,-1.5202603764366824
2007-12-08,-0.034928695751137336,2.9919456276328855,-0.7171362709593919,45.20000076293945,0.6328486891873925,0.8924680823204335,-2.016408458296746,-2.7766989582682338,-1.62585167824593,-0.07612943410050688,-1.6145229068629834,-0.13627581066204744,-0.004801771525306656,0.0050616332191265765,0.01168542483604493
2007-12-14,-0.0374830495639238,-0.10930871492120743,-0.0476091507053841,45.20000076293945,0.6328486891873925,0.9532969925004544,-0.021157344592000582,0.0008989132247867916,-0.02541462844759741,-0.07612943410050688,-0.031054509762638793,-0.05445436553794302,0.8430042962569897,-1.8621357456831493,-0.5022360173601055
2007-12-15,-0.07075225611110997,-1.2877429755846288,-0.8930545759263975,44.11000061035156,0.03164945789704704,0.9048347595419356,-0.1816943289994701,-0.39465242084397173,0.28331664724461564,-0.07612943410050688,0.35018008633178804,1.3085981969402685,-0.004801771525306656,0.0050616332191265765,0.01168542483604493
2007-12-21,-0.10164509076206862,-0.10930871492120743,-0.0476091507053841,44.11000061035156,0.03164945789704704,0.8751060907673757,-0.021157344592000582,0.0008989132247867916,-0.02541462844759741,-0.07612943410050688,-0.031054509762638793,-0.05445436553794302,-0.4167075497402952,-0.5862366062423596,-2.0309180716050235
2007-12-22,-0.13588586484764623,-2.083656694341816,-0.7231949205153071,43.2599983215332,-0.6701904250314595,0.8060366232719327,-0.5727949418233049,-0.8284258785917463,-0.31071703314819904,-0.07612943410050688,0.40621337020596987,1.9840669510384235,-0.004801771525306656,0.0050616332191265765,0.01168542483604493
2007-12-28,-0.1676808693556826,-0.10930871492120743,-0.0476091507053841,43.2599983215332,-0.6701904250314595,0.772509842091888,-0.021157344592000582,0.0008989132247867916,-0.02541462844759741,-0.07612943410050688,-0.031054509762638793,-0.05445436553794302,-0.49225645643043353,2.95161448274083,0.5602810929631973
2007-12-29,-0.15485125185641335,1.6310831576188274,-1.9358896796282805,40.93000030517578,-0.38808338325850844,0.7189126053560104,-0.8788459287481631,-0.9454532028916154,-2.6992973906404183,-0.07612943410050688,-1.3341946156505187,1.599390221320194,-0.004801771525306656,0.0050616332191265765,0.01168542483604493
2008-01-04,-0.14293803560709198,-0.10930871492120743,-0.0476091507053841,40.93000030517578,-0.38808338325850844,0.6117525402254962,-0.021157344592000582,0.0008989132247867916,-0.02541462844759741,-0.07612943410050688,-0.031054509762638793,-0.05445436553794302,-1.6337170793730493,0.5526961522982089,-0.9664804161840116
2008-01-05,-0.12875130920298883,4.057014624098565,-0.1075678027362845,40.86000061035156,0.6012172432763899,0.5451801220019343,-0.9765158862946958,0.3000356647779777,0.7738219628490008,-0.07612943410050688,-1.5479655200157867,2.20473214734767,-0.004801771525306656,0.0050616332191265765,0.01168542483604493
2008-01-11,-0.11557792039917877,-0.10930871492120743,-0.0476091507053841,40.86000061035156,0.6012172432763899,0.5182547927875698,-0.021157344592000582,0.0008989132247867916,-0.02541462844759741,-0.07612943410050688,-0.031054509762638793,-0.05445436553794302,-0.4549256116365278,0.013078044661401746,-0.9348404642920426
2008-01-12,-0.08494586561928365,0.9902810978196014,-1.1372991636545369,39.59000015258789,1.1529015487892103,0.5480322026710303,-1.8743518527316505,-3.798076607537629,-3.01018633043772,-0.07612943410050688,-3.213909777810526,-1.063321257397294,-0.004801771525306656,0.0050616332191265765,0.01168542483604493
2008-01-18,-0.056501814752238276,-0.10930871492120743,-0.0476091507053841,39.59000015258789,1.1529015487892103,0.474984103409684,-0.021157344592000582,0.0008989132247867916,-0.02541462844759741,-0.07612943410050688,-0.031054509762638793,-0.05445436553794302,-1.223985366381522,-1.3656520199289195,-0.35275901614318084
2008-01-19,0.12127272934539914,-0.07599558663460068,3.538858350726552,43.63999938964844,1.174524658638798,0.4204778036462953,2.7307124330818673,2.365445916454501,5.564453678403551,-0.07612943410050688,-0.39527703892009275,1.9379550206047533,-0.004801771525306656,0.0050616332191265765,0.01168542483604493
2008-01-25,0.28634909172177675,-0.10930871492120743,-0.0476091507053841,43.63999938964844,1.174524658638798,0.39839489420859164,-0.021157344592000582,0.0008989132247867916,-0.02541462844759741,-0.07612943410050688,-0.031054509762638793,-0.05445436553794302,-0.40245215850881016,0.46731174243962154,1.596039314600773
2008-01-26,0.3493723494995928,0.452613881195642,3.6559024463524374,48.25,1.5425068663862413,0.4015531151937913,3.943240276473128,3.02327462080541,2.9923851581201237,-0.07612943410050688,1.763235068166893,-0.1712667423828776,-0.004801771525306656,0.0050616332191265765,0.01168542483604493
2008-02-01,0.40789394600756496,-0.10930871492120743,-0.0476091507053841,48.25,1.5425068663862413,0.40597844561591706,-0.021157344592000582,0.0008989132247867916,-0.02541462844759741,-0.07612943410050688,-0.031054509762638793,-0.05445436553794302,0.07582983048907538,1.4429719042065172,-0.6465152708460363
2008-02-02,0.4313381219010831,-1.572158728364068,-3.266482582953598,43.81999969482422,0.4407468742655353,0.3890586673205503,-1.8185427970587031,-3.253372643024164,-3.8602110464565844,-0.07612943410050688,-2.7043976705467454,0.5762865411311204,-0.004801771525306656,0.0050616332191265765,0.01168542483604493
2008-02-08,0.4492889217655517,-0.10930871492120743,-0.0476091507053841,43.81999969482422,0.4407468742655353,0.39781584872670595,-0.021157344592000582,0.0008989132247867916,-0.02541462844759741,-0.07612943410050688,-0.031054509762638793,-0.05445436553794302,0.15601595403929389,-2.756476863618942,-1.220294936356556
2008-02-09,0.38090318597850187,-0.5298598396505776,-0.503645767211658,43.25,0.24777585984046932,0.4253562210699703,0.34004895658820616,-0.5568903598310353,0.195022636114842,-0.07612943410050688,0.009860211812853447,-1.058129078318735,-0.004801771525306656,0.0050616332191265765,0.01168542483604493
2008-02-15,0.31740214560481267,-0.10930871492120743,-0.0476091507053841,43.25,0.24777585984046932,0.4788072338698688,-0.021157344592000582,0.0008989132247867916,-0.02541462844759741,-0.07612943410050688,-0.031054509762638793,-0.05445436553794302,0.9548028986019049,1.38608069353831,0.8265111365240441
2008-02-16,0.2501049718918673,-0.6587382602834397,0.503605126274823,43.93000030517578,0.02399025073138124,0.40452535286380165,-0.08720288220620444,-0.3720820183684794,1.7985607980550362,-0.07612943410050688,1.114948698481675,2.6878899551688087,-0.004801771525306656,0.0050616332191265765,0.01168542483604493
2008-02-22,0.18761473915841828,-0.10930871492120743,-0.0476091507053841,43.93000030517578,0.02399025073138124,0.4172954314812812,-0.021157344592000582,0.0008989132247867916,-0.02541462844759741,-0.07612943410050688,-0.031054509762638793,-0.05445436553794302,0.22744297576612357,1.224778792643452,0.3295105406861531
2008-02-23,0.1976316159788799,1.3230376999383768,-2.6652492664831247,40.650001525878906,0.5217689187980206,0.3718227488009545,-1.9144484098508268,-1.4808752637345806,-2.2006239894649844,-0.07612943410050688,-0.07794215359071785,1.659326590506866,-0.004801771525306656,0.0050616332191265765,0.01168542483604493
2008-02-29,0.20693300159787995,-0.10930871492120743,-0.0476091507053841,40.650001525878906,0.5217689187980206,0.26426823213641926,-0.021157344592000582,0.0008989132247867916,-0.02541462844759741,-0.07612943410050688,-0.031054509762638793,-0.05445436553794302,-2.001657224050367,2.899368464241591,1.1411313022602951
2008-03-01,0.2114041077768231,0.9560237086078761,-2.7125980018593108,37.560001373291016,1.0336565378972982,0.26411797559003486,-2.150055060418124,-3.116621366814373,-1.2111286064689073,-0.07612943410050688,-2.0910178787789087,-0.048373752964690715,-0.004801771525306656,0.0050616332191265765,0.01168542483604493
2008-03-07,0.21486151136463355,-0.10930871492120743,-0.0476091507053841,37.560001373291016,1.0336565378972982,0.27652683516043414,-0.021157344592000582,0.0008989132247867916,-0.02541462844759741,-0.07612943410050688,-0.031054509762638793,-0.05445436553794302,0.24257506978227686,1.144554376977986,1.5179691132374766
2008-03-08,0.2250152037625612,0.8747903317187694,-0.9996864912701203,36.540000915527344,1.6410753987570288,0.23817232945715758,-0.8271160895378507,-1.425717894667368,0.34887638207236815,-0.07612943410050688,-0.8175729022417854,1.5257635342097213,-0.004801771525306656,0.0050616332191265765,0.01168542483604493
2008-03-14,0.23444363241777977,-0.10930871492120743,-0.0476091507053841,36.540000915527344,1.6410753987570288,0.18982973968241243,-0.021157344592000582,0.0008989132247867916,-0.02541462844759741,-0.07612943410050688,-0.031054509762638793,-0.05445436553794302,-0.9859705915430234,2.1000077460240716,0.9463957004628268
2008-03-15,0.4407331553263937,0.9832852953225018,5.025750294938034,45.970001220703125,2.492741501196618,0.3082786054094144,4.854129743329984,3.6310556985814646,4.43415092716838,-0.07612943410050688,-1.6243147821013295,-4.2170644176241785,-0.004801771525306656,0.0050616332191265765,0.01168542483604493
2008-03-21,0.6163183387336815,-0.10930871492120743,-0.0476091507053841,45.970001220703125,2.492741501196618,0.264549832950024,-0.021157344592000582,0.0008989132247867916,-0.02541462844759741,-0.07612943410050688,-0.031054509762638793,-0.05445436553794302,-0.850964804292523,-1.1875372872438863,-2.6019665015502427
2008-03-22,0.6425802100276479,-1.4400699938183716,-2.533836452645314,42.709999084472656,1.1526768874370634,0.24728575448122286,-2.5744553556876646,-1.9584721720529497,-3.0676301654405655,-0.07612943410050688,2.3338636152052876,0.6523398478457005,-0.004801771525306656,0.0050616332191265765,0.01168542483604493
2008-03-28,0.6669662333720452,-0.10930871492120743,-0.0476091507053841,42.709999084472656,1.1526768874370634,0.30346120352844724,-0.021157344592000582,0.0008989132247867916,-0.02541462844759741,-0.07612943410050688,-0.031054509762638793,-0.05445436553794302,1.1281446603713963,2.399155359550384,0.37754499933304586
2008-03-29,0.6701694674379263,-0.8237008479791981,2.3000444985280972,45.56999969482422,0.6890172989913631,0.3390917146394184,0.9714635135671844,4.119757730240607,1.640451486864537,-0.07612943410050688,2.904133570001116,-1.4259343524078247,-0.004801771525306656,0.0050616332191265765,0.01168542483604493
2008-04-04,0.6731438990705303,-0.10930871492120743,-0.0476091507053841,45.56999969482422,0.6890172989913631,0.35236332456881053,-0.021157344592000582,0.0008989132247867916,-0.02541462844759741,-0.07612943410050688,-0.031054509762638793,-0.05445436553794302,0.24685247914205896,-0.1754533632939312,0.3364806420201668
2008-04-05,0.6536875893763419,-0.6564578650914312,-2.3864041178404953,42.52999877929688,0.4016699766501329,0.3278874276700834,-1.7886277761239833,-0.7884311523695855,-2.9868555417500326,-0.07612943410050688,-0.601401137522756,0.894592146680445,-0.004801771525306656,0.0050616332191265765,0.01168542483604493
2008-04-11,0.6356210160888812,-0.10930871492120743,-0.0476091507053841,42.52999877929688,0.4016699766501329,0.3235334888276158,-0.021157344592000582,0.0008989132247867916,-0.02541462844759741,-0.07612943410050688,-0.031054509762638793,-0.05445436553794302,-0.08796750960299639,0.46457038661652816,-1.3519654858229346
2008-04-12,0.6667531654912067,0.6541863355327587,2.6149824177859466,45.7599983215332,0.744032065540133,0.34252332132068525,1.2155880399866843,1.978542476239002,2.6630542418179326,-0.07612943410050688,1.7652036864940375,-0.7837754928426846,-0.004801771525306656,0.0050616332191265765,0.01168542483604493
2008-04-18,0.6956615899362233,-0.10930871492120743,-0.0476091507053841,45.7599983215332,0.744032065540133,0.46595714847942554,-0.021157344592000582,0.0008989132247867916,-0.02541462844759741,-0.07612943410050688,-0.031054509762638793,-0.05445436553794302,2.3305112174757814,-0.4001457368499061,1.4954627916870713
2008-04-19,0.6384920994086716,-1.1759704066717183,1.5076689427987222,47.790000915527344,0.16817594347885526,0.5127884236374004,-0.21130951985890165,1.5673692970256985,0.16799245827991308,-0.07612943410050688,0.3466407289819993,-1.6738359123329873,-0.004801771525306656,0.0050616332191265765,0.01168542483604493
2008-04-25,0.5854061439188023,-0.10930871492120743,-0.0476091507053841,47.790000915527344,0.16817594347885526,0.5762444296629553,-0.021157344592000582,0.0008989132247867916,-0.02541462844759741,-0.07612943410050688,-0.031054509762638793,-0.05445436553794302,1.0761322247099472,-0.8081330837940396,-0.7376463854921698
2008-04-26,0.5381950559846905,0.21126958458632256,0.5906236828199037,48.65999984741211,0.2919327214282014,0.6406254523650317,1.075950738312421,-0.20751261659425857,0.5309682380011908,-0.07612943410050688,1.3081552759356319,-2.1257334151605205,-0.004801771525306656,0.0050616332191265765,0.01168542483604493
2008-05-02,0.49435618861730074,-0.10930871492120743,-0.0476091507053841,48.65999984741211,0.2919327214282014,0.631230993952967,-0.021157344592000582,0.0008989132247867916,-0.02541462844759741,-0.07612943410050688,-0.031054509762638793,-0.05445436553794302,-0.153691839695087,-1.5340021953488878,-0.4283340173076086
2008-05-03,0.4557315500798002,-0.72527314174608,-1.55342434994921,46.56999969482422,0.0337815595642657,0.5725615151666709,-2.246603222811795,-2.7600119081793415,-1.8240825394547846,-0.07612943410050688,-0.14527221579374452,1.9057144687881182,-0.004801771525306656,0.0050616332191265765,0.01168542483604493
2008-05-09,0.41986581429497805,-0.10930871492120743,-0.0476091507053841,46.56999969482422,0.0337815595642657,0.5180046200810066,-0.021157344592000582,0.0008989132247867916,-0.02541462844759741,-0.07612943410050688,-0.031054509762638793,-0.05445436553794302,-0.9027351903589981,0.12796297165256265,-1.5372535205111275
2008-05-10,0.3417781177838374,-0.11274423242411225,-0.07772264536991697,46.52999877929688,0.0325786398001009,0.49035952673786726,-0.3905018988258552,-0.568858244396018,-0.42633831522123583,-0.07612943410050688,1.024134930286741,0.9142012847927349,-0.004801771525306656,0.0050616332191265765,0.01168542483604493
2008-05-16,0.2692681138806351,-0.10930871492120743,-0.0476091507053841,46.52999877929688,0.0325786398001009,0.5261441568478193,-0.021157344592000582,0.0008989132247867916,-0.02541462844759741,-0.07612943410050688,-0.031054509762638793,-0.05445436553794302,0.6128747977519794,1.1100279684489478,0.5584176948422817
2008-05-17,0.30678016211046893,1.1144723706973625,-3.2197058799476896,42.31999969482422,0.46068284279584587,0.47665327657182943,-1.767624971316647,-2.282727159383411,-1.3829352568931839,-0.07612943410050688,-2.2936998138169242,1.693865117942113,-0.004801771525306656,0.0050616332191265765,0.01168542483604493
2008-05-23,0.341612778323886,-0.10930871492120743,-0.0476091507053841,42.31999969482422,0.46068284279584587,0.47665327657182943,-0.021157344592000582,0.0008989132247867916,-0.02541462844759741,-0.07612943410050688,-0.031054509762638793,-0.05445436553794302,-0.004801771525306656,1.4723451493488702,1.3893193289366643
2008-05-24,0.2711975979743046,-1.40170842324242,0.5157182985221125,43.0,-0.139220768657847,0.5488523779575281,0.045332723412943685,0.9633517714946302,-0.1483905665104817,-0.07612943410050688,-0.3960463049731015,-2.499430094006351,-0.004801771525306656,0.0050616332191265765,0.01168542483604493
2008-05-30,0.2058120733639793,-0.10930871492120743,-0.0476091507053841,43.0,-0.139220768657847,0.6440256622384991,-0.021157344592000582,0.0008989132247867916,-0.02541462844759741,-0.07612943410050688,-0.031054509762638793,-0.05445436553794302,1.5829077735942647,-1.6770764653063066,-0.13128616199428414
2008-05-31,0.17599424994684718,1.801095871946574,-2.4201952003954927,40.09000015258789,0.4414066806638306,0.6273803603673249,-2.931617919342263,-2.206027597745815,-2.4386115425411155,-0.07612943410050688,-1.624061744354569,0.4849516158436875,-0.004801771525306656,0.0050616332191265765,0.01168542483604493
2008-06-06,0.1403215842698691,-0.10930871492120743,-0.0476091507053841,40.09000015258789,0.4414066806638306,0.5734876058581347,-0.021157344592000582,0.0008989132247867916,-0.02541462844759741,-0.07612943410050688,-0.031054509762638793,-0.05445436553794302,-0.8651369930186709,1.3076800643952329,-0.549471082949041
2008-06-07,0.14503765136006969,2.655749539972573,-0.4936043158855719,39.58000183105469,1.7106484390427308,0.6245205630301535,-0.6868805035460684,0.5536134081289548,0.778036430221832,-0.07612943410050688,-1.188431090569165,-1.7108211174361425,-0.004801771525306656,0.0050616332191265765,0.01168542483604493
2008-06-13,0.14941685651525607,-0.10930871492120743,-0.0476091507053841,39.58000183105469,1.7106484390427308,0.7769999719067632,-0.021157344592000582,0.0008989132247867916,-0.02541462844759741,-0.07612943410050688,-0.031054509762638793,-0.05445436553794302,2.433178621361345,-2.730087399232307,-1.1334758255379935
2008-06-14,0.1541774667348735,-0.8710863449317163,-1.5711370341690158,37.86000061035156,1.102693008351659,0.709139408120579,-2.559040144852801,-1.5201212875627688,-1.9001527903693614,-0.07612943410050688,-2.0927636820982083,2.0502541952658575,-0.004801771525306656,0.0050616332191265765,0.01168542483604493
2008-06-20,0.15859803336737546,-0.10930871492120743,-0.0476091507053841,37.86000061035156,1.102693008351659,0.6600611029017126,-0.021157344592000582,0.0008989132247867916,-0.02541462844759741,-0.07612943410050688,-0.031054509762638793,-0.05445436553794302,-0.754656786979904,1.9949698953891162,1.4126949217188283
2008-06-21,0.2040149549167496,0.2408139395847176,-2.6497055240274467,35.04999923706055,1.3252571576820849,0.6041378657927854,-2.63311352372292,-2.803109892699517,-0.6190534288532283,-0.07612943410050688,-1.0929466341339475,1.7811873444060602,-0.004801771525306656,0.0050616332191265765,0.01168542483604493
2008-06-27,0.24618781064116851,-0.10930871492120743,-0.0476091507053841,35.04999923706055,1.3252571576820849,0.5305749005024757,-0.021157344592000582,0.0008989132247867916,-0.02541462844759741,-0.07612943410050688,-0.031054509762638793,-0.05445436553794302,-1.1943117272038326,0.9380752726023294,1.1658944585666595
2008-06-28,0.23813440422294066,-0.5551745027106104,0.21245851840371316,35.310001373291016,1.015323735326482,0.525942559629126,-2.532737897734393,-0.6571565295656381,-0.16706980555301107,-0.07612943410050688,-1.4242010699163916,0.10450397796344245,-0.004801771525306656,0.0050616332191265765,0.01168542483604493
2008-07-04,0.23065624112030042,-0.10930871492120743,-0.0476091507053841,35.310001373291016,1.015323735326482,0.525942559629126,-0.021157344592000582,0.0008989132247867916,-0.02541462844759741,-0.07612943410050688,-0.031054509762638793,-0.05445436553794302,-0.004801771525306656,-0.30351396161233263,-0.6306567009174129
2008-07-05,0.25460967153456826,1.1565206484880768,-2.1823172387786305,33.15999984741211,1.7904370273165846,0.47623168390980475,-0.9402006994731547,-0.9878763602629987,-1.2156088197690242,-0.07612943410050688,-1.8672655223718442,1.7020794347355073,-0.004801771525306656,0.0050616332191265765,0.01168542483604493
2008-07-11,0.27685214263353125,-0.10930871492120743,-0.0476091507053841,33.15999984741211,1.7904370273165846,0.46365857976617003,-0.021157344592000582,0.0008989132247867916,-0.02541462844759741,-0.07612943410050688,-0.031054509762638793,-0.05445436553794302,-0.22365897699291873,1.438778549517989,0.41186451900252175
2008-07-12,0.555446422883821,1.6915867961998727,5.025750294938034,40.02000045776367,3.266069498849515,0.4674726921126306,4.93874615673226,5.098645212695015,5.564453678403551,-0.07612943410050688,1.4031692573867665,-0.1899356678447459,-0.004801771525306656,0.0050616332191265765,0.01168542483604493
2008-07-18,0.8141411116876611,-0.10930871492120743,-0.0476091507053841,40.02000045776367,3.266069498849515,0.5304826867833219,-0.021157344592000582,0.0008989132247867916,-0.02541462844759741,-0.07612943410050688,-0.031054509762638793,-0.05445436553794302,1.097774301474403,-0.31553330716153144,0.5243910929985288
2008-07-19,0.8221068901605011,-1.7549752944800519,-0.4856255562451911,39.52000045776367,1.2689445901184861,0.5876840355732306,2.122883250460082,-0.6812384782712624,1.3407875325011587,-0.07612943410050688,-0.3220427454659695,-1.949369419120453,-0.004801771525306656,0.0050616332191265765,0.01168542483604493
2008-07-25,0.8295036844567096,-0.10930871492120743,-0.0476091507053841,39.52000045776367,1.2689445901184861,0.5963637202582271,-0.021157344592000582,0.0008989132247867916,-0.02541462844759741,-0.07612943410050688,-0.031054509762638793,-0.05445436553794302,0.13684303785275734,-1.2508923756325923,-0.5837774629685575
2008-07-26,0.8190140869957763,-0.5121975229838346,1.0524130695179184,40.7599983215332,0.9949460782154944,0.6310671330860473,3.5539965621621312,0.028907734697933396,1.4744997965760267,-0.07612943410050688,-0.005263502995428941,-1.1767803864936572,-0.004801771525306656,0.0050616332191265765,0.01168542483604493
2008-08-01,0.8092737464963381,-0.10930871492120743,-0.0476091507053841,40.7599983215332,0.9949460782154944,0.5602852134626221,-0.021157344592000582,0.0008989132247867916,-0.02541462844759741,-0.07612943410050688,-0.031054509762638793,-0.05445436553794302,-1.1324727963075696,-0.9016559769195757,-0.7693554089045869
2008-08-02,0.7471135561013683,-0.6828405324304027,0.21903184484564814,41.06999969482422,0.6468736648602477,0.6651131143814349,-0.9349561304326219,0.7283671184300381,-0.36022980832752305,-0.07612943410050688,1.6200734324361359,-3.3826238357269047,-0.004801771525306656,0.0050616332191265765,0.01168542483604493
2008-08-08,0.6893933793060395,-0.10930871492120743,-0.0476091507053841,41.06999969482422,0.6468736648602477,0.6510493540672657,-0.021157344592000582,0.0008989132247867916,-0.02541462844759741,-0.07612943410050688,-0.031054509762638793,-0.05445436553794302,-0.22476153218419015,-3.868498218739382,-3.145638182096996
2008-08-09,0.7517477145211745,0.9487901836909802,-2.6085173874424967,38.06999969482422,1.190645746538965,0.8197738920820872,-1.3765439450449655,-1.1427270232511968,-0.4459470883044469,-0.07612943410050688,-0.4430077345072466,-4.2170644176241785,-0.004801771525306656,0.0050616332191265765,0.01168542483604493
2008-08-15,0.8096481686495138,-0.10930871492120743,-0.0476091507053841,38.06999969482422,1.190645746538965,0.7686123423542777,-0.021157344592000582,0.0008989132247867916,-0.02541462844759741,-0.07612943410050688,-0.031054509762638793,-0.05445436553794302,-0.7435837087636894,-2.7677696403938317,-3.188874596066477
2008-08-16,0.7436424417783759,-0.8868811964376949,-0.4159723502882258,37.66999816894531,0.6780939586850397,0.67031087890335,-0.47126935744973986,-0.5825776422127296,-0.4413422730356262,-0.07612943410050688,0.5811281211421191,3.05781589136166,-0.004801771525306656,0.0050616332191265765,0.01168542483604493
2008-08-22,0.6823514096837476,-0.10930871492120743,-0.0476091507053841,37.66999816894531,0.6780939586850397,0.6848913636384827,-0.021157344592000582,0.0008989132247867916,-0.02541462844759741,-0.07612943410050688,-0.031054509762638793,-0.05445436553794302,0.22260454353088233,0.8519972750336797,-0.6385209279278459
2008-08-23,0.61918940010784,-0.9762207853972165,0.7155543190973603,38.4900016784668,0.2253457140656938,0.68058217760061,0.8469907199257389,1.2378840426767352,0.9337129946443867,-0.07612943410050688,1.5330300741605603,0.0812297324723642,-0.004801771525306656,0.0050616332191265765,0.01168542483604493
2008-08-29,0.560538962644497,-0.10930871492120743,-0.0476091507053841,38.4900016784668,0.2253457140656938,0.6611860706776721,-0.021157344592000582,0.0008989132247867916,-0.02541462844759741,-0.07612943410050688,-0.031054509762638793,-0.05445436553794302,-0.30565973873142693,-1.0440948806784984,-2.151876830044191
2008-08-30,0.49219148215573566,0.1056574355408354,0.9634376445099213,39.59999847412109,0.3116145827009867,0.7349981856641238,0.9659613602785108,0.11211036599987316,0.9253254528152435,-0.07612943410050688,-4.53703200133469,-2.3130943991864608,-0.004801771525306656,0.0050616332191265765,0.01168542483604493
2008-09-05,0.4287259645590287,-0.10930871492120743,-0.0476091507053841,39.59999847412109,0.3116145827009867,0.6492884754850596,-0.021157344592000582,0.0008989132247867916,-0.02541462844759741,-0.07612943410050688,-0.031054509762638793,-0.05445436553794302,-1.2968021411395814,-3.19475711351283,-3.122356766753208
2008-09-06,0.47637211037223226,3.769530199063321,1.3423494355942227,41.16999816894531,1.9576319686446106,0.7398170947821976,1.3000734417662583,-1.5356795989238776,3.0393352462241503,-0.07612943410050688,2.176528052562175,-2.817721099954891,-0.004801771525306656,0.0050616332191265765,0.01168542483604493
2008-09-12,0.5206149600559214,-0.10930871492120743,-0.0476091507053841,41.16999816894531,1.9576319686446106,0.7821298436778441,-0.021157344592000582,0.0008989132247867916,-0.02541462844759741,-0.07612943410050688,-0.031054509762638793,-0.05445436553794302,0.6314388476482938,-0.8336966248992403,1.3509354496700046
2008-09-13,0.8470638467512897,2.5638454511246667,4.95958024928959,47.04999923706055,4.267370967709771,0.5515865960925317,3.1048333197230056,3.9548259923522573,4.947089009930818,-0.07612943410050688,-1.3101442765623197,3.6774750582131115,-0.004801771525306656,0.0050616332191265765,0.01168542483604493
2008-09-19,1.15019495582556,-0.10930871492120743,-0.0476091507053841,47.04999923706055,4.267370967709771,0.5702772673576241,-0.021157344592000582,0.0008989132247867916,-0.02541462844759741,-0.07612943410050688,-0.031054509762638793,-0.05445436553794302,0.30651382555695755,1.7781705685917313,2.551242362764632
2008-09-20,1.2573990118849012,-1.7215532195956402,0.8391091943503012,48.2400016784668,1.8795752358426459,0.5256653393420956,-0.6080460727645692,-0.6382952042303495,-1.961422195616909,-0.07612943410050688,-2.788504165776782,1.4766462662087365,-0.004801771525306656,0.0050616332191265765,0.01168542483604493
2008-09-26,1.3569456353685754,-0.10930871492120743,-0.0476091507053841,48.2400016784668,1.8795752358426459,0.5575478672409053,-0.021157344592000582,0.0008989132247867916,-0.02541462844759741,-0.07612943410050688,-0.031054509762638793,-0.05445436553794302,0.5342354197189956,1.7520374279981141,0.6496945487443785
2008-09-27,1.4733359785466025,0.3962287108004065,-1.7482242602848823,45.900001525878906,2.305843977403133,0.6717849345234159,-1.7270376779838106,-2.3572991359868634,-2.30627431114735,-0.07612943410050688,-1.4288121303069041,-3.6683988937497234,-0.004801771525306656,0.0050616332191265765,0.01168542483604493
2008-10-03,1.581412725783342,-0.10930871492120743,-0.0476091507053841,45.900001525878906,2.305843977403133,0.5650548715681569,-0.021157344592000582,0.0008989132247867916,-0.02541462844759741,-0.07612943410050688,-0.031054509762638793,-0.05445436553794302,-1.6681165330791468,-3.868498218739382,-4.053643268969128
2008-10-04,1.725164828628847,0.738388583253601,-3.3014370513720217,41.63999938964844,3.117146287103372,0.5104982679964493,-4.601606476382722,-4.602855205494129,-4.570003337870832,-0.07612943410050688,-4.53703200133469,1.8345935445117731,-0.004801771525306656,0.0050616332191265765,0.01168542483604493
2008-10-10,1.8530943536471292,-0.10930871492120743,-0.0476091507053841,41.63999938964844,3.117146287103372,0.6327261614260408,-0.021157344592000582,0.0008989132247867916,-0.02541462844759741,-0.07612943410050688,-0.031054509762638793,-0.05445436553794302,2.080069348328681,-2.954773163897007,-4.290182604913595
2008-10-11,1.8694735380498013,-0.15704606237440707,-1.9925135930731799,39.33000183105469,3.0611129103463246,0.7964746284908296,3.181327669439302,1.4415086363759742,4.073631136750963,-0.07612943410050688,2.1572530488658868,-4.2170644176241785,-0.004801771525306656,0.0050616332191265765,0.01168542483604493
2008-10-17,1.8846827807094255,-0.10930871492120743,-0.0476091507053841,39.33000183105469,3.0611129103463246,0.8425728088537088,-0.021157344592000582,0.0008989132247867916,-0.02541462844759741,-0.07612943410050688,-0.031054509762638793,-0.05445436553794302,0.6686482925999595,-0.07412891954372024,1.8078254614785798
2008-10-18,1.863742447562207,-1.2815082196413667,-3.5240774390749956,35.43000030517578,1.7027482116885968,0.9991488429797641,-2.654364654678,-4.602855205494129,-1.135422400652737,-0.07612943410050688,-2.9367717421369166,-4.2170644176241785,-0.004801771525306656,0.0050616332191265765,0.01168542483604493
2008-10-24,1.8442978524969327,-0.10930871492120743,-0.0476091507053841,35.43000030517578,1.7027482116885968,0.8778094454324918,-0.021157344592000582,0.0008989132247867916,-0.02541462844759741,-0.07612943410050688,-0.031054509762638793,-0.05445436553794302,-1.6137871564454784,-3.868498218739382,-4.290182604913595
2008-10-25,1.8946327812970285,0.6951820225569425,5.025750294938034,41.25,2.3430941382959825,0.9133949960111001,4.1279879228114815,3.2844292441723257,3.1181449840982256,-0.07612943410050688,4.146244768344761,-1.0512746062326888,-0.004801771525306656,0.0050616332191265765,0.01168542483604493
2008-10-31,1.9413723580399749,-0.10930871492120743,-0.0476091507053841,41.25,2.3430941382959825,1.0536467355858814,-0.021157344592000582,0.0008989132247867916,-0.02541462844759741,-0.07612943410050688,-0.031054509762638793,-0.05445436553794302,1.9305711225699171,0.4083228376001067,3.6130505927473635
2008-11-01,1.8910399008406849,-0.9862717453488729,-3.0222980537714936,37.75,1.4950564257524732,1.003327428556238,-4.314866521541934,-3.5382703365474284,-4.1605083480292215,-0.07612943410050688,-0.2157624329490514,1.2974493337806037,-0.004801771525306656,0.0050616332191265765,0.01168542483604493
2008-11-07,1.8443026191556298,-0.10930871492120743,-0.0476091507053841,37.75,1.4950564257524732,0.904604898073701,-0.021157344592000582,0.0008989132247867916,-0.02541462844759741,-0.07612943410050688,-0.031054509762638793,-0.05445436553794302,-1.311395661523958,0.8929667476026045,-2.631546031376657
2008-11-08,1.7644518376745064,0.42306290381874967,-3.0937795105717827,34.470001220703125,1.8892694822466902,0.8785737709091324,-4.601606476382722,-4.602855205494129,-0.8331332716945612,-0.07612943410050688,-2.0189030261791485,0.6869671609268891,-0.004801771525306656,0.0050616332191265765,0.01168542483604493
2008-11-14,1.6903046834420348,-0.10930871492120743,-0.0476091507053841,34.470001220703125,1.8892694822466902,0.8189909658983489,-0.021157344592000582,0.0008989132247867916,-0.02541462844759741,-0.07612943410050688,-0.031054509762638793,-0.05445436553794302,-0.8408020106874822,-0.42167471654433014,-4.290182604913595
2008-11-15,1.9755579206536866,3.502043666330809,-3.9018037706096074,22.71999931335449,4.943710696580525,0.6935159210166938,-4.601606476382722,-4.602855205494129,-4.570003337870832,-0.07612943410050688,-4.53703200133469,3.6774750582131115,-0.004801771525306656,0.0050616332191265765,0.01168542483604493
2008-11-21,2.2404359266359344,-0.10930871492120743,-0.0476091507053841,22.71999931335449,4.943710696580525,0.4293912742776183,-0.021157344592000582,0.0008989132247867916,-0.02541462844759741,-0.07612943410050688,-0.031054509762638793,-0.05445436553794302,-3.6007487672550775,-1.8570176941766794,-0.3239002546884761
2008-11-22,2.2867765742284756,-1.7445230275787273,5.025750294938034,31.65999984741211,2.2264665412154896,0.3806019221329575,4.93874615673226,5.098645212695015,5.564453678403551,-0.07612943410050688,4.146244768344761,1.7740865553893554,-0.004801771525306656,0.0050616332191265765,0.01168542483604493
2008-11-28,2.3298071755644063,-0.10930871492120743,-0.0476091507053841,31.65999984741211,2.2264665412154896,0.247576880221028,-0.021157344592000582,0.0008989132247867916,-0.02541462844759741,-0.07612943410050688,-0.031054509762638793,-0.05445436553794302,-2.460789974132147,1.5468777302917658,3.6130505927473635
2008-11-29,2.3683754867910696,0.47671390799152247,1.8238179104218832,33.349998474121094,2.7749030724239736,0.37394921644597445,-1.7739459015595673,-1.8460568966601731,1.0992767849284886,-0.07612943410050688,-3.6887659717590626,-4.2170644176241785,-0.004801771525306656,0.0050616332191265765,0.01168542483604493
2008-12-05,2.4041889186443988,-0.10930871492120743,-0.0476091507053841,33.349998474121094,2.7749030724239736,0.23463710049160802,-0.021157344592000582,0.0008989132247867916,-0.02541462844759741,-0.07612943410050688,-0.031054509762638793,-0.05445436553794302,-2.5877649677949237,-0.3684397362007045,-4.290182604913595
2008-12-06,2.4478591175363604,-0.5376545244026844,-2.581094019755954,30.940000534057617,2.311277292240004,0.11514142883482151,-0.5947946770372459,-0.03334014612785878,-3.3535070048453584,-0.07612943410050688,3.7188042893122306,3.6774750582131115,-0.004801771525306656,0.0050616332191265765,0.01168542483604493
2008-12-12,2.4884100165074674,-0.10930871492120743,-0.0476091507053841,30.940000534057617,2.311277292240004,0.08076716601759673,-0.021157344592000582,0.0008989132247867916,-0.02541462844759741,-0.07612943410050688,-0.031054509762638793,-0.05445436553794302,-0.7679330759835276,3.3263355629679174,2.0912530635909934
2008-12-13,2.353525370201188,-0.5833405437966408,-0.7501465074477937,30.31999969482422,1.8569095228248427,0.054053547917395535,-2.155578384379841,-2.3304174050686046,3.032031666951948,-0.07612943410050688,0.0687666506053841,1.2082637635375508,-0.004801771525306656,0.0050616332191265765,0.01168542483604493
2008-12-19,2.2282753414882137,-0.10930871492120743,-0.0476091507053841,30.31999969482422,1.8569095228248427,-0.17191607366036438,-0.021157344592000582,0.0008989132247867916,-0.02541462844759741,-0.07612943410050688,-0.031054509762638793,-0.05445436553794302,-3.6007487672550775,3.3263355629679174,-0.14070994468412218
2008-12-20,2.036290704038465,-2.083656694341816,-0.648882556126687,29.799999237060547,-0.3142254184456955,-0.21191900587945486,-0.9203143528081382,-1.0896441302323765,-1.9752901956187092,-0.07612943410050688,-1.1090188100948608,2.347496567202909,-0.004801771525306656,0.0050616332191265765,0.01168542483604493
2008-12-26,1.8580192549779841,-0.10930871492120743,-0.0476091507053841,29.799999237060547,-0.3142254184456955,-0.19805883459333984,-0.021157344592000582,0.0008989132247867916,-0.02541462844759741,-0.07612943410050688,-0.031054509762638793,-0.05445436553794302,0.4051701767450118,1.6025559281716586,-1.1633388913124907
2008-12-27,1.7133111532624317,0.8349220136544935,1.7759221727358578,31.350000381469727,-0.0713872179676509,-0.2075975182129436,2.026356416295223,1.6091410338706573,2.7754998782116385,-0.07612943410050688,4.146244768344761,0.5157857280288884,-0.004801771525306656,0.0050616332191265765,0.01168542483604493
2009-01-02,1.5789393445265616,-0.10930871492120743,-0.0476091507053841,31.350000381469727,-0.0713872179676509,-0.07032062252118376,-0.021157344592000582,0.0008989132247867916,-0.02541462844759741,-0.07612943410050688,-0.031054509762638793,-0.05445436553794302,4.037977162806941,-0.9727193731742764,-1.3761076728636814
2009-01-03,1.5374841455614099,3.770446611470377,-3.9018037706096074,25.96999931335449,1.1780843414223283,-0.03803813541062791,-2.658217775044761,-1.441048349793522,-4.570003337870832,-0.07612943410050688,-1.6636798830614554,-1.7017642079684805,-0.004801771525306656,0.0050616332191265765,0.01168542483604493
2009-01-09,1.478854697688655,-0.10930871492120743,-0.0476091507053841,25.96999931335449,1.1780843414223283,-0.052159513847005644,-0.021157344592000582,0.0008989132247867916,-0.02541462844759741,-0.07612943410050688,-0.031054509762638793,-0.05445436553794302,-0.35977748283252553,-3.8281039678856454,3.6130505927473635
2009-01-10,1.4785700966041253,4.46676781122631,-3.9018037706096074,22.81999969482422,4.179137948126826,-0.031716912810734126,-4.601606476382722,-4.602855205494129,-4.570003337870832,-0.07612943410050688,-4.484776614203674,-1.091935265359002,-0.004801771525306656,0.0050616332191265765,0.01168542483604493
2009-01-16,1.4783058241684903,-0.10930871492120743,-0.0476091507053841,22.81999969482422,4.179137948126826,-0.06525567734028229,-0.021157344592000582,0.0008989132247867916,-0.02541462844759741,-0.07612943410050688,-0.031054509762638793,-0.05445436553794302,-0.8433040690164424,-2.1995471519554313,-3.7218201220303007
2009-01-17,1.490558245025763,-0.38745038911060214,2.195420313239923,24.280000686645508,3.7737550781923765,-0.1359819012821386,-3.7131843461948266,-0.22537522890796696,-4.570003337870832,-0.07612943410050688,-1.5305344823783624,3.6774750582131115,-0.004801771525306656,0.0050616332191265765,0.01168542483604493
2009-01-23,1.5019354929646593,-0.10930871492120743,-0.0476091507053841,24.280000686645508,3.7737550781923765,-0.005726525386236791,-0.021157344592000582,0.0008989132247867916,-0.02541462844759741,-0.07612943410050688,-0.031054509762638793,-0.05445436553794302,3.5720297602059405,-3.530094704460259,-4.290182604913595
2009-01-24,1.4135592522567997,-1.0238707386311765,1.7284348335345785,25.51000022888184,2.539845134500373,-0.04680111725427826,1.5154254308600337,0.6095142744858314,5.564453678403551,-0.07612943410050688,1.543980624423149,2.057481136780769,-0.004801771525306656,0.0050616332191265765,0.01168542483604493
2009-01-30,1.3314956001709302,-0.10930871492120743,-0.0476091507053841,25.51000022888184,2.539845134500373,0.048603339721817795,-0.021157344592000582,0.0008989132247867916,-0.02541462844759741,-0.07612943410050688,-0.031054509762638793,-0.05445436553794302,2.411712127335931,-0.41005858480112,3.6130505927473635
2009-01-31,1.299730201368693,-0.32634115054898666,2.86594196286425,27.6299991607666,2.318564608526631,0.06685207631086353,-1.9497826619626577,2.677950775252502,0.3675379762498743,-0.07612943410050688,2.2231414218389958,-0.9083063822922894,-0.004801771525306656,0.0050616332191265765,0.01168542483604493
2009-02-06,1.2702337596237585,-0.10930871492120743,-0.0476091507053841,27.6299991607666,2.318564608526631,0.14605478844703296,-0.021157344592000582,0.0008989132247867916,-0.02541462844759741,-0.07612943410050688,-0.031054509762638793,-0.05445436553794302,1.820787600911832,0.6530736740639362,2.858267673153268
2009-02-07,1.1904228897206186,0.1228688495231812,-3.7780805758228597,24.690000534057617,2.541562812314117,0.10671284940201092,-2.597412787911458,-2.8347669532243005,-4.570003337870832,-0.07612943410050688,-1.5978734860215382,1.730015671394519,-0.004801771525306656,0.0050616332191265765,0.01168542483604493
2009-02-13,1.1163127962391317,-0.10930871492120743,-0.0476091507053841,24.690000534057617,2.541562812314117,0.03837427803961745,-0.021157344592000582,0.0008989132247867916,-0.02541462844759741,-0.07612943410050688,-0.031054509762638793,-0.05445436553794302,-1.5317792575419433,0.05109653285613101,-2.696115726987102
2009-02-14,1.1217887769258716,0.1750875813172943,-3.9018037706096074,19.899999618530277,2.8316562379791614,-0.035924206874128076,-4.601606476382722,-4.602855205494129,-4.570003337870832,-0.07612943410050688,-4.53703200133469,3.6774750582131115,-0.004801771525306656,0.0050616332191265765,0.01168542483604493
2009-02-20,1.0751466371447806,-0.10930871492120743,-0.0476091507053841,19.899999618530277,2.8316562379791614,-0.08007900467175574,-0.021157344592000582,0.0008989132247867916,-0.02541462844759741,-0.07612943410050688,-0.031054509762638793,-0.05445436553794302,-1.1127190434945637,-1.7343820084950825,-0.6877281677156653
2009-02-21,1.0585674906018097,2.692515245347434,5.025750294938034,22.850000381469727,5.275643482021107,-0.008608489772028247,1.1693783815084746,-4.602855205494129,3.349894481049151,-0.07612943410050688,-1.028287169380024,-3.611057879949904,-0.004801771525306656,0.0050616332191265765,0.01168542483604493
2009-02-27,1.0431725688119078,-0.10930871492120743,-0.0476091507053841,22.850000381469727,5.275643482021107,0.09389936727156212,-0.021157344592000582,0.0008989132247867916,-0.02541462844759741,-0.07612943410050688,-0.031054509762638793,-0.05445436553794302,2.5081198106783393,-0.2564717370244129,-0.43903507120751384
2009-02-28,1.1215692371350756,-0.24657593387824073,-3.9018037706096074,15.93000030517578,5.275643482021107,0.09307790155744859,-4.601606476382722,-4.602855205494129,-4.570003337870832,-0.07612943410050688,-4.53703200133469,-0.016800245278654747,-0.004801771525306656,0.0050616332191265765,0.01168542483604493
2009-03-06,1.1797853793683049,-0.10930871492120743,-0.0476091507053841,15.93000030517578,5.275643482021107,0.011977529682381674,-0.021157344592000582,0.0008989132247867916,-0.02541462844759741,-0.07612943410050688,-0.031054509762638793,-0.05445436553794302,-1.8361003086665368,0.11739522309628334,-1.306180113677247
2009-03-07,1.2977208193684167,0.3343729677589019,5.025750294938034,23.75,5.275643482021107,0.02795731073306887,4.93874615673226,5.098645212695015,5.564453678403551,-0.07612943410050688,4.12075724659131,-0.8259028656847511,-0.004801771525306656,0.0050616332191265765,0.01168542483604493
2009-03-13,1.4072322993685202,-0.10930871492120743,-0.0476091507053841,23.75,5.275643482021107,0.053906748427627625,-0.021157344592000582,0.0008989132247867916,-0.02541462844759741,-0.07612943410050688,-0.031054509762638793,-0.05445436553794302,0.6123291470724055,2.0345040452459133,-1.0967786581601255
2009-03-14,1.3641553969247353,-0.6837963327884545,-0.9333065601427196,23.149999618530277,5.275643482021107,0.019906595444583765,2.084109757002655,5.098645212695015,0.08557950887063898,-0.07612943410050688,1.5310089190547802,1.5978234163440261,-0.004801771525306656,0.0050616332191265765,0.01168542483604493
2009-03-20,1.3241554160840776,-0.10930871492120743,-0.0476091507053841,23.149999618530277,5.275643482021107,-0.08106761321741204,-0.021157344592000582,0.0008989132247867916,-0.02541462844759741,-0.07612943410050688,-0.031054509762638793,-0.05445436553794302,-2.4220758194582235,3.3263355629679174,3.6130505927473635
2009-03-21,1.332490713592767,0.33187959829991415,5.025750294938034,27.399999618530277,5.275643482021107,-0.04144737599042103,4.93874615673226,0.0008989132247867916,3.513690948791894,-0.07612943410050688,0.9268507490121928,-2.0821646905483453,-0.004801771525306656,0.0050616332191265765,0.01168542483604493
2009-03-27,1.2714927733423915,-0.10930871492120743,-0.0476091507053841,27.399999618530277,5.275643482021107,0.015190621313886588,-0.021157344592000582,0.0008989132247867916,-0.02541462844759741,-0.07612943410050688,-0.031054509762638793,-0.05445436553794302,1.4231382596199702,-2.2666449488388944,-0.8519798328248998
2009-03-28,1.2294325266753379,-1.0215617227163352,2.3578888545972427,29.280000686645508,4.26292027364127,0.05224556937064772,0.9777800874317698,2.3183427036206368,1.463282270396111,-0.07612943410050688,2.1742035773409065,-1.8085307431551543,-0.004801771525306656,0.0050616332191265765,0.01168542483604493
2009-04-03,1.1903765833416453,-0.10930871492120743,-0.0476091507053841,29.280000686645508,4.26292027364127,0.11061635201573936,-0.021157344592000582,0.0008989132247867916,-0.02541462844759741,-0.07612943410050688,-0.031054509762638793,-0.05445436553794302,1.3563640855016708,1.2610982333648262,3.6130505927473635
2009-04-04,1.2127805754455259,-1.197674152653649,4.107244856144411,32.75,2.6523034094970925,0.13046275041263714,4.93874615673226,1.7608130299403384,5.564453678403551,-0.07612943410050688,-0.7814301457556881,-0.9385287137929104,-0.004801771525306656,0.0050616332191265765,0.01168542483604493
2009-04-10,1.2335842823991294,-0.10930871492120743,-0.0476091507053841,32.75,2.6523034094970925,0.15325405483886134,-0.021157344592000582,0.0008989132247867916,-0.02541462844759741,-0.07612943410050688,-0.031054509762638793,-0.05445436553794302,0.4953358285982687,-2.674593346624397,-1.2594346635239237
2009-04-11,1.15916858375401,2.025220999143735,0.4983434062450651,33.2599983215332,4.892735472014046,0.17627551235990682,3.0794546310683057,5.098645212695015,1.0003002006600825,-0.07612943410050688,1.7691925980027527,-1.0457279857250108,-0.004801771525306656,0.0050616332191265765,0.01168542483604493
2009-04-17,1.090068292154971,-0.10930871492120743,-0.0476091507053841,33.2599983215332,4.892735472014046,0.18554758451905218,-0.021157344592000582,0.0008989132247867916,-0.02541462844759741,-0.07612943410050688,-0.031054509762638793,-0.05445436553794302,0.19187396041518234,-1.0140332867495352,1.119106702091713
2009-04-18,1.086656842030391,-0.1766641954467251,0.07888382958105998,33.380001068115234,4.7817276805044875,0.11568437898400052,-4.011836389665952,-3.3260629636091283,1.7158160592081195,-0.07612943410050688,0.9840010577098945,3.0927238587767008,-0.004801771525306656,0.0050616332191265765,0.01168542483604493
2009-04-24,1.0834890669147095,-0.10930871492120743,-0.0476091507053841,33.380001068115234,4.7817276805044875,0.1376923579467121,-0.021157344592000582,0.0008989132247867916,-0.02541462844759741,-0.07612943410050688,-0.031054509762638793,-0.05445436553794302,0.4835876299376504,2.2519590175314392,-0.6095252492256485
2009-04-25,0.9944515865614454,-1.2842517989112048,-0.9823706671442344,32.4900016784668,2.8801580064938497,0.17675924912227575,-1.2607546527004345,-1.8197013374192093,-2.613807317357995,-0.07612943410050688,1.3481717637249355,-1.7360304409304184,-0.004801771525306656,0.0050616332191265765,0.01168542483604493
2009-05-01,0.911773926233414,-0.10930871492120743,-0.0476091507053841,32.4900016784668,2.8801580064938497,0.2583087788044079,-0.021157344592000582,0.0008989132247867916,-0.02541462844759741,-0.07612943410050688,-0.031054509762638793,-0.05445436553794302,1.7243868419712607,-0.08421354911528821,1.4306079451758713
2009-05-02,0.9495649120143156,0.9623609531607668,5.025750294938034,38.93999862670898,4.070225178255491,0.2156848630969894,4.93874615673226,5.098645212695015,5.564453678403551,-0.07612943410050688,3.360084933446558,1.729638903810337,-0.004801771525306656,0.0050616332191265765,0.01168542483604493
2009-05-08,0.9704229465331872,-0.10930871492120743,-0.0476091507053841,38.93999862670898,4.070225178255491,0.25086682023818835,-0.021157344592000582,0.0008989132247867916,-0.02541462844759741,-0.07612943410050688,-0.031054509762638793,-0.05445436553794302,0.7206314578128165,2.033135781548188,1.6034679118488742
2009-05-09,0.962712606902054,-0.7974153933481787,-3.6759363513479646,34.90999984741211,3.087350302627627,0.22522157782061372,-4.601606476382722,-3.545198341766066,-3.660194128162223,-0.07612943410050688,-1.7104738323082354,1.0117659822606702,-0.004801771525306656,0.0050616332191265765,0.01168542483604493
2009-05-15,0.9291688291385526,-0.10930871492120743,-0.0476091507053841,34.90999984741211,3.087350302627627,0.16042464415735105,-0.021157344592000582,0.0008989132247867916,-0.02541462844759741,-0.07612943410050688,-0.031054509762638793,-0.05445436553794302,-1.331914613190602,0.4003395108938296,1.0030975913836444
2009-05-16,0.8810102213413386,-0.9252418717799377,-0.5497408272115492,34.40999984741211,2.1361145070343825,0.12136669603250343,1.036041249749094,1.4422093666035962,-0.7222086757178939,-0.07612943410050688,0.22897049852358498,1.6974278640765939,-0.004801771525306656,0.0050616332191265765,0.01168542483604493
2009-05-22,0.8362915141010684,-0.10930871492120743,-0.0476091507053841,34.40999984741211,2.1361145070343825,0.2514243194720247,-0.021157344592000582,0.0008989132247867916,-0.02541462844759741,-0.07612943410050688,-0.031054509762638793,-0.05445436553794302,2.868918795808957,3.3263355629679174,3.6130505927473635
2009-05-23,0.7579678880280813,-0.6246777639323043,2.489343905041407,36.900001525878906,1.6662385607865613,0.22140540133031206,0.48834415414371557,0.36055445140062015,1.4893785709997518,-0.07612943410050688,0.7610200730884905,1.1969651133514512,-0.004801771525306656,0.0050616332191265765,0.01168542483604493
2009-05-29,0.6852388066745936,-0.10930871492120743,-0.0476091507053841,36.900001525878906,1.6662385607865613,0.22962219303190004,-0.021157344592000582,0.0008989132247867916,-0.02541462844759741,-0.07612943410050688,-0.031054509762638793,-0.05445436553794302,0.16394030573378182,1.0291394489871464,1.922971916885803
2009-05-30,0.6569337557876384,2.4480915809128123,-2.280355371908449,34.54999923706055,3.676896589511716,0.25497100591056177,1.4551912354386682,-1.8441742950150397,-0.9719698254520274,-0.07612943410050688,0.2769465241062987,-1.0867421453531259,-0.004801771525306656,0.0050616332191265765,0.01168542483604493
2009-06-05,0.6306504942497517,-0.10930871492120743,-0.0476091507053841,34.54999923706055,3.676896589511716,0.40968455174587726,-0.021157344592000582,0.0008989132247867916,-0.02541462844759741,-0.07612943410050688,-0.031054509762638793,-0.05445436553794302,3.098933986705557,-1.1361085284410644,-0.9912298222330677
2009-06-06,0.5166771429740796,-1.4752260258912728,0.5409346430401895,35.130001068115234,1.8693673219781106,0.4465770687455478,4.401566600345328,0.07719753297566566,0.925970609465936,-0.07612943410050688,0.01929717740567211,-1.3815863532080526,-0.004801771525306656,0.0050616332191265765,0.01168542483604493
2009-06-12,0.41084474536095555,-0.10930871492120743,-0.0476091507053841,35.130001068115234,1.8693673219781106,0.4337445044022732,-0.021157344592000582,0.0008989132247867916,-0.02541462844759741,-0.07612943410050688,-0.031054509762638793,-0.05445436553794302,-0.23220808658149564,0.42868800772013144,3.5921459838636456
2009-06-13,0.36291017419797666,0.27423311893944086,-0.1773468581734813,35.0,2.1917236446361623,0.4415831220952552,-1.048883257536848,-2.281410868084351,-1.5920975177348435,-0.07612943410050688,-1.4531831331575173,-0.33729234332859914,-0.004801771525306656,0.0050616332191265765,0.01168542483604493
2009-06-19,0.31805226582747465,-0.10930871492120743,-0.0476091507053841,35.0,2.1917236446361623,0.4329869316003005,-0.021157344592000582,0.0008989132247867916,-0.02541462844759741,-0.07612943410050688,-0.031054509762638793,-0.05445436553794302,-0.15759971550006963,-0.34951726297645747,0.10771581328668829
2009-06-20,0.2503614198080317,-0.5126345545638267,-0.5985329129186647,34.45000076293945,1.818009300641711,0.4241553722817066,-1.023758182317885,-1.1649762685736116,-0.4347740835897539,-0.07612943410050688,-1.6177331216887625,0.2676394187165228,-0.004801771525306656,0.0050616332191265765,0.01168542483604493
2009-06-26,0.18750563421854902,-0.10930871492120743,-0.0476091507053841,34.45000076293945,1.818009300641711,0.3087359618177653,-0.021157344592000582,0.0008989132247867916,-0.02541462844759741,-0.07612943410050688,-0.031054509762638793,-0.05445436553794302,-2.07845935683979,0.49618738375150545,-0.2556013270641626
2009-06-27,0.14059592370971147,-1.8847316410752932,-2.2661364667409405,32.27000045776367,0.35017235991045764,0.324903653977166,-0.2644576013787987,-1.3059683004189828,-1.0495710679923882,-0.07612943410050688,-0.10390646891509582,-0.6825822905237362,-0.004801771525306656,0.0050616332191265765,0.01168542483604493
2009-07-03,0.09703690680864785,-0.10930871492120743,-0.0476091507053841,32.27000045776367,0.35017235991045764,0.32058293005338534,-0.021157344592000582,0.0008989132247867916,-0.02541462844759741,-0.07612943410050688,-0.031054509762638793,-0.05445436553794302,-0.08749497700028681,-0.5430667726609072,-1.1012072095782726
2009-07-04,0.04409143156729801,3.218857471562092,0.02844004703586083,32.34000015258789,1.7967864369874527,0.351340023260595,-1.7167755066616812,-2.657304955016141,-0.3069757834251376,-0.07612943410050688,-1.7239498545220784,-1.2289766466819645,-0.004801771525306656,0.0050616332191265765,0.01168542483604493
2009-07-10,-0.005072224013955409,-0.10930871492120743,-0.0476091507053841,32.34000015258789,1.7967864369874527,0.2675813548314497,-0.021157344592000582,0.0008989132247867916,-0.02541462844759741,-0.07612943410050688,-0.031054509762638793,-0.05445436553794302,-1.5804489459317212,-0.5456132915932381,-1.0359273251109216
2009-07-11,0.04300930283547789,0.6715473297089994,4.88490986371979,36.88999938964844,2.4379350371636734,0.22854026160262902,2.3763859025751626,4.383698727962121,2.856654487019188,-0.07612943410050688,4.1354816818887095,1.5649271812571077,-0.004801771525306656,0.0050616332191265765,0.01168542483604493
2009-07-17,0.08453198073736118,-0.10930871492120743,-0.0476091507053841,36.88999938964844,2.4379350371636734,0.3787167676504261,-0.021157344592000582,0.0008989132247867916,-0.02541462844759741,-0.07612943410050688,-0.031054509762638793,-0.05445436553794302,3.0638135641726647,1.6562858152932274,1.0270566491339108
2009-07-18,0.035951403821429716,-1.4454322644513937,0.9312619879897267,37.91999816894531,1.1120317227129854,0.35293443594043983,-0.8525232708856929,-2.5340784971994768,-1.919252324597337,-0.07612943410050688,2.7817794539339036,0.9290830461891175,-0.004801771525306656,0.0050616332191265765,0.01168542483604493
2009-07-24,-0.009159131886220792,-0.10930871492120743,-0.0476091507053841,37.91999816894531,1.1120317227129854,0.36559595313227133,-0.021157344592000582,0.0008989132247867916,-0.02541462844759741,-0.07612943410050688,-0.031054509762638793,-0.05445436553794302,0.23313835104029737,0.7857522381370037,0.7196043779186226
2009-07-25,-0.059032173261537264,-0.9978789549737349,0.627313512303692,38.650001525878906,0.5449733828253409,0.3641222543643261,4.93874615673226,4.25563878689884,1.2798938442962278,-0.07612943410050688,0.42569184490182377,0.001360746198501901,-0.004801771525306656,0.0050616332191265765,0.01168542483604493
2009-07-31,-0.10534285453861683,-0.10930871492120743,-0.0476091507053841,38.650001525878906,0.5449733828253409,0.2882248446669126,-0.021157344592000582,0.0008989132247867916,-0.02541462844759741,-0.07612943410050688,-0.031054509762638793,-0.05445436553794302,-1.4208670414968203,0.5554748839498046,1.9498267712158293
2009-08-01,-0.0632912943489926,2.186714751114543,3.317675068032749,42.36000061035156,1.6624345860472987,0.28264337441193654,3.0868417557462418,5.098645212695015,5.4146401701513085,-0.07612943410050688,1.7262816299544683,0.16858782331802394,-0.004801771525306656,0.0050616332191265765,0.01168542483604493
2009-08-07,-0.0360468958563527,-0.10930871492120743,-0.0476091507053841,42.36000061035156,1.6624345860472987,0.4380680279329747,-0.021157344592000582,0.0008989132247867916,-0.02541462844759741,-0.07612943410050688,-0.031054509762638793,-0.05445436553794302,3.0548468310488754,-0.81674208545534,-0.2866932742445638
2009-08-08,-0.07532035800866768,-0.8489411918992459,0.026878581096496275,42.45000076293945,1.0816784472132261,0.45584077319463495,1.64478395388642,1.3036937879767356,-1.1336698056612162,-0.07612943410050688,-0.27556677454929607,-0.6902066183055368,-0.004801771525306656,0.0050616332191265765,0.01168542483604493
2009-08-14,-0.11178857286438874,-0.10930871492120743,-0.0476091507053841,42.45000076293945,1.0816784472132261,0.31146471670825826,-0.021157344592000582,0.0008989132247867916,-0.02541462844759741,-0.07612943410050688,-0.031054509762638793,-0.05445436553794302,-2.5489464582207706,0.30598573371798393,-0.9402073751939671
2009-08-15,-0.11718472496077068,-0.9084302278950253,0.9517113599134385,43.65999984741211,0.5781829111468118,0.301659592115244,0.09235889664369482,4.313559449711858,0.20893411174961957,-0.07612943410050688,1.8779509170494704,0.3323949356701493,-0.004801771525306656,0.0050616332191265765,0.01168542483604493
2009-08-21,-0.12219543762169675,-0.10930871492120743,-0.0476091507053841,43.65999984741211,0.5781829111468118,0.3058783266485085,-0.021157344592000582,0.0008989132247867916,-0.02541462844759741,-0.07612943410050688,-0.031054509762638793,-0.05445436553794302,0.07719261812875575,0.7471289308484876,-0.16659198723459617
2009-08-22,-0.17440926025693182,-0.2576313121908674,-0.6418280175416385,42.91999816894531,0.5046793877876286,0.29991480967543405,0.8187297957446765,2.9777750883127,-0.7342503307186634,-0.07612943410050688,0.7549033896972254,0.18110339315088997,-0.004801771525306656,0.0050616332191265765,0.01168542483604493
2009-08-28,-0.2228935241325072,-0.10930871492120743,-0.0476091507053841,42.91999816894531,0.5046793877876286,0.2578949788645056,-0.021157344592000582,0.0008989132247867916,-0.02541462844759741,-0.07612943410050688,-0.031054509762638793,-0.05445436553794302,-0.822442454873404,0.4442175198339417,-1.1695462933781473
2009-08-29,-0.22139518129296779,0.19216395825558658,-0.5213755708717905,42.34000015258789,0.6481594693951074,0.20251019740033593,-1.4170803184887928,-1.9171719494168595,-0.4674860419122178,-0.07612943410050688,-0.7970094661555646,2.285604611032046,-0.004801771525306656,0.0050616332191265765,0.01168542483604493
2009-09-04,-0.22000386294196703,-0.10930871492120743,-0.0476091507053841,42.34000015258789,0.6481594693951074,0.19846828594197202,-0.021157344592000582,0.0008989132247867916,-0.02541462844759741,-0.07612943410050688,-0.031054509762638793,-0.05445436553794302,-0.08892896322239144,-0.6553682850724493,0.3378633996490126
2009-09-05,-0.27182751297581403,-1.5302216324706905,0.08487568609901959,42.5,-0.08255594081879479,0.18459168708380538,-0.21917487465907887,-1.305430183752505,0.5725578145222484,-0.07612943410050688,2.1340351738490866,0.539454501887916,-0.004801771525306656,0.0050616332191265765,0.01168542483604493
2009-09-11,-0.31994947372152904,-0.10930871492120743,-0.0476091507053841,42.5,-0.08255594081879479,0.14057310332423523,-0.021157344592000582,0.0008989132247867916,-0.02541462844759741,-0.07612943410050688,-0.031054509762638793,-0.05445436553794302,-0.9328831964502773,2.561963380823663,2.2053385150149203
2009-09-12,-0.30249230325275994,2.7388711048732985,1.9734301157369942,44.95000076293945,0.8262003192042023,0.13487828566844026,1.0756325308383137,-2.0033421439632604,1.1704195824847263,-0.07612943410050688,2.08598584105148,0.19838437425698993,-0.004801771525306656,0.0050616332191265765,0.01168542483604493
2009-09-18,-0.28628207353176,-0.10930871492120743,-0.0476091507053841,44.95000076293945,0.8262003192042023,0.19464787187482024,-0.021157344592000582,0.0008989132247867916,-0.02541462844759741,-0.07612943410050688,-0.031054509762638793,-0.05445436553794302,1.3024441114324319,0.9639686557801527,-2.9006434866889395
2009-09-19,-0.2771315229911119,-0.4959379706399413,-1.0615458810548626,43.650001525878906,0.6089855093508648,0.22133151297416606,-1.6687348004043332,0.7445252450647668,-0.35126546795046293,-0.07612943410050688,-1.1836194703873444,-1.1668918260548804,-0.004801771525306656,0.0050616332191265765,0.01168542483604493
2009-09-25,-0.2686345832033673,-0.10930871492120743,-0.0476091507053841,43.650001525878906,0.6089855093508648,0.1604150654024848,-0.021157344592000582,0.0008989132247867916,-0.02541462844759741,-0.07612943410050688,-0.031054509762638793,-0.05445436553794302,-1.2558623013473245,-0.17228293362515593,-2.0716537155384174
2009-09-26,-0.2083231846162011,0.13642774871027072,-1.485303122511321,41.86000061035156,0.7327859108637347,0.142838031103057,-0.46285699412057385,0.8446944565185394,-2.1220812828103326,-0.07612943410050688,-1.2404085091120063,0.7212918688012491,-0.004801771525306656,0.0050616332191265765,0.01168542483604493
2009-10-02,-0.15231974307097537,-0.10930871492120743,-0.0476091507053841,41.86000061035156,0.7327859108637347,0.10275332456722866,-0.021157344592000582,0.0008989132247867916,-0.02541462844759741,-0.07612943410050688,-0.031054509762638793,-0.05445436553794302,-0.8762990268304592,-0.7376723731733908,-0.6200514594741342
2009-10-03,-0.10344113395440552,-0.2992047807378548,3.2941172882173886,45.84999847412109,0.630837642908952,0.04747173533771817,1.9808575224520102,0.6433446650963379,3.424697027439999,-0.07612943410050688,2.2511436501522306,2.572466182797119,-0.004801771525306656,0.0050616332191265765,0.01168542483604493
2009-10-09,-0.07506466822012471,-0.10930871492120743,-0.0476091507053841,45.84999847412109,0.630837642908952,0.10887731077136417,-0.021157344592000582,0.0008989132247867916,-0.02541462844759741,-0.07612943410050688,-0.031054509762638793,-0.05445436553794302,1.4326307384594927,1.0205744809348662,0.1401685998970214
2009-10-10,-0.0886385268436419,0.7233603890126314,0.1129678813911383,46.060001373291016,1.0551913100307506,0.1052759104350305,-0.40791079884150655,-0.22716645551151102,0.8327000909198344,-0.07612943410050688,0.3293373356644193,0.10907818480231768,-0.004801771525306656,0.0050616332191265765,0.01168542483604493
2009-10-16,-0.10124282413690783,-0.10930871492120743,-0.0476091507053841,46.060001373291016,1.0551913100307506,0.11675767876704811,-0.021157344592000582,0.0008989132247867916,-0.02541462844759741,-0.07612943410050688,-0.031054509762638793,-0.05445436553794302,0.2520335960675647,1.4066474142491219,3.248647055794375
2009-10-17,-0.14766304552688708,-1.1561245783504002,-0.6793697918777792,45.22999954223633,0.40303975654477564,0.11066398651286898,-1.7203958737781315,-0.7467788991453994,-0.7469854423608682,-0.07612943410050688,0.632596822784934,0.221107288518395,-0.004801771525306656,0.0050616332191265765,0.01168542483604493
2009-10-23,-0.1907675368175821,-0.10930871492120743,-0.0476091507053841,45.22999954223633,0.40303975654477564,0.1411399084652066,-0.021157344592000582,0.0008989132247867916,-0.02541462844759741,-0.07612943410050688,-0.031054509762638793,-0.05445436553794302,0.6741022127823799,1.1195953387704307,0.018617316965237905
2009-10-24,-0.17663597435879239,1.507769969693445,-2.7295355942567405,41.77000045776367,1.1287526346116026,0.16158851647352074,-2.872531949376131,-2.189127451518333,-1.9251779532388014,-0.07612943410050688,-2.5136848685145408,-0.9444700718306819,-0.004801771525306656,0.0050616332191265765,0.01168542483604493
2009-10-30,-0.16420814708255305,-0.10930871492120743,-0.0476091507053841,41.77000045776367,1.1287526346116026,0.12291103260836021,-0.021157344592000582,0.0008989132247867916,-0.02541462844759741,-0.07612943410050688,-0.031054509762638793,-0.05445436553794302,-0.8340897580549947,-2.155920516384602,0.8989133526664124
2009-10-31,-0.18981423667796765,-0.8564222483367835,1.3876451593591048,43.47999954223633,0.6486306038811629,0.05618907507229575,0.8879224504571573,-0.19273667069442735,-0.4751968447355305,-0.07612943410050688,1.247255820614545,3.0940274090508324,-0.004801771525306656,0.0050616332191265765,0.01168542483604493
2009-11-06,-0.21359131987370988,-0.10930871492120743,-0.0476091507053841,43.47999954223633,0.6486306038811629,0.1039261517569199,-0.021157344592000582,0.0008989132247867916,-0.02541462844759741,-0.07612943410050688,-0.031054509762638793,-0.05445436553794302,1.1048876954937494,0.6477219359524647,0.7475916500559874
2009-11-07,-0.22803245591073013,-0.16809512730715934,-0.5152736884268603,42.900001525878906,0.6183918402356531,0.07946753308915219,1.721482190790531,-0.06412156763869742,0.6135680036002414,-0.07612943410050688,1.9335513523572057,1.0786365994305036,-0.004801771525306656,0.0050616332191265765,0.01168542483604493
2009-11-13,-0.24144208223082037,-0.10930871492120743,-0.0476091507053841,42.900001525878906,0.6183918402356531,0.039834635622738625,-0.021157344592000582,0.0008989132247867916,-0.02541462844759741,-0.07612943410050688,-0.031054509762638793,-0.05445436553794302,-0.9092879059860807,0.41254822835590793,0.49684682470110514
2009-11-14,-0.2945117823431534,-0.7940776295606152,-0.40718891257871065,42.459999084472656,0.27168920677504915,0.007171009165184038,0.17296688927990048,0.9786291743691221,0.1869977739337015,-0.07612943410050688,-0.5895573007329531,1.549675338633284,-0.004801771525306656,0.0050616332191265765,0.01168542483604493
2009-11-20,-0.34379078959031995,-0.10930871492120743,-0.0476091507053841,42.459999084472656,0.27168920677504915,-0.017383320964587407,-0.021157344592000582,0.0008989132247867916,-0.02541462844759741,-0.07612943410050688,-0.031054509762638793,-0.05445436553794302,-0.598842757794539,-0.12233931756455989,-0.8592435448436283
2009-11-21,-0.3399058361346894,-0.846358135779159,-0.9806375637465481,41.33000183105469,-0.03322314341898095,-0.045287607426743946,-1.107825608041751,-0.8790592808823944,-0.8359610269847356,-0.07612943410050688,-0.10240074218815284,1.3784153911914765,-0.004801771525306656,0.0050616332191265765,0.01168542483604493
2009-11-27,-0.336298379354461,-0.10930871492120743,-0.0476091507053841,41.33000183105469,-0.03322314341898095,-0.09665830205919347,-0.021157344592000582,0.0008989132247867916,-0.02541462844759741,-0.07612943410050688,-0.031054509762638793,-0.05445436553794302,-1.3042664289892423,0.7463764510698506,-0.22830339910522016
2009-11-28,-0.36835903453742613,3.5252176783203977,0.3001797616778489,41.7400016784668,1.1743250808356773,-0.0915793408451238,1.4554204909151425,0.0008989132247867916,-0.23065110376729614,-0.07612943410050688,0.9300792718468431,-0.3261878131407185,-0.004801771525306656,0.0050616332191265765,0.01168542483604493
2009-12-04,-0.398129642921608,-0.10930871492120743,-0.0476091507053841,41.7400016784668,1.1743250808356773,0.0013151118383941498,-0.021157344592000582,0.0008989132247867916,-0.02541462844759741,-0.07612943410050688,-0.031054509762638793,-0.05445436553794302,2.4435353774908557,-0.612821909363235,0.15598427063179063
2009-12-05,-0.44347893130209026,-0.516566550194427,-0.7027596052595199,40.959999084472656,0.9076487840701313,0.05415320199856854,-1.1471115892813113,-0.7143362977629825,-1.8045244246356482,-0.07612943410050688,-0.7819651954609418,-2.5518433605256545,-0.004801771525306656,0.0050616332191265765,0.01168542483604493
2009-12-11,-0.4855889847982523,-0.10930871492120743,-0.0476091507053841,40.959999084472656,0.9076487840701313,0.07929978413749171,-0.021157344592000582,0.0008989132247867916,-0.02541462844759741,-0.07612943410050688,-0.031054509762638793,-0.05445436553794302,0.5807041431021241,-2.256457165722652,-1.9029900659958185
2009-12-12,-0.5062916874425956,0.10054570991005576,-0.05616699977157641,40.95000076293945,1.0301143045391772,0.08917327222203499,-1.1037223090132706,-3.6748718153811373,1.6430127599455606,-0.07612943410050688,-0.840621394889451,-0.5084076445290426,-0.004801771525306656,0.0050616332191265765,0.01168542483604493
2009-12-18,-0.5255156256123429,-0.10930871492120743,-0.0476091507053841,40.95000076293945,1.0301143045391772,0.08917327222203499,-0.021157344592000582,0.0008989132247867916,-0.02541462844759741,-0.07612943410050688,-0.031054509762638793,-0.05445436553794302,-0.004801771525306656,-2.59269270328674,-1.0563408597018822
2009-12-19,-0.5641960315377268,-2.083656694341816,0.7571589745797518,41.88999938964844,-0.26049754702087335,0.09697210934072081,0.39162931892546654,-0.38731751399428677,0.3327985024231017,-0.07612943410050688,2.5695896488425576,-0.41085864589586696,-0.004801771525306656,0.0050616332191265765,0.01168542483604493
2009-12-25,-0.6174716006329966,-0.10930871492120743,-0.0476091507053841,41.88999938964844,-0.26049754702087335,0.19531016135882526,-0.021157344592000582,0.0008989132247867916,-0.02541462844759741,-0.07612943410050688,-0.031054509762638793,-0.05445436553794302,2.209046749134378,0.7188517546632097,-0.9889844723426219
2009-12-26,-0.6631229798990909,-1.2712171265623355,-0.23173391267485835,41.66999816894531,-0.5759940643148304,0.20661642171629216,-0.37251079314853236,-0.3143108510022094,-0.13964557853442822,-0.07612943410050688,0.09670586381931902,-0.5307559747861806,-0.004801771525306656,0.0050616332191265765,0.01168542483604493
2010-01-01,-0.7055135463604644,-0.10930871492120743,-0.0476091507053841,41.66999816894531,-0.5759940643148304,0.21763166456113447,-0.021157344592000582,0.0008989132247867916,-0.02541462844759741,-0.07612943410050688,-0.031054509762638793,-0.05445436553794302,0.22379515251023516,-0.28369545493348025,1.6184876710279115
2010-01-02,-0.6563501902359289,5.5125304914868,2.4848402941487526,44.68000030517578,0.7119349380885155,0.16422647709572463,3.199651519355116,2.234025551064176,2.118611434117688,-0.07612943410050688,1.4420225171881655,2.265472482613124,-0.004801771525306656,0.0050616332191265765,0.01168542483604493
2010-01-08,-0.610698502406003,-0.10930871492120743,-0.0476091507053841,44.68000030517578,0.7119349380885155,0.15716041141110465,-0.021157344592000582,0.0008989132247867916,-0.02541462844759741,-0.07612943410050688,-0.031054509762638793,-0.05445436553794302,-0.15601220439383756,0.2118203891244002,-1.2081166360480526
2010-01-09,-0.6075368779366194,0.7921263027016168,-0.832274174451159,43.68000030517578,1.1908616831784071,0.1668591062058624,-0.8950803542024545,-1.2491801179640327,-0.8617679553063424,-0.07612943410050688,-0.967034511458272,-0.47495281465281003,-0.004801771525306656,0.0050616332191265765,0.01168542483604493
2010-01-15,-0.6046010837864773,-0.10930871492120743,-0.0476091507053841,43.68000030517578,1.1908616831784071,0.12060048073799495,-0.021157344592000582,0.0008989132247867916,-0.02541462844759741,-0.07612943410050688,-0.031054509762638793,-0.05445436553794302,-0.9928020541715152,0.16192466394436825,1.762082459107272
2010-01-16,-0.5112659506447672,1.5377810572338493,-3.6754924465713574,39.15999984741211,2.2766674475294244,0.17003918158058834,-2.3798968358974544,-1.311318575839696,-0.9290801826097995,-0.07612943410050688,-1.8673886139389972,-2.1929381075050927,-0.004801771525306656,0.0050616332191265765,0.01168542483604493
2010-01-22,-0.4245976127274649,-0.10930871492120743,-0.0476091507053841,39.15999984741211,2.2766674475294244,0.14050339025574066,-0.021157344592000582,0.0008989132247867916,-0.02541462844759741,-0.07612943410050688,-0.031054509762638793,-0.05445436553794302,-0.6341641137348676,-1.8253366992763345,-0.8257759272241376
2010-01-23,-0.44687949049203185,-0.468793135141847,-0.24456998310003586,38.93999862670898,1.9354188500983653,0.14815454537823627,0.5087918805175233,0.5694872848017316,1.3027477512270476,-0.07612943410050688,-1.4503651624536533,-0.39079543992462595,-0.004801771525306656,0.0050616332191265765,0.01168542483604493
2010-01-29,-0.4675698055591297,-0.10930871492120743,-0.0476091507053841,38.93999862670898,1.9354188500983653,0.15186765508147343,-0.021157344592000582,0.0008989132247867916,-0.02541462844759741,-0.07612943410050688,-0.031054509762638793,-0.05445436553794302,0.07560709125699039,-2.373255967617972,-0.7687329641619735
2010-01-30,-0.4138784868600058,-0.6351136042236928,-0.623819547042329,38.29999923706055,1.4842170608059329,0.19132224495600814,-0.3555547380151795,-0.7942431483490628,-1.1247640381969213,-0.07612943410050688,-1.6476553066032966,-1.734891227031266,-0.004801771525306656,0.0050616332191265765,0.01168542483604493
2010-02-05,-0.3640222623536766,-0.10930871492120743,-0.0476091507053841,38.29999923706055,1.4842170608059329,0.17603504482212784,-0.021157344592000582,0.0008989132247867916,-0.02541462844759741,-0.07612943410050688,-0.031054509762638793,-0.05445436553794302,-0.32555117457976607,-2.233945779280508,-2.749337135082508
2010-02-06,-0.3833406019336521,-0.6782375134579781,0.5473855157372758,38.95000076293945,1.0645812820792175,0.12906244757416593,-1.0551870218529982,-0.3270367032786091,-0.6348367071578453,-0.07612943410050688,1.0288250915315764,2.0401903680022175,-0.004801771525306656,0.0050616332191265765,0.01168542483604493
2010-02-12,-0.401279060115058,-0.10930871492120743,-0.0476091507053841,38.95000076293945,1.0645812820792175,0.16597201901616543,-0.021157344592000582,0.0008989132247867916,-0.02541462844759741,-0.07612943410050688,-0.031054509762638793,-0.05445436553794302,0.8060062598728052,0.15313785404156105,0.3745013423472311
2010-02-13,-0.4259208866445763,-1.1822787035217315,0.9244953395283626,40.02999877929688,0.3934447537477476,0.12734676802394113,2.769649061401583,1.9932562315721647,0.5386897317458633,-0.07612943410050688,2.7261554640214856,1.6701909907424042,-0.004801771525306656,0.0050616332191265765,0.01168542483604493
2010-02-19,-0.4488025827077004,-0.10930871492120743,-0.0476091507053841,40.02999877929688,0.3934447537477476,0.15962330302924727,-0.021157344592000582,0.0008989132247867916,-0.02541462844759741,-0.07612943410050688,-0.031054509762638793,-0.05445436553794302,0.7051496510891376,-0.7517946885370776,-1.6664084691212737
2010-02-20,-0.4471372521206439,2.3842634468876156,1.6514721547592093,41.970001220703125,1.5061193614620723,0.1632599329434911,1.3640199853266928,-0.1534801345243446,-0.05933397864913648,-0.07612943410050688,-0.07644859989209986,-0.21254227804251605,-0.004801771525306656,0.0050616332191265765,0.01168542483604493
2010-02-26,-0.4455908737183771,-0.10930871492120743,-0.0476091507053841,41.970001220703125,1.5061193614620723,0.10212959246113443,-0.021157344592000582,0.0008989132247867916,-0.02541462844759741,-0.07612943410050688,-0.031054509762638793,-0.05445436553794302,-1.3138920931186069,1.0732209233222916,-1.4420046956410253
2010-02-27,-0.4816484009873593,-1.5600018452940432,0.6540688248335114,42.810001373291016,0.42761618164491505,0.08325490827653098,0.04655320840546637,0.7773317676629339,2.0232509654932347,-0.07612943410050688,2.9803693175229142,0.8173616672696125,-0.004801771525306656,0.0050616332191265765,0.01168542483604493
2010-03-05,-0.5151303905942713,-0.10930871492120743,-0.0476091507053841,42.810001373291016,0.42761618164491505,0.11160385177725446,-0.021157344592000582,0.0008989132247867916,-0.02541462844759741,-0.07612943410050688,-0.031054509762638793,-0.05445436553794302,0.640251044589756,-0.44615317632992324,-0.9105350688122146
2010-03-06,-0.5476093528116996,0.17139971069993484,0.23083066142537775,43.150001525878906,0.5554354039474017,0.1511344718218691,0.23214259486949163,3.545870064077333,0.48414311948194383,-0.07612943410050688,0.27298317438379766,-1.7883572761913304,-0.004801771525306656,0.0050616332191265765,0.01168542483604493
2010-03-12,-0.5777683891564546,-0.10930871492120743,-0.0476091507053841,43.150001525878906,0.5554354039474017,0.15843596580027278,-0.021157344592000582,0.0008989132247867916,-0.02541462844759741,-0.07612943410050688,-0.031054509762638793,-0.05445436553794302,0.15296521127790388,1.268064693175063,0.5590595466214558
2010-03-13,-0.6050788707553758,-0.42973311280968945,0.1961364560253915,43.45000076293945,0.39859124365445087,0.15121982621605998,-0.0713676314051054,-0.4645701477607556,0.7578720923587083,-0.07612943410050688,0.2540506695791273,0.2620418769786335,-0.004801771525306656,0.0050616332191265765,0.01168542483604493
2010-03-19,-0.6304386036686598,-0.10930871492120743,-0.0476091507053841,43.45000076293945,0.39859124365445087,0.14758852973786685,-0.021157344592000582,0.0008989132247867916,-0.02541462844759741,-0.07612943410050688,-0.031054509762638793,-0.05445436553794302,-0.08326001499482552,-1.9168708242476162,-1.286743592698385
2010-03-20,-0.6019129115973053,0.47418895884199497,1.2191884771442343,45.02000045776367,0.6597600655251354,0.15148234754897413,1.7895954478648848,2.7761476216204874,0.8302089563336177,-0.07612943410050688,0.5843948599457262,-0.22520197842388157,-0.004801771525306656,0.0050616332191265765,0.01168542483604493
2010-03-26,-0.5754247689596192,-0.10930871492120743,-0.0476091507053841,45.02000045776367,0.6597600655251354,0.20975147251081572,-0.021157344592000582,0.0008989132247867916,-0.02541462844759741,-0.07612943410050688,-0.031054509762638793,-0.05445436553794302,1.2539229128938152,-1.1513350456626308,-0.8035760059426748
2010-03-27,-0.6160948065555995,-1.2418586452394635,0.07698898242383592,45.18000030517578,0.07382799087898138,0.18363818824520148,0.19940961655347675,-0.7953496538406928,0.12326584229265447,-0.07612943410050688,0.45189668189881105,1.0639486282984012,-0.004801771525306656,0.0050616332191265765,0.01168542483604493
2010-04-02,-0.6538598414661525,-0.10930871492120743,-0.0476091507053841,45.18000030517578,0.07382799087898138,0.2193798813912848,-0.021157344592000582,0.0008989132247867916,-0.02541462844759741,-0.07612943410050688,-0.031054509762638793,-0.05445436553794302,0.7492917084537682,0.7924350250013945,2.224277868605935
2010-04-03,-0.678512570784928,0.08150528609931548,0.5731752641490176,45.97999954223633,0.14268124236654295,0.17549618591248395,0.8386218947309044,2.3376279804909292,0.8919855278206676,-0.07612943410050688,0.26758912938407237,1.8361934473538486,-0.004801771525306656,0.0050616332191265765,0.01168542483604493
2010-04-09,-0.7014043908666482,-0.10930871492120743,-0.0476091507053841,45.97999954223633,0.14268124236654295,0.15471607450178537,-0.021157344592000582,0.0008989132247867916,-0.02541462844759741,-0.07612943410050688,-0.031054509762638793,-0.05445436553794302,-0.4458322007251879,-0.16192009230339993,1.309345483947244
2010-04-10,-0.6660738031195709,4.5381928387089685,-0.37547581565479327,45.54999923706055,1.905162637027446,0.1841954718668027,-0.29421557442247476,0.058917186276301825,0.2236806776692576,-0.07612943410050688,-0.33859782574467734,-1.3165144558818225,-0.004801771525306656,0.0050616332191265765,0.01168542483604493
2010-04-16,-0.6332668287829991,-0.10930871492120743,-0.0476091507053841,45.54999923706055,1.905162637027446,0.14526713076509865,-0.021157344592000582,0.0008989132247867916,-0.02541462844759741,-0.07612943410050688,-0.031054509762638793,-0.05445436553794302,-0.8257968781897022,0.17227892844648657,0.18864687636761246
2010-04-17,-0.6271045052728423,-0.6014050509117859,-0.5171132163843001,44.93999862670898,1.4868639205227308,0.12572585798208205,0.009479749703377185,1.7376566720575377,0.8489522303810536,-0.07612943410050688,-0.2633661820173472,0.819147623433755,-0.004801771525306656,0.0050616332191265765,0.01168542483604493
2010-04-23,-0.6213823477276966,-0.10930871492120743,-0.0476091507053841,44.93999862670898,1.4868639205227308,0.1431627580503629,-0.021157344592000582,0.0008989132247867916,-0.02541462844759741,-0.07612943410050688,-0.031054509762638793,-0.05445436553794302,0.3792088924218156,-1.1110793742208809,-0.22389534567312916
2010-04-24,-0.6039183341788634,-0.1835054815298716,-1.888702547428353,42.58000183105469,1.4320847212169883,0.11252369633558343,-0.9392523113643201,-2.6606989713184923,-0.3673989268706378,-0.07612943410050688,-1.98803867356119,1.3290994371442186,-0.004801771525306656,0.0050616332191265765,0.01168542483604493
2010-04-30,-0.5922147476385472,-0.10930871492120743,-0.0476091507053841,42.58000183105469,1.4320847212169883,0.061409834478974,-0.021157344592000582,0.0008989132247867916,-0.02541462844759741,-0.07612943410050688,-0.031054509762638793,-0.05445436553794302,-1.1418333468062516,-0.5095175775557298,-0.39406241068878495
2010-05-01,-0.5167752993842014,0.2836065146656965,-1.5461342156799296,40.7599983215332,1.7164231082641745,0.030338495100232718,-2.6308774108551742,-2.234233158255111,-2.165679911606374,-0.07612943410050688,-4.53703200133469,1.4426497101899651,-0.004801771525306656,0.0050616332191265765,0.01168542483604493
2010-05-07,-0.4467243831480231,-0.10930871492120743,-0.0476091507053841,40.7599983215332,1.7164231082641745,-0.049422783748147674,-0.021157344592000582,0.0008989132247867916,-0.02541462844759741,-0.07612943410050688,-0.031054509762638793,-0.05445436553794302,-1.8980055651638206,-3.868498218739382,-4.201042055018278
2010-05-08,-0.3938276853284841,-0.291906165675163,-0.7959199690201002,39.88999938964844,1.5704150411504998,-0.06567691236759851,0.25771308481506905,-0.131095175545268,1.1995365359549324,-0.07612943410050688,1.7640372705410707,0.7952419566430293,-0.004801771525306656,0.0050616332191265765,0.01168542483604493
2010-05-14,-0.34470932306748353,-0.10930871492120743,-0.0476091507053841,39.88999938964844,1.5704150411504998,-0.0689531855699928,-0.021157344592000582,0.0008989132247867916,-0.02541462844759741,-0.07612943410050688,-0.031054509762638793,-0.05445436553794302,-0.0891728101548509,-3.079102215751959,-1.3878146368241937
2010-05-15,-0.3161103618447809,1.151094253205779,0.09301276196302806,40.04999923706055,2.5290962884481445,-0.01939296730291707,-0.6252142923034162,-1.5246546104019851,-1.8894579335443107,-0.07612943410050688,-2.5290893341981295,-2.543336222649008,-0.004801771525306656,0.0050616332191265765,0.01168542483604493
2010-05-21,-0.28955418356655716,-0.10930871492120743,-0.0476091507053841,40.04999923706055,2.5290962884481445,-0.10148121380691912,-0.021157344592000582,0.0008989132247867916,-0.02541462844759741,-0.07612943410050688,-0.031054509762638793,-0.05445436553794302,-2.0355930501666193,1.7748898836868925,-0.6968132839916673
2010-05-22,-0.28086411631322494,-1.1414808380891572,-0.45903389768869945,39.58000183105469,1.4796845725558252,-0.13443750394700182,-0.46207041531963494,1.4792259939084726,-1.4847958144289253,-0.07612943410050688,1.5983840428834342,1.77995228159304,-0.004801771525306656,0.0050616332191265765,0.01168542483604493
2010-05-28,-0.2727947681494165,-0.10930871492120743,-0.0476091507053841,39.58000183105469,1.4796845725558252,-0.09794659677289959,-0.021157344592000582,0.0008989132247867916,-0.02541462844759741,-0.07612943410050688,-0.031054509762638793,-0.05445436553794302,0.9957860147219262,-1.9366732275831358,0.21538702473343196
2010-05-29,-0.28890889208130976,-1.4642007784763074,-1.7837236560975567,37.619998931884766,0.4819711417953897,-0.10155799165698168,-0.7199054253770373,-1.132377353272087,-1.0069408422919361,-0.07612943410050688,-0.8216313185459223,0.14052335117636006,-0.004801771525306656,0.0050616332191265765,0.01168542483604493
2010-06-04,-0.3038720071609248,-0.10930871492120743,-0.0476091507053841,37.619998931884766,0.4819711417953897,-0.13792888268689993,-0.021157344592000582,0.0008989132247867916,-0.02541462844759741,-0.07612943410050688,-0.031054509762638793,-0.05445436553794302,-0.9721373956918129,-3.550187352646875,0.019506045613854894
2010-06-05,-0.33998461023074505,1.1045182914579774,0.39039443806293406,38.09000015258789,1.0523056113036608,-0.14886343248027184,0.4381390544184358,0.6277797566916724,0.04142072857473981,-0.07612943410050688,0.4524033233050672,0.5625674155615322,-0.004801771525306656,0.0050616332191265765,0.01168542483604493
2010-06-11,-0.37351774165272106,-0.10930871492120743,-0.0476091507053841,38.09000015258789,1.0523056113036608,-0.13577433579635503,-0.021157344592000582,0.0008989132247867916,-0.02541462844759741,-0.07612943410050688,-0.031054509762638793,-0.05445436553794302,0.35904833256459445,0.7855185516426212,0.41832964537226053
2010-06-12,-0.39701806532838707,-0.29022082307802877,0.9556498073394623,39.18000030517578,0.9397393679872204,-0.15964011677095244,0.3765449885074833,0.8853915085948295,0.23023718520347822,-0.07612943410050688,1.077734189446743,1.306263258525219,-0.004801771525306656,0.0050616332191265765,0.01168542483604493
2010-06-18,-0.41883979445579134,-0.10930871492120743,-0.0476091507053841,39.18000030517578,0.9397393679872204,-0.15964011677095244,-0.021157344592000582,0.0008989132247867916,-0.02541462844759741,-0.07612943410050688,-0.031054509762638793,-0.05445436553794302,-0.004801771525306656,2.7825872325122307,1.8973793119133138
2010-06-19,-0.4279936876832918,1.0376199693751014,0.18504112479288623,39.43999862670898,1.6188884543488977,-0.15848484506524715,-0.7341983875679932,-0.4599245799497163,-1.149887800718976,-0.07612943410050688,-2.5886749485249787,-0.12024932691155353,-0.004801771525306656,0.0050616332191265765,0.01168542483604493
2010-06-25,-0.4364937313945422,-0.10930871492120743,-0.0476091507053841,39.43999862670898,1.6188884543488977,-0.1969110051440757,-0.021157344592000582,0.0008989132247867916,-0.02541462844759741,-0.07612943410050688,-0.031054509762638793,-0.05445436553794302,-1.0828761540139078,-0.26345442409402536,1.529276172777106
2010-06-26,-0.3707885371437804,-0.6747318143477411,-3.2565919347512255,35.83000183105469,1.1814978852680544,-0.15686172300308046,-2.9107332846766574,-1.0041283467446471,-2.507882472245622,-0.07612943410050688,-2.7456232045004927,-2.3317758127564074,-0.004801771525306656,0.0050616332191265765,0.01168542483604493
2010-07-02,-0.3097765710537872,-0.10930871492120743,-0.0476091507053841,35.83000183105469,1.1814978852680544,-0.19682824008733185,-0.021157344592000582,0.0008989132247867916,-0.02541462844759741,-0.07612943410050688,-0.031054509762638793,-0.05445436553794302,-1.1243405533403934,2.3599117466166653,1.4789706196679364
2010-07-03,-0.30241953143903516,-1.3207754039296642,2.9073881719386736,38.84999847412109,0.3858967866690672,-0.19864546040540995,2.5666317531066105,1.7422390179785732,2.6113830716129933,-0.07612943410050688,3.974345964050916,0.053207304571324256,-0.004801771525306656,0.0050616332191265765,0.01168542483604493
2010-07-09,-0.2966294352343029,-0.10930871492120743,-0.0476091507053841,38.84999847412109,0.3858967866690672,-0.17537406058035182,-0.021157344592000582,0.0008989132247867916,-0.02541462844759741,-0.07612943410050688,-0.031054509762638793,-0.05445436553794302,0.6743850894425074,0.5893743384981103,-0.6155140382524327
2010-07-10,-0.3186785345877519,2.3161767454360542,0.08775452309504374,39.0,1.46329956209634,-0.15681740688890675,-2.1301518845967626,-0.9139090758003419,-0.8964606442978917,-0.07612943410050688,0.30191476158123365,-1.1095959561943536,-0.004801771525306656,0.0050616332191265765,0.01168542483604493
2010-07-16,-0.33915269827309746,-0.10930871492120743,-0.0476091507053841,39.0,1.46329956209634,-0.19405164585747933,-0.021157344592000582,0.0008989132247867916,-0.02541462844759741,-0.07612943410050688,-0.031054509762638793,-0.05445436553794302,-1.047759724616884,2.6309485454674744,1.4682782466019113
2010-07-17,-0.36198321373186015,-1.1145822088068487,0.6985163877559433,39.83000183105469,0.7274376619757346,-0.193798525716376,-0.505290797452163,0.8131676466016925,1.3661693898549598,-0.07612943410050688,1.927388421682346,-0.06937800489572168,-0.004801771525306656,0.0050616332191265765,0.01168542483604493
2010-07-23,-0.38318297808642565,-0.10930871492120743,-0.0476091507053841,39.83000183105469,0.7274376619757346,-0.17348381001075627,-0.021157344592000582,0.0008989132247867916,-0.02541462844759741,-0.07612943410050688,-0.031054509762638793,-0.05445436553794302,0.5852254242961603,-0.4078093073600347,1.0198452350559168
2010-07-24,-0.41640773082927934,-0.7685548032289452,0.3484834267200192,40.27999877929688,0.37445432595681233,-0.16829209942719148,0.5945810396749865,0.526246005246849,0.32443759124573746,-0.07612943410050688,-0.7066393511168906,-0.35295397200102535,-0.004801771525306656,0.0050616332191265765,0.01168542483604493
2010-07-30,-0.44725928694764344,-0.10930871492120743,-0.0476091507053841,40.27999877929688,0.37445432595681233,-0.19551591579186495,-0.021157344592000582,0.0008989132247867916,-0.02541462844759741,-0.07612943410050688,-0.031054509762638793,-0.05445436553794302,-0.7758748397952991,1.8004227190626154,2.135136322353686
2010-07-31,-0.4762543956338603,-0.3090115858186108,0.0916512311344663,40.43999862670898,0.2863565394207902,-0.21355678814682832,-0.18184550859379583,-0.25665052827776214,-0.0030952953833365653,-0.07612943410050688,0.8990792048628389,1.030604333842685,-0.004801771525306656,0.0050616332191265765,0.01168542483604493
2010-08-06,-0.5031784251282045,-0.10930871492120743,-0.0476091507053841,40.43999862670898,0.2863565394207902,-0.24028969642021025,-0.021157344592000582,0.0008989132247867916,-0.02541462844759741,-0.07612943410050688,-0.031054509762638793,-0.05445436553794302,-0.7968564198842787,1.936887365232763,1.922984624449019
2010-08-07,-0.47228636969977195,0.7984621608077053,-2.5963956454008597,37.5,0.6654518499758845,-0.24933617489007032,-1.4958419890672234,-1.1694871049244542,-2.155325767410709,-0.07612943410050688,-0.7337153435687087,0.5102057017059703,-0.004801771525306656,0.0050616332191265765,0.01168542483604493
2010-08-13,-0.44360088965908445,-0.10930871492120743,-0.0476091507053841,37.5,0.6654518499758845,-0.3089158597203633,-0.021157344592000582,0.0008989132247867916,-0.02541462844759741,-0.07612943410050688,-0.031054509762638793,-0.05445436553794302,-1.8367743235863498,-3.868498218739382,-2.818356385574218
2010-08-14,-0.48500802641137447,-0.5844076021128223,-0.3841745229284707,37.13999938964844,0.4189340019146195,-0.31780679986436006,-0.7885253359240292,-0.8835936821452588,-1.510393357516234,-0.07612943410050688,-1.0291480882409103,0.5437660576278521,-0.004801771525306656,0.0050616332191265765,0.01168542483604493
2010-08-20,-0.5234575105385009,-0.10930871492120743,-0.0476091507053841,37.13999938964844,0.4189340019146195,-0.337467643909045,-0.021157344592000582,0.0008989132247867916,-0.02541462844759741,-0.07612943410050688,-0.031054509762638793,-0.05445436553794302,-0.6564735997460293,-0.737669843778636,-0.4611559333339976
2010-08-21,-0.5424967590675066,0.5855878706125179,-0.5573507365608085,36.59999847412109,0.7337401763158147,-0.34358014303930245,-0.5251333396495238,0.07129441786063027,-0.7801723284795314,-0.07612943410050688,0.04866116625065864,0.3692559171726805,-0.004801771525306656,0.0050616332191265765,0.01168542483604493
2010-08-27,-0.5601760612730119,-0.10930871492120743,-0.0476091507053841,36.59999847412109,0.7337401763158147,-0.3305662342735876,-0.021157344592000582,0.0008989132247867916,-0.02541462844759741,-0.07612943410050688,-0.031054509762638793,-0.05445436553794302,0.43959530217228476,0.7337911553803746,0.10664988968023921
2010-08-28,-0.5217411892310302,-0.5172676378060979,2.4141721376377308,39.16999816894531,0.5146179261474053,-0.33971094072890823,1.8975671265585945,1.0540392638447387,2.347039133820159,-0.07612943410050688,2.832574380458652,0.5765801364768403,-0.004801771525306656,0.0050616332191265765,0.01168542483604493
2010-09-03,-0.4860516651920473,-0.10930871492120743,-0.0476091507053841,39.16999816894531,0.5146179261474053,-0.32039634915451626,-0.021157344592000582,0.0008989132247867916,-0.02541462844759741,-0.07612943410050688,-0.031054509762638793,-0.05445436553794302,0.651769844877523,1.119333403704507,-0.5430266539714675
2010-09-04,-0.49943097031125766,-1.1631514774245049,0.4804663683586377,39.7599983215332,0.010264096468663058,-0.31708959713271595,0.08329045976942465,0.0008989132247867916,-0.13319554528231012,-0.07612943410050688,0.8578052156947029,-0.2767652049942671,-0.004801771525306656,0.0050616332191265765,0.01168542483604493
2010-09-10,-0.5118546107790957,-0.10930871492120743,-0.0476091507053841,39.7599983215332,0.010264096468663058,-0.2880082951821715,-0.021157344592000582,0.0008989132247867916,-0.02541462844759741,-0.07612943410050688,-0.031054509762638793,-0.05445436553794302,0.9583308569479609,-1.411602827483145,-0.465072817481414
2010-09-11,-0.5369299731957247,1.8859077766440833,0.2169219731679159,40.060001373291016,0.6963395141288087,-0.31014552134434215,-0.3333445045250467,0.270963555518658,0.2870404851266858,-0.07612943410050688,0.05138730209555023,1.4221508507451666,-0.004801771525306656,0.0050616332191265765,0.01168542483604493
2010-09-17,-0.5681990575179279,-0.10930871492120743,-0.0476091507053841,40.060001373291016,0.6963395141288087,-0.32906037499236934,-0.021157344592000582,0.0008989132247867916,-0.02541462844759741,-0.07612943410050688,-0.031054509762638793,-0.05445436553794302,-0.6263250810027212,2.9378365738675654,1.8383856396545164
2010-09-18,-0.5614770966218958,-0.46483319482250957,-0.31890935436334267,39.75,0.508932685231185,-0.34270652416382624,0.3997517297424069,-0.3332620621030234,-0.525104047110536,-0.07612943410050688,1.0429417242589203,0.8905100095952553,-0.004801771525306656,0.0050616332191265765,0.01168542483604493
2010-09-24,-0.5552352757898662,-0.10930871492120743,-0.0476091507053841,39.75,0.508932685231185,-0.3830436163797798,-0.021157344592000582,0.0008989132247867916,-0.02541462844759741,-0.07612943410050688,-0.031054509762638793,-0.05445436553794302,-1.3808167106289366,3.3263355629679174,1.417970595578358
2010-09-25,-0.5744348002522998,0.5178613728649977,-0.8766721782378508,38.810001373291016,0.8081347109599686,-0.39545925822091804,-0.6432341844150649,1.2869912895824769,-0.06169335599533926,-0.07612943410050688,-0.09680780473956531,0.8619555498111648,-0.004801771525306656,0.0050616332191265765,0.01168542483604493
2010-10-01,-0.595040281566535,-0.10930871492120743,-0.0476091507053841,38.810001373291016,0.8081347109599686,-0.41990298063229814,-0.021157344592000582,0.0008989132247867916,-0.02541462844759741,-0.07612943410050688,-0.031054509762638793,-0.05445436553794302,-0.8935959189204895,2.4502622390915088,0.01168542483604493
2010-10-02,-0.6176454996758163,-0.5648494369747029,0.40406351432767373,39.310001373291016,0.5544026160809791,-0.4361268014082885,-0.27560040294929733,0.6463442938122115,0.4467531542389175,-0.07612943410050688,0.7293805781342759,1.2071300417671353,-0.004801771525306656,0.0050616332191265765,0.01168542483604493
2010-10-08,-0.6386360593487204,-0.10930871492120743,-0.0476091507053841,39.310001373291016,0.5544026160809791,-0.4750174972949391,-0.021157344592000582,0.0008989132247867916,-0.02541462844759741,-0.07612943410050688,-0.031054509762638793,-0.05445436553794302,-1.494581725279235,1.4614875071415827,0.8852115623103916
2010-10-09,-0.5689069304851122,3.989525866903898,-1.9740164863919836,37.150001525878906,2.559605518187501,-0.48916249741710927,-2.5887582741837063,-1.5112003444391302,-2.8516105450222673,-0.07612943410050688,0.5010843593240585,1.1280099678522688,-0.004801771525306656,0.0050616332191265765,0.01168542483604493
2010-10-15,-0.5041584536831905,-0.10930871492120743,-0.0476091507053841,37.150001525878906,2.559605518187501,-0.43637031461222514,-0.021157344592000582,0.0008989132247867916,-0.02541462844759741,-0.07612943410050688,-0.031054509762638793,-0.05445436553794302,2.16924034419859,0.6435590453360246,0.5516872529172359
2010-10-16,-0.5044408055096156,-1.3811075074513854,0.47143071162228295,37.70000076293945,1.25619996603505,-0.4095851620369045,-1.292311876324204,1.070213014495409,3.2948139196396538,-0.07612943410050688,0.4069144941910043,-2.0670037894133078,-0.004801771525306656,0.0050616332191265765,0.01168542483604493
2010-10-22,-0.5047029893484389,-0.10930871492120743,-0.0476091507053841,37.70000076293945,1.25619996603505,-0.4095851620369045,-0.021157344592000582,0.0008989132247867916,-0.02541462844759741,-0.07612943410050688,-0.031054509762638793,-0.05445436553794302,-0.004801771525306656,-0.7909007900574578,-2.463372459312596
2010-10-23,-0.5448700121498161,-1.3019679699140947,-0.11270484291383605,37.630001068115234,0.44915095377836756,-0.4285339782129499,0.003494269131400658,0.38628312832104816,-0.08467497708672442,-0.07612943410050688,-0.7889893532093225,1.404451180324941,-0.004801771525306656,0.0050616332191265765,0.01168542483604493
2010-10-29,-0.5821679618939521,-0.10930871492120743,-0.0476091507053841,37.630001068115234,0.44915095377836756,-0.4166813575337119,-0.021157344592000582,0.0008989132247867916,-0.02541462844759741,-0.07612943410050688,-0.031054509762638793,-0.05445436553794302,0.4447427586243788,-0.08018769041824297,2.491394403279956
2010-10-30,-0.5050160248842663,2.424574905211693,3.036224226909604,40.93999862670898,1.617518674454255,-0.4391019617933034,2.2201285733517393,2.026700187995285,3.7269393333233225,-0.07612943410050688,2.2878125662413344,1.695852727680667,-0.004801771525306656,0.0050616332191265765,0.01168542483604493
2010-11-05,-0.4333749405181295,-0.10930871492120743,-0.0476091507053841,40.93999862670898,1.617518674454255,-0.4534914904130812,-0.021157344592000582,0.0008989132247867916,-0.02541462844759741,-0.07612943410050688,-0.031054509762638793,-0.05445436553794302,-0.5581859602551945,1.1908800931563812,1.3629500525276315
2010-11-06,-0.4602373340624352,-1.5910211192329,-1.186548588308254,39.61000061035156,0.47186247153787064,-0.43614437059967937,-0.5687451793303261,-1.1749904477446869,-1.8045942921657527,-0.07612943410050688,-0.9093200193356814,-1.4034190879948527,-0.004801771525306656,0.0050616332191265765,0.01168542483604493
2010-11-12,-0.48518098521071906,-0.10930871492120743,-0.0476091507053841,39.61000061035156,0.47186247153787064,-0.3831318033954513,-0.021157344592000582,0.0008989132247867916,-0.02541462844759741,-0.07612943410050688,-0.031054509762638793,-0.05445436553794302,2.025989507116006,-2.807644818853266,-0.2609764107184267
2010-11-13,-0.5138975174723844,-0.01609033192076795,-0.22462993686561525,39.40999984741211,0.5154107844144478,-0.37519673201164094,-1.0914848210191674,-0.12217249383838473,-0.08159791413024013,-0.07612943410050688,-0.7579240881117111,-0.625690518631578,-0.004801771525306656,0.0050616332191265765,0.01168542483604493
2010-11-19,-0.5405628688582165,-0.10930871492120743,-0.0476091507053841,39.40999984741211,0.5154107844144478,-0.3395100174385115,-0.021157344592000582,0.0008989132247867916,-0.02541462844759741,-0.07612943410050688,-0.031054509762638793,-0.05445436553794302,1.2607638079178312,-0.39292452305296977,-1.4670425037975363
2010-11-20,-0.5566445276342112,-1.4462514944552416,-1.746730360944356,37.5,-0.1247137526080554,-0.3458599718855552,-1.3271977311742802,-0.9882815773751887,-0.9709891647884599,-0.07612943410050688,-0.7660458289016094,0.3868964243090087,-0.004801771525306656,0.0050616332191265765,0.01168542483604493
2010-11-26,-0.5823395347435376,-0.10930871492120743,-0.0476091507053841,37.5,-0.1247137526080554,-0.3488118163137081,-0.021157344592000582,0.0008989132247867916,-0.02541462844759741,-0.07612943410050688,-0.031054509762638793,-0.05445436553794302,-0.10587124488360927,-3.5628379632062215,-2.4381028420450757
2010-11-27,-0.5728717613155019,2.148519811642491,1.925035118204062,39.61000061035156,0.5702554190654755,-0.3747926108957045,1.8555140100995509,2.1847354481777277,2.7613809015673096,-0.07612943410050688,0.8571984617155283,1.814951078510223,-0.004801771525306656,0.0050616332191265765,0.01168542483604493
2010-12-03,-0.5640802574180402,-0.10930871492120743,-0.0476091507053841,39.61000061035156,0.5702554190654755,-0.32901150671184887,-0.021157344592000582,0.0008989132247867916,-0.02541462844759741,-0.07612943410050688,-0.031054509762638793,-0.05445436553794302,1.617944337307707,1.1149160309075152,0.7882606480301705
2010-12-04,-0.5600826128376684,0.03342222914659749,1.5632735882104514,41.43000030517578,0.6406856623744172,-0.3157967057117653,2.213983250036468,1.8992340751010464,1.274172135909255,-0.07612943410050688,0.7435336037610661,-0.9415720710342206,-0.004801771525306656,0.0050616332191265765,0.01168542483604493
2010-12-10,-0.5563705142987516,-0.10930871492120743,-0.0476091507053841,41.43000030517578,0.6406856623744172,-0.23155367144452538,-0.021157344592000582,0.0008989132247867916,-0.02541462844759741,-0.07612943410050688,-0.031054509762638793,-0.05445436553794302,2.7811132168858252,-1.1033645243459678,0.6316010594378689
2010-12-11,-0.5522290953600002,0.1737102288610129,-1.5369555518634475,39.66999816894531,0.7856653039780217,-0.22756602857448596,-0.5278915474389706,-0.38650405911663127,-0.34232928879126845,-0.07612943410050688,0.6338651337766394,-0.29775847987289666,-0.004801771525306656,0.0050616332191265765,0.01168542483604493
2010-12-17,-0.5483834920597309,-0.10930871492120743,-0.0476091507053841,39.66999816894531,0.7856653039780217,-0.2246490853858742,-0.021157344592000582,0.0008989132247867916,-0.02541462844759741,-0.07612943410050688,-0.031054509762638793,-0.05445436553794302,0.08287295235177936,-0.7736853373237199,-2.3469512724057293
2010-12-18,-0.5305789795746582,-1.4787856672794706,2.082260297875594,42.08000183105469,0.031098710407560893,-0.22563452207350984,1.0781594874881337,-0.11143648147313294,1.0384511967967693,-0.07612943410050688,1.5037749510115423,0.0055518992097882535,-0.004801771525306656,0.0050616332191265765,0.01168542483604493
2010-12-24,-0.5147405558454415,-0.10930871492120743,-0.0476091507053841,42.08000183105469,0.031098710407560893,-0.202322650719273,-0.021157344592000582,0.0008989132247867916,-0.02541462844759741,-0.07612943410050688,-0.031054509762638793,-0.05445436553794302,0.6944897198186535,-0.48149523623054086,-0.5740325922809836
2010-12-25,-0.5531491690309239,-1.4705882435962854,0.23565782843395294,42.41999816894531,-0.44456717330893747,-0.23106077785263773,0.5834533831177457,0.2829364931526951,-0.02541462844759741,-0.07612943410050688,-1.2234631966676233,1.7053392129881795,-0.004801771525306656,0.0050616332191265765,0.01168542483604493
2010-12-31,-0.5888143098460147,-0.10930871492120743,-0.0476091507053841,42.41999816894531,-0.44456717330893747,-0.2621875646055726,-0.021157344592000582,0.0008989132247867916,-0.02541462844759741,-0.07612943410050688,-0.031054509762638793,-0.05445436553794302,-0.9437697820798958,1.5250334529537988,-0.04719064597546601
2011-01-01,-0.579925360631076,5.5125304914868,0.9606846143390203,43.63999938964844,1.2807949311496871,-0.22629567808880852,1.902585012186465,1.1729362731179327,0.48384580775144165,-0.07612943410050688,0.9092984665608276,-2.2415116665498105,-0.004801771525306656,0.0050616332191265765,0.01168542483604493
2011-01-07,-0.5796561555811094,-0.10930871492120743,-0.0476091507053841,43.63999938964844,1.2807949311496871,-0.21454179337238666,-0.021157344592000582,0.0008989132247867916,-0.02541462844759741,-0.07612943410050688,-0.031054509762638793,-0.05445436553794302,0.34802257183460095,-2.898131099108017,1.2487255301141413
2011-01-08,-0.5571878975388197,-0.15646779958341187,0.9726643418913608,44.90999984741211,1.248573476542027,-0.20869813281364066,1.9578461361147668,1.0162329299365165,1.202563407538146,-0.07612943410050688,0.16447279337086643,-0.4041886105144818,-0.004801771525306656,0.0050616332191265765,0.01168542483604493
2011-01-14,-0.5363245150709793,-0.10930871492120743,-0.0476091507053841,44.90999984741211,1.248573476542027,-0.20574216564483822,-0.021157344592000582,0.0008989132247867916,-0.02541462844759741,-0.07612943410050688,-0.031054509762638793,-0.05445436553794302,0.08234795400520796,3.3263355629679174,2.2988088825489785
2011-01-15,-0.5516673403914037,-0.8950598363380784,0.24903734723047086,45.290000915527344,0.7184719290825352,-0.19141639770595129,-1.8703901052524217,-1.2341276256160565,-0.25218907430637044,-0.07612943410050688,-1.1897711375377469,-0.897080445078806,-0.004801771525306656,0.0050616332191265765,0.01168542483604493
2011-01-21,-0.565914249617512,-0.10930871492120743,-0.0476091507053841,45.290000915527344,0.7184719290825352,-0.16442782180926793,-0.021157344592000582,0.0008989132247867916,-0.02541462844759741,-0.07612943410050688,-0.031054509762638793,-0.05445436553794302,0.7772044223395564,2.2550809065610817,0.889875022063813
2011-01-22,-0.5902526634325592,-0.6852235114348542,-0.6281815639044684,44.540000915527344,0.41148636903204344,-0.16419695779480378,-1.3075088521214804,-0.9168482795518335,-0.663160724047304,-0.07612943410050688,-0.19716515575357924,-0.06767530778779006,-0.004801771525306656,0.0050616332191265765,0.01168542483604493
2011-01-28,-0.61285261911796,-0.10930871492120743,-0.0476091507053841,44.540000915527344,0.41148636903204344,-0.18819217196686922,-0.021157344592000582,0.0008989132247867916,-0.02541462844759741,-0.07612943410050688,-0.031054509762638793,-0.05445436553794302,-0.6817321977390798,0.23198138502090807,-1.1148066282758269
2011-01-29,-0.631061073229549,-0.5298696818451463,-0.008253180987772184,44.59000015258789,0.22179802776213253,-0.1938729332990749,1.409617607226046,0.5601937569576046,0.8687243787064937,-0.07612943410050688,1.265440597198816,0.28050091615111833,-0.004801771525306656,0.0050616332191265765,0.01168542483604493
2011-02-04,-0.6479689234760245,-0.10930871492120743,-0.0476091507053841,44.59000015258789,0.22179802776213253,-0.09843310149959474,-0.021157344592000582,0.0008989132247867916,-0.02541462844759741,-0.07612943410050688,-0.031054509762638793,-0.05445436553794302,2.7673894977310955,-0.1952915063754731,1.8078368021783904
2011-02-05,-0.642839463937133,0.5717570758431344,1.509163086222867,46.56999969482422,0.49447365510126934,-0.107795294703235,0.9261063243545533,0.329512807386201,0.9191839091689484,-0.07612943410050688,0.6868586174431212,0.45390376749908556,-0.004801771525306656,0.0050616332191265765,0.01168542483604493
2011-02-11,-0.6401594079575009,-0.10930871492120743,-0.0476091507053841,46.56999969482422,0.49447365510126934,-0.11962351070856522,-0.021157344592000582,0.0008989132247867916,-0.02541462844759741,-0.07612943410050688,-0.031054509762638793,-0.05445436553794302,-0.32119316638609274,-0.5533867040500343,-0.7138819155922453
2011-02-12,-0.6498213660904694,-0.26270881919253336,1.0289238734140558,48.0,0.4218840453979067,-0.14156640576290588,-0.059344811336898805,0.16318569802932087,-1.052026617722483,-0.07612943410050688,0.18687265671615472,1.175184498651623,-0.004801771525306656,0.0050616332191265765,0.01168542483604493
2011-02-18,-0.658793184356797,-0.10930871492120743,-0.0476091507053841,48.0,0.4218840453979067,-0.15605026237596517,-0.021157344592000582,0.0008989132247867916,-0.02541462844759741,-0.07612943410050688,-0.031054509762638793,-0.05445436553794302,-0.4046370507449814,1.3464219081128648,1.847925697877796
2011-02-19,-0.635879616735338,-0.4996088795024242,-1.0117268490689302,46.68000030517578,0.24476038101189665,-0.171183924112112,-1.0727129485862352,-1.1281696661735876,-0.2529497140715861,-0.07612943410050688,-0.915005228117839,0.8181172619973945,-0.004801771525306656,0.0050616332191265765,0.01168542483604493
2011-02-25,-0.6399454686124662,-0.10930871492120743,-0.0476091507053841,46.68000030517578,0.24476038101189665,-0.21971240080399382,-0.021157344592000582,0.0008989132247867916,-0.02541462844759741,-0.07612943410050688,-0.031054509762638793,-0.05445436553794302,-1.3831754249020942,0.7332540858756041,-1.1534229078280456
2011-02-26,-0.6419851240539107,-0.12291894914253264,-0.9188225449869365,45.52000045776367,0.23922782256800904,-0.23304207213536227,-0.18003493943417906,-0.8977799591196772,-0.4934122832154154,-0.07612943410050688,-0.14935622036585755,0.7634741756747015,-0.004801771525306656,0.0050616332191265765,0.01168542483604493
2011-03-04,-0.6438790898209664,-0.10930871492120743,-0.0476091507053841,45.52000045776367,0.23922782256800904,-0.21333258773358513,-0.021157344592000582,0.0008989132247867916,-0.02541462844759741,-0.07612943410050688,-0.031054509762638793,-0.05445436553794302,0.5909761766920814,1.9522833433519007,1.2241413923499767
2011-03-05,-0.6376530855293058,-0.07376821140308733,0.1218325472066608,45.7400016784668,0.25362250794172725,-0.2087010263540521,0.4981212963496476,0.17533932530565602,0.4303738297936434,-0.07612943410050688,-1.805436089199437,-0.33164712052251194,-0.004801771525306656,0.0050616332191265765,0.01168542483604493
2011-03-11,-0.6318717958299066,-0.10930871492120743,-0.0476091507053841,45.7400016784668,0.25362250794172725,-0.23416123055908392,-0.021157344592000582,0.0008989132247867916,-0.02541462844759741,-0.07612943410050688,-0.031054509762638793,-0.05445436553794302,-0.7554380894185168,-1.0036738663632576,-1.5017919093015095
2011-03-12,-0.611228419679533,2.181733797661714,-0.0476091507053841,45.7400016784668,1.1903545592524445,-0.23035713135002697,-0.6879359322705875,-0.4034582370542233,-0.5510418807986567,-0.07612943410050688,-1.278373101547628,-0.28723053688860556,-0.004801771525306656,0.0050616332191265765,0.01168542483604493
2011-03-18,-0.5920595703970432,-0.10930871492120743,-0.0476091507053841,45.7400016784668,1.1903545592524445,-0.26443833261509475,-0.021157344592000582,0.0008989132247867916,-0.02541462844759741,-0.07612943410050688,-0.031054509762638793,-0.05445436553794302,-1.0321432418967953,2.3732809570182183,1.1003033498700465
2011-03-19,-0.6148776964470023,-1.902182242292013,0.044367727711675624,45.86000061035156,0.008687104647282914,-0.27110111474074394,-1.427179737384724,-0.23375724458864855,0.0815276904738314,-0.07612943410050688,2.069237596810734,0.3712075103626253,-0.004801771525306656,0.0050616332191265765,0.01168542483604493
2011-03-25,-0.636065956350536,-0.10930871492120743,-0.0476091507053841,45.86000061035156,0.008687104647282914,-0.22034495332564724,-0.021157344592000582,0.0008989132247867916,-0.02541462844759741,-0.07612943410050688,-0.031054509762638793,-0.05445436553794302,1.5925889293571929,0.030207802426126765,-0.6954857660904096
2011-03-26,-0.6644197937718096,-0.280140917780889,0.32698206806535296,46.34999847412109,-0.04998331652476937,-0.22171130894576785,0.04226217923852336,-0.058290134177888586,0.09084809819130389,-0.07612943410050688,1.1843136695823469,0.028412187553320336,-0.004801771525306656,0.0050616332191265765,0.01168542483604493
2011-04-01,-0.6907483570915637,-0.10930871492120743,-0.0476091507053841,46.34999847412109,-0.04998331652476937,-0.22171130894576785,-0.021157344592000582,0.0008989132247867916,-0.02541462844759741,-0.07612943410050688,-0.031054509762638793,-0.05445436553794302,-0.004801771525306656,0.6000614091355544,0.3357856405738739
2011-04-02,-0.7016570514748637,0.19814034037732414,0.32302489084451247,46.84000015258789,0.050788205803962774,-0.2516657845936407,0.21086047893709525,0.6534505643425635,-0.4501132063082627,-0.07612943410050688,0.4709852645670522,1.8198465163849242,-0.004801771525306656,0.0050616332191265765,0.01168542483604493
2011-04-08,-0.7117865534022136,-0.10930871492120743,-0.0476091507053841,46.84000015258789,0.050788205803962774,-0.2161853511433526,-0.021157344592000582,0.0008989132247867916,-0.02541462844759741,-0.07612943410050688,-0.031054509762638793,-0.05445436553794302,1.088851720536828,1.8561911744048198,1.4800287913893595
2011-04-09,-0.6937669022197667,1.8646173257076966,-1.5071469784355789,44.88999938964844,0.7509104109187255,-0.22403542368676752,-1.4019083879899403,-0.8095867158561425,-1.7184878066077707,-0.07612943410050688,-0.6801698290998067,0.4227741993473196,-0.004801771525306656,0.0050616332191265765,0.01168542483604493
2011-04-15,-0.6770343689789229,-0.10930871492120743,-0.0476091507053841,44.88999938964844,0.7509104109187255,-0.2673537855143708,-0.021157344592000582,0.0008989132247867916,-0.02541462844759741,-0.07612943410050688,-0.031054509762638793,-0.05445436553794302,-1.302094621762281,0.05432283412736817,-0.09928593438275567
2011-04-16,-0.6996845397561936,-1.0831532877469656,-0.21161723798251628,44.68000030517578,0.22337392899442457,-0.27841187424824504,-1.1430284599334097,0.7773312985906827,-1.4230648933823367,-0.07612943410050688,0.2134196926667718,0.6576369961492591,-0.004801771525306656,0.0050616332191265765,0.01168542483604493
2011-04-22,-0.7207168411922305,-0.10930871492120743,-0.0476091507053841,44.68000030517578,0.22337392899442457,-0.2810870325367157,-0.021157344592000582,0.0008989132247867916,-0.02541462844759741,-0.07612943410050688,-0.031054509762638793,-0.05445436553794302,-0.08966476956377072,0.8421541540049069,1.3446468810033716
2011-04-23,-0.7333037216049959,-0.9320825124173359,0.6978232205050088,45.630001068115234,-0.10638313121541539,-0.3121326514203518,-0.08988547807007002,0.2329764319413648,0.5926185355115474,-0.07612943410050688,0.5325446122033691,2.0210173648255694,-0.004801771525306656,0.0050616332191265765,0.01168542483604493
2011-04-29,-0.7449915391311352,-0.10930871492120743,-0.0476091507053841,45.630001068115234,-0.10638313121541539,-0.33797646767103195,-0.021157344592000582,0.0008989132247867916,-0.02541462844759741,-0.07612943410050688,-0.031054509762638793,-0.05445436553794302,-0.8559131261215711,2.254251186025257,1.205639527779274
2011-04-30,-0.767300756226826,0.7209459045688648,-0.5009231246394388,45.040000915527344,0.15323814473926756,-0.3006914648244191,0.04773869533891939,-0.4016963255974167,-0.939628243193341,-0.07612943410050688,-1.039290532609305,-2.5151901880206475,-0.004801771525306656,0.0050616332191265765,0.01168542483604493
2011-05-06,-0.7880164578156816,-0.10930871492120743,-0.0476091507053841,45.040000915527344,0.15323814473926756,-0.33574838088104414,-0.021157344592000582,0.0008989132247867916,-0.02541462844759741,-0.07612943410050688,-0.031054509762638793,-0.05445436553794302,-1.1445731819274085,-2.6021170338636797,-1.8488492075722875
2011-05-07,-0.7652460188935029,0.05682647202272808,-1.5187719520085392,43.150001525878906,0.2167104296661862,-0.33701568843763385,-0.8916940391542135,-2.1425378634809387,-0.3759422545895531,-0.07612943410050688,-0.5908660445127016,0.03272235137798336,-0.004801771525306656,0.0050616332191265765,0.01168542483604493
2011-05-13,-0.7441020398943367,-0.10930871492120743,-0.0476091507053841,43.150001525878906,0.2167104296661862,-0.33970840153718224,-0.021157344592000582,0.0008989132247867916,-0.02541462844759741,-0.07612943410050688,-0.031054509762638793,-0.05445436553794302,-0.09604944653217597,-2.8897195667274134,-1.6313718841905989
2011-05-14,-0.7529356678104483,0.11212069737972731,-0.06385927107324124,43.130001068115234,0.30506232345973366,-0.3484483107827395,-0.8485077524116926,-0.32328364835282797,0.05214154012138982,-0.07612943410050688,0.21964276175125555,0.5548643338210293,-0.004801771525306656,0.0050616332191265765,0.01168542483604493
2011-05-20,-0.7611383223039805,-0.10930871492120743,-0.0476091507053841,43.130001068115234,0.30506232345973366,-0.35644399810737043,-0.021157344592000582,0.0008989132247867916,-0.02541462844759741,-0.07612943410050688,-0.031054509762638793,-0.05445436553794302,-0.27940562366863236,0.2649053816914355,0.3129071790496896
2011-05-21,-0.7770867299796812,-0.12281566044251765,-0.323983100264803,42.790000915527344,0.29935418017266335,-0.3714720176452744,0.24672506425682544,-0.031278456282586554,0.12930992953812817,-0.07612943410050688,-0.137141416814803,1.0225073264316313,-0.004801771525306656,0.0050616332191265765,0.01168542483604493
2011-05-27,-0.7918959656785461,-0.10930871492120743,-0.0476091507053841,42.790000915527344,0.29935418017266335,-0.39241218652269255,-0.021157344592000582,0.0008989132247867916,-0.02541462844759741,-0.07612943410050688,-0.031054509762638793,-0.05445436553794302,-0.7440527766603471,0.9668895934448385,1.912037457686676
2011-05-28,-0.7678069784714823,-0.09297901119414614,-1.0471842559123061,41.56999969482422,0.3062303443730795,-0.39522677312095683,-1.0102355266247198,-0.7207665669389303,-1.4330060503796134,-0.07612943410050688,-0.9596980726755278,0.15323253856019925,-0.004801771525306656,0.0050616332191265765,0.01168542483604493
2011-06-03,-0.74543863320778,-0.10930871492120743,-0.0476091507053841,41.56999969482422,0.3062303443730795,-0.4160935977221987,-0.021157344592000582,0.0008989132247867916,-0.02541462844759741,-0.07612943410050688,-0.031054509762638793,-0.05445436553794302,-0.7633166465009961,2.6350202731411425,-0.654837815268121
2011-06-04,-0.7621613445311656,1.1685593343400182,-0.4861612219758974,41.04999923706055,0.8466663140313253,-0.409409939942019,-1.2211902540934267,-1.2776339328320916,-0.6936247626696647,-0.07612943410050688,-1.0325119760222619,-0.556530847419441,-0.004801771525306656,0.0050616332191265765,0.01168542483604493
2011-06-10,-0.7801196927828347,-0.10930871492120743,-0.0476091507053841,41.04999923706055,0.8466663140313253,-0.409409939942019,-0.021157344592000582,0.0008989132247867916,-0.02541462844759741,-0.07612943410050688,-0.031054509762638793,-0.05445436553794302,-0.004801771525306656,-1.9347375752789486,-0.9767338221381967
2011-06-11,-0.7502758568639541,-0.32469132387776095,-0.2611221479770752,40.79999923706055,0.724483256136095,-0.41452225789166697,-0.3344992580103353,0.2654437750551909,1.2109732853281059,-0.07612943410050688,-0.6113524016242067,0.33209538988464754,-0.004801771525306656,0.0050616332191265765,0.01168542483604493
2011-06-17,-0.7225637235107079,-0.10930871492120743,-0.0476091507053841,40.79999923706055,0.724483256136095,-0.427590299853238,-0.021157344592000582,0.0008989132247867916,-0.02541462844759741,-0.07612943410050688,-0.031054509762638793,-0.05445436553794302,-0.4915577636188245,-0.31674106248779005,-0.46246725568725666
2011-06-18,-0.7193964128949143,-0.4349908556960439,-1.1732706004972753,39.4900016784668,0.5503587117423362,-0.4080794339512843,-0.44364081874734895,0.8900469508950405,-0.10467345822611332,-0.07612943410050688,-0.22889082942568334,-1.5176359527456258,-0.004801771525306656,0.0050616332191265765,0.01168542483604493
2011-06-24,-0.7164553387516774,-0.10930871492120743,-0.0476091507053841,39.4900016784668,0.5503587117423362,-0.4241592652419441,-0.021157344592000582,0.0008989132247867916,-0.02541462844759741,-0.07612943410050688,-0.031054509762638793,-0.05445436553794302,-0.5988427577945358,-1.128450886897948,-1.3957422100793724
2011-06-25,-0.700185084062201,0.1039931775293711,1.8078723446370168,41.58000183105469,0.6544783425715089,-0.41468257195064906,1.5068318632389643,2.194680245163518,1.5751910387004715,-0.07612943410050688,3.3389073483352303,-0.77114787959401,-0.004801771525306656,0.0050616332191265765,0.01168542483604493
2011-07-01,-0.6850769904219728,-0.10930871492120743,-0.0476091507053841,41.58000183105469,0.6544783425715089,-0.3224447516789099,-0.021157344592000582,0.0008989132247867916,-0.02541462844759741,-0.07612943410050688,-0.031054509762638793,-0.05445436553794302,3.431560322657105,2.6698921644571776,0.6143502410094808
2011-07-02,-0.7012510150415799,-1.804590394023153,-0.7558685108075097,40.7400016784668,-0.22019482727045622,-0.3558289978485434,-1.0128905614249624,-0.5223979467609702,-0.4247760915511456,-0.07612943410050688,-0.022271764292907583,2.2934354011206692,-0.004801771525306656,0.0050616332191265765,0.01168542483604493
2011-07-08,-0.716269752188358,-0.10930871492120743,-0.0476091507053841,40.7400016784668,-0.22019482727045622,-0.4054037842384702,-0.021157344592000582,0.0008989132247867916,-0.02541462844759741,-0.07612943410050688,-0.031054509762638793,-0.05445436553794302,-1.7223550579124283,-2.0946336737455242,-0.2704214483740181
2011-07-09,-0.7166764651253233,4.570117346130363,-0.7016294564569242,39.97999954223633,1.1008019268729086,-0.4295719958608948,-1.8660689981493195,-2.2916364094592807,-1.2500937793006714,-0.07612943410050688,-1.6429793230127987,1.8088225629999601,-0.004801771525306656,0.0050616332191265765,0.01168542483604493
2011-07-15,-0.7170541271382197,-0.10930871492120743,-0.0476091507053841,39.97999954223633,1.1008019268729086,-0.4523369217420647,-0.021157344592000582,0.0008989132247867916,-0.02541462844759741,-0.07612943410050688,-0.031054509762638793,-0.05445436553794302,-0.8693960782735871,-0.7850873149677593,0.8530476157995499
2011-07-16,-0.6611647706178279,-0.7754961245168348,1.8903596043157112,42.18999862670898,0.6776599042279794,-0.4576775971694785,0.34545337294146744,1.2940076721683924,2.2060887615954816,-0.07612943410050688,0.9959575053581049,0.37296538401348706,-0.004801771525306656,0.0050616332191265765,0.01168542483604493
2011-07-22,-0.6092675109917496,-0.10930871492120743,-0.0476091507053841,42.18999862670898,0.6776599042279794,-0.44512124393777536,-0.021157344592000582,0.0008989132247867916,-0.02541462844759741,-0.07612943410050688,-0.031054509762638793,-0.05445436553794302,0.4902323836990541,1.7634282984444796,1.2047744193907866
2011-07-23,-0.6072496732066137,-0.920396475396424,-1.4935038504593507,40.45000076293945,0.2541601683621563,-0.45757195162061204,-1.1903910908676256,-1.2580551482094027,-1.299746171762761,-0.07612943410050688,-1.3579263874599448,0.9418460200532277,-0.004801771525306656,0.0050616332191265765,0.01168542483604493
2011-07-29,-0.6150964319259455,-0.10930871492120743,-0.0476091507053841,40.45000076293945,0.2541601683621563,-0.49955565284048187,-0.021157344592000582,0.0008989132247867916,-0.02541462844759741,-0.07612943410050688,-0.031054509762638793,-0.05445436553794302,-1.6597721446432594,0.18657872293639052,0.9562136029383473
2011-07-30,-0.5307322287254952,3.1519652937050484,-2.5177637572548592,37.59999847412109,1.588056410239466,-0.5082146336880301,-4.493786606972804,-3.3729600673654927,-3.049037398897141,-0.07612943410050688,-4.53703200133469,0.6894526874712854,-0.004801771525306656,0.0050616332191265765,0.01168542483604493
2011-08-05,-0.4523940400393628,-0.10930871492120743,-0.0476091507053841,37.59999847412109,1.588056410239466,-0.5667488067523352,-0.021157344592000582,0.0008989132247867916,-0.02541462844759741,-0.07612943410050688,-0.031054509762638793,-0.05445436553794302,-2.4820790759671922,-1.8897153826717434,-0.6288669043665887
2011-08-06,-0.39666225041906,1.6229275384599788,-1.6233906101251623,35.90999984741211,2.9137841398469715,-0.5997982791742565,-3.403872630745841,-2.833172611335418,-1.3511047942617116,-0.07612943410050688,0.8834911620982435,3.221041014499285,-0.004801771525306656,0.0050616332191265765,0.01168542483604493
2011-08-12,-0.3449113029144933,-0.10930871492120743,-0.0476091507053841,35.90999984741211,2.9137841398469715,-0.6783663341845596,-0.021157344592000582,0.0008989132247867916,-0.02541462844759741,-0.07612943410050688,-0.031054509762638793,-0.05445436553794302,-3.6007487672550775,0.6831929671939756,-0.5286056173560658
2011-08-13,-0.3371275207561944,-1.7357593146022654,-1.5706341754626816,34.349998474121094,1.0930347513875216,-0.7087984054253454,-0.8840479416805468,-2.722988706996992,-1.0128842422690174,-0.07612943410050688,-3.480884460297275,3.636425722153328,-0.004801771525306656,0.0050616332191265765,0.01168542483604493
2011-08-19,-0.32989972303777404,-0.10930871492120743,-0.0476091507053841,34.349998474121094,1.0930347513875216,-0.745772856095259,-0.021157344592000582,0.0008989132247867916,-0.02541462844759741,-0.07612943410050688,-0.031054509762638793,-0.05445436553794302,-2.213891689214005,1.4118796309668287,1.821282172634949
2011-08-20,-0.2100137733704412,0.2683592809337227,1.850773807248075,36.209999084472656,1.332134412471589,-0.7320211222079385,3.1752048829681043,3.0283196044523493,1.6039685925883338,-0.07612943410050688,1.1308550718276809,-1.8057794508991962,-0.004801771525306656,0.0050616332191265765,0.01168542483604493
2011-08-26,-0.09869110582220335,-0.10930871492120743,-0.0476091507053841,36.209999084472656,1.332134412471589,-0.7051243080058702,-0.021157344592000582,0.0008989132247867916,-0.02541462844759741,-0.07612943410050688,-0.031054509762638793,-0.05445436553794302,1.682619001065546,0.45753153030378646,-1.5159998566924964
2011-08-27,-0.09044209342758953,-1.2654800689811465,-1.5773768609240006,34.630001068115234,0.5263243094189782,-0.7259776949010627,-1.8745611882101396,-1.273034279045349,-0.5162055668543338,-0.07612943410050688,2.0460961042933445,2.5671403043084458,-0.004801771525306656,0.0050616332191265765,0.01168542483604493
2011-09-02,-0.08278229620401957,-0.10930871492120743,-0.0476091507053841,34.630001068115234,0.5263243094189782,-0.7624627589603019,-0.021157344592000582,0.0008989132247867916,-0.02541462844759741,-0.07612943410050688,-0.031054509762638793,-0.05445436553794302,-2.2643275320836027,-2.125752962106819,-0.898005963981486
2011-09-03,-0.09198623608058022,0.7932621594383735,-2.6291857005433172,32.08000183105469,0.9611040082229306,-0.7584226762134626,-1.0713939451618926,-1.5421245679365334,-0.8949452236926896,-0.07612943410050688,-0.9912334226498808,-0.6000155582041712,-0.004801771525306656,0.0050616332191265765,0.01168542483604493
2011-09-09,-0.10053275168024367,-0.10930871492120743,-0.0476091507053841,32.08000183105469,0.9611040082229306,-0.777918302049212,-0.021157344592000582,0.0008989132247867916,-0.02541462844759741,-0.07612943410050688,-0.031054509762638793,-0.05445436553794302,-1.301693231647732,-3.868498218739382,-2.228441790722078
2011-09-10,-0.10812156673219514,0.4611020974167676,1.427745245447382,33.43000030517578,1.3021257631236665,-0.7676977576040179,0.9888999449140965,2.222182154546024,1.856023513015283,-0.07612943410050688,1.9064258002114103,-1.4644958515429785,-0.004801771525306656,0.0050616332191265765,0.01168542483604493
2011-09-16,-0.11516832356615009,-0.10930871492120743,-0.0476091507053841,33.43000030517578,1.3021257631236665,-0.7344107050452409,-0.021157344592000582,0.0008989132247867916,-0.02541462844759741,-0.07612943410050688,-0.031054509762638793,-0.05445436553794302,2.257478668411912,1.0198492207714145,-0.4739401371819571
2011-09-17,-0.0578341800934183,0.3047458030142018,-3.9018037706096074,29.59000015258789,1.5873878791284661,-0.6851942547111634,-3.609641122623964,-3.6506658419342704,-1.5881707201946926,-0.07612943410050688,-3.724062275253552,-4.2170644176241785,-0.004801771525306656,0.0050616332191265765,0.01168542483604493
2011-09-23,-0.023342057618568026,-0.10930871492120743,-0.0476091507053841,29.59000015258789,1.5873878791284661,-0.7441323599976001,-0.021157344592000582,0.0008989132247867916,-0.02541462844759741,-0.07612943410050688,-0.031054509762638793,-0.05445436553794302,-3.3634181169705606,-2.2738779873370905,-2.3336515371985733
2011-09-24,-0.019780782231577382,-0.3023895535876217,0.5803464333566575,30.1200008392334,1.4396523188992545,-0.7393639235282556,-0.870310052399476,0.6772485313689443,0.5362729672318762,-0.07612943410050688,0.7694179534638738,-0.6714945281528619,-0.004801771525306656,0.0050616332191265765,0.01168542483604493
2011-09-30,-0.02931880306463507,-0.10930871492120743,-0.0476091507053841,30.1200008392334,1.4396523188992545,-0.7195105651080227,-0.021157344592000582,0.0008989132247867916,-0.02541462844759741,-0.07612943410050688,-0.031054509762638793,-0.05445436553794302,1.2607638079178312,-0.5999550490852993,1.1029377033826868
2011-10-01,0.017022999183795105,0.27173512414921863,0.6274944412235218,30.700000762939453,1.7161700915957374,-0.7236209137507755,-1.034910630746798,-1.0191937227495438,0.5134295440887524,-0.07612943410050688,2.210724559433249,0.45970218205448676,-0.004801771525306656,0.0050616332191265765,0.01168542483604493
2011-10-07,0.06005467270019446,-0.10930871492120743,-0.0476091507053841,30.700000762939453,1.7161700915957374,-0.6793362024905092,-0.021157344592000582,0.0008989132247867916,-0.02541462844759741,-0.07612943410050688,-0.031054509762638793,-0.05445436553794302,2.724074009148961,0.5603022870877322,0.040701409554980576
2011-10-08,0.044813986940603893,-0.2835725310023604,1.311347288471156,31.88999938964844,1.57683752029027,-0.6938669459488522,1.3649834479593386,4.041628866833042,2.6605234575509478,-0.07612943410050688,1.9892965089539838,1.655466119659415,-0.004801771525306656,0.0050616332191265765,0.01168542483604493
2011-10-14,0.023024403734804,-0.10930871492120743,-0.0476091507053841,31.88999938964844,1.57683752029027,-0.6556098624254418,-0.021157344592000582,0.0008989132247867916,-0.02541462844759741,-0.07612943410050688,-0.031054509762638793,-0.05445436553794302,2.2129512438798113,3.066577337430073,1.3170705372103781
2011-10-15,0.006957246513810213,-0.3410528495072441,1.6344220028176089,33.41999816894531,1.4001719033212583,-0.6401760376513088,1.2089258999549788,1.767009934355454,-0.44312125004308356,-0.07612943410050688,0.23711090822658265,-1.6952045134248699,-0.004801771525306656,0.0050616332191265765,0.01168542483604493
2011-10-21,-0.007962256619969688,-0.10930871492120743,-0.0476091507053841,33.41999816894531,1.4001719033212583,-0.6475541145921357,-0.021157344592000582,0.0008989132247867916,-0.02541462844759741,-0.07612943410050688,-0.031054509762638793,-0.05445436553794302,-0.3911912625942269,0.107678177121051,0.9939154207092573
2011-10-22,0.016718743477299156,-0.2377567102459396,3.3827441669548395,36.68999862670898,1.308313765609497,-0.6824477950744636,3.8640915301200978,3.3639044081003853,0.8802372324211074,-0.07612943410050688,2.525893942955676,3.6774750582131115,-0.004801771525306656,0.0050616332191265765,0.01168542483604493
2011-10-28,0.03963681499619162,-0.10930871492120743,-0.0476091507053841,36.68999862670898,1.308313765609497,-0.6571160592300213,-0.021157344592000582,0.0008989132247867916,-0.02541462844759741,-0.07612943410050688,-0.031054509762638793,-0.05445436553794302,1.4310192670357407,2.491360338570983,1.3266581885705369
2011-10-29,0.08417760391144988,-0.287839077772038,-2.646680825494722,33.970001220703125,1.1850204880225896,-0.6599097788053524,-3.320843295062338,-2.951182220517298,-1.94519630206793,-0.07612943410050688,-2.0484413841892373,0.25347515962879424,-0.004801771525306656,0.0050616332191265765,0.01168542483604493
2011-11-04,0.10158284753526635,-0.10930871492120743,-0.0476091507053841,33.970001220703125,1.1850204880225896,-0.724056269723606,-0.021157344592000582,0.0008989132247867916,-0.02541462844759741,-0.07612943410050688,-0.031054509762638793,-0.05445436553794302,-3.4878113149500107,-3.367421832815092,-0.7190640715348772
2011-11-05,0.07400263348680519,-1.0417758877535799,-0.7597280744280993,33.279998779296875,0.5717680661306582,-0.7325576854745645,-1.2378317107042878,-0.8778983883407747,0.2791626055247294,-0.07612943410050688,0.1853931052712567,1.0294802839789625,-0.004801771525306656,0.0050616332191265765,0.01168542483604493
2011-11-11,0.04839243472751983,-0.10930871492120743,-0.0476091507053841,33.279998779296875,0.5717680661306582,-0.7370570396660115,-0.021157344592000582,0.0008989132247867916,-0.02541462844759741,-0.07612943410050688,-0.031054509762638793,-0.05445436553794302,-0.2874037941194054,-1.3817152139029116,-0.6318697794822647
2011-11-12,0.02634724810836894,0.42639760393045534,-2.849785482219097,30.6200008392334,0.8363275294762189,-0.7203462572496014,-1.973868924713191,-2.7442789617855703,-1.183590720351694,-0.07612943410050688,-2.1943886356865194,-2.130386645505912,-0.004801771525306656,0.0050616332191265765,0.01168542483604493
2011-11-18,-2.4955521145164675e-05,-0.10930871492120743,-0.0476091507053841,30.6200008392334,0.8363275294762189,-0.7273410353370134,-0.021157344592000582,0.0008989132247867916,-0.02541462844759741,-0.07612943410050688,-0.031054509762638793,-0.05445436553794302,-0.432860717513432,-0.6834620511371382,-1.069402640394307
2011-11-19,-0.039788532250899976,-1.1093002894284307,-2.4978360320180957,28.479999542236328,0.2718102621638273,-0.7164415620142773,-2.997366842312231,-2.6610736376995408,-1.504360093490471,-0.07612943410050688,-2.460442722772526,-1.3974395638276023,-0.004801771525306656,0.0050616332191265765,0.01168542483604493
2011-11-25,-0.09163978649884598,-0.10930871492120743,-0.0476091507053841,28.479999542236328,0.2718102621638273,-0.7259848377392393,-0.021157344592000582,0.0008989132247867916,-0.02541462844759741,-0.07612943410050688,-0.031054509762638793,-0.05445436553794302,-0.5840656188326113,-2.423234550876041,-2.2574848136887926
2011-11-26,-0.03980497863758844,3.409414984065705,4.691737457069451,32.33000183105469,1.7275961934716708,-0.7425305671390356,2.5425505276855582,5.0728499854368385,3.344185616547467,-0.07612943410050688,4.146244768344761,2.101530014299215,-0.004801771525306656,0.0050616332191265765,0.01168542483604493
2011-12-02,0.008327342947865017,-0.10930871492120743,-0.0476091507053841,32.33000183105469,1.7275961934716708,-0.7241159234819968,-0.021157344592000582,0.0008989132247867916,-0.02541462844759741,-0.07612943410050688,-0.031054509762638793,-0.05445436553794302,1.1772493280560992,1.2759279622076476,0.9276390382722653
2011-12-03,-0.04001764575072405,-0.8280604509449732,0.8741339143135491,33.18000030517578,1.1507247329693797,-0.7146938602906772,0.37885362524180816,0.5631722628148301,0.9716641629551553,-0.07612943410050688,-0.3045343579946334,-1.2111839205258499,-0.004801771525306656,0.0050616332191265765,0.01168542483604493
2011-12-09,-0.08490942097084238,-0.10930871492120743,-0.0476091507053841,33.18000030517578,1.1507247329693797,-0.7099982768086973,-0.021157344592000582,0.0008989132247867916,-0.02541462844759741,-0.07612943410050688,-0.031054509762638793,-0.05445436553794302,0.2791787975204711,-0.15432517931164746,0.37512961516489407
2011-12-10,-0.11826265266501466,-0.2742528806293797,-1.4106569776160471,31.88999938964844,1.0437575740312006,-0.6743011075809412,-2.58486639914395,-2.513264365411938,-1.0948647532423104,-0.07612943410050688,-1.7180537194640546,-4.09761007879013,-0.004801771525306656,0.0050616332191265765,0.01168542483604493
2011-12-16,-0.16832733841861913,-0.10930871492120743,-0.0476091507053841,31.88999938964844,1.0437575740312006,-0.7272261860923718,-0.021157344592000582,0.0008989132247867916,-0.02541462844759741,-0.07612943410050688,-0.031054509762638793,-0.05445436553794302,-2.9577881235592938,-3.0362322205948935,-0.9157576034183114
2011-12-17,-0.16343616513164963,-0.6005500863640066,1.799328826939562,33.56999969482422,0.7392214770725619,-0.7298844711384008,2.148135529105339,1.451153315516927,2.1304967518770335,-0.07612943410050688,1.4990508884613503,0.2825344268585419,-0.004801771525306656,0.0050616332191265765,0.01168542483604493
2011-12-23,-0.1588943613651779,-0.10930871492120743,-0.0476091507053841,33.56999969482422,0.7392214770725619,-0.6872833214989459,-0.021157344592000582,0.0008989132247867916,-0.02541462844759741,-0.07612943410050688,-0.031054509762638793,-0.05445436553794302,2.6556075917126867,0.14156527189712326,0.7495338241867462
2011-12-24,-0.22966380607992534,-2.083656694341816,-0.38180087316637296,33.25,-0.4686212062358811,-0.6746452547586668,-0.2225914387773524,-1.1046551854782476,-0.28152852983544,-0.07612943410050688,0.6796231144953963,-1.4868200988821325,-0.004801771525306656,0.0050616332191265765,0.01168542483604493
2011-12-30,-0.2953782904579052,-0.10930871492120743,-0.0476091507053841,33.25,-0.4686212062358811,-0.7106001452714218,-0.021157344592000582,0.0008989132247867916,-0.02541462844759741,-0.07612943410050688,-0.031054509762638793,-0.05445436553794302,-2.0122506216764897,-0.6039532588223396,-0.5544523934378748
2011-12-31,-0.3025889567279016,3.834745778052492,2.1771776187413616,35.36000061035156,0.38305034914914865,-0.7257075849226935,3.1235355879007467,2.248451986282388,1.5240845754652301,-0.07612943410050688,0.8820117205693779,1.8436946391194626,-0.004801771525306656,0.0050616332191265765,0.01168542483604493
2012-01-06,-0.33566875208463304,-0.10930871492120743,-0.0476091507053841,35.36000061035156,0.38305034914914865,-0.7033131286240781,-0.021157344592000582,0.0008989132247867916,-0.02541462844759741,-0.07612943410050688,-0.031054509762638793,-0.05445436553794302,1.3812938631028944,-2.2791181938328453,-0.7615437860211004
2012-01-07,-0.3611783695825036,0.8155094391550355,0.5076188139014294,35.91999816894531,0.793152198067769,-0.7076343503503971,1.9410356604346177,2.025879858403017,0.6910049685770567,-0.07612943410050688,-0.18347478224042046,0.4683853236546131,-0.004801771525306656,0.0050616332191265765,0.01168542483604493
2012-01-13,-0.38486587154481205,-0.10930871492120743,-0.0476091507053841,35.91999816894531,0.793152198067769,-0.7298323874796344,-0.021157344592000582,0.0008989132247867916,-0.02541462844759741,-0.07612943410050688,-0.031054509762638793,-0.05445436553794302,-1.3278930591249538,-0.3769046516980058,-0.9431286974229486
2012-01-14,-0.37769974851612476,-0.2569376224785456,1.3578699252125435,37.36000061035156,0.7115150612896003,-0.7391628278700743,1.9413795131661038,-0.9437529749506128,0.946517222339995,-0.07612943410050688,1.0418577463255905,1.1523819110315774,-0.004801771525306656,0.0050616332191265765,0.01168542483604493
2012-01-20,-0.371045491418058,-0.10930871492120743,-0.0476091507053841,37.36000061035156,0.7115150612896003,-0.700489529303002,-0.021157344592000582,0.0008989132247867916,-0.02541462844759741,-0.07612943410050688,-0.031054509762638793,-0.05445436553794302,2.4593682455914925,2.491195953492849,1.7819885604874766
2012-01-21,-0.4204123756409903,-0.9020499953803719,-0.1883714214410184,37.209999084472656,0.29042552730845916,-0.7199742902325426,0.856377286895082,1.0963935457626905,-0.9778821913440591,-0.07612943410050688,0.025170886031002596,2.3641898163749704,-0.004801771525306656,0.0050616332191265765,0.01168542483604493
2012-01-27,-0.4662530538479989,-0.10930871492120743,-0.0476091507053841,37.209999084472656,0.29042552730845916,-0.7478386927863614,-0.021157344592000582,0.0008989132247867916,-0.02541462844759741,-0.07612943410050688,-0.031054509762638793,-0.05445436553794302,-1.7086851857999699,2.2387255920415776,1.295289851537284
2012-01-28,-0.47965786976365343,0.41597360660376853,0.9605322647562117,38.27999877929688,0.5103602663474965,-0.7494116941755428,2.10647574732538,2.2841698760936024,1.0513880646795417,-0.07612943410050688,1.890479401656617,0.15367319812273633,-0.004801771525306656,0.0050616332191265765,0.01168542483604493
2012-02-03,-0.49210519882819,-0.10930871492120743,-0.0476091507053841,38.27999877929688,0.5103602663474965,-0.7401561610559972,-0.021157344592000582,0.0008989132247867916,-0.02541462844759741,-0.07612943410050688,-0.031054509762638793,-0.05445436553794302,0.5984730124579533,-0.7676518843932719,0.4660119384314206
2012-02-04,-0.5234515985754835,-1.1418946831062045,-0.6612286648038391,37.61000061035156,0.017354016130345158,-0.7362942799138534,0.8061603687340454,-0.47922133346520274,-0.3992192144209791,-0.07612943410050688,-0.5735439942950259,-0.550848443153171,-0.004801771525306656,0.0050616332191265765,0.01168542483604493
2012-02-10,-0.552558969769399,-0.10930871492120743,-0.0476091507053841,37.61000061035156,0.017354016130345158,-0.7386277666513141,-0.021157344592000582,0.0008989132247867916,-0.02541462844759741,-0.07612943410050688,-0.031054509762638793,-0.05445436553794302,-0.1525581589729832,0.7376256059351167,-0.21097947951002385
2012-02-11,-0.5788929051568267,0.20168928660002403,0.7540557713706412,38.470001220703125,0.12488282844889152,-0.7389460117939372,-0.19588082883268618,-0.007119415405814122,0.8233753928837108,-0.07612943410050688,0.560877510029056,-0.013310800030341161,-0.004801771525306656,0.0050616332191265765,0.01168542483604493
2012-02-17,-0.6033458451594379,-0.10930871492120743,-0.0476091507053841,38.470001220703125,0.12488282844889152,-0.72728669660517,-0.021157344592000582,0.0008989132247867916,-0.02541462844759741,-0.07612943410050688,-0.031054509762638793,-0.05445436553794302,0.737749461311228,-0.3364993787050853,0.4794825013085722
2012-02-18,-0.6388970659971261,-1.0812811477555142,-0.2207639140681249,38.27999877929688,-0.2390990985234323,-0.7406473157787276,-0.5134418085117296,-0.45618679454286765,-0.9311717034292031,-0.07612943410050688,0.30290021622391394,1.6792951779428718,-0.004801771525306656,0.0050616332191265765,0.01168542483604493
2012-02-24,-0.6719089139178367,-0.10930871492120743,-0.0476091507053841,38.27999877929688,-0.2390990985234323,-0.7474434926655169,-0.021157344592000582,0.0008989132247867916,-0.02541462844759741,-0.07612943410050688,-0.031054509762638793,-0.05445436553794302,-0.4392496570057851,2.835590731234924,0.41305394652578914
2012-02-25,-0.6376437053724227,3.7151293700695414,2.1046463768954107,40.630001068115234,0.8212228706061533,-0.7300402406062754,0.8735380611983673,1.4289594083752417,1.1024701501448517,-0.07612943410050688,-0.29686786456211783,-2.2613890581065945,-0.004801771525306656,0.0050616332191265765,0.01168542483604493
2012-03-02,-0.6058260117231098,-0.10930871492120743,-0.0476091507053841,40.630001068115234,0.8212228706061533,-0.7276869530982585,-0.021157344592000582,0.0008989132247867916,-0.02541462844759741,-0.07612943410050688,-0.031054509762638793,-0.05445436553794302,0.14220837154131827,-2.2928290413544925,-0.10972861620664745
2012-03-03,-0.6030124223025043,-1.0673678738013224,0.29754105328691255,41.02999877929688,0.28424297776806906,-0.7282617543153714,-0.2986557190936331,0.07831628111591821,0.3505154049396217,-0.07612943410050688,-0.29349998477075406,0.018159950171180134,-0.004801771525306656,0.0050616332191265765,0.01168542483604493
2012-03-09,-0.6003998035547989,-0.10930871492120743,-0.0476091507053841,41.02999877929688,0.28424297776806906,-0.7165097590169232,-0.021157344592000582,0.0008989132247867916,-0.02541462844759741,-0.07612943410050688,-0.031054509762638793,-0.05445436553794302,0.7265552216202257,-0.8388924647225448,-1.239505362107239
2012-03-10,-0.5146552432151911,3.522346869099899,2.9772094303626124,44.56999969482422,1.7988127515131265,-0.7004642853116511,4.93874615673226,1.922909076868429,2.1542265552960362,-0.07612943410050688,0.8409410221436928,-1.9677609881306715,-0.004801771525306656,0.0050616332191265765,0.01168542483604493
2012-03-16,-0.43503529432841226,-0.10930871492120743,-0.0476091507053841,44.56999969482422,1.7988127515131265,-0.6348798450625676,-0.021157344592000582,0.0008989132247867916,-0.02541462844759741,-0.07612943410050688,-0.031054509762638793,-0.05445436553794302,3.847728742367777,0.5747466769999474,1.2262367612167453
2012-03-17,-0.47427690786234583,-1.7069455387176173,0.41648591899246207,45.15999984741211,0.48615355094822016,-0.6371752094832056,0.12272483208513489,0.31748382429458766,-0.3541321212317047,-0.07612943410050688,-1.2508523295021927,0.18825251994267483,-0.004801771525306656,0.0050616332191265765,0.01168542483604493
2012-03-23,-0.5107155490009985,-0.10930871492120743,-0.0476091507053841,45.15999984741211,0.48615355094822016,-0.651689909683476,-0.021157344592000582,0.0008989132247867916,-0.02541462844759741,-0.07612943410050688,-0.031054509762638793,-0.05445436553794302,-0.7608539358679612,0.8330033750652467,0.14758900892761526
2012-03-24,-0.5490644275276336,-0.27487621534307916,0.5889770509858119,45.97999954223633,0.4081742499715099,-0.6539723686130409,-0.822806374659771,-0.4114712399278149,0.5375587668328577,-0.07612943410050688,-1.0010894548932352,0.1943671170715151,-0.004801771525306656,0.0050616332191265765,0.01168542483604493
2012-03-30,-0.5884928924818794,-0.10930871492120743,-0.0476091507053841,45.97999954223633,0.4081742499715099,-0.6587903134893127,-0.021157344592000582,0.0008989132247867916,-0.02541462844759741,-0.07612943410050688,-0.031054509762638793,-0.05445436553794302,-0.2635396233225722,0.6395845036528192,0.8761400890928123
2012-03-31,-0.5792799313651705,-0.7304636077713441,-1.2980760083586385,44.34000015258789,0.12856029485393566,-0.6453314120084125,-1.0230671118734498,-1.2702829929323582,-0.39704510802552717,-0.07612943410050688,-0.5415675342133113,-1.4986483373714625,-0.004801771525306656,0.0050616332191265765,0.01168542483604493
2012-04-06,-0.5707250388996553,-0.10930871492120743,-0.0476091507053841,44.34000015258789,0.12856029485393566,-0.6848406321113868,-0.021157344592000582,0.0008989132247867916,-0.02541462844759741,-0.07612943410050688,-0.031054509762638793,-0.05445436553794302,-2.093268736705018,-2.1728303420634925,-0.754053400419614
2012-04-07,-0.5700714266758461,1.7291674182520549,-0.9410804895871655,43.209999084472656,0.8188344805032332,-0.6942681495150509,-1.701592776204021,-1.0462484500525295,-0.8419302785365954,-0.07612943410050688,-0.8568033552198672,1.055825766073507,-0.004801771525306656,0.0050616332191265765,0.01168542483604493
2012-04-13,-0.5694645010394518,-0.10930871492120743,-0.0476091507053841,43.209999084472656,0.8188344805032332,-0.7063870629855475,-0.021157344592000582,0.0008989132247867916,-0.02541462844759741,-0.07612943410050688,-0.031054509762638793,-0.05445436553794302,-0.7078937601048249,-0.05832858888322003,-0.17391307262038566
2012-04-14,-0.6050057015771851,-1.1323464419825555,-0.4451734618703804,42.720001220703125,0.24608762793210387,-0.7013183887907458,-1.06082022972105,0.3801677596159506,0.12535281053686786,-0.07612943410050688,1.3692894701497296,-0.659900646156538,-0.004801771525306656,0.0050616332191265765,0.01168542483604493
2012-04-20,-0.6380082449336518,-0.10930871492120743,-0.0476091507053841,42.720001220703125,0.24608762793210387,-0.7086650142125706,-0.021157344592000582,0.0008989132247867916,-0.02541462844759741,-0.07612943410050688,-0.031054509762638793,-0.05445436553794302,-0.43709892489944846,1.182938543943755,1.9565160775963248
2012-04-21,-0.6374089220387507,-0.28792642683227987,0.46120261667007,43.34000015258789,0.17341622404713436,-0.7150787489769311,-0.3922193543319181,-0.302892285440634,0.696636885970142,-0.07612943410050688,0.02474618961293119,0.7335783639510213,-0.004801771525306656,0.0050616332191265765,0.01168542483604493
2012-04-27,-0.6368524079220566,-0.10930871492120743,-0.0476091507053841,43.34000015258789,0.17341622404713436,-0.7223286849299465,-0.021157344592000582,0.0008989132247867916,-0.02541462844759741,-0.07612943410050688,-0.031054509762638793,-0.05445436553794302,-0.443615967412628,0.32803345770244613,0.8271060421038372
2012-04-28,-0.6245321659874007,-0.3862246355080832,-1.3338009001047204,41.75,0.06612734132796812,-0.7167704011656489,-1.7644802840692404,-1.4963414547272476,-0.703513119560607,-0.07612943410050688,-1.419227343349672,-0.7397916145104765,-0.004801771525306656,0.0050616332191265765,0.01168542483604493
2012-05-04,-0.6130919413337916,-0.10930871492120743,-0.0476091507053841,41.75,0.06612734132796812,-0.7289954207071787,-0.021157344592000582,0.0008989132247867916,-0.02541462844759741,-0.07612943410050688,-0.031054509762638793,-0.05445436553794302,-0.7473530043618414,-1.3996268899470101,-0.6234285418124568
2012-05-05,-0.48964155508582735,5.5125304914868,-3.9018037706096074,36.959999084472656,2.4948125298749035,-0.710977342184223,-0.7134235266248528,-1.878756550303277,0.2369133646922515,-0.07612943410050688,-0.9563211554439175,-2.2495508201812937,-0.004801771525306656,0.0050616332191265765,0.01168542483604493
2012-05-11,-0.37500905356986025,-0.10930871492120743,-0.0476091507053841,36.959999084472656,2.4948125298749035,-0.7287527179699076,-0.021157344592000582,0.0008989132247867916,-0.02541462844759741,-0.07612943410050688,-0.031054509762638793,-0.05445436553794302,-1.0715874170244932,-1.3893101929323226,-0.46557972683758386
2012-05-12,-0.31994453036604253,0.836188911647738,-3.339115219902341,33.4900016784668,3.447443188911817,-0.7311012399924802,-2.0008168581298817,-3.0032482020096114,-2.2271493377753213,-0.07612943410050688,-3.661160736414427,0.24404523325528454,-0.004801771525306656,0.0050616332191265765,0.01168542483604493
2012-05-18,-0.2688131873910689,-0.10930871492120743,-0.0476091507053841,33.4900016784668,3.447443188911817,-0.763946723979517,-0.021157344592000582,0.0008989132247867916,-0.02541462844759741,-0.07612943410050688,-0.031054509762638793,-0.05445436553794302,-2.0613458381204097,-1.9739615151493102,-2.046414040533748
2012-05-19,-0.2900718101342024,-1.2307542565130456,-0.03714245998134105,33.5,2.032161736335688,-0.7576676690618686,0.5010801461908458,0.4677726374772362,0.8947354897101206,-0.07612943410050688,1.0159348331735019,-0.9008994342807717,-0.004801771525306656,0.0050616332191265765,0.01168542483604493
2012-05-25,-0.30981195982425486,-0.10930871492120743,-0.0476091507053841,33.5,2.032161736335688,-0.7474144878190206,-0.021157344592000582,0.0008989132247867916,-0.02541462844759741,-0.07612943410050688,-0.031054509762638793,-0.05445436553794302,0.6760873121517036,-1.8864346246090626,-0.9933247780839078
2012-05-26,-0.331266685426158,-1.8461034561865874,-1.6906646103040612,31.93000030517578,0.49690675935680123,-0.7617257450979521,-0.5338996000375626,-1.0761926296723228,-1.67659484385957,-0.07612943410050688,-1.1525251840314243,1.8927959813585904,-0.004801771525306656,0.0050616332191265765,0.01168542483604493
2012-06-01,-0.3511889306279251,-0.10930871492120743,-0.0476091507053841,31.93000030517578,0.49690675935680123,-0.8312082126332582,-0.021157344592000582,0.0008989132247867916,-0.02541462844759741,-0.07612943410050688,-0.031054509762638793,-0.05445436553794302,-3.6007487672550775,-0.9228824983807575,-1.9076752361249836
2012-06-02,-0.342956680274392,1.7421968627155786,1.8738740324874863,33.68000030517578,1.374250781875502,-0.8242341789908878,2.148134784986265,2.475454891497963,1.2776431775217847,-0.07612943410050688,2.1545968969302853,-1.1629248873220865,-0.004801771525306656,0.0050616332191265765,0.01168542483604493
2012-06-08,-0.33531244780325414,-0.10930871492120743,-0.0476091507053841,33.68000030517578,1.374250781875502,-0.7787129151293294,-0.021157344592000582,0.0008989132247867916,-0.02541462844759741,-0.07612943410050688,-0.031054509762638793,-0.05445436553794302,3.559444146090061,0.596760578009262,0.38006752297080443
2012-06-09,-0.3434893338681181,-0.04096273978393006,1.3576572180945576,35.029998779296875,1.422654397372262,-0.7881766998180998,1.2471331633044256,0.514232755129335,0.9788475826888667,-0.07612943410050688,0.4974693298644418,1.316747747149265,-0.004801771525306656,0.0050616332191265765,0.01168542483604493
2012-06-15,-0.3510821566426346,-0.10930871492120743,-0.0476091507053841,35.029998779296875,1.422654397372262,-0.8005347139809941,-0.021157344592000582,0.0008989132247867916,-0.02541462844759741,-0.07612943410050688,-0.031054509762638793,-0.05445436553794302,-0.886862629925066,1.4389768389067445,1.6346590803135224
2012-06-16,-0.3591742079450581,0.14797341487002577,0.9131839687569013,35.9900016784668,1.6081919565728975,-0.7851305992645382,0.12163137624475044,-0.2974967617804584,0.31789000538597617,-0.07612943410050688,0.38767971517633926,-2.2698002013587484,-0.004801771525306656,0.0050616332191265765,0.01168542483604493
2012-06-22,-0.3666882555830228,-0.10930871492120743,-0.0476091507053841,35.9900016784668,1.6081919565728975,-0.7620196923185277,-0.021157344592000582,0.0008989132247867916,-0.02541462844759741,-0.07612943410050688,-0.031054509762638793,-0.05445436553794302,1.6325236968792514,-0.8206090739378173,-0.5096013654076162
2012-06-23,-0.385816167075188,-0.6223980762815774,-0.30088425986748984,35.72999954223633,1.2127508967654892,-0.772168697811397,0.8312606463122479,-0.546126953179726,0.5687729207815588,-0.07612943410050688,0.6544626013899696,1.3604880355676967,-0.004801771525306656,0.0050616332191265765,0.01168542483604493
2012-06-29,-0.4035777991750557,-0.10930871492120743,-0.0476091507053841,35.72999954223633,1.2127508967654892,-0.7771843483366303,-0.021157344592000582,0.0008989132247867916,-0.02541462844759741,-0.07612943410050688,-0.031054509762638793,-0.05445436553794302,-0.34927524285302664,1.1672195550207785,0.7681344927646028
2012-06-30,-0.40444847240483706,-1.3676331064888496,-1.8432317810873666,33.900001525878906,0.37587209177133113,-0.7705244137408761,-1.813874722861537,-1.010360952412766,-0.38631623568244555,-0.07612943410050688,1.0473720367128538,-0.9793731205384424,-0.004801771525306656,0.0050616332191265765,0.01168542483604493
2012-07-06,-0.4052569546896342,-0.10930871492120743,-0.0476091507053841,33.900001525878906,0.37587209177133113,-0.7960014648458306,-0.021157344592000582,0.0008989132247867916,-0.02541462844759741,-0.07612943410050688,-0.031054509762638793,-0.05445436553794302,-1.747796282135615,-3.5972673800719814,-1.4767313723271382
2012-07-07,-0.4049662476594079,1.6100887973206655,2.196567872212963,36.06999969482422,1.1350257030463042,-0.7993187836578642,0.5678945052751327,0.2913238595331867,0.7798125878180632,-0.07612943410050688,0.00957539039271792,0.4396907386347491,-0.004801771525306656,0.0050616332191265765,0.01168542483604493
2012-07-13,-0.4046963054170551,-0.10930871492120743,-0.0476091507053841,36.06999969482422,1.1350257030463042,-0.8119516621144167,-0.021157344592000582,0.0008989132247867916,-0.02541462844759741,-0.07612943410050688,-0.031054509762638793,-0.05445436553794302,-0.9318084061492616,-0.4870871609560941,0.5241886898134244
2012-07-14,-0.42145659135452535,-0.5353450560223225,-2.1567748048484554,33.900001525878906,0.8605255201627906,-0.8097432892106214,-2.7258375537690407,-0.7717452657412098,-0.11666964013190272,-0.07612943410050688,-0.1969575310936904,-0.39229007624949686,-0.004801771525306656,0.0050616332191265765,0.01168542483604493
2012-07-20,-0.44465729808405957,-0.10930871492120743,-0.0476091507053841,33.900001525878906,0.8605255201627906,-0.8173666025918648,-0.021157344592000582,0.0008989132247867916,-0.02541462844759741,-0.07612943410050688,-0.031054509762638793,-0.05445436553794302,-0.5793019358777843,-0.537590176524282,0.594766769207208
2012-07-21,-0.3915610140499249,-0.11244686222502182,3.0445982992704117,36.88999938964844,0.8587336822910565,-0.8256509950935089,0.9361531624848168,1.4601227965972492,0.28577496359059856,-0.07612943410050688,-0.31716583147561,1.2673253841631955,-0.004801771525306656,0.0050616332191265765,0.01168542483604493
2012-07-27,-0.34225732173251405,-0.10930871492120743,-0.0476091507053841,36.88999938964844,0.8587336822910565,-0.8032814544968582,-0.021157344592000582,0.0008989132247867916,-0.02541462844759741,-0.07612943410050688,-0.031054509762638793,-0.05445436553794302,1.7534000737413364,1.8936086075591567,0.7223041553920387
2012-07-28,-0.3648660783727471,-1.296072469356192,-0.8078975897569852,36.09000015258789,0.18167634580033853,-0.8003715820381216,0.44178284024696607,0.09759788205909437,0.14675275301766647,-0.07612943410050688,1.8391603746639837,-0.48906006956324644,-0.004801771525306656,0.0050616332191265765,0.01168542483604493
2012-08-03,-0.3987048432310839,-0.10930871492120743,-0.0476091507053841,36.09000015258789,0.18167634580033853,-0.7953637391880521,-0.021157344592000582,0.0008989132247867916,-0.02541462844759741,-0.07612943410050688,-0.031054509762638793,-0.05445436553794302,0.363654030084723,0.19670376674440496,-0.5503848976682311
2012-08-04,-0.42943234802402347,-0.668375868531184,0.8072484496494107,36.970001220703125,-0.03616337160047532,-0.7987523768167801,1.1554572535693333,1.446084173357638,-0.48499301249330246,-0.07612943410050688,0.6481818618902059,0.44959460197472945,-0.004801771525306656,0.0050616332191265765,0.01168542483604493
2012-08-10,-0.45865936891010417,-0.10930871492120743,-0.0476091507053841,36.970001220703125,-0.03616337160047532,-0.7863386646175041,-0.021157344592000582,0.0008989132247867916,-0.02541462844759741,-0.07612943410050688,-0.031054509762638793,-0.05445436553794302,0.9048234886994427,-0.8750691724189067,0.22170182439209796
2012-08-11,-0.5125301572723641,-1.1214963851965705,-0.03812769335233524,36.97999954223633,-0.37166129277002835,-0.7854769567281543,0.9261571990116731,0.11964844467072801,0.15752697751174569,-0.07612943410050688,0.02852719691154146,-0.17848561677139246,-0.004801771525306656,0.0050616332191265765,0.01168542483604493
2012-08-17,-0.5625530321801767,-0.10930871492120743,-0.0476091507053841,36.97999954223633,-0.37166129277002835,-0.7456695181375641,-0.021157344592000582,0.0008989132247867916,-0.02541462844759741,-0.07612943410050688,-0.031054509762638793,-0.05445436553794302,2.817792975353941,0.1689111382566545,0.14179932582581037
2012-08-18,-0.5673433673390952,1.0242680895980254,0.13251876442590324,37.16999816894531,-0.0975188231074086,-0.760097717634508,0.5428581095218625,0.7283860989143841,-0.016319224923576393,-0.07612943410050688,-0.882442843760809,1.901375381015701,-0.004801771525306656,0.0050616332191265765,0.01168542483604493
2012-08-24,-0.5717915357009479,-0.10930871492120743,-0.0476091507053841,37.16999816894531,-0.0975188231074086,-0.7914049819674825,-0.021157344592000582,0.0008989132247867916,-0.02541462844759741,-0.07612943410050688,-0.031054509762638793,-0.05445436553794302,-2.0954322038650783,2.103290117962379,0.8636762182891111
2012-08-25,-0.6248716715008882,-1.0898634655695127,-0.07590407296512579,37.13999938964844,-0.40646089998193635,-0.7949594435579779,-0.6086742775834697,-0.105298478960758,-0.03450735942571124,-0.07612943410050688,-0.771857863218337,0.46925983245737024,-0.004801771525306656,0.0050616332191265765,0.01168542483604493
2012-08-31,-0.6741603690294041,-0.10930871492120743,-0.0476091507053841,37.13999938964844,-0.40646089998193635,-0.8212174730817398,-0.021157344592000582,0.0008989132247867916,-0.02541462844759741,-0.07612943410050688,-0.031054509762638793,-0.05445436553794302,-1.9106832691390776,0.43064845850773464,0.3628384681047902
2012-09-01,-0.6515378210880325,0.6774223101291603,1.9913535917782472,39.29999923706055,-0.2235123992764302,-0.832627854415994,2.837748808591478,2.097869302738387,0.8566521938589634,-0.07612943410050688,0.927655815722168,1.801034418701686,-0.004801771525306656,0.0050616332191265765,0.01168542483604493
2012-09-07,-0.6305311694281873,-0.10930871492120743,-0.0476091507053841,39.29999923706055,-0.2235123992764302,-0.809483694366464,-0.021157344592000582,0.0008989132247867916,-0.02541462844759741,-0.07612943410050688,-0.031054509762638793,-0.05445436553794302,1.849211497722603,2.059417157914087,1.0976119452247022
2012-09-08,-0.5898481515428337,2.487474635150411,1.977418066587024,41.56999969482422,0.5072553592137004,-0.8165377173635922,2.382319841956489,2.2398930911706327,0.9736692459982782,-0.07612943410050688,1.3392691415944815,1.0439888649671076,-0.004801771525306656,0.0050616332191265765,0.01168542483604493
2012-09-14,-0.5520710635064335,-0.10930871492120743,-0.0476091507053841,41.56999969482422,0.5072553592137004,-0.7688220140915533,-0.021157344592000582,0.0008989132247867916,-0.02541462844759741,-0.07612943410050688,-0.031054509762638793,-0.05445436553794302,3.655486700756346,3.2100950980942256,1.6251162114974345
2012-09-15,-0.5916320038956435,-1.1734516156931802,-0.6295323440394945,40.880001068115234,6.490731683241892e-05,-0.7701933705065424,-1.3204627516140366,-0.848961242715899,-1.0189448848796758,-0.07612943410050688,-0.7311146406386617,0.135848875038306,-0.004801771525306656,0.0050616332191265765,0.01168542483604493
2012-09-21,-0.6283671628284815,-0.10930871492120743,-0.0476091507053841,40.880001068115234,6.490731683241892e-05,-0.7951070713765307,-0.021157344592000582,0.0008989132247867916,-0.02541462844759741,-0.07612943410050688,-0.031054509762638793,-0.05445436553794302,-1.7079299183291035,-1.365860620393578,0.06052530751178779
2012-09-22,-0.6402600999130819,-0.38437951796579056,-0.3906518740247131,40.47999954223633,-0.09377155900072659,-0.794111136740926,-0.8879209730413715,-0.7439392810045179,-0.4147739517861072,-0.07612943410050688,-1.2721552385579997,-0.2008855787887153,-0.004801771525306656,0.0050616332191265765,0.01168542483604493
2012-09-28,-0.6513035414916393,-0.10930871492120743,-0.0476091507053841,40.47999954223633,-0.09377155900072659,-0.8213572405004305,-0.021157344592000582,0.0008989132247867916,-0.02541462844759741,-0.07612943410050688,-0.031054509762638793,-0.05445436553794302,-1.97822606489427,-1.2176564872151256,-0.8182349444424661
2012-09-29,-0.6556563601857337,0.23325402061493156,1.0176662851766063,41.709999084472656,0.014502125664986184,-0.8229369967630905,1.5437787220874326,1.6548520854353737,1.1485805888595326,-0.07612943410050688,1.4445685460088644,0.19576299437121064,-0.004801771525306656,0.0050616332191265765,0.01168542483604493
2012-10-05,-0.6596982632588216,-0.10930871492120743,-0.0476091507053841,41.709999084472656,0.014502125664986184,-0.8003276531006344,-0.021157344592000582,0.0008989132247867916,-0.02541462844759741,-0.07612943410050688,-0.031054509762638793,-0.05445436553794302,1.7593199452742183,1.8766954147866783,0.46132167105332833
2012-10-06,-0.6804624055606294,0.46833403201822554,-0.12325768664040669,41.619998931884766,0.21378437914283702,-0.7956913284529884,-0.6263241606672083,-0.01428620090924883,-1.3982558242689451,-0.07612943410050688,-0.901023220207134,-0.7388191829986748,-0.004801771525306656,0.0050616332191265765,0.01168542483604493
2012-10-12,-0.6997433948408793,-0.10930871492120743,-0.0476091507053841,41.619998931884766,0.21378437914283702,-0.809415894352667,-0.021157344592000582,0.0008989132247867916,-0.02541462844759741,-0.07612943410050688,-0.031054509762638793,-0.05445436553794302,-1.0027906284576127,-1.0205884573810824,-0.835048879545865
2012-10-13,-0.7041077808989479,-0.1718561142199084,0.5420403165669903,42.31999969482422,0.18887641495991786,-0.8015174555654662,0.9683434645155832,1.8317162963769458,0.05590096009123459,-0.07612943410050688,1.1365200465814744,-1.237557054522039,-0.004801771525306656,0.0050616332191265765,0.01168542483604493
2012-10-19,-0.7119792171323817,-0.10930871492120743,-0.0476091507053841,42.31999969482422,0.18887641495991786,-0.7781758158241555,-0.021157344592000582,0.0008989132247867916,-0.02541462844759741,-0.07612943410050688,-0.031054509762638793,-0.05445436553794302,1.7175655851132867,0.7009005122928849,-0.4959490021919007
2012-10-20,-0.7248429784016863,-0.8167051107729248,-1.008578947591037,41.15999984741211,-0.08812012634623703,-0.7752697355091649,-0.9771157838883918,-0.39692987747293423,-0.3588343752087988,-0.07612943410050688,-1.0288566182631342,-0.46259724876535185,-0.004801771525306656,0.0050616332191265765,0.01168542483604493
2012-10-26,-0.7367878995803262,-0.10930871492120743,-0.0476091507053841,41.15999984741211,-0.08812012634623703,-0.7776201345688545,-0.021157344592000582,0.0008989132247867916,-0.02541462844759741,-0.07612943410050688,-0.031054509762638793,-0.05445436553794302,-0.16741634318559967,-0.7595348500531821,0.6844943637633291
2012-10-27,-0.7385063820169837,-1.8000586906301925,1.0256190205581115,42.41999816894531,-0.6250673015116784,-0.76842350673695,2.2361450623659684,0.722175365450953,-0.23493321176509216,-0.07612943410050688,0.6696810599310054,-1.3253884107712264,-0.004801771525306656,0.0050616332191265765,0.01168542483604493
2012-11-02,-0.7401021157081656,-0.10930871492120743,-0.0476091507053841,42.41999816894531,-0.6250673015116784,-0.7756297032615006,-0.021157344592000582,0.0008989132247867916,-0.02541462844759741,-0.07612943410050688,-0.031054509762638793,-0.05445436553794302,-0.495386181534165,-0.8194676110755476,-0.4248196721544509
2012-11-03,-0.6974944072888082,4.504898764175934,-1.5352535702468904,40.619998931884766,0.17848528212858314,-0.7892830260347261,-1.2236281593000373,-1.1715960582270397,-1.300272709755492,-0.07612943410050688,-1.1388381548281534,1.9291485713388319,-0.004801771525306656,0.0050616332191265765,0.01168542483604493
2012-11-09,-0.6579301066136904,-0.10930871492120743,-0.0476091507053841,40.619998931884766,0.17848528212858314,-0.821819677327437,-0.021157344592000582,0.0008989132247867916,-0.02541462844759741,-0.07612943410050688,-0.031054509762638793,-0.05445436553794302,-2.333442437700681,-1.2219447276818298,-0.8647000891765452
2012-11-10,-0.6597267180668488,-0.4612263282709105,-0.9883805655223576,39.52999877929688,0.04166106572572596,-0.8183274392901394,-0.9482262127393575,-0.697091655268537,-0.4176064652763584,-0.07612943410050688,-1.900656644947852,-0.6008381649044378,-0.004801771525306656,0.0050616332191265765,0.01168542483604493
2012-11-16,-0.6613950001304958,-0.10930871492120743,-0.0476091507053841,39.52999877929688,0.04166106572572596,-0.8253646516113222,-0.021157344592000582,0.0008989132247867916,-0.02541462844759741,-0.07612943410050688,-0.031054509762638793,-0.05445436553794302,-0.5471870198580815,0.0050616332191265765,-0.3159588732005693
2012-11-17,-0.6764832440289476,-1.7628940579998087,1.3359433434900587,41.09000015258789,-0.5408094791548261,-0.8331949380809199,2.390752352080249,0.7933126675288902,1.19533568556077,-0.07612943410050688,2.472571012455199,1.2208508555584636,-0.004801771525306656,0.0050616332191265765,0.01168542483604493
2012-11-23,-0.7099348191199758,-0.10930871492120743,-0.0476091507053841,41.09000015258789,-0.5408094791548261,-0.8056407940976774,-0.021157344592000582,0.0008989132247867916,-0.02541462844759741,-0.07612943410050688,-0.031054509762638793,-0.05445436553794302,2.2059330381348583,2.2796570668670326,1.197481997873723
2012-11-24,-0.7291936495953257,1.9889688099235032,-0.0561399243392247,41.08000183105469,-0.12817310119548128,-0.796423327046372,-0.13509986496506213,-1.0688236521756114,-0.20251204563479946,-0.07612943410050688,0.5077776231139008,-1.4175311431867945,-0.004801771525306656,0.0050616332191265765,0.01168542483604493
2012-11-30,-0.7470768493224366,-0.10930871492120743,-0.0476091507053841,41.08000183105469,-0.12817310119548128,-0.8152265195238894,-0.021157344592000582,0.0008989132247867916,-0.02541462844759741,-0.07612943410050688,-0.031054509762638793,-0.05445436553794302,-1.3745903986872905,0.47153772233514446,-0.023661517626570257
2012-12-01,-0.7324381359145616,0.5394969379073392,1.2154642480095061,42.560001373291016,0.07093247685009876,-0.813684685389539,2.2097395943457063,2.3452452830669257,0.18082434011905635,-0.07612943410050688,0.5022806039527771,-0.2927550259998578,-0.004801771525306656,0.0050616332191265765,0.01168542483604493
2012-12-07,-0.7188450448929636,-0.10930871492120743,-0.0476091507053841,42.560001373291016,0.07093247685009876,-0.8089648522808466,-0.021157344592000582,0.0008989132247867916,-0.02541462844759741,-0.07612943410050688,-0.031054509762638793,-0.05445436553794302,0.35455635597088836,-0.6144683323309017,0.039971800654875905
2012-12-08,-0.7409388551277564,-0.7596377437835704,0.15832853943308434,42.810001373291016,-0.16322899684309078,-0.8070934070672976,-0.18018551704807892,-0.027155626305141387,-0.09991184092841565,-0.07612943410050688,0.05119037666466383,-0.3387963086948756,-0.004801771525306656,0.0050616332191265765,0.01168542483604493
2012-12-14,-0.761454536060064,-0.10930871492120743,-0.0476091507053841,42.810001373291016,-0.16322899684309078,-0.7881227846221114,-0.021157344592000582,0.0008989132247867916,-0.02541462844759741,-0.07612943410050688,-0.031054509762638793,-0.05445436553794302,1.4151010737035818,1.763513699390753,0.7752270081253799
2012-12-15,-0.7680071269525365,1.8682949348724518,0.9269286297477116,44.0,0.4251394538258595,-0.7791005438085279,1.8713349934242087,1.3278580047564401,1.216119265240362,-0.07612943410050688,0.17097552105412606,-1.3332217140987737,-0.004801771525306656,0.0050616332191265765,0.01168542483604493
2012-12-21,-0.7740916756384039,-0.10930871492120743,-0.0476091507053841,44.0,0.4251394538258595,-0.7669816303380311,-0.021157344592000582,0.0008989132247867916,-0.02541462844759741,-0.07612943410050688,-0.031054509762638793,-0.05445436553794302,0.8413612612419097,0.2938526418023784,0.20831596060282617
2012-12-22,-0.795363884566805,-2.083656694341816,-0.6531694828697658,43.2400016784668,-0.6762137485649883,-0.7658928521154917,0.15369184694687468,-0.3199790879043014,-0.536976905112188,-0.07612943410050688,-0.1926253258298311,-0.2040334723492023,-0.004801771525306656,0.0050616332191265765,0.01168542483604493
2012-12-28,-0.8151166500003204,-0.10930871492120743,-0.0476091507053841,43.2400016784668,-0.6762137485649883,-0.7756125880494605,-0.021157344592000582,0.0008989132247867916,-0.02541462844759741,-0.07612943410050688,-0.031054509762638793,-0.05445436553794302,-0.6626098693149611,0.49121199153681816,-0.05841814188144207
2012-12-29,-0.7952707156820037,3.2374953759438423,1.6712781455232324,45.36000061035156,-0.13910189444724505,-0.773878109008854,1.8406912768224855,2.3152713450188003,0.9145252202918394,-0.07612943410050688,1.792746669012493,-0.29724924316531964,-0.004801771525306656,0.0050616332191265765,0.01168542483604493
2013-01-04,-0.7768423481007095,-0.10930871492120743,-0.0476091507053841,45.36000061035156,-0.13910189444724505,-0.7250789115308469,-0.021157344592000582,0.0008989132247867916,-0.02541462844759741,-0.07612943410050688,-0.031054509762638793,-0.05445436553794302,3.3602858963581816,-1.5460581934276967,-0.8370927390415012
2013-01-05,-0.7993066237213846,0.20647189164549942,0.5552534367272279,46.13999938964844,-0.043116967626146,-0.7284547352292012,-1.1389419261356497,-0.05509657453427197,0.11629123628790834,-0.07612943410050688,0.3122043124229356,0.3721875794709191,-0.004801771525306656,0.0050616332191265765,0.01168542483604493
2013-01-11,-0.8201663082262971,-0.10930871492120743,-0.0476091507053841,46.13999938964844,-0.043116967626146,-0.7381446094668056,-0.021157344592000582,0.0008989132247867916,-0.02541462844759741,-0.07612943410050688,-0.031054509762638793,-0.05445436553794302,-0.6080765555085667,2.785040312848665,0.6619069352324896
2013-01-12,-0.8298155500324714,1.5139249346655814,0.19553814382069964,46.459999084472656,0.49190204603154986,-0.7453654724064056,-1.2093246028387117,-0.42307689183344427,-0.17528931428181557,-0.07612943410050688,0.3211540489693962,0.89237648726239,-0.004801771525306656,0.0050616332191265765,0.01168542483604493
2013-01-18,-0.8387755602810619,-0.10930871492120743,-0.0476091507053841,46.459999084472656,0.49190204603154986,-0.7501339982771696,-0.021157344592000582,0.0008989132247867916,-0.02541462844759741,-0.07612943410050688,-0.031054509762638793,-0.05445436553794302,-0.3128230236649033,-0.4387736831344169,-1.7591963925412175
2013-01-19,-0.8568160350317118,-1.7899608310351958,0.4806132057660872,47.15999984741211,-0.3022354820112188,-0.7420050049588617,1.193956702226349,0.7929871617721819,0.16062692261524383,-0.07612943410050688,1.3585317554344916,-1.1124732080102062,-0.004801771525306656,0.0050616332191265765,0.01168542483604493
2013-01-25,-0.8735679044430295,-0.10930871492120743,-0.0476091507053841,47.15999984741211,-0.3022354820112188,-0.7152999365921116,-0.021157344592000582,0.0008989132247867916,-0.02541462844759741,-0.07612943410050688,-0.031054509762638793,-0.05445436553794302,1.7074340124271754,1.3683023245341037,-0.5380062856725727
2013-01-26,-0.8714180597297962,0.43190674582589855,0.4653371395316672,47.84999847412109,-0.16131174122622613,-0.7190431892016907,0.1972657442293005,0.06857253239101882,-0.034219367497379624,-0.07612943410050688,0.6247762256183298,0.4092886430290559,-0.004801771525306656,0.0050616332191265765,0.01168542483604493
2013-02-01,-0.8694217753532225,-0.10930871492120743,-0.0476091507053841,47.84999847412109,-0.16131174122622613,-0.7045902201716324,-0.021157344592000582,0.0008989132247867916,-0.02541462844759741,-0.07612943410050688,-0.031054509762638793,-0.05445436553794302,0.8772590868744559,2.0839287305846197,-0.3828651161581896
2013-02-02,-0.8779828858159993,0.3122155882444247,0.5238847248383719,48.630001068115234,-0.0356856935798913,-0.7035873538949409,0.0992564345955134,-0.20773817952098445,-0.24563271531044667,-0.07612943410050688,-0.8937508093045782,-0.17479737591204042,-0.004801771525306656,0.0050616332191265765,0.01168542483604493
2013-02-08,-0.8859324883885777,-0.10930871492120743,-0.0476091507053841,48.630001068115234,-0.0356856935798913,-0.715656074809124,-0.021157344592000582,0.0008989132247867916,-0.02541462844759741,-0.07612943410050688,-0.031054509762638793,-0.05445436553794302,-0.7182333481721748,-2.8170969283375755,0.5155948850653383
2013-02-09,-0.9058120788963342,-0.8929844304630621,0.13262338440866542,48.880001068115234,-0.29554144618851386,-0.6985780396297092,0.6263087913560732,0.7183897176286119,0.2229963515371742,-0.07612943410050688,0.6447701004355822,-2.0831640954165827,-0.004801771525306656,0.0050616332191265765,0.01168542483604493
2013-02-15,-0.9242716986535368,-0.10930871492120743,-0.0476091507053841,48.880001068115234,-0.29554144618851386,-0.6935789127195192,-0.021157344592000582,0.0008989132247867916,-0.02541462844759741,-0.07612943410050688,-0.031054509762638793,-0.05445436553794302,0.2877410257329011,-0.030410657544118643,-2.1096997495913254
2013-02-16,-0.9150285974649188,0.026338977585923407,-0.026092739379623035,48.90999984741211,-0.25997842661494186,-0.681948400098791,-1.4042393426356747,-0.6313691676680684,0.5554649523632843,-0.07612943410050688,0.045816254930753864,-1.3913541562477367,-0.004801771525306656,0.0050616332191265765,0.01168542483604493
2013-02-22,-0.9064457177897735,-0.10930871492120743,-0.0476091507053841,48.90999984741211,-0.25997842661494186,-0.692178106906648,-0.021157344592000582,0.0008989132247867916,-0.02541462844759741,-0.07612943410050688,-0.031054509762638793,-0.05445436553794302,-0.5840656188326113,-1.7336009381575253,-1.9018437872906315
2013-02-23,-0.8689671376671207,2.3586660185199886,-0.0476091507053841,48.90999984741211,0.4105004764964088,-0.6920178508304149,-0.26766642910419536,-0.41861815307060274,-0.39689367800054637,-0.07612943410050688,0.41404312669109905,-0.07324347573659978,-0.004801771525306656,0.0050616332191265765,0.01168542483604493
2013-03-01,-0.8341655989818005,-0.10930871492120743,-0.0476091507053841,48.90999984741211,0.4105004764964088,-0.7201584928608474,-0.021157344592000582,0.0008989132247867916,-0.02541462844759741,-0.07612943410050688,-0.031054509762638793,-0.05445436553794302,-1.6301220334497422,-1.5974339923465701,-1.6449759082531061
2013-03-02,-0.8077516901171409,-0.9539486969726672,0.8770673460020272,50.20000076293945,0.02975946700738467,-0.7215769822493909,1.7942368813113014,2.8658271278469,0.9451708788242,-0.07612943410050688,1.0510208973728346,0.12221761453746804,-0.004801771525306656,0.0050616332191265765,0.01168542483604493
2013-03-08,-0.7832244890285284,-0.10930871492120743,-0.0476091507053841,50.20000076293945,0.02975946700738467,-0.6705647042983991,-0.021157344592000582,0.0008989132247867916,-0.02541462844759741,-0.07612943410050688,-0.031054509762638793,-0.05445436553794302,3.12509159698998,0.041566302016585795,-0.7950064321053271
2013-03-09,-0.7840561885274109,0.5653691845441572,-0.17331832666702365,50.02000045776367,0.26526781822436707,-0.6758107285293745,1.1470613924873543,0.3289024141631431,1.4158621570544856,-0.07612943410050688,0.030791853981665184,0.5414485726722167,-0.004801771525306656,0.0050616332191265765,0.01168542483604493
2013-03-15,-0.7848284809192304,-0.10930871492120743,-0.0476091507053841,50.02000045776367,0.26526781822436707,-0.6884364673319047,-0.021157344592000582,0.0008989132247867916,-0.02541462844759741,-0.07612943410050688,-0.031054509762638793,-0.05445436553794302,-0.7113068280105569,0.771423656400488,1.5151434437161608
2013-03-16,-0.7914472827662224,-0.7255907666081709,-0.9167217454227545,48.77999877929688,0.011373225571251998,-0.6927656136502618,-0.04359072272401258,-1.1330275635332054,-0.8354943637564669,-0.07612943410050688,-1.0125639848567336,0.4538675445564716,-0.004801771525306656,0.0050616332191265765,0.01168542483604493
2013-03-22,-0.7986347536331099,-0.10930871492120743,-0.0476091507053841,48.77999877929688,0.011373225571251998,-0.7127944914032311,-0.021157344592000582,0.0008989132247867916,-0.02541462844759741,-0.07612943410050688,-0.031054509762638793,-0.05445436553794302,-1.1633294661399192,-0.7201182969453394,0.8734739844695102
2013-03-23,-0.791769576453034,-0.8730047245265198,-0.9963104766490725,47.459999084472656,-0.2514576540696839,-0.7093405192762033,-0.874366478137525,-0.5769183264645368,-0.200103641945532,-0.07612943410050688,0.16329044848473598,-0.47382766239087554,-0.004801771525306656,0.0050616332191265765,0.01168542483604493
2013-03-29,-0.785394769071535,-0.10930871492120743,-0.0476091507053841,47.459999084472656,-0.2514576540696839,-0.7244695549627549,-0.021157344592000582,0.0008989132247867916,-0.02541462844759741,-0.07612943410050688,-0.031054509762638793,-0.05445436553794302,-0.9097139475001902,-1.6366372530049895,-0.33042862925927213
2013-03-30,-0.7860713161359395,0.6320788299939502,0.2848076661360403,47.90999984741211,-0.04835615760533702,-0.7186630736581484,-0.507378103492435,-0.73306377573117,0.10843783153045958,-0.07612943410050688,-1.6909024064111629,-0.773233211840108,-0.004801771525306656,0.0050616332191265765,0.01168542483604493
2013-04-05,-0.7866995384100294,-0.10930871492120743,-0.0476091507053841,47.90999984741211,-0.04835615760533702,-0.7569514234069827,-0.021157344592000582,0.0008989132247867916,-0.02541462844759741,-0.07612943410050688,-0.031054509762638793,-0.05445436553794302,-2.33966874964233,1.9565261441831956,1.0784339532791911
2013-04-06,-0.781728449614832,0.11863418759634166,0.7573306004478959,49.0099983215332,0.026454982070467772,-0.7351895528830192,0.4500335004637237,1.0872914518887113,0.024561876659331586,-0.07612943410050688,1.3846508350624407,-2.8449508603401403,-0.004801771525306656,0.0050616332191265765,0.01168542483604493
2013-04-12,-0.7771124385907201,-0.10930871492120743,-0.0476091507053841,49.0099983215332,0.026454982070467772,-0.7271523154241135,-0.021157344592000582,0.0008989132247867916,-0.02541462844759741,-0.07612943410050688,-0.031054509762638793,-0.05445436553794302,0.5028960481350231,0.6146842778971331,0.2851236188598757
2013-04-13,-0.728389446359425,0.6798047322722484,-1.320914251124154,47.22999954223633,0.30121254397877106,-0.6916357655743982,-1.2029497982093853,0.14827898117100344,-0.4578639362948072,-0.07612943410050688,-1.0380128608647483,-4.21541249443942,-0.004801771525306656,0.0050616332191265765,0.01168542483604493
2013-04-19,-0.6831466678589367,-0.10930871492120743,-0.0476091507053841,47.22999954223633,0.30121254397877106,-0.6973998273071892,-0.021157344592000582,0.0008989132247867916,-0.02541462844759741,-0.07612943410050688,-0.031054509762638793,-0.05445436553794302,-0.3374647238360753,-0.24840243187866862,-0.8656342864203876
2013-04-20,-0.6595350062820053,-1.647649108909754,1.1771871510498173,48.880001068115234,-0.3473204349129167,-0.7173969648179691,1.816974253279495,1.1089060299524116,0.978256188420834,-0.07612943410050688,1.430733288846804,2.414423754569782,-0.004801771525306656,0.0050616332191265765,0.01168542483604493
2013-04-26,-0.637609891960569,-0.10930871492120743,-0.0476091507053841,48.880001068115234,-0.3473204349129167,-0.7256962862464486,-0.021157344592000582,0.0008989132247867916,-0.02541462844759741,-0.07612943410050688,-0.031054509762638793,-0.05445436553794302,-0.5095649217078316,-0.3759492119198602,1.6834238652603402
2013-04-27,-0.6342618038246047,0.7042970255653955,-0.9871983288548193,47.56999969482422,-0.14526917574040182,-0.7291328699408818,-0.4298652755929606,0.029032256501631316,-0.1397833586862787,-0.07612943410050688,0.9417079861835375,0.38049739651747827,-0.004801771525306656,0.0050616332191265765,0.01168542483604493
2013-05-03,-0.6311528648412095,-0.10930871492120743,-0.0476091507053841,47.56999969482422,-0.14526917574040182,-0.7071630677172236,-0.021157344592000582,0.0008989132247867916,-0.02541462844759741,-0.07612943410050688,-0.031054509762638793,-0.05445436553794302,1.3649868556366804,0.8059444682554922,0.626729074310819
2013-05-04,-0.6230585251632701,-0.1377861529061894,0.9768129110983064,48.959999084472656,-0.15387828600179523,-0.6978070179686419,1.7759540494712545,1.0013179659049152,0.2123695096796755,-0.07612943410050688,1.0121908315505497,-1.164144865603232,-0.004801771525306656,0.0050616332191265765,0.01168542483604493
2013-05-10,-0.6155423526051833,-0.10930871492120743,-0.0476091507053841,48.959999084472656,-0.15387828600179523,-0.664221569706284,-0.021157344592000582,0.0008989132247867916,-0.02541462844759741,-0.07612943410050688,-0.031054509762638793,-0.05445436553794302,1.9575358685101203,-1.414196569564939,-1.655990724716156
2013-05-11,-0.5634321478025389,0.6221378804338165,2.3440679618479026,52.29999923706055,0.06556568794760105,-0.6362090806169027,0.8668859062847097,1.4629821168769919,1.479934009544232,-0.07612943410050688,0.9423137041929485,-3.0113224856555525,-0.004801771525306656,0.0050616332191265765,0.01168542483604493
2013-05-17,-0.5150441004857977,-0.10930871492120743,-0.0476091507053841,52.29999923706055,0.06556568794760105,-0.6214779730754102,-0.021157344592000582,0.0008989132247867916,-0.02541462844759741,-0.07612943410050688,-0.031054509762638793,-0.05445436553794302,0.7611984476113323,-1.2484080976336223,-1.178295418143946
2013-05-18,-0.4933721971993744,0.7005824013065091,0.8640550109453309,53.65999984741211,0.35601900801171554,-0.6305505520589643,-0.4201273269530881,-0.47627921213042074,0.2539292865837152,-0.07612943410050688,-0.7037434896709608,0.8936213196465922,-0.004801771525306656,0.0050616332191265765,0.01168542483604493
2013-05-24,-0.47324828700483834,-0.10930871492120743,-0.0476091507053841,53.65999984741211,0.35601900801171554,-0.6131523792855904,-0.021157344592000582,0.0008989132247867916,-0.02541462844759741,-0.07612943410050688,-0.031054509762638793,-0.05445436553794302,0.8908292539267575,0.948276430980786,-0.33938638078387035
2013-05-25,-0.4826817540889637,-1.4146461302281619,0.5600078069393146,54.59000015258789,-0.21339500430620642,-0.6155797973099635,0.8734301318683554,0.7690332350417112,0.21297723207819474,-0.07612943410050688,-0.7344011960195629,0.19266564404282216,-0.004801771525306656,0.0050616332191265765,0.01168542483604493
2013-05-31,-0.5001204267493581,-0.10930871492120743,-0.0476091507053841,54.59000015258789,-0.21339500430620642,-0.5722655159753623,-0.021157344592000582,0.0008989132247867916,-0.02541462844759741,-0.07612943410050688,-0.031054509762638793,-0.05445436553794302,2.167437655877102,0.6289072099842936,0.4537619647287064
2013-06-01,-0.47708438384986934,0.7633574491002855,-0.2531196103073224,54.27000045776367,0.03454279074775349,-0.5679359779970412,-0.5992112571687289,-0.1971311677153679,0.508779121775408,-0.07612943410050688,-1.7395482879013229,-0.46178117596459295,-0.004801771525306656,0.0050616332191265765,0.01168542483604493
2013-06-07,-0.4556937725860582,-0.10930871492120743,-0.0476091507053841,54.27000045776367,0.03454279074775349,-0.5650283150840941,-0.021157344592000582,0.0008989132247867916,-0.02541462844759741,-0.07612943410050688,-0.031054509762638793,-0.05445436553794302,0.12995752628576565,2.323108101858405,2.7956492539061752
2013-06-08,-0.47714317180314186,-1.164508619803052,-0.7840574362249711,53.130001068115234,-0.3351418265662002,-0.5669840355319496,-0.6745399779832421,-1.2167149614423518,-0.8431141536426452,-0.07612943410050688,-1.094168084214309,0.12926310534978505,-0.004801771525306656,0.0050616332191265765,0.01168542483604493
2013-06-14,-0.49706047107614815,-0.10930871492120743,-0.0476091507053841,53.130001068115234,-0.3351418265662002,-0.5756799866609127,-0.021157344592000582,0.0008989132247867916,-0.02541462844759741,-0.07612943410050688,-0.031054509762638793,-0.05445436553794302,-0.4072166331915564,0.7927597183659033,0.9441358585649413
2013-06-15,-0.48465779953719784,1.6619718842115827,-0.819657031658754,51.959999084472656,0.11050123014423041,-0.5297185229476628,-0.8410737428759492,-1.2595042552615678,0.5910199753954316,-0.07612943410050688,-2.0327949328969925,-4.130519541522053,-0.004801771525306656,0.0050616332191265765,0.01168542483604493
2013-06-21,-0.4731410331081725,-0.10930871492120743,-0.0476091507053841,51.959999084472656,0.11050123014423041,-0.4114084272404375,-0.021157344592000582,0.0008989132247867916,-0.02541462844759741,-0.07612943410050688,-0.031054509762638793,-0.05445436553794302,4.7400464054802285,-1.9245072437521988,-2.2498410679410115
2013-06-22,-0.4430058299530401,-0.7229777628119052,0.5124158014252886,52.790000915527344,-0.11694657712266854,-0.3679416433036278,0.35663132696740496,0.6204561959133665,0.2087896471406658,-0.07612943410050688,1.0361810931031763,-3.1561590625252745,-0.004801771525306656,0.0050616332191265765,0.01168542483604493
2013-06-28,-0.41502314130898865,-0.10930871492120743,-0.0476091507053841,52.790000915527344,-0.11694657712266854,-0.3679416433036278,-0.021157344592000582,0.0008989132247867916,-0.02541462844759741,-0.07612943410050688,-0.031054509762638793,-0.05445436553794302,-0.004801771525306656,-0.925973060389836,-1.1900214065488268
2013-06-29,-0.44111336406175145,-1.2147741978972093,0.749333948719707,53.9900016784668,-0.4595071532267014,-0.3605001725766288,0.4174259824758477,0.30907520512217806,0.5744403102895919,-0.07612943410050688,1.6610902552374787,-0.5807336258628567,-0.004801771525306656,0.0050616332191265765,0.01168542483604493
2013-07-05,-0.46533999947503113,-0.10930871492120743,-0.0476091507053841,53.9900016784668,-0.4595071532267014,-0.2908759230252132,-0.021157344592000582,0.0008989132247867916,-0.02541462844759741,-0.07612943410050688,-0.031054509762638793,-0.05445436553794302,2.4208655890740403,-1.6257598937434667,-2.223747244042521
2013-07-06,-0.487836293361626,1.7956405273572327,0.5887612829606045,54.970001220703125,-0.04351830441056363,-0.33684712289951435,1.5335559552330662,1.2411450469180658,0.3865004812764746,-0.07612943410050688,1.7155416799397962,3.1072343305478345,-0.004801771525306656,0.0050616332191265765,0.01168542483604493
2013-07-12,-0.5108085902742533,-0.10930871492120743,-0.0476091507053841,54.970001220703125,-0.04351830441056363,-0.37461169627507934,-0.021157344592000582,0.0008989132247867916,-0.02541462844759741,-0.07612943410050688,-0.031054509762638793,-0.05445436553794302,-1.284274665028262,2.009671806239779,1.51675681248221
2013-07-13,-0.5272796437875215,-0.24486216560157545,0.711349604853244,56.15999984741211,-0.08818228992425825,-0.38445580152410747,1.9639503239548886,0.8010159497377037,1.2957201073639717,-0.07612943410050688,0.830691665965409,0.662296207626926,-0.004801771525306656,0.0050616332191265765,0.01168542483604493
2013-07-19,-0.5425741934784132,-0.10930871492120743,-0.0476091507053841,56.15999984741211,-0.08818228992425825,-0.41865844145653874,-0.021157344592000582,0.0008989132247867916,-0.02541462844759741,-0.07612943410050688,-0.031054509762638793,-0.05445436553794302,-1.2315760688399175,0.85897656278887,1.1519513977938047
2013-07-20,-0.5786474545423756,-1.3158528473532212,-0.11627889952551226,56.04999923706055,-0.47133568247614055,-0.4353613046744425,-0.059396592137967816,-0.06969906924610555,-0.6798222497431392,-0.07612943410050688,-0.7835055067510368,1.2430738297493167,-0.004801771525306656,0.0050616332191265765,0.01168542483604493
2013-07-26,-0.6121440541017692,-0.10930871492120743,-0.0476091507053841,56.04999923706055,-0.47133568247614055,-0.411021149073829,-0.021157344592000582,0.0008989132247867916,-0.02541462844759741,-0.07612943410050688,-0.031054509762638793,-0.05445436553794302,0.9266544949448442,1.150503253013925,0.8138043712129532
2013-07-27,-0.6304032524316351,-0.2727959994377505,0.22760891429043686,56.4900016784668,-0.5065202676361448,-0.40437293588969014,0.1894404330600031,0.40034367485394967,0.6715803296552041,-0.07612943410050688,0.9025959325041111,-0.5506905178351249,-0.004801771525306656,0.0050616332191265765,0.01168542483604493
2013-08-02,-0.6473582223093678,-0.10930871492120743,-0.0476091507053841,56.4900016784668,-0.5065202676361448,-0.38903149729852887,-0.021157344592000582,0.0008989132247867916,-0.02541462844759741,-0.07612943410050688,-0.031054509762638793,-0.05445436553794302,0.5593069169861709,-0.00387126749573091,-0.6594243945552222
2013-08-03,-0.6370649165175939,-0.46016466920735744,-1.27023161025801,54.52000045776367,-0.5787314429259397,-0.3904451972060405,-0.7622841244381653,-0.8358907603932536,-0.9018098461003338,-0.07612943410050688,-0.6688314987531682,0.049242624717707933,-0.004801771525306656,0.0050616332191265765,0.01168542483604493
2013-08-09,-0.6275068468538035,-0.10930871492120743,-0.0476091507053841,54.52000045776367,-0.5787314429259397,-0.4088226718065176,-0.021157344592000582,0.0008989132247867916,-0.02541462844759741,-0.07612943410050688,-0.031054509762638793,-0.05445436553794302,-0.6688627980011733,0.630411811918015,1.7180008239191857
2013-08-10,-0.6356424430427965,0.8286655203472589,-0.8385546531777338,53.290000915527344,-0.40377586964705536,-0.4425658018804642,-0.07970519710019279,-0.49806421843223214,-0.36900954667685054,-0.07612943410050688,-0.8637935167094657,2.591877947863208,-0.004801771525306656,0.0050616332191265765,0.01168542483604493
2013-08-16,-0.64319692521829,-0.10930871492120743,-0.0476091507053841,53.290000915527344,-0.40377586964705536,-0.36341216427947154,-0.021157344592000582,0.0008989132247867916,-0.02541462844759741,-0.07612943410050688,-0.031054509762638793,-0.05445436553794302,3.0532380138217348,-0.14601208195192406,0.8448803522613761
2013-08-17,-0.6269519465878404,0.09394137498279503,-0.6857609748298265,52.31999969482422,-0.3563657808095467,-0.3777289205802526,0.27219280519153827,-0.27173752498249093,-0.018177236053791068,-0.07612943410050688,-0.11094626612230521,0.9793809647561129,-0.004801771525306656,0.0050616332191265765,0.01168542483604493
2013-08-23,-0.6236708024001485,-0.10930871492120743,-0.0476091507053841,52.31999969482422,-0.3563657808095467,-0.3834913307676706,-0.021157344592000582,0.0008989132247867916,-0.02541462844759741,-0.07612943410050688,-0.031054509762638793,-0.05445436553794302,-0.20978774566046265,0.6368217736411703,-0.3002963152204221
2013-08-24,-0.6164581309014492,0.06435677768075015,-1.2470614524851933,50.52999877929688,-0.3136572215307999,-0.3837241362806538,-0.8921494315489132,-0.7937644245491178,-1.2412137764799944,-0.07612943410050688,-0.8329811629192909,-0.037519034683901935,-0.004801771525306656,0.0050616332191265765,0.01168542483604493
2013-08-30,-0.6097606502240855,-0.10930871492120743,-0.0476091507053841,50.52999877929688,-0.3136572215307999,-0.395245654449632,-0.021157344592000582,0.0008989132247867916,-0.02541462844759741,-0.07612943410050688,-0.031054509762638793,-0.05445436553794302,-0.417681322265622,-1.7297060847270076,-0.7886103765720944
2013-08-31,-0.6115262478133181,-0.8246194514997564,1.3608516580731185,52.560001373291016,-0.4977301195861283,-0.3898176400021782,0.4581759064152014,0.48703260187909486,0.23823480135386066,-0.07612943410050688,1.3465929470990847,-0.4522973582967489,-0.004801771525306656,0.0050616332191265765,0.01168542483604493
2013-09-06,-0.6235806668186068,-0.10930871492120743,-0.0476091507053841,52.560001373291016,-0.4977301195861283,-0.3434191636170594,-0.021157344592000582,0.0008989132247867916,-0.02541462844759741,-0.07612943410050688,-0.031054509762638793,-0.05445436553794302,1.670479283277124,-0.26440788690527905,1.2206660294070089
2013-09-07,-0.635815496475341,0.8685062143726039,-0.02759921575284026,52.59000015258789,-0.2941858439520163,-0.2923978213744978,0.23414260408383136,0.6820525480790467,0.5422460819489573,-0.07612943410050688,0.3354035174700981,-3.390854320719729,-0.004801771525306656,0.0050616332191265765,0.01168542483604493
2013-09-13,-0.6471764097280228,-0.10930871492120743,-0.0476091507053841,52.59000015258789,-0.2941858439520163,-0.3046916083924451,-0.021157344592000582,0.0008989132247867916,-0.02541462844759741,-0.07612943410050688,-0.031054509762638793,-0.05445436553794302,-0.40082909570479264,0.995367918681048,1.6646443885134485
2013-09-14,-0.6754309812006842,0.4819589726733079,0.09238558054402576,52.79999923706055,-0.138957936687617,-0.32081190678408855,-0.11846896509939203,0.37734983750024914,0.4586746495204256,-0.07612943410050688,0.09474846111652507,1.0339124965850137,-0.004801771525306656,0.0050616332191265765,0.01168542483604493
2013-09-20,-0.701667368996727,-0.10930871492120743,-0.0476091507053841,52.79999923706055,-0.138957936687617,-0.3660797995638917,-0.021157344592000582,0.0008989132247867916,-0.02541462844759741,-0.07612943410050688,-0.031054509762638793,-0.05445436553794302,-1.5103884091386957,2.201396542680102,1.1549821785049774
2013-09-21,-0.6774272704911396,1.4421082745410543,-0.419443647884708,52.2400016784668,0.3326716768138552,-0.3697382703059757,-1.0757578397991652,-1.1950592316056077,-0.9353494720143716,-0.07612943410050688,-0.8651399958670274,0.20717461092135442,-0.004801771525306656,0.0050616332191265765,0.01168542483604493
2013-09-27,-0.6632503970990647,-0.10930871492120743,-0.0476091507053841,52.2400016784668,0.3326716768138552,-0.40278838618148116,-0.021157344592000582,0.0008989132247867916,-0.02541462844759741,-0.07612943410050688,-0.031054509762638793,-0.05445436553794302,-1.169122104612992,0.13654809186285743,0.8181490500519684
2013-09-28,-0.6886210481721915,-1.3063431104215695,0.24096617243948504,52.66999816894531,-0.18203293389996245,-0.38540655922899064,0.2831690002086515,0.13588928641185588,-0.24118985771173287,-0.07612943410050688,-0.6245425974865719,-1.3215118549535767,-0.004801771525306656,0.0050616332191265765,0.01168542483604493
2013-10-04,-0.7121795098829521,-0.10930871492120743,-0.0476091507053841,52.66999816894531,-0.18203293389996245,-0.3792657667444101,-0.021157344592000582,0.0008989132247867916,-0.02541462844759741,-0.07612943410050688,-0.031054509762638793,-0.05445436553794302,0.21571344307463397,0.39908391890593176,-0.4519157401222084
2013-10-05,-0.6746907274808436,0.5186808496429737,-0.1541101608729051,52.5099983215332,0.0016495332618292025,-0.35240661112961363,0.2598458353375929,0.0438770517636148,0.07199188906039605,-0.07612943410050688,0.30811705249847,-1.9357757249725795,-0.004801771525306656,0.0050616332191265765,0.01168542483604493
2013-10-11,-0.6398797152503142,-0.10930871492120743,-0.0476091507053841,52.5099983215332,0.0016495332618292025,-0.3397211290835384,-0.021157344592000582,0.0008989132247867916,-0.02541462844759741,-0.07612943410050688,-0.031054509762638793,-0.05445436553794302,0.4329126394099175,-0.19566029068484458,-0.862900305620472
2013-10-12,-0.6172755366960886,-0.5353888064985138,1.1475031339838642,54.29999923706055,-0.1438819464203496,-0.3699485712133034,0.8532871410890975,1.0360376921943768,0.9082399177416844,-0.07612943410050688,1.340947202805411,2.1077573026591736,-0.004801771525306656,0.0050616332191265765,0.01168542483604493
2013-10-18,-0.5962859423243076,-0.10930871492120743,-0.0476091507053841,54.29999923706055,-0.1438819464203496,-0.4005427414347965,-0.021157344592000582,0.0008989132247867916,-0.02541462844759741,-0.07612943410050688,-0.031054509762638793,-0.05445436553794302,-1.0828761540139078,1.1764686974894096,1.7104880763633281
2013-10-19,-0.5781844128529056,-0.10657399059049259,-1.0354539612557325,52.77000045776367,-0.14305418930248823,-0.42289340664713343,-0.7343694117882006,-0.5616544544235809,0.10509422288984034,-0.07612943410050688,0.9486180306191111,1.653810816872905,-0.004801771525306656,0.0050616332191265765,0.01168542483604493
2013-10-25,-0.5613758497723179,-0.10930871492120743,-0.0476091507053841,52.77000045776367,-0.14305418930248823,-0.44370757712338504,-0.021157344592000582,0.0008989132247867916,-0.02541462844759741,-0.07612943410050688,-0.031054509762638793,-0.05445436553794302,-0.7884789187958693,0.8793475178407199,-0.17039238930853917
2013-10-26,-0.5749292940426469,-0.1124086870450684,-0.2203469093710073,52.5099983215332,-0.14399318650733492,-0.42119232133780427,-0.4957846475886914,-0.6951917279058559,-0.16259695000616475,-0.07612943410050688,0.10000175729871599,-1.771521086754411,-0.004801771525306656,0.0050616332191265765,0.01168542483604493
2013-11-01,-0.5875146351508096,-0.10930871492120743,-0.0476091507053841,52.5099983215332,-0.14399318650733492,-0.3844429689651966,-0.021157344592000582,0.0008989132247867916,-0.02541462844759741,-0.07612943410050688,-0.031054509762638793,-0.05445436553794302,1.375815224230843,-2.6243701366175176,-1.6436802744872503
2013-11-02,-0.5835788848911284,-0.3947353051876233,0.9204985801709404,53.959999084472656,-0.23037874817505358,-0.366373479937447,0.5822818913770632,0.6508451341454301,0.0035947515483621744,-0.07612943410050688,-0.28776045200829425,-1.3414205039957725,-0.004801771525306656,0.0050616332191265765,0.01168542483604493
2013-11-08,-0.5799242596499958,-0.10930871492120743,-0.0476091507053841,53.959999084472656,-0.23037874817505358,-0.328805886552262,-0.021157344592000582,0.0008989132247867916,-0.02541462844759741,-0.07612943410050688,-0.031054509762638793,-0.05445436553794302,1.3132967187626412,-1.14614806471124,0.5313161151253423
2013-11-09,-0.5966660798326187,-0.40791358538533856,0.5436349871213554,54.869998931884766,-0.31386225227936104,-0.33069212988072105,1.1604411804351884,0.24406044129268253,0.5759538054863652,-0.07612943410050688,-0.17803710723323016,0.07435004881197674,-0.004801771525306656,0.0050616332191265765,0.01168542483604493
2013-11-15,-0.6122120557164827,-0.10930871492120743,-0.0476091507053841,54.869998931884766,-0.31386225227936104,-0.34943506931710144,-0.021157344592000582,0.0008989132247867916,-0.02541462844759741,-0.07612943410050688,-0.031054509762638793,-0.05445436553794302,-0.6353001468435483,1.0965695413573169,0.8052884799758022
2013-11-16,-0.5974859441863826,0.49440704669024926,1.6072548165487026,57.459999084472656,-0.1585394637642978,-0.3199688953831786,1.3397396486150497,1.053703979821616,0.5573811491905513,-0.07612943410050688,-0.218632732864905,-2.0419576338734875,-0.004801771525306656,0.0050616332191265765,0.01168542483604493
2013-11-22,-0.5987396307644629,-0.10930871492120743,-0.0476091507053841,57.459999084472656,-0.1585394637642978,-0.30703867734907614,-0.021157344592000582,0.0008989132247867916,-0.02541462844759741,-0.07612943410050688,-0.031054509762638793,-0.05445436553794302,0.4248367277690437,0.5941977008912772,0.7434783953745125
2013-11-23,-0.6432988915697845,-1.9079882081307253,-0.19404223947002655,57.220001220703125,-0.6959283275104162,-0.31173007735272906,0.30340311118847557,0.2577831228371671,-0.26259497987685393,-0.07612943410050688,-0.26447064248106356,0.2590338356237441,-0.004801771525306656,0.0050616332191265765,0.01168542483604493
2013-11-29,-0.6846753480318687,-0.10930871492120743,-0.0476091507053841,57.220001220703125,-0.6959283275104162,-0.31173007735272906,-0.021157344592000582,0.0008989132247867916,-0.02541462844759741,-0.07612943410050688,-0.031054509762638793,-0.05445436553794302,-0.004801771525306656,0.5212872858017912,1.144280741754629
2013-11-30,-0.6828256742221479,2.6930542447341854,-0.7583438700926604,56.060001373291016,-0.2609490509033432,-0.2971397866544141,-0.48463317251442395,-0.7124433778199408,0.03785340604793402,-0.07612943410050688,-1.0056179461995773,-1.0135795754265051,-0.004801771525306656,0.0050616332191265765,0.01168542483604493
2013-12-06,-0.6811081199702643,-0.10930871492120743,-0.0476091507053841,56.060001373291016,-0.2609490509033432,-0.2546486304834701,-0.021157344592000582,0.0008989132247867916,-0.02541462844759741,-0.07612943410050688,-0.031054509762638793,-0.05445436553794302,1.3712131675783201,0.7368399225894061,-0.30673368408465035
2013-12-07,-0.7131879061993752,-0.9645823288886308,0.02118070391386899,56.16999816894531,-0.4930809383035947,-0.25876221628189316,-0.7098660069544009,-0.2657032328881915,-0.2920015829423443,-0.07612943410050688,-1.1547217946833963,0.20488838683442231,-0.004801771525306656,0.0050616332191265765,0.01168542483604493
2013-12-13,-0.7429762791264066,-0.10930871492120743,-0.0476091507053841,56.16999816894531,-0.4930809383035947,-0.25876221628189316,-0.021157344592000582,0.0008989132247867916,-0.02541462844759741,-0.07612943410050688,-0.031054509762638793,-0.05445436553794302,-0.004801771525306656,0.2994401888000646,-0.21738926116266513
2013-12-14,-0.7206457768000356,1.9382330183676588,0.907350933799486,57.70000076293945,-0.06431692890955445,-0.23496403887143535,0.7591020589300094,0.6431267328323823,0.8449808308785242,-0.07612943410050688,1.669470357466316,-1.5176665252653483,-0.004801771525306656,0.0050616332191265765,0.01168542483604493
2013-12-20,-0.6999103103541197,-0.10930871492120743,-0.0476091507053841,57.70000076293945,-0.06431692890955445,-0.2316271391203166,-0.021157344592000582,0.0008989132247867916,-0.02541462844759741,-0.07612943410050688,-0.031054509762638793,-0.05445436553794302,0.09626770183300244,-0.4354122547766871,0.4359841001177906
2013-12-21,-0.7445335754028767,-2.083656694341816,0.2197364019850173,58.13999938964844,-0.9046310895312005,-0.2403501096998491,0.10538415012159752,0.026179812191791406,0.34625694150359443,-0.07612943410050688,1.4047037607600918,0.48489336870780875,-0.004801771525306656,0.0050616332191265765,0.01168542483604493
2013-12-27,-0.7894410212656425,-0.10930871492120743,-0.0476091507053841,58.13999938964844,-0.9046310895312005,-0.19736279569493928,-0.021157344592000582,0.0008989132247867916,-0.02541462844759741,-0.07612943410050688,-0.031054509762638793,-0.05445436553794302,1.3045550044383565,0.8112747058030961,0.9541345436652439
2013-12-28,-0.8110053916602509,1.5935254933421128,0.26595482693933353,58.65999984741211,-0.7352516982597274,-0.21534524159815857,1.310596653352952,0.5767623459688741,-0.13423227062902926,-0.07612943410050688,-0.22774212054546067,1.0290627734751907,-0.004801771525306656,0.0050616332191265765,0.01168542483604493
2014-01-03,-0.8310294498838158,-0.10930871492120743,-0.0476091507053841,58.65999984741211,-0.7352516982597274,-0.21859241353721642,-0.021157344592000582,0.0008989132247867916,-0.02541462844759741,-0.07612943410050688,-0.031054509762638793,-0.05445436553794302,-0.10118590505905935,-1.3726011252917776,-0.4487803584950839
2014-01-04,-0.8454573234812834,1.8766003419062187,-0.14921054033943648,58.4900016784668,-0.44786184294406156,-0.22509946285642105,0.5975084179204144,0.6534513000266445,0.38409089919300143,-0.07612943410050688,0.058793270859141974,0.3415614761610944,-0.004801771525306656,0.0050616332191265765,0.01168542483604493
2014-01-10,-0.8588546346789321,-0.10930871492120743,-0.0476091507053841,58.4900016784668,-0.44786184294406156,-0.2670316627115158,-0.021157344592000582,0.0008989132247867916,-0.02541462844759741,-0.07612943410050688,-0.031054509762638793,-0.05445436553794302,-1.2619582773508815,0.5103371187367093,0.32911577495529554
2014-01-11,-0.8390090127704483,2.492110882027151,-0.27538131337808835,58.11000061035156,0.12830945936367466,-0.2707424541979755,0.3824315203226136,-1.1810615303515626,0.2777045477288525,-0.07612943410050688,0.8408666165400198,0.18252324328697428,-0.004801771525306656,0.0050616332191265765,0.01168542483604493
2014-01-17,-0.8205809352839989,-0.10930871492120743,-0.0476091507053841,58.11000061035156,0.12830945936367466,-0.28359313076735926,-0.021157344592000582,0.0008989132247867916,-0.02541462844759741,-0.07612943410050688,-0.031054509762638793,-0.05445436553794302,-0.4090796649585333,-0.9491518148482125,-0.27045142329982824
2014-01-18,-0.7666701692709662,-1.294871587413418,-1.8696310420814093,55.09000015258789,-0.3167424980610104,-0.2928289863758539,-0.9495778326983845,-1.4839335183193916,-0.6324417457117836,-0.07612943410050688,-1.6250119904949165,0.5497872629977831,-0.004801771525306656,0.0050616332191265765,0.01168542483604493
2014-01-24,-0.7166101722588644,-0.10930871492120743,-0.0476091507053841,55.09000015258789,-0.3167424980610104,-0.3214503230919097,-0.021157344592000582,0.0008989132247867916,-0.02541462844759741,-0.07612943410050688,-0.031054509762638793,-0.05445436553794302,-0.9272386551335087,1.106940274783122,0.4393961224654201
2014-01-25,-0.7274073725746742,0.511034918738532,0.12421697141398248,55.36000061035156,-0.15761900657394867,-0.3042429862906216,0.49314162027972386,-1.0158779125643067,-0.12067161321464617,-0.07612943410050688,-1.543295960809175,-1.1946271710185081,-0.004801771525306656,0.0050616332191265765,0.01168542483604493
2014-01-31,-0.7374333442964975,-0.10930871492120743,-0.0476091507053841,55.36000061035156,-0.15761900657394867,-0.33018475155325416,-0.021157344592000582,0.0008989132247867916,-0.02541462844759741,-0.07612943410050688,-0.031054509762638793,-0.05445436553794302,-0.8515801955890817,-1.554552308693791,-0.27009214406807924
2014-02-01,-0.7109856359858272,0.2693080406288734,0.7503328810579559,56.619998931884766,-0.04440713451735811,-0.34608499019809974,0.09669622948584751,1.0639717619421565,-0.0049401331373621835,-0.07612943410050688,0.5878853995667842,1.0509773182537099,-0.004801771525306656,0.0050616332191265765,0.01168542483604493
2014-02-07,-0.6864270496973476,-0.10930871492120743,-0.0476091507053841,56.619998931884766,-0.04440713451735811,-0.3333523133891781,-0.021157344592000582,0.0008989132247867916,-0.02541462844759741,-0.07612943410050688,-0.031054509762638793,-0.05445436553794302,0.43127325959367857,1.0059872030512134,-0.3672509883656628
2014-02-08,-0.6945199547219296,-1.3156716476460524,0.8997611638469853,58.150001525878906,-0.4416094957020336,-0.36978062425791913,-0.22235032269569255,0.09720570509173483,0.4929521779140009,-0.07612943410050688,0.8881897154604369,2.5507845252747017,-0.004801771525306656,0.0050616332191265765,0.01168542483604493
2014-02-14,-0.7020347951018988,-0.10930871492120743,-0.0476091507053841,58.150001525878906,-0.4416094957020336,-0.3575856346942925,-0.021157344592000582,0.0008989132247867916,-0.02541462844759741,-0.07612943410050688,-0.031054509762638793,-0.05445436553794302,0.4248367277690437,0.6667576908428211,2.3689726942743534
2014-02-15,-0.7232464563038353,-0.7788116861803331,-0.3731775374770188,57.61000061035156,-0.5910114760578488,-0.3606887448252482,-0.7135120155323651,-0.6707981701838472,-0.3809523379672143,-0.07612943410050688,1.6903387901334377,0.16505482055898058,-0.004801771525306656,0.0050616332191265765,0.01168542483604493
2014-02-21,-0.7429429988484908,-0.10930871492120743,-0.0476091507053841,57.61000061035156,-0.5910114760578488,-0.3667636715333818,-0.021157344592000582,0.0008989132247867916,-0.02541462844759741,-0.07612943410050688,-0.031054509762638793,-0.05445436553794302,-0.21649637754125123,0.2821238031776627,-0.7061481225520501
2014-02-22,-0.7383200257085704,1.6630978361963866,-0.5283678778225915,56.81999969482422,-0.2662275020897055,-0.36519482886587096,0.3943236295628271,0.20329423346489348,0.5310531246452369,-0.07612943410050688,-0.30406227231629374,-0.1660337778434945,-0.004801771525306656,0.0050616332191265765,0.01168542483604493
2014-02-28,-0.7340272649357872,-0.10930871492120743,-0.0476091507053841,56.81999969482422,-0.2662275020897055,-0.38649729907940295,-0.021157344592000582,0.0008989132247867916,-0.02541462844759741,-0.07612943410050688,-0.031054509762638793,-0.05445436553794302,-0.7511609594020269,0.7306537775983816,0.829506973690953
2014-03-01,-0.6599145948387708,-0.133103539617156,1.5442925584030298,59.400001525878906,-0.2726521624076519,-0.3966000629371782,1.34367128380492,0.5383176447201459,0.9945337406673701,-0.07612943410050688,-0.9674026345555582,0.6923040782371884,-0.004801771525306656,0.0050616332191265765,0.01168542483604493
2014-03-07,-0.5910956868915412,-0.10930871492120743,-0.0476091507053841,59.400001525878906,-0.2726521624076519,-0.3545268469236816,-0.021157344592000582,0.0008989132247867916,-0.02541462844759741,-0.07612943410050688,-0.031054509762638793,-0.05445436553794302,1.5271986667479647,0.5373592497839232,-0.15747343533132963
2014-03-08,-0.5705875384947895,-0.18925547540566456,-1.5821721978912706,56.79999923706055,-0.29410077800314516,-0.37948399793354587,-0.8836180034373976,-1.4568284121024013,-0.38036252623199357,-0.07612943410050688,-1.8407229276176458,1.7516142905277243,-0.004801771525306656,0.0050616332191265765,0.01168542483604493
2014-03-14,-0.5515442578406631,-0.10930871492120743,-0.0476091507053841,56.79999923706055,-0.29410077800314516,-0.423225453429621,-0.021157344592000582,0.0008989132247867916,-0.02541462844759741,-0.07612943410050688,-0.031054509762638793,-0.05445436553794302,-1.5641593604820287,0.4836971204401618,-0.6320790863540092
2014-03-15,-0.4803983878686044,0.9848617810785263,2.032465374585445,60.16999816894531,-0.006818891007200408,-0.39835350306146844,1.2545935556476306,1.8028595100420195,1.0974840636850876,-0.07612943410050688,0.2639930854359052,-1.8969371580088419,-0.004801771525306656,0.0050616332191265765,0.01168542483604493
2014-03-21,-0.42301339040539937,-0.10930871492120743,-0.0476091507053841,60.16999816894531,-0.006818891007200408,-0.3682539685659156,-0.021157344592000582,0.0008989132247867916,-0.02541462844759741,-0.07612943410050688,-0.031054509762638793,-0.05445436553794302,1.0936136370479832,-1.1952272924874847,-0.8879182789043741
2014-03-22,-0.42839761274757937,-0.25449694448137583,-0.12335374438637652,60.040000915527344,-0.056080800116288305,-0.34125561638864355,-0.9526187406025476,-1.4908825336601956,0.08168470796260782,-0.07612943410050688,0.554392080011946,-1.920854432847253,-0.004801771525306656,0.0050616332191265765,0.01168542483604493
2014-03-28,-0.4333972477796037,-0.10930871492120743,-0.0476091507053841,60.040000915527344,-0.056080800116288305,-0.3474718749399524,-0.021157344592000582,0.0008989132247867916,-0.02541462844759741,-0.07612943410050688,-0.031054509762638793,-0.05445436553794302,-0.21649637754125123,-0.25293153137215646,0.9665747839940148
2014-03-29,-0.47171429162665107,-1.4216460207031743,-0.1819115413362845,59.810001373291016,-0.48408357832684074,-0.3535921932201981,-0.4529721000889658,-0.07731916666150619,0.1440959531546213,-0.07612943410050688,0.7638488725158861,0.37484023843947833,-0.004801771525306656,0.0050616332191265765,0.01168542483604493
2014-04-04,-0.5072944037703381,-0.10930871492120743,-0.0476091507053841,59.810001373291016,-0.48408357832684074,-0.35050648269282286,-0.021157344592000582,0.0008989132247867916,-0.02541462844759741,-0.07612943410050688,-0.031054509762638793,-0.05445436553794302,0.10182096959993908,-0.41724639555158555,-0.28124399521698307
2014-04-05,-0.4028573606011595,2.7464942636991054,-2.6912374795831737,55.29999923706055,0.12079748172490119,-0.36044431017064776,-1.6234736392712583,-0.8004208267443313,-0.9495198220622201,-0.07612943410050688,-1.345626444333482,0.6483264445473246,-0.004801771525306656,0.0050616332191265765,0.01168542483604493
2014-04-11,-0.3058801062297795,-0.10930871492120743,-0.0476091507053841,55.29999923706055,0.12079748172490119,-0.3939881620949276,-0.021157344592000582,0.0008989132247867916,-0.02541462844759741,-0.07612943410050688,-0.031054509762638793,-0.05445436553794302,-1.1733714488943396,1.6830350686805866,0.981540430038184
2014-04-12,-0.34983396044146564,-0.8509422930282186,-0.09832591697179709,55.220001220703125,-0.15611835598873494,-0.3783003494263494,0.658378474679241,1.4687790583663036,0.5216577781809668,-0.07612943410050688,0.6060807902788804,-1.1880874835894555,-0.004801771525306656,0.0050616332191265765,0.01168542483604493
2014-04-18,-0.3906482536380314,-0.10930871492120743,-0.0476091507053841,55.220001220703125,-0.15611835598873494,-0.34720944380782204,-0.021157344592000582,0.0008989132247867916,-0.02541462844759741,-0.07612943410050688,-0.031054509762638793,-0.05445436553794302,1.1019666059344755,-0.6942846098375222,0.39091824232409506
2014-04-19,-0.43479614852288095,-1.255133694036025,0.25713955736296795,55.70000076293945,-0.49919587132052307,-0.3519730669697233,-0.3703929281437914,-0.2564098575097719,0.05047690036468651,-0.07612943410050688,0.5682227726454819,0.2790372265576014,-0.004801771525306656,0.0050616332191265765,0.01168542483604493
2014-04-25,-0.4757906223445269,-0.10930871492120743,-0.0476091507053841,55.70000076293945,-0.49919587132052307,-0.36743127393353076,-0.021157344592000582,0.0008989132247867916,-0.02541462844759741,-0.07612943410050688,-0.031054509762638793,-0.05445436553794302,-0.5379154771515354,0.19380472173088686,0.13317517314586985
2014-04-26,-0.5041364542305254,0.19588388630147413,-0.12313917791457142,55.58000183105469,-0.4357857499716256,-0.3686398445271232,-1.258809669183712,-0.010158394113256926,0.3089575463740263,-0.07612943410050688,1.31299197354847,0.031859647428826854,-0.004801771525306656,0.0050616332191265765,0.01168542483604493
2014-05-02,-0.5304575838389528,-0.10930871492120743,-0.0476091507053841,55.58000183105469,-0.4357857499716256,-0.3933368989350781,-0.021157344592000582,0.0008989132247867916,-0.02541462844759741,-0.07612943410050688,-0.031054509762638793,-0.05445436553794302,-0.8736975424862669,0.2277670205019856,0.38250660253788277
2014-05-03,-0.5323331156888643,0.8800726294067065,-1.037938222710515,54.0099983215332,-0.2134626208296681,-0.38379712495046536,-0.9642664757846057,-0.40838234408244684,-0.337486485688415,-0.07612943410050688,-0.10620644319834933,-0.7484832367675641,-0.004801771525306656,0.0050616332191265765,0.01168542483604493
2014-05-09,-0.5632362091117781,-0.10930871492120743,-0.0476091507053841,54.0099983215332,-0.2134626208296681,-0.377549478471672,-0.021157344592000582,0.0008989132247867916,-0.02541462844759741,-0.07612943410050688,-0.031054509762638793,-0.05445436553794302,0.21910598483770938,-0.8584407195018421,-0.09583802497091641
2014-05-10,-0.5794341220284068,-0.9654429562198509,-0.5019893992128565,53.310001373291016,-0.4566879804339851,-0.38134647062115895,-0.4611960894652515,-0.30808968907054035,-0.02541462844759741,-0.07612943410050688,0.3663633274017937,0.22094993382782635,-0.004801771525306656,0.0050616332191265765,0.01168542483604493
2014-05-16,-0.5944750411652766,-0.10930871492120743,-0.0476091507053841,53.310001373291016,-0.4566879804339851,-0.41243977965064216,-0.021157344592000582,0.0008989132247867916,-0.02541462844759741,-0.07612943410050688,-0.031054509762638793,-0.05445436553794302,-1.1157944557692852,-0.4686131671293435,-0.13629971368060545
2014-05-17,-0.6195508823288656,-0.6255581296361611,0.7547109548336777,54.52999877929688,-0.5698115147744403,-0.4114084272404375,0.38698661808018253,0.48408088089662926,0.6555264391285215,-0.07612943410050688,-0.4145810889542867,-0.13212692015069447,-0.004801771525306656,0.0050616332191265765,0.01168542483604493
2014-05-23,-0.6428355919807696,-0.10930871492120743,-0.0476091507053841,54.52999877929688,-0.5698115147744403,-0.40518158009795213,-0.021157344592000582,0.0008989132247867916,-0.02541462844759741,-0.07612943410050688,-0.031054509762638793,-0.05445436553794302,0.22621416757939244,-0.6866842645654126,-0.021991533716332924
2014-05-24,-0.669664443419489,-0.9887416598657053,0.6210359942419235,55.56999969482422,-0.7359431317415773,-0.37597698655315165,0.7834851668697908,0.15720274926103942,0.35707930775115954,-0.07612943410050688,0.2457426499040495,-2.158858055693501,-0.004801771525306656,0.0050616332191265765,0.01168542483604493
2014-05-30,-0.7001315188079869,-0.10930871492120743,-0.0476091507053841,55.56999969482422,-0.7359431317415773,-0.39534740026906817,-0.021157344592000582,0.0008989132247867916,-0.02541462844759741,-0.07612943410050688,-0.031054509762638793,-0.05445436553794302,-0.6923925194117384,0.109432627864325,-0.3790834080081101
2014-05-31,-0.6978721706640371,0.7125013808513567,0.8356447752559782,56.970001220703125,-0.6171670741575445,-0.3995037652450951,0.8170430618401806,0.755623982218732,0.7058591074735021,-0.07612943410050688,0.10052208228592205,0.2538885799373428,-0.004801771525306656,0.0050616332191265765,0.01168542483604493
2014-06-06,-0.6957742045303695,-0.10930871492120743,-0.0476091507053841,56.970001220703125,-0.6171670741575445,-0.3609640522475861,-0.021157344592000582,0.0008989132247867916,-0.02541462844759741,-0.07612943410050688,-0.031054509762638793,-0.05445436553794302,1.4036502443065721,-0.0036282978355385667,0.214506534915063
2014-06-07,-0.7299308674634922,-0.044365082792820025,-0.004531959318022057,57.040000915527344,-0.6057202510889372,-0.3751248169393295,-0.2924938446070757,-0.7220580590968493,-0.0730395295333299,-0.07612943410050688,-0.800717447868786,0.9648725789422193,-0.004801771525306656,0.0050616332191265765,0.01168542483604493
2014-06-13,-0.7616477687585348,-0.10930871492120743,-0.0476091507053841,57.040000915527344,-0.6057202510889372,-0.3751248169393295,-0.021157344592000582,0.0008989132247867916,-0.02541462844759741,-0.07612943410050688,-0.031054509762638793,-0.05445436553794302,-0.004801771525306656,-1.0117348453708996,1.0847170655190765
2014-06-14,-0.7768655819691087,0.09298318809551592,0.2658541373931997,57.54999923706055,-0.5694461674299297,-0.4016305312532875,-0.0028921594679160905,-0.13777894434116655,0.5648653144295745,-0.07612943410050688,0.42768091916124845,1.9171558014969163,-0.004801771525306656,0.0050616332191265765,0.01168542483604493
2014-06-20,-0.7909964085217844,-0.10930871492120743,-0.0476091507053841,57.54999923706055,-0.5694461674299297,-0.39246483160782214,-0.021157344592000582,0.0008989132247867916,-0.02541462844759741,-0.07612943410050688,-0.031054509762638793,-0.05445436553794302,0.3310598630192174,0.566070523432438,0.4194906873288659
2014-06-21,-0.7992575252722405,-0.09072882435323383,-0.05979321200797931,57.52999877929688,-0.5659344705662754,-0.39417060338517207,-0.2401924751072603,-0.11062967853237922,-0.019562547252826,-0.07612943410050688,-0.6801978738371627,0.07124786540741636,-0.004801771525306656,0.0050616332191265765,0.01168542483604493
2014-06-27,-0.8069285622548067,-0.10930871492120743,-0.0476091507053841,57.52999877929688,-0.5659344705662754,-0.4216093299033317,-0.021157344592000582,0.0008989132247867916,-0.02541462844759741,-0.07612943410050688,-0.031054509762638793,-0.05445436553794302,-1.0008933112391067,0.39766281688923005,0.025008151568403914
2014-06-28,-0.8296739388872858,-0.5335768775692084,-0.3401213076428601,57.04999923706055,-0.6465213700526122,-0.4224304094685901,1.266551809602194,0.6169076012569671,0.033081729643747046,-0.07612943410050688,1.0224051562378964,0.008263325983086106,-0.004801771525306656,0.0050616332191265765,0.01168542483604493
2014-07-04,-0.850794645760302,-0.10930871492120743,-0.0476091507053841,57.04999923706055,-0.6465213700526122,-0.38892974673246694,-0.021157344592000582,0.0008989132247867916,-0.02541462844759741,-0.07612943410050688,-0.031054509762638793,-0.05445436553794302,1.255781266266479,-0.17754740876553626,0.9175243610402974
2014-07-05,-0.8384679835552522,0.4106451899833063,-0.8157694041950804,55.79999923706055,-0.5589525192243143,-0.3989500906935793,-1.1646716983963932,-0.6776759688962146,-0.9070555394871499,-0.07612943410050688,-1.7150815889026536,0.6883957183842485,-0.004801771525306656,0.0050616332191265765,0.01168542483604493
2014-07-11,-0.8291046783827811,-0.10930871492120743,-0.0476091507053841,55.79999923706055,-0.5589525192243143,-0.4350425167992413,-0.021157344592000582,0.0008989132247867916,-0.02541462844759741,-0.07612943410050688,-0.031054509762638793,-0.05445436553794302,-1.3229002618132546,-0.09944739800972029,-0.2790563660766368
2014-07-12,-0.7804867467744233,1.8617569945512331,1.4791467143475685,58.22999954223633,-0.18088563417929032,-0.41888424424681414,0.18053825039821064,1.438787251595371,-0.15162455793963858,-0.07612943410050688,0.5515954920577704,-1.2830625457823368,-0.004801771525306656,0.0050616332191265765,0.01168542483604493
2014-07-18,-0.7492280169851557,-0.10930871492120743,-0.0476091507053841,58.22999954223633,-0.18088563417929032,-0.42809895084302124,-0.021157344592000582,0.0008989132247867916,-0.02541462844759741,-0.07612943410050688,-0.031054509762638793,-0.05445436553794302,-0.3499560204643425,-0.7184304057267904,-0.2466803114378467
2014-07-19,-0.7663745283342009,-1.95390204869411,0.42200870175684785,59.0099983215332,-0.7209813400420516,-0.42450435038248185,0.16090145201409606,0.2512485539027862,0.16769000638534345,-0.07612943410050688,0.3789655498055295,-0.3297639732013278,-0.004801771525306656,0.0050616332191265765,0.01168542483604493
2014-07-25,-0.7822962888726002,-0.10930871492120743,-0.0476091507053841,59.0099983215332,-0.7209813400420516,-0.430676244916971,-0.021157344592000582,0.0008989132247867916,-0.02541462844759741,-0.07612943410050688,-0.031054509762638793,-0.05445436553794302,-0.23766583814284437,-0.7316439091539435,-0.6323847797616514
2014-07-26,-0.7325088161885118,1.842769476690705,-1.5507240207709414,56.47999954223633,-0.43104604979478045,-0.4250558893983842,-1.124589339465338,-1.0174807231457925,-0.775052405141536,-0.07612943410050688,-1.1189506372789513,-0.48522403776836787,-0.004801771525306656,0.0050616332191265765,0.01168542483604493
2014-08-01,-0.6862775915532867,-0.10930871492120743,-0.0476091507053841,56.47999954223633,-0.43104604979478045,-0.4126214494339449,-0.021157344592000582,0.0008989132247867916,-0.02541462844759741,-0.07612943410050688,-0.031054509762638793,-0.05445436553794302,0.4646822337519863,0.04918740925417078,-0.9232132956270833
2014-08-02,-0.7103505457388696,-0.6408503707333092,-0.13451098023133512,56.34000015258789,-0.5511613507789895,-0.42177844745414356,0.39300711682529604,0.19299063220173063,-0.2405232558007246,-0.07612943410050688,-1.1313569691633545,0.6444086683764837,-0.004801771525306656,0.0050616332191265765,0.01168542483604493
2014-08-08,-0.7327040031969109,-0.10930871492120743,-0.0476091507053841,56.34000015258789,-0.5511613507789895,-0.44635662903317447,-0.021157344592000582,0.0008989132247867916,-0.02541462844759741,-0.07612943410050688,-0.031054509762638793,-0.05445436553794302,-0.9288655279441064,-0.20666327226234898,-0.35191768595624173
2014-08-09,-0.7538080202699711,-1.1320370437968117,0.20752248484111313,56.75,-0.7494577117212058,-0.44382814281659305,0.01594982043304125,0.14801275380016082,0.10455400026040879,-0.07612943410050688,1.1870692544915589,-0.2530857462983901,-0.004801771525306656,0.0050616332191265765,0.01168542483604493
2014-08-15,-0.7734046075520984,-0.10930871492120743,-0.0476091507053841,56.75,-0.7494577117212058,-0.47465449627466777,-0.021157344592000582,0.0008989132247867916,-0.02541462844759741,-0.07612943410050688,-0.031054509762638793,-0.05445436553794302,-1.1977529324758076,-0.17169151259861748,-0.6097803124817025
2014-08-16,-0.7582738832816861,-0.059383910010657195,1.0273235212914866,58.4900016784668,-0.7424223215139282,-0.4600427038890174,1.6649593432098728,1.1983771367873863,0.5724091802294468,-0.07612943410050688,0.8160396698401379,-1.2276092176156954,-0.004801771525306656,0.0050616332191265765,0.01168542483604493
2014-08-22,-0.7445710277469183,-0.10930871492120743,-0.0476091507053841,58.4900016784668,-0.7424223215139282,-0.44117223047095083,-0.021157344592000582,0.0008989132247867916,-0.02541462844759741,-0.07612943410050688,-0.031054509762638793,-0.05445436553794302,0.7415574163514199,-1.3668210008709218,-0.7490529706428117
2014-08-23,-0.761702946036673,0.24699855678328167,0.5278130940758962,59.45000076293945,-0.6915419781981127,-0.44539897757206226,-0.09108940116601014,0.37409954915155624,0.1317885779527678,-0.07612943410050688,0.4006882829985261,0.2782829232800507,-0.004801771525306656,0.0050616332191265765,0.01168542483604493
2014-08-29,-0.7887202968393913,-0.10930871492120743,-0.0476091507053841,59.45000076293945,-0.6915419781981127,-0.46103631485584456,-0.021157344592000582,0.0008989132247867916,-0.02541462844759741,-0.07612943410050688,-0.031054509762638793,-0.05445436553794302,-0.6112186116751418,-0.7739794927103365,0.08690569751818582
2014-08-30,-0.8110306178456322,-1.072147071106453,0.22366134729143042,59.90999984741211,-0.8421207041799784,-0.44942381961193634,-0.14384518468418514,0.33311779326910773,0.1009179853719253,-0.07612943410050688,0.3091971767011668,-0.973539642039901,-0.004801771525306656,0.0050616332191265765,0.01168542483604493
2014-09-05,-0.8317473444942844,-0.10930871492120743,-0.0476091507053841,59.90999984741211,-0.8421207041799784,-0.4144781139804535,-0.021157344592000582,0.0008989132247867916,-0.02541462844759741,-0.07612943410050688,-0.031054509762638793,-0.05445436553794302,1.3577007459177308,-1.743603610854163,-1.8539068038775777
2014-09-06,-0.8367505773875186,1.5864545768376046,0.022613225924420395,60.02999877929688,-0.6451286877871195,-0.39166622916597255,1.33431256682321,0.041280284780714126,0.004541396149416046,-0.07612943410050688,-0.49229323188481466,-1.7302802222370333,-0.004801771525306656,0.0050616332191265765,0.01168542483604493
2014-09-12,-0.8413964365026646,-0.10930871492120743,-0.0476091507053841,60.02999877929688,-0.6451286877871195,-0.33935241205848343,-0.021157344592000582,0.0008989132247867916,-0.02541462844759741,-0.07612943410050688,-0.031054509762638793,-0.05445436553794302,1.8884020221132136,-0.004087074683424573,-0.4677293682940319
2014-09-13,-0.818979169144379,0.8275564521633834,0.5831355626887358,61.11000061035156,-0.48699654178113283,-0.3290612046130457,0.24758139196983803,0.555281270662687,0.968178635023675,-0.07612943410050688,0.26734283829064853,-0.7558798980868194,-0.004801771525306656,0.0050616332191265765,0.01168542483604493
2014-09-19,-0.7981631351688281,-0.10930871492120743,-0.0476091507053841,61.11000061035156,-0.48699654178113283,-0.33898788357389203,-0.021157344592000582,0.0008989132247867916,-0.02541462844759741,-0.07612943410050688,-0.031054509762638793,-0.05445436553794302,-0.33809957679850183,-1.0928680580387482,0.5070918755016869
2014-09-20,-0.8104256052051946,-0.2574788454029576,-0.36314394836333946,60.560001373291016,-0.518264821525801,-0.338140781416063,0.11194364153823257,-0.48778234538301085,-0.8895107811466828,-0.07612943410050688,-1.843154751738287,-0.11280203153743368,-0.004801771525306656,0.0050616332191265765,0.01168542483604493
2014-09-26,-0.8218121845246776,-0.10930871492120743,-0.0476091507053841,60.560001373291016,-0.518264821525801,-0.3547015996743169,-0.021157344592000582,0.0008989132247867916,-0.02541462844759741,-0.07612943410050688,-0.031054509762638793,-0.05445436553794302,-0.5667324342124135,-1.3709468029493197,-0.40514589665032424
2014-09-27,-0.8101670223940418,0.8256854168841556,-0.1981271724549374,60.29999923706055,-0.32876297098995366,-0.3392475963002533,0.40938957584465435,-0.08459992694981144,0.11180046076806614,-0.07612943410050688,-1.232177357191379,-1.1202879475131267,-0.004801771525306656,0.0050616332191265765,0.01168542483604493
2014-10-03,-0.7993536575584516,-0.10930871492120743,-0.0476091507053841,60.29999923706055,-0.32876297098995366,-0.36960465196182907,-0.021157344592000582,0.0008989132247867916,-0.02541462844759741,-0.07612943410050688,-0.031054509762638793,-0.05445436553794302,-1.0361878933549493,-1.573976792599043,-2.02438196799932
2014-10-04,-0.7837581054442875,-0.501730664797319,-1.082512660222668,58.52000045776367,-0.42816253224586687,-0.3890968485134912,-1.3423074425916282,-1.114184054168784,-0.8925881580474581,-0.07612943410050688,-1.9231657723937867,1.3729380194258345,-0.004801771525306656,0.0050616332191265765,0.01168542483604493
2014-10-10,-0.7692765213382778,-0.10930871492120743,-0.0476091507053841,58.52000045776367,-0.42816253224586687,-0.4352050952952127,-0.021157344592000582,0.0008989132247867916,-0.02541462844759741,-0.07612943410050688,-0.031054509762638793,-0.05445436553794302,-1.6681165330791468,1.1319409565921779,0.6294194155111785
2014-10-11,-0.6655674002395916,2.7019215204076743,-1.4375011942055558,56.20000076293945,0.20927152149631487,-0.445833889345617,-0.483185804107819,-0.020174182722552475,-1.217019388021733,-0.07612943410050688,-0.33899276890493313,0.7827489046913397,-0.004801771525306656,0.0050616332191265765,0.01168542483604493
2014-10-17,-0.5692660735050973,-0.10930871492120743,-0.0476091507053841,56.20000076293945,0.20927152149631487,-0.4750607962747598,-0.021157344592000582,0.0008989132247867916,-0.02541462844759741,-0.07612943410050688,-0.031054509762638793,-0.05445436553794302,-1.1388800180392853,1.121328528649665,0.272975732241455
2014-10-18,-0.5555246509721634,-2.067957877677553,1.536900955691544,58.7400016784668,-0.568351215985486,-0.4709033269441215,0.8660983656482254,0.9130173212941829,1.5698233060080893,-0.07612943410050688,0.7856441373104377,-0.39324990452481373,-0.004801771525306656,0.0050616332191265765,0.01168542483604493
2014-10-24,-0.5427647586201534,-0.10930871492120743,-0.0476091507053841,58.7400016784668,-0.568351215985486,-0.4480401968461646,-0.021157344592000582,0.0008989132247867916,-0.02541462844759741,-0.07612943410050688,-0.031054509762638793,-0.05445436553794302,0.9130183108636334,-0.7383686111423415,0.09623330720243402
2014-10-25,-0.5454969850015821,0.43818161332868805,0.9909045308382871,60.47999954223633,-0.46471253494416154,-0.4096559119904935,0.7209698919188615,0.8825546870921328,1.1168923664559238,-0.07612943410050688,1.5925773169621684,-2.938784432087431,-0.004801771525306656,0.0050616332191265765,0.01168542483604493
2014-10-31,-0.5480340523557659,-0.10930871492120743,-0.0476091507053841,60.47999954223633,-0.46471253494416154,-0.3890532415484902,-0.021157344592000582,0.0008989132247867916,-0.02541462844759741,-0.07612943410050688,-0.031054509762638793,-0.05445436553794302,0.7578534684884642,-1.3509104093749973,-0.6853146493906893
2014-11-01,-0.5559444710943381,-0.6357797978391362,0.526271541642624,61.470001220703125,-0.5789473795653819,-0.3880183519163651,0.30752456016731183,0.1093941515702735,0.41174462590209804,-0.07612943410050688,0.17679972340796724,-0.1301370517756532,-0.004801771525306656,0.0050616332191265765,0.01168542483604493
2014-11-07,-0.5632898599230123,-0.10930871492120743,-0.0476091507053841,61.470001220703125,-0.5789473795653819,-0.3983328984943726,-0.021157344592000582,0.0008989132247867916,-0.02541462844759741,-0.07612943410050688,-0.031054509762638793,-0.05445436553794302,-0.37639336719159366,-1.0165912985622862,-1.0863299278973952
2014-11-08,-0.5767067216139838,-0.36681483644134166,-0.7263157820679667,60.27999877929688,-0.6269638359358694,-0.40869910677458127,-0.37854272009253087,-0.18082196327679695,-0.30704770210308474,-0.07612943410050688,0.8417728938795183,0.7235522858753067,-0.004801771525306656,0.0050616332191265765,0.01168542483604493
2014-11-14,-0.5891652360413149,-0.10930871492120743,-0.0476091507053841,60.27999877929688,-0.6269638359358694,-0.40869910677458127,-0.021157344592000582,0.0008989132247867916,-0.02541462844759741,-0.07612943410050688,-0.031054509762638793,-0.05445436553794302,-0.004801771525306656,0.6920852598611879,-1.3259763771313153
2014-11-15,-0.6222578006413776,-0.6884473271189838,0.05126396409158259,60.45000076293945,-0.7275259651596879,-0.41691718673720163,-0.05406137800095318,0.13937040819202418,0.24140470642080114,-0.07612943410050688,0.9212181158969586,0.5688367174807404,-0.004801771525306656,0.0050616332191265765,0.01168542483604493
2014-11-21,-0.6529866106271502,-0.10930871492120743,-0.0476091507053841,60.45000076293945,-0.7275259651596879,-0.42027526423916883,-0.021157344592000582,0.0008989132247867916,-0.02541462844759741,-0.07612943410050688,-0.031054509762638793,-0.05445436553794302,-0.13026732465975197,-0.9436390197773675,0.12026603061506037
2014-11-22,-0.6801318298858083,-1.064792993337889,-0.21579928609205593,60.15999984741211,-0.8677702689427997,-0.4055556392975683,-0.15293664984093977,0.1534080179987372,0.35988780545648164,-0.07612943410050688,-0.3056434052119977,-1.1548010597348635,-0.004801771525306656,0.0050616332191265765,0.01168542483604493
2014-11-28,-0.7053381049117053,-0.10930871492120743,-0.0476091507053841,60.15999984741211,-0.8677702689427997,-0.45003902398435885,-0.021157344592000582,0.0008989132247867916,-0.02541462844759741,-0.07612943410050688,-0.031054509762638793,-0.05445436553794302,-1.6429147942677238,0.4258579073644175,-0.23419505210452654
2014-11-29,-0.654104266727028,3.032917295437191,1.4326014446113553,62.70000076293945,-0.5242761485793607,-0.45937832771812115,1.0380265498875632,1.0329779910463317,0.28698904469066616,-0.07612943410050688,0.16646108734820425,0.6947054368306904,-0.004801771525306656,0.0050616332191265765,0.01168542483604493
2014-12-05,-0.6065299884126849,-0.10930871492120743,-0.0476091507053841,62.70000076293945,-0.5242761485793607,-0.41545187398793115,-0.021157344592000582,0.0008989132247867916,-0.02541462844759741,-0.07612943410050688,-0.031054509762638793,-0.05445436553794302,1.7309968901879884,-1.2719208707558831,-0.2637196512517907
2014-12-06,-0.5731159110809829,1.5231095281255655,-1.534953498820463,60.040000915527344,-0.19604373191467248,-0.4358276698221345,-0.8984464727348646,-1.2606661267655606,-0.7733130726261984,-0.07612943410050688,-4.341992618151546,1.5293692721597598,-0.004801771525306656,0.0050616332191265765,0.01168542483604493
2014-12-12,-0.5420885535586883,-0.10930871492120743,-0.0476091507053841,60.040000915527344,-0.19604373191467248,-0.5049334423104509,-0.021157344592000582,0.0008989132247867916,-0.02541462844759741,-0.07612943410050688,-0.031054509762638793,-0.05445436553794302,-2.6509843467245977,1.7390927389870727,0.9416254150895208
2014-12-13,-0.4771727939478648,-0.12483189236092535,1.0560079863231344,61.93000030517578,-0.20052605306672808,-0.4898514209209445,0.7855233217906111,0.3024556988107883,0.406778752379093,-0.07612943410050688,2.521912111320798,-1.3164799124393154,-0.004801771525306656,0.0050616332191265765,0.01168542483604493
2014-12-19,-0.41689387430924296,-0.10930871492120743,-0.0476091507053841,61.93000030517578,-0.20052605306672808,-0.46631342937852216,-0.021157344592000582,0.0008989132247867916,-0.02541462844759741,-0.07612943410050688,-0.031054509762638793,-0.05445436553794302,0.9654651727144296,-2.3590952265021103,-0.845832118471763
2014-12-20,-0.46090286044775175,-2.083656694341816,0.30337485084920357,62.54999923706055,-0.7957783020597111,-0.4659471708573079,0.5550203396374953,0.2061852281953897,0.4462901806779099,-0.07612943410050688,0.6177251615354074,-0.08409844405652571,-0.004801771525306656,0.0050616332191265765,0.01168542483604493
2014-12-26,-0.501768347576367,-0.10930871492120743,-0.0476091507053841,62.54999923706055,-0.7957783020597111,-0.43903310647624577,-0.021157344592000582,0.0008989132247867916,-0.02541462844759741,-0.07612943410050688,-0.031054509762638793,-0.05445436553794302,1.0683045262513657,-0.4502666054823706,-0.42397260442455353
2014-12-27,-0.5376318577464566,0.3253866877113045,-0.08123735922378958,62.4900016784668,-0.7398997889531729,-0.4330974008054918,-0.14663353335139376,-0.08155257013199119,-0.35009020707257116,-0.07612943410050688,-0.6486313529407383,-0.5141893384657287,-0.004801771525306656,0.0050616332191265765,0.01168542483604493
2015-01-02,-0.5709336886186828,-0.10930871492120743,-0.0476091507053841,62.4900016784668,-0.7398997889531729,-0.4771757073079167,-0.021157344592000582,0.0008989132247867916,-0.02541462844759741,-0.07612943410050688,-0.031054509762638793,-0.05445436553794302,-1.68659780820752,-1.6773968594188,-1.3586438585058414
2015-01-03,-0.507428986675373,4.157828741266693,-1.814857927399184,59.34000015258789,-0.12768124551675206,-0.49490964135114934,-1.4705840673030846,-1.6921996141352884,-1.168175272642826,-0.07612943410050688,-0.49988124125139627,1.4401829364056815,-0.004801771525306656,0.0050616332191265765,0.01168542483604493
2015-01-09,-0.4557508162278528,-0.10930871492120743,-0.0476091507053841,59.34000015258789,-0.12768124551675206,-0.5412074779633878,-0.021157344592000582,0.0008989132247867916,-0.02541462844759741,-0.07612943410050688,-0.031054509762638793,-0.05445436553794302,-1.9270287365285674,-1.8200047024692214,-1.5377352916245002
2015-01-10,-0.363674482536844,1.778511740650593,-2.0622808153408942,55.93000030517578,0.451901419458534,-0.572436502865591,-2.6784756272722783,-1.6470704984634907,-0.6363272425651911,-0.07612943410050688,0.46641820604125317,2.9048057643892125,-0.004801771525306656,0.0050616332191265765,0.01168542483604493
2015-01-16,-0.2781750298237643,-0.10930871492120743,-0.0476091507053841,55.93000030517578,0.451901419458534,-0.6196754925874111,-0.021157344592000582,0.0008989132247867916,-0.02541462844759741,-0.07612943410050688,-0.031054509762638793,-0.05445436553794302,-2.209953917524713,-3.131041194356909,-0.13044329867596888
2015-01-17,-0.2862672652770349,-1.6755877070771725,0.42251645240289,56.68000030517578,-0.2714568767671037,-0.6266754369799538,0.6206023205545835,0.5609211684280148,0.9453627317522842,-0.07612943410050688,2.8039312193077452,0.6720540638055237,-0.004801771525306656,0.0050616332191265765,0.01168542483604493
2015-01-23,-0.29378148391221465,-0.10930871492120743,-0.0476091507053841,56.68000030517578,-0.2714568767671037,-0.6328974668183545,-0.021157344592000582,0.0008989132247867916,-0.02541462844759741,-0.07612943410050688,-0.031054509762638793,-0.05445436553794302,-0.3229220811121069,-2.4443867458136803,-0.8121982649826166
2015-01-24,-0.3028418538056713,0.18658564567762442,-1.4702501152263387,54.380001068115234,-0.1919780157942678,-0.6266873710593506,-1.0609832881702423,-0.905843376080208,-0.8039795617521658,-0.07612943410050688,-0.8333982127422814,-0.6989996989801436,-0.004801771525306656,0.0050616332191265765,0.01168542483604493
2015-01-30,-0.31125505442102386,-0.10930871492120743,-0.0476091507053841,54.380001068115234,-0.1919780157942678,-0.6675765939861211,-0.021157344592000582,0.0008989132247867916,-0.02541462844759741,-0.07612943410050688,-0.031054509762638793,-0.05445436553794302,-2.0954322038650783,0.12066029049718789,0.041864212297657265
2015-01-31,-0.25518981781815003,-0.4451816433551726,2.2152897886906526,57.88999938964844,-0.2893261789754811,-0.6484767669353038,2.4731711516922985,1.232275977098641,1.4825023726050715,-0.07612943410050688,0.9818343189292199,-2.1157160939005926,-0.004801771525306656,0.0050616332191265765,0.01168542483604493
2015-02-06,-0.20312924097262453,-0.10930871492120743,-0.0476091507053841,57.88999938964844,-0.2893261789754811,-0.5604833811795036,-0.021157344592000582,0.0008989132247867916,-0.02541462844759741,-0.07612943410050688,-0.031054509762638793,-0.05445436553794302,4.67327099534487,0.4250108257271151,1.6786195673213176
2015-02-07,-0.20581985166936,-0.4016154066207442,1.0303780922083308,59.66999816894531,-0.3664460957507753,-0.5566490777699389,0.1840651942820544,1.1075613888744058,0.4747079353234217,-0.07612943410050688,0.1617360197832098,-0.4088206792471097,-0.004801771525306656,0.0050616332191265765,0.01168542483604493
2015-02-13,-0.20831827588775717,-0.10930871492120743,-0.0476091507053841,59.66999816894531,-0.3664460957507753,-0.5336983360983196,-0.021157344592000582,0.0008989132247867916,-0.02541462844759741,-0.07612943410050688,-0.031054509762638793,-0.05445436553794302,1.040101091502108,0.8210714697292577,1.1043893100518407
2015-02-14,-0.25229758605748404,-1.3320088928352503,0.02877238007705231,59.79999923706055,-0.6638453777169439,-0.5215456832410863,-0.4116585215413345,0.2999458525948406,-0.30505537924070675,-0.07612943410050688,0.36774420951815234,-1.119145143876946,-0.004801771525306656,0.0050616332191265765,0.01168542483604493
2015-02-20,-0.29313551692937323,-0.10930871492120743,-0.0476091507053841,59.79999923706055,-0.6638453777169439,-0.4848184539169387,-0.021157344592000582,0.0008989132247867916,-0.02541462844759741,-0.07612943410050688,-0.031054509762638793,-0.05445436553794302,1.5802877908465467,-0.36898322522001603,-0.05457597095512962
2015-02-21,-0.28488411044559764,2.0552312394406016,0.8200674077218628,61.27999877929688,-0.30931776754928425,-0.48962760915448583,-1.0025017337884838,0.32718634463412866,-0.04799041086547721,-0.07612943410050688,0.26837830936114315,0.3478361204450166,-0.004801771525306656,0.0050616332191265765,0.01168542483604493
2015-02-27,-0.27722209013923466,-0.10930871492120743,-0.0476091507053841,61.27999877929688,-0.30931776754928425,-0.5327390000207237,-0.021157344592000582,0.0008989132247867916,-0.02541462844759741,-0.07612943410050688,-0.031054509762638793,-0.05445436553794302,-1.7813468806966608,-1.8189680385573288,0.409486371268018
2015-02-28,-0.3065592340568977,-0.6029411589461361,-0.27073127765246285,60.88999938964844,-0.4369177814450645,-0.5051058664561482,0.7101706966270414,0.3232045998586858,-0.13837379630939162,-0.07612943410050688,-0.36130641718765183,-2.417779286535528,-0.004801771525306656,0.0050616332191265765,0.01168542483604493
2015-03-06,-0.3338008676947278,-0.10930871492120743,-0.0476091507053841,60.88999938964844,-0.4369177814450645,-0.4221996303676521,-0.021157344592000582,0.0008989132247867916,-0.02541462844759741,-0.07612943410050688,-0.031054509762638793,-0.05445436553794302,3.4881592277377593,-3.6153264687903746,-2.748499823778905
2015-03-07,-0.3649983435558725,-0.10880328798197876,0.015726259409860808,61.0,-0.436804360179903,-0.4144791697898399,-0.247179566303069,0.23971104613278565,0.3997325562979289,-0.07612943410050688,-1.6592459579786745,-0.6381773729754682,-0.004801771525306656,0.0050616332191265765,0.01168542483604493
2015-03-13,-0.39396742828407827,-0.10930871492120743,-0.0476091507053841,61.0,-0.436804360179903,-0.4528569910909183,-0.021157344592000582,0.0008989132247867916,-0.02541462844759741,-0.07612943410050688,-0.031054509762638793,-0.05445436553794302,-1.434212894735642,-3.6092772265469897,-2.305756146175063
2015-03-14,-0.44030835557416437,-0.330373995125672,0.383442080857184,61.75,-0.4864196201535325,-0.4730536267366945,-0.4593301123457621,-0.275218336473203,0.34923525301867653,-0.07612943410050688,2.718041870064997,1.5962811857501542,-0.004801771525306656,0.0050616332191265765,0.01168542483604493
2015-03-20,-0.48333921662924423,-0.10930871492120743,-0.0476091507053841,61.75,-0.4864196201535325,-0.5409350859345274,-0.021157344592000582,0.0008989132247867916,-0.02541462844759741,-0.07612943410050688,-0.031054509762638793,-0.05445436553794302,-2.737948093327391,3.023516286286597,1.3021307857604911
2015-03-21,-0.45837724499148086,-0.3418669179009307,-1.2966692389433716,59.54999923706055,-0.5355321185575519,-0.5491246515446334,-0.9647442204526058,-0.9856893866624717,-1.069623176264787,-0.07612943410050688,-1.598948394862993,0.6936211607326833,-0.004801771525306656,0.0050616332191265765,0.01168542483604493
2015-03-27,-0.4351982713278435,-0.10930871492120743,-0.0476091507053841,59.54999923706055,-0.5355321185575519,-0.5424213715897217,-0.021157344592000582,0.0008989132247867916,-0.02541462844759741,-0.07612943410050688,-0.031054509762638793,-0.05445436553794302,0.29683562046632334,1.0923981138485541,-0.33007827107271015
2015-03-28,-0.4588059727845793,-0.06450451140613564,0.5234590563059921,60.52000045776367,-0.5266579951477522,-0.5430200149440851,0.40249848956487405,0.44605406570066397,0.11753181980431258,-0.07612943410050688,-0.23722409803530117,-0.0002825461396441827,-0.004801771525306656,0.0050616332191265765,0.01168542483604493
2015-04-03,-0.48697631819672926,-0.10930871492120743,-0.0476091507053841,60.52000045776367,-0.5266579951477522,-0.5765057150594457,-0.021157344592000582,0.0008989132247867916,-0.02541462844759741,-0.07612943410050688,-0.031054509762638793,-0.05445436553794302,-1.4975201472787503,1.0825141443707857,0.3011587801164366
2015-04-04,-0.4992481360923533,-0.7589065568958459,0.6359571730998579,61.70000076293945,-0.6568601546077185,-0.5784084761179195,0.3054933984372528,0.2910504844871816,-0.053872026765438806,-0.07612943410050688,2.434409568827679,0.12759467324887122,-0.004801771525306656,0.0050616332191265765,0.01168542483604493
2015-04-10,-0.5106433955668612,-0.10930871492120743,-0.0476091507053841,61.70000076293945,-0.6568601546077185,-0.5416873431350402,-0.021157344592000582,0.0008989132247867916,-0.02541462844759741,-0.07612943410050688,-0.031054509762638793,-0.05445436553794302,1.725944669550981,-3.868498218739382,-2.024662452051497
2015-04-11,-0.491715812223195,3.7074839925613947,0.6001550032340381,62.84000015258789,-0.02459004019764954,-0.5407626739772584,-0.30818810516868134,0.3231411924873334,-0.17922863377354362,-0.07612943410050688,-0.9137181614045776,-0.13784030926955093,-0.004801771525306656,0.0050616332191265765,0.01168542483604493
2015-04-17,-0.47414019911836197,-0.10930871492120743,-0.0476091507053841,62.84000015258789,-0.02459004019764954,-0.5708496966249482,-0.021157344592000582,0.0008989132247867916,-0.02541462844759741,-0.07612943410050688,-0.031054509762638793,-0.05445436553794302,-1.3413939906310672,2.040594756878257,2.2864609761584105
2015-04-18,-0.506769813130644,-1.744593804393894,-0.18150760495042315,62.59999847412109,-0.5716742409369004,-0.5561147874682439,0.12383377080740603,-0.08366361903382259,0.3467283453130475,-0.07612943410050688,0.6841264229455707,-1.4151175519029062,-0.004801771525306656,0.0050616332191265765,0.01168542483604493
2015-04-24,-0.537068740427763,-0.10930871492120743,-0.0476091507053841,62.59999847412109,-0.5716742409369004,-0.5355839945358792,-0.021157344592000582,0.0008989132247867916,-0.02541462844759741,-0.07612943410050688,-0.031054509762638793,-0.05445436553794302,0.9291450197214988,1.0606222380610943,1.7865968220413553
2015-04-25,-0.5461096308803569,0.17215125425687203,0.5180377756889251,63.61000061035156,-0.5186443465284568,-0.5351904204410163,0.8263096024351609,0.430063590319355,0.25178841489996223,-0.07612943410050688,-0.8184910999727293,-0.08964727979214128,-0.004801771525306656,0.0050616332191265765,0.01168542483604493
2015-05-01,-0.5545047434434797,-0.10930871492120743,-0.0476091507053841,63.61000061035156,-0.5186443465284568,-0.470137497185579,-0.021157344592000582,0.0008989132247867916,-0.02541462844759741,-0.07612943410050688,-0.031054509762638793,-0.05445436553794302,2.860753452395172,3.3263355629679174,-0.27957189040997266
2015-05-02,-0.552579607443729,0.5937319817295924,0.9885567046067621,65.48999786376953,-0.37622540810369076,-0.47904965434533214,0.5740180622272807,0.12857233289131406,0.45678793624609887,-0.07612943410050688,0.5410392434909497,0.6800567282096116,-0.004801771525306656,0.0050616332191265765,0.01168542483604493
2015-05-08,-0.5507919811582465,-0.10930871492120743,-0.0476091507053841,65.48999786376953,-0.37622540810369076,-0.4655224559897041,-0.021157344592000582,0.0008989132247867916,-0.02541462844759741,-0.07612943410050688,-0.031054509762638793,-0.05445436553794302,0.5444059327613383,0.5027336897237805,2.3926715348487226
2015-05-09,-0.5831539356467512,-1.0680346903300506,0.16116965694388202,65.87999725341797,-0.6069133555513092,-0.48721897081755494,-0.1925914228269314,0.10841001887045495,-0.31802545979737434,-0.07612943410050688,-0.8360834292356318,1.754312342671274,-0.004801771525306656,0.0050616332191265765,0.01168542483604493
2015-05-15,-0.6132043219575056,-0.10930871492120743,-0.0476091507053841,65.87999725341797,-0.6069133555513092,-0.49378167633955544,-0.021157344592000582,0.0008989132247867916,-0.02541462844759741,-0.07612943410050688,-0.031054509762638793,-0.05445436553794302,-0.2743203671474577,1.9768820533299991,2.3363473666638903
2015-05-16,-0.6421496926836009,-0.22944013664377919,0.2663685620451335,66.47000122070312,-0.6284165006012071,-0.48142029934466185,0.668769800306527,0.3561911471192353,0.2421215393351297,-0.07612943410050688,0.6413557788557777,-1.0766188713328393,-0.004801771525306656,0.0050616332191265765,0.01168542483604493
2015-05-22,-0.6690275369292608,-0.10930871492120743,-0.0476091507053841,66.47000122070312,-0.6284165006012071,-0.45804648591035035,-0.021157344592000582,0.0008989132247867916,-0.02541462844759741,-0.07612943410050688,-0.031054509762638793,-0.05445436553794302,0.9473293419809784,-3.868498218739382,-2.057861472063353
2015-05-23,-0.6957211811704268,-0.5391102704509987,-0.41154295939940105,65.77999877929688,-0.7028808329469989,-0.44880199831857903,-0.44206480130948594,-0.42651315774223103,-0.047518739006702004,-0.07612943410050688,-0.47323246566832156,-0.7855118491112894,-0.004801771525306656,0.0050616332191265765,0.01168542483604493
2015-05-29,-0.7205081365372241,-0.10930871492120743,-0.0476091507053841,65.77999877929688,-0.7028808329469989,-0.47923051650806014,-0.021157344592000582,0.0008989132247867916,-0.02541462844759741,-0.07612943410050688,-0.031054509762638793,-0.05445436553794302,-1.1901957758001007,-0.4139264682790966,-1.437592177192154
2015-05-30,-0.7115861127963553,1.2867747201035429,0.8264630081492934,67.41999816894531,-0.48877529258380986,-0.46597309922048197,1.1581497332807933,1.0552854308130597,0.3340265398318571,-0.07612943410050688,-1.7232624201715605,-1.127515754557547,-0.004801771525306656,0.0050616332191265765,0.01168542483604493
2015-06-05,-0.7033013764655486,-0.10930871492120743,-0.0476091507053841,67.41999816894531,-0.48877529258380986,-0.3661121370920817,-0.021157344592000582,0.0008989132247867916,-0.02541462844759741,-0.07612943410050688,-0.031054509762638793,-0.05445436553794302,3.9769540845528715,1.2341406938643371,-0.12918807313142394
2015-06-06,-0.6973440530285673,-0.18335119033408004,0.38399714995149276,68.25,-0.5043652635980762,-0.37385617251199177,0.47100193997329454,0.4092711563252372,0.23697025050697312,-0.07612943410050688,-0.2213644740072054,0.5021203169379783,-0.004801771525306656,0.0050616332191265765,0.01168542483604493
2015-06-12,-0.6918122526942275,-0.10930871492120743,-0.0476091507053841,68.25,-0.5043652635980762,-0.38067886956329167,-0.021157344592000582,0.0008989132247867916,-0.02541462844759741,-0.07612943410050688,-0.031054509762638793,-0.05445436553794302,-0.2463620066057389,1.819088652440841,2.3872444488673668
2015-06-13,-0.7106297737555279,0.3037667072799354,-0.13493424228677892,68.08000183105469,-0.41911064281470833,-0.39608257272270686,-0.5371234614540399,-0.40587571387004484,-0.04709671266552485,-0.07612943410050688,-0.7518673650578812,1.0833930541243757,-0.004801771525306656,0.0050616332191265765,0.01168542483604493
2015-06-19,-0.7281031861695926,-0.10930871492120743,-0.0476091507053841,68.08000183105469,-0.41911064281470833,-0.43959224522530876,-0.021157344592000582,0.0008989132247867916,-0.02541462844759741,-0.07612943410050688,-0.031054509762638793,-0.05445436553794302,-1.5880825591968508,0.6041259705454901,2.149422787751959
2015-06-20,-0.7366909136236265,-0.29114528822295666,0.40040808107065684,68.94999694824219,-0.4607809612815921,-0.42114822591315126,0.37302934261197485,0.052541719764661085,0.18612874423785158,-0.07612943410050688,0.39212480641772485,-1.4609589056868408,-0.004801771525306656,0.0050616332191265765,0.01168542483604493
2015-06-26,-0.7641061624420032,-0.10930871492120743,-0.0476091507053841,68.94999694824219,-0.4607809612815921,-0.34229252834921003,-0.021157344592000582,0.0008989132247867916,-0.02541462844759741,-0.07612943410050688,-0.031054509762638793,-0.05445436553794302,2.9575176600031097,-1.8667502825976605,-1.0017125952083143
2015-06-27,-0.7683866027206686,-0.48160450592684173,-0.7747178501059643,67.5199966430664,-0.541953507108234,-0.3350254282917625,-0.6366817716394337,-0.4536056607016378,-0.40252881082727016,-0.07612943410050688,-1.6652482081737483,-0.5531947335458003,-0.004801771525306656,0.0050616332191265765,0.01168542483604493
2015-07-03,-0.791802227733346,-0.10930871492120743,-0.0476091507053841,67.5199966430664,-0.541953507108234,-0.3661446718665283,-0.021157344592000582,0.0008989132247867916,-0.02541462844759741,-0.07612943410050688,-0.031054509762638793,-0.05445436553794302,-1.056898458050329,-0.6961774787058551,-0.8884387596113932
2015-07-04,-0.7760518580311735,0.6459418215038493,-0.2916468859419343,67.05000305175781,-0.39366065585500776,-0.36234556404016116,-0.5676201362095643,-0.38528307654802585,-0.38536749007090637,-0.07612943410050688,0.8433042558340139,-0.32373145660234387,-0.004801771525306656,0.0050616332191265765,0.01168542483604493
2015-07-10,-0.7635093958970883,-0.10930871492120743,-0.0476091507053841,67.05000305175781,-0.39366065585500776,-0.35539851734721567,-0.021157344592000582,0.0008989132247867916,-0.02541462844759741,-0.07612943410050688,-0.031054509762638793,-0.05445436553794302,0.23776496453462742,0.6463456345827717,-0.7940238380464848
2015-07-11,-0.7292975717060513,0.09091603342257927,1.0818008094114877,69.20999908447266,-0.34641524596980083,-0.3361625510964297,2.342980791854372,2.0282190269718052,1.0009349697120768,-0.07612943410050688,0.9707159917624443,-1.376362766843775,-0.004801771525306656,0.0050616332191265765,0.01168542483604493
2015-07-17,-0.7194004960196734,-0.10930871492120743,-0.0476091507053841,69.20999908447266,-0.34641524596980083,-0.36458663757898135,-0.021157344592000582,0.0008989132247867916,-0.02541462844759741,-0.07612943410050688,-0.031054509762638793,-0.05445436553794302,-0.9670499806886849,-3.2053652003938944,0.896269621041267
2015-07-18,-0.7220137007057844,-0.9831231755347852,-0.19957403587589395,68.91000366210938,-0.5636300558231383,-0.3292044056096495,-0.3327695720310231,-0.021567737190907186,-0.11086859525132403,-0.07612943410050688,-1.9259304505904133,-2.4664260599396433,-0.004801771525306656,0.0050616332191265765,0.01168542483604493
2015-07-24,-0.724440247914316,-0.10930871492120743,-0.0476091507053841,68.91000366210938,-0.5636300558231383,-0.3551339241185715,-0.021157344592000582,0.0008989132247867916,-0.02541462844759741,-0.07612943410050688,-0.031054509762638793,-0.05445436553794302,-0.8755541573814802,1.4036534867339443,-0.7862541549345594
2015-07-25,-0.7284293811981049,-0.023994339573339456,-0.240941427702437,68.52999877929688,-0.5473726442869601,-0.3622761409819471,-0.05266733974971715,-0.10703526597858962,0.022786461311730302,-0.07612943410050688,1.1328218528738767,0.4517369092840678,-0.004801771525306656,0.0050616332191265765,0.01168542483604493
2015-07-31,-0.7321335763901944,-0.10930871492120743,-0.0476091507053841,68.52999877929688,-0.5473726442869601,-0.38798541491798977,-0.021157344592000582,0.0008989132247867916,-0.02541462844759741,-0.07612943410050688,-0.031054509762638793,-0.05445436553794302,-0.9024055525400411,0.5666135918962438,0.8883369884210179
2015-08-01,-0.7359204213591563,-0.8030496238374523,-0.29316716314459973,68.05000305175781,-0.68258387942853,-0.38739456941058514,-0.2261954012492244,-0.24746363321300455,-0.23930693886071847,-0.07612943410050688,0.1868747323960821,-0.09763025359898031,-0.004801771525306656,0.0050616332191265765,0.01168542483604493
2015-08-07,-0.7394367774017637,-0.10930871492120743,-0.0476091507053841,68.05000305175781,-0.68258387942853,-0.394745447572249,-0.021157344592000582,0.0008989132247867916,-0.02541462844759741,-0.07612943410050688,-0.031054509762638793,-0.05445436553794302,-0.2694200290452373,-0.7473092564232927,-1.198957076387443
2015-08-08,-0.7055554853694491,1.0724627441864958,-0.1300417957867358,67.88999938964844,-0.4949382115206143,-0.40828076819562553,-0.10059500456388361,-0.14497539902347156,-0.1007980899332297,-0.07612943410050688,-1.6728260852915555,0.9608616108291093,-0.004801771525306656,0.0050616332191265765,0.01168542483604493
2015-08-14,-0.674094285625157,-0.10930871492120743,-0.0476091507053841,67.88999938964844,-0.4949382115206143,-0.401054067287387,-0.021157344592000582,0.0008989132247867916,-0.02541462844759741,-0.07612943410050688,-0.031054509762638793,-0.05445436553794302,0.2622441764305834,1.6492175245293894,1.1694507922194188
2015-08-15,-0.5806555849691631,0.6027518433433681,-2.2629932892573716,63.59999847412109,-0.34618295049403736,-0.433068145014126,-2.570382665098274,-1.8280805113865963,-1.8390439992741743,-0.07612943410050688,-3.6736630733493865,2.4250194464909782,-0.004801771525306656,0.0050616332191265765,0.01168542483604493
2015-08-21,-0.49389107721716874,-0.10930871492120743,-0.0476091507053841,63.59999847412109,-0.34618295049403736,-0.48508562379909137,-0.021157344592000582,0.0008989132247867916,-0.02541462844759741,-0.07612943410050688,-0.031054509762638793,-0.05445436553794302,-1.9894387029247789,2.629592889565093,0.5411932552863827
2015-08-22,-0.07067604562565692,2.6132301469467207,0.2445471292410245,64.12999725341797,0.33076096473151906,-0.46845955610350865,0.43425968503169554,-0.15670522185958793,-0.27196602997908204,-0.07612943410050688,0.6084722439960994,-1.4047750724423531,-0.004801771525306656,0.0050616332191265765,0.01168542483604493
2015-08-28,0.3223093408521756,-0.10930871492120743,-0.0476091507053841,64.12999725341797,0.33076096473151906,-0.4187744704680867,-0.021157344592000582,0.0008989132247867916,-0.02541462844759741,-0.07612943410050688,-0.031054509762638793,-0.05445436553794302,1.9830622117951373,-1.9154774090237476,-2.414167715747498
2015-08-29,0.30326411179490276,-1.4944930054097942,-1.4853861624490334,61.5,-0.26413793339692243,-0.41010482124380454,-1.2450323408762407,-1.3319185462490668,-1.3258694930308903,-0.07612943410050688,-2.187872020452447,-0.7062944055089974,-0.004801771525306656,0.0050616332191265765,0.01168542483604493
2015-09-04,0.2855792562417206,-0.10930871492120743,-0.0476091507053841,61.5,-0.26413793339692243,-0.4316359540095529,-0.021157344592000582,0.0008989132247867916,-0.02541462844759741,-0.07612943410050688,-0.031054509762638793,-0.05445436553794302,-0.802281451722353,-0.5784673926666629,-1.220392746243757
2015-09-05,0.24450907399222738,-1.6039719449247087,0.5566577054967075,62.560001373291016,-0.6685349107957368,-0.41979140893983696,0.6816125396551465,0.26702465637520445,0.7770195640955041,-0.07612943410050688,0.7837050293909341,-0.9561171250374814,-0.004801771525306656,0.0050616332191265765,0.01168542483604493
2015-09-11,0.20637247618912674,-0.10930871492120743,-0.0476091507053841,62.560001373291016,-0.6685349107957368,-0.39428249669675486,-0.021157344592000582,0.0008989132247867916,-0.02541462844759741,-0.07612943410050688,-0.031054509762638793,-0.05445436553794302,0.9517994411054235,2.3613875996101887,1.7346677735102967
2015-09-12,0.20463471155208526,2.1000345240992275,-0.9554640950132004,60.93999862670898,-0.3094366417598862,-0.4186556633967583,-0.8650723708066975,-0.41755308285624515,-0.9545881953301664,-0.07612943410050688,-0.1782551237227172,1.7982354151688362,-0.004801771525306656,0.0050616332191265765,0.01168542483604493
2015-09-18,0.20302107296054664,-0.10930871492120743,-0.0476091507053841,60.93999862670898,-0.3094366417598862,-0.4433890657902947,-0.021157344592000582,0.0008989132247867916,-0.02541462844759741,-0.07612943410050688,-0.031054509762638793,-0.05445436553794302,-0.9309656728450625,0.2141472913341178,1.0917098082073182
2015-09-19,0.15257300051875536,-0.6739368799688796,0.25730179639609374,61.470001220703125,-0.45537054881557076,-0.4485771765888645,0.5769314385381581,0.13737976426696444,0.24135217645489865,-0.07612943410050688,0.02171212294016898,0.35569993591700794,-0.004801771525306656,0.0050616332191265765,0.01168542483604493
2015-09-25,0.10572836182280639,-0.10930871492120743,-0.0476091507053841,61.470001220703125,-0.45537054881557076,-0.43454123310332926,-0.021157344592000582,0.0008989132247867916,-0.02541462844759741,-0.07612943410050688,-0.031054509762638793,-0.05445436553794302,0.5418274928351114,-1.7272934901453136,-2.9066932408783006
2015-09-26,0.0931270753261664,0.7598227489112771,-0.4240338180426609,60.810001373291016,-0.26461561141750645,-0.4285814027023149,-0.9262809405603876,-0.3489941105843861,-0.15765915188887067,-0.07612943410050688,0.19491132090115731,-0.5133414468141405,-0.004801771525306656,0.0050616332191265765,0.01168542483604493
2015-10-02,0.08142588072214353,-0.10930871492120743,-0.0476091507053841,60.810001373291016,-0.26461561141750645,-0.49223751219928913,-0.021157344592000582,0.0008989132247867916,-0.02541462844759741,-0.07612943410050688,-0.031054509762638793,-0.05445436553794302,-2.419290941522815,0.8946770196712395,0.34037005426752504
2015-10-03,0.03167835993347654,-1.2535455026849187,0.5981046329954116,61.93000030517578,-0.5740549969162039,-0.5039231657059566,0.3455627138716497,0.7947656880524651,0.5058314673497979,-0.07612943410050688,3.0379890612029947,0.9432537074190364,-0.004801771525306656,0.0050616332191265765,0.01168542483604493
2015-10-09,-0.028749361647965172,-0.10930871492120743,-0.0476091507053841,61.93000030517578,-0.5740549969162039,-0.4587126932469638,-0.021157344592000582,0.0008989132247867916,-0.02541462844759741,-0.07612943410050688,-0.031054509762638793,-0.05445436553794302,1.8967264106530761,0.9195851685089821,0.7490873172454883
2015-10-10,-0.03972978325776254,1.436637253684281,0.2354429510842216,62.43000030517578,-0.2837663558043912,-0.47571814167044085,0.9562789633164813,0.6739673088605879,0.41377575558300894,-0.07612943410050688,-0.42241887557895874,1.3405969694477504,-0.004801771525306656,0.0050616332191265765,0.01168542483604493
2015-10-16,-0.04992588903828855,-0.10930871492120743,-0.0476091507053841,62.43000030517578,-0.2837663558043912,-0.5028982558411267,-0.021157344592000582,0.0008989132247867916,-0.02541462844759741,-0.07612943410050688,-0.031054509762638793,-0.05445436553794302,-1.1032171800985966,-0.026232213366837155,0.9441301506166466
2015-10-17,-0.08820799453475113,-0.9570351788309059,0.7610512985632867,63.869998931884766,-0.50868290579783,-0.4908035814267416,0.678613653857508,0.476867825591821,1.0688970724991793,-0.07612943410050688,0.6502028217024226,-1.0678727406749422,-0.004801771525306656,0.0050616332191265765,0.01168542483604493
2015-10-23,-0.12375566392432341,-0.10930871492120743,-0.0476091507053841,63.869998931884766,-0.50868290579783,-0.4735195719716711,-0.021157344592000582,0.0008989132247867916,-0.02541462844759741,-0.07612943410050688,-0.031054509762638793,-0.05445436553794302,0.7086298051215582,-3.5842470725353746,-0.7296512805280149
2015-10-24,-0.14843242456581296,-0.17788879193408833,0.16097695231369127,64.25,-0.5227580485687374,-0.45972201082163017,0.42268128419105894,-0.23041035933483378,-0.3701908340463231,-0.07612943410050688,-0.8777152411682642,-1.1617535273176947,-0.004801771525306656,0.0050616332191265765,0.01168542483604493
2015-10-30,-0.1713465594471962,-0.10930871492120743,-0.0476091507053841,64.25,-0.5227580485687374,-0.43506227831156363,-0.021157344592000582,0.0008989132247867916,-0.02541462844759741,-0.07612943410050688,-0.031054509762638793,-0.05445436553794302,0.97010759828496,0.284818091935545,0.7874563383155103
2015-10-31,-0.11416564580879258,0.1602899738087981,2.249630646017664,68.45999908447266,-0.4684401684472579,-0.39735164332739853,1.9451678242676846,1.3414397940344274,0.9519773514603029,-0.07612943410050688,-0.10649450674792779,-2.8445063631728327,-0.004801771525306656,0.0050616332191265765,0.01168542483604493
2015-11-06,-0.06592931576161119,-0.10930871492120743,-0.0476091507053841,68.45999908447266,-0.4684401684472579,-0.33079834967188054,-0.021157344592000582,0.0008989132247867916,-0.02541462844759741,-0.07612943410050688,-0.031054509762638793,-0.05445436553794302,2.4208655890740403,-3.172358692561801,-2.7327514272676607
2015-11-07,-0.06106200424026948,-0.6055831504862249,-1.5327197555318173,65.55999755859375,-0.5756287169703198,-0.32535493042249014,-1.1994636844848807,-1.2748583364745256,-0.7346290033127025,-0.07612943410050688,-2.467467954220131,-0.4238861833409153,-0.004801771525306656,0.0050616332191265765,0.01168542483604493
2015-11-13,-0.05654235782759499,-0.10930871492120743,-0.0476091507053841,65.55999755859375,-0.5756287169703198,-0.3476789364935446,-0.021157344592000582,0.0008989132247867916,-0.02541462844759741,-0.07612943410050688,-0.031054509762638793,-0.05445436553794302,-0.7511609594020301,-0.25966345798216567,1.0419482988831144
2015-11-14,-0.07143923862200692,-0.339524071744059,1.0112165144263277,67.54000091552734,-0.618760424815246,-0.3442112716466769,0.7166523637727698,0.7853642642556519,0.6834237140459164,-0.07612943410050688,2.2928589768534566,-0.29500637088680154,-0.004801771525306656,0.0050616332191265765,0.01168542483604493
2015-11-20,-0.08527205650253232,-0.10930871492120743,-0.0476091507053841,67.54000091552734,-0.618760424815246,-0.351683025116387,-0.021157344592000582,0.0008989132247867916,-0.02541462844759741,-0.07612943410050688,-0.031054509762638793,-0.05445436553794302,-0.2601351779041863,-0.6803422927549168,-0.05538637466481622
2015-11-21,-0.14671940699633904,-1.7394904647659248,-0.23967110675039707,67.16999816894531,-0.9053988642492168,-0.3355354327121151,-0.29277990477206883,-0.25947243611277976,-0.2637947702313337,-0.07612943410050688,0.3902552093451224,-1.1633189075293562,-0.004801771525306656,0.0050616332191265765,0.01168542483604493
2015-11-27,-0.20377766102630246,-0.10930871492120743,-0.0476091507053841,67.16999816894531,-0.9053988642492168,-0.35076473774718575,-0.021157344592000582,0.0008989132247867916,-0.02541462844759741,-0.07612943410050688,-0.031054509762638793,-0.05445436553794302,-0.5199877596171982,-0.7065670922465793,-1.1739513521644753
2015-11-28,-0.22621025405226292,4.245466274159735,0.3281896226285365,67.88999938964844,-0.4731264297587866,-0.3728209380460845,0.49510395415785435,0.4294342313210248,0.13101388468973507,-0.07612943410050688,-1.4426311510029526,1.5287620817517016,-0.004801771525306656,0.0050616332191265765,0.01168542483604493
2015-12-04,-0.24704051900494053,-0.10930871492120743,-0.0476091507053841,67.88999938964844,-0.4731264297587866,-0.35057309401507036,-0.021157344592000582,0.0008989132247867916,-0.02541462844759741,-0.07612943410050688,-0.031054509762638793,-0.05445436553794302,0.7819011562366364,3.2267330149282514,0.46382546331533636
2015-12-05,-0.19833925395664176,-0.18249895808127903,-2.020281627896856,64.06999969482422,-0.4888429091072716,-0.3446067493494518,-1.7163735389303536,-1.9062871729466284,-1.3372560690721809,-0.07612943410050688,-3.03943991339832,-0.4685321128088567,-0.004801771525306656,0.0050616332191265765,0.01168542483604493
2015-12-11,-0.1579768833145577,-0.10930871492120743,-0.0476091507053841,64.06999969482422,-0.4888429091072716,-0.40061888210235724,-0.021157344592000582,0.0008989132247867916,-0.02541462844759741,-0.07612943410050688,-0.031054509762638793,-0.05445436553794302,-1.9198023193668976,1.290123910973181,0.8598322661123594
2015-12-12,-0.11494296866579212,1.2974636071989554,0.13296645886053104,64.4000015258789,-0.19266617750885345,-0.3926367567084025,0.029413090261781096,0.05254891111795118,0.2532124166683195,-0.07612943410050688,1.0687920223770881,-0.6415523842689023,-0.004801771525306656,0.0050616332191265765,0.01168542483604493
2015-12-18,-0.0749829050633669,-0.10930871492120743,-0.0476091507053841,64.4000015258789,-0.19266617750885345,-0.37000705500459363,-0.021157344592000582,0.0008989132247867916,-0.02541462844759741,-0.07612943410050688,-0.031054509762638793,-0.05445436553794302,0.8151421250153172,-1.6648394970966507,-2.2158564444422812
2015-12-19,-0.10418500720672601,-2.0451678877414885,1.1500511735550905,66.5999984741211,-0.7533925571510395,-0.37844172418945093,0.836981918789549,0.7741478154758366,0.5671371392570635,-0.07612943410050688,2.1650224624102834,0.5551573125131496,-0.004801771525306656,0.0050616332191265765,0.01168542483604493
2015-12-25,-0.14622917791016138,-0.10930871492120743,-0.0476091507053841,66.5999984741211,-0.7533925571510395,-0.3560431093126245,-0.021157344592000582,0.0008989132247867916,-0.02541462844759741,-0.07612943410050688,-0.031054509762638793,-0.05445436553794302,0.7926779086717428,1.1852323011661212,0.23206605062738694
2015-12-26,-0.2015865374275568,-0.8683776435772994,-0.3476620764407904,66.02999877929688,-0.859562495465824,-0.3426553516041343,-0.7396499071851365,-0.47989684925473614,-0.2850770352581242,-0.07612943410050688,-0.16032801093062,-0.9814701331561747,-0.004801771525306656,0.0050616332191265765,0.01168542483604493
2016-01-01,-0.2529897998365667,-0.10930871492120743,-0.0476091507053841,66.02999877929688,-0.859562495465824,-0.3350701443544501,-0.021157344592000582,0.0008989132247867916,-0.02541462844759741,-0.07612943410050688,-0.031054509762638793,-0.05445436553794302,0.25393608027195896,-1.0336369811301547,-1.4824775915256283
2016-01-02,-0.10665853652220572,5.5125304914868,-3.82268611866635,58.91999816894531,-0.023634684156481487,-0.3644785401647177,-2.7524292865897038,-2.865975707628736,-2.757868601145921,-0.07612943410050688,-3.505065329637976,2.0353312593711417,-0.004801771525306656,0.0050616332191265765,0.01168542483604493
2016-01-08,-0.03674014664245953,-0.10930871492120743,-0.0476091507053841,58.91999816894531,-0.023634684156481487,-0.4157612572502004,-0.021157344592000582,0.0008989132247867916,-0.02541462844759741,-0.07612943410050688,-0.031054509762638793,-0.05445436553794302,-1.800009333554782,0.28886282570644206,-1.7022726178608314
2016-01-09,-0.0349992163528806,0.7769479750896081,-1.1662532908467584,57.040000915527344,0.2730884325750704,-0.4112578339521637,-1.3940906019122832,-2.093601371643869,-0.48746841619499354,-0.07612943410050688,-1.235140421708652,-0.3935482214504541,-0.004801771525306656,0.0050616332191265765,0.01168542483604493
2016-01-15,-0.03338263822684308,-0.10930871492120743,-0.0476091507053841,57.040000915527344,0.2730884325750704,-0.44809977447993143,-0.021157344592000582,0.0008989132247867916,-0.02541462844759741,-0.07612943410050688,-0.031054509762638793,-0.05445436553794302,-1.371374932426349,0.8653208989283859,-1.8144335655269368
2016-01-16,-0.037088865300331036,-0.9161851004565681,-0.1029264773874841,56.95000076293945,-0.06101244397263755,-0.4519850685102315,-1.7763930856263066,-0.8755358864873306,0.10135786129539467,-0.07612943410050688,1.0550631472459788,0.2541106225188522,-0.004801771525306656,0.0050616332191265765,0.01168542483604493
2016-01-22,-0.04053036186856997,-0.10930871492120743,-0.0476091507053841,56.95000076293945,-0.06101244397263755,-0.4373248498169628,-0.021157344592000582,0.0008989132247867916,-0.02541462844759741,-0.07612943410050688,-0.031054509762638793,-0.05445436553794302,0.5687550428036028,-1.6165727098862548,0.16238822348751555
2016-01-23,-0.02185485804522871,-0.4382812897501189,1.5221888735377802,59.5,-0.16786945341291962,-0.45037254646822145,1.1850713508606179,0.9781531913466263,0.7384262037144268,-0.07612943410050688,2.0167412375046254,0.9795356781086778,-0.004801771525306656,0.0050616332191265765,0.01168542483604493
2016-01-29,-0.0045133187806975315,-0.10930871492120743,-0.0476091507053841,59.5,-0.16786945341291962,-0.49719883665870507,-0.021157344592000582,0.0008989132247867916,-0.02541462844759741,-0.07612943410050688,-0.031054509762638793,-0.05445436553794302,-1.832840941832061,0.20235697930169635,-0.9705425666865922
2016-01-30,0.035543599476719076,0.360079684441598,-1.0787513124825023,57.75,-0.02880080466677038,-0.5221858968801886,-2.3944929718987007,-1.6854453684954551,-1.4854928254754216,-0.07612943410050688,-2.5777541734601592,2.1367355022757732,-0.004801771525306656,0.0050616332191265765,0.01168542483604493
2016-02-05,0.07273930928717735,-0.10930871492120743,-0.0476091507053841,57.75,-0.02880080466677038,-0.5499716812230103,-0.021157344592000582,0.0008989132247867916,-0.02541462844759741,-0.07612943410050688,-0.031054509762638793,-0.05445436553794302,-1.205132011821891,3.2769105268702656,2.280971092676495
2016-02-06,0.1288021267430012,1.32501285218207,-0.2054487674157189,57.4900016784668,0.4494377787085356,-0.592358363434584,-2.1988252994513546,-1.5356042118134725,-0.381030001462958,-0.07612943410050688,-1.610319942528794,3.6774750582131115,-0.004801771525306656,0.0050616332191265765,0.01168542483604493
2016-02-12,0.17461154889251354,-0.10930871492120743,-0.0476091507053841,57.4900016784668,0.4494377787085356,-0.6313024152900054,-0.021157344592000582,0.0008989132247867916,-0.02541462844759741,-0.07612943410050688,-0.031054509762638793,-0.05445436553794302,-1.8827377926344817,1.1125262452826898,-0.0509833262350945
2016-02-13,0.11647213050435982,-2.0081677239685023,0.15363185074127078,57.81999969482422,-0.426267088410764,-0.6273095963113094,0.4036253010343384,1.0205621772336804,0.4847755596729115,-0.07612943410050688,2.7629753137810025,-0.4693221555493305,-0.004801771525306656,0.0050616332191265765,0.01168542483604493
2016-02-19,0.062485527715359854,-0.10930871492120743,-0.0476091507053841,57.81999969482422,-0.426267088410764,-0.620773026531053,-0.021157344592000582,0.0008989132247867916,-0.02541462844759741,-0.07612943410050688,-0.031054509762638793,-0.05445436553794302,0.3297730368332271,-1.1343519168673037,-0.9053521303867061
2016-02-20,0.09497946262393969,1.3126155539635422,-0.21738484485104154,57.540000915527344,-0.10313208514381496,-0.6157744218388584,1.3040237777645287,0.3462002932455735,-0.03828456177450662,-0.07612943410050688,1.5796614695162094,-0.5635012515082933,-0.004801771525306656,0.0050616332191265765,0.01168542483604493
2016-02-26,0.12515240218190668,-0.10930871492120743,-0.0476091507053841,57.540000915527344,-0.10313208514381496,-0.6157744218388584,-0.021157344592000582,0.0008989132247867916,-0.02541462844759741,-0.07612943410050688,-0.031054509762638793,-0.05445436553794302,-0.004801771525306656,-2.0721809855594664,-3.749601871028165
2016-02-27,0.14310243138961035,-0.41993799682388255,1.4817202174007729,60.04999923706055,-0.2005358683685209,-0.638665077967665,1.8440927595756174,2.2264122326420486,1.2878352905406103,-0.07612943410050688,1.0839298439724105,2.372424607980367,-0.004801771525306656,0.0050616332191265765,0.01168542483604493
2016-03-04,0.1597703156539066,-0.10930871492120743,-0.0476091507053841,60.04999923706055,-0.2005358683685209,-0.6006655718840775,-0.021157344592000582,0.0008989132247867916,-0.02541462844759741,-0.07612943410050688,-0.031054509762638793,-0.05445436553794302,1.979835159874159,0.850779841018235,2.9458298422341667
2016-03-05,0.10512110166275009,-0.727767520687335,-0.4621260533570095,59.34000015258789,-0.3783738686072308,-0.5953682885528055,0.49953688878176467,0.0995164831394458,-0.0501168870034301,-0.07612943410050688,-0.6630164474837161,-0.5755897740873364,-0.004801771525306656,0.0050616332191265765,0.01168542483604493
2016-03-11,0.05437540295667621,-0.10930871492120743,-0.0476091507053841,59.34000015258789,-0.3783738686072308,-0.5634202630931879,-0.021157344592000582,0.0008989132247867916,-0.02541462844759741,-0.07612943410050688,-0.031054509762638793,-0.05445436553794302,1.5434965437508774,1.8352353052913324,1.6050558214639663
2016-03-12,0.03294436826011212,0.2699673734926582,0.6259171163909338,60.47999954223633,-0.2873304009442738,-0.5609481498894224,-0.021157344592000582,0.33863498371773576,0.26506289744768746,-0.07612943410050688,0.5021223467246432,-0.2844737623785509,-0.004801771525306656,0.0050616332191265765,0.01168542483604493
2016-03-18,0.013044121756159712,-0.10930871492120743,-0.0476091507053841,60.47999954223633,-0.2873304009442738,-0.5930210295512505,-0.021157344592000582,0.0008989132247867916,-0.02541462844759741,-0.07612943410050688,-0.031054509762638793,-0.05445436553794302,-1.4749032021915787,1.1924886344322256,0.7030486853010803
2016-03-19,-0.04119221776415998,-1.8188127322380434,-0.6272856349278841,59.47999954223633,-0.7392639755148156,-0.5770260673848339,-0.24610863412158404,-0.9691977063239919,-1.0295669130643834,-0.07612943410050688,-0.913590746151519,-1.5813744447650115,-0.004801771525306656,0.0050616332191265765,0.01168542483604493
2016-03-25,-0.09155453303302812,-0.10930871492120743,-0.0476091507053841,59.47999954223633,-0.7392639755148156,-0.5671489647283108,-0.021157344592000582,0.0008989132247867916,-0.02541462844759741,-0.07612943410050688,-0.031054509762638793,-0.05445436553794302,0.4596877230575473,-1.3385377669693903,-2.979072127013966
2016-03-26,-0.14699856472211242,1.5166281705269207,0.18226515615707234,59.869998931884766,-0.5057099599436929,-0.5675605403495595,-0.2685325382462568,0.33450380052162926,-0.3101854689946181,-0.07612943410050688,0.3952279845689293,-0.015756095472956956,-0.004801771525306656,0.0050616332191265765,0.01168542483604493
2016-04-01,-0.19848230843340509,-0.10930871492120743,-0.0476091507053841,59.869998931884766,-0.5057099599436929,-0.6070430928214373,-0.021157344592000582,0.0008989132247867916,-0.02541462844759741,-0.07612943410050688,-0.031054509762638793,-0.05445436553794302,-1.8335771638096314,2.351467560160114,0.5971754715975218
2016-04-02,-0.20810098637585897,-0.14045467667996547,-1.2948986178205595,57.7400016784668,-0.5121269861380227,-0.6166653661952686,-1.435357325478999,-1.2422711499787136,-0.9068221941824819,-0.07612943410050688,0.5924808311719019,0.9269637533307126,-0.004801771525306656,0.0050616332191265765,0.01168542483604493
2016-04-08,-0.2274474189920186,-0.10930871492120743,-0.0476091507053841,57.7400016784668,-0.5121269861380227,-0.6393205651169918,-0.021157344592000582,0.0008989132247867916,-0.02541462844759741,-0.07612943410050688,-0.031054509762638793,-0.05445436553794302,-1.1431037731473481,0.2236952609128371,-0.7782545353795493
2016-04-09,-0.15272004382965607,2.3636878492367974,2.4600611273642317,61.869998931884766,-0.006852699268931241,-0.6350770184835367,2.431085826535148,2.903646794880525,0.7503483747071712,-0.07612943410050688,1.4458631723085076,-0.5014793896647903,-0.004801771525306656,0.0050616332191265765,0.01168542483604493
2016-04-15,-0.08923201151919348,-0.10930871492120743,-0.0476091507053841,61.869998931884766,-0.006852699268931241,-0.6220325033972558,-0.021157344592000582,0.0008989132247867916,-0.02541462844759741,-0.07612943410050688,-0.031054509762638793,-0.05445436553794302,0.6721286546884664,-1.1484455747396152,0.9116273508878072
2016-04-16,-0.09519777355700278,-1.425931324791616,1.1423638873617963,63.970001220703125,-0.4535667144638676,-0.6199771341177519,2.21476250355822,1.205650754783037,1.4945797170101573,-0.07612943410050688,-0.3771447326911883,-0.2652958417152578,-0.004801771525306656,0.0050616332191265765,0.01168542483604493
2016-04-22,-0.10073740973496859,-0.10930871492120743,-0.0476091507053841,63.970001220703125,-0.4535667144638676,-0.5774306430382847,-0.021157344592000582,0.0008989132247867916,-0.02541462844759741,0.6400367550285271,-0.031054509762638793,-0.05445436553794302,2.145221570824113,-0.5826069756149964,1.3908233218607997
2016-04-23,-0.14719373215365766,-0.5186226534076954,-0.4696087963025255,63.20000076293945,-0.5435992060421638,-0.6064586550835693,-1.0476575839670883,-0.3869056160857811,-0.4166594189437449,-0.07612943410050688,-0.7446092443566097,2.854981476903381,-0.004801771525306656,0.0050616332191265765,0.01168542483604493
2016-04-29,-0.19033174582815468,-0.10930871492120743,-0.0476091507053841,63.20000076293945,-0.5435992060421638,-0.6251739729283327,-0.021157344592000582,0.0008989132247867916,-0.02541462844759741,-1.8017713645426887,-0.031054509762638793,-0.05445436553794302,-0.928865527944103,2.1354285018237085,1.8625584292386534
2016-04-30,-0.1793557654697718,0.12680142577583497,-0.9351758147373097,61.59999847412109,-0.4973429604598558,-0.6268075605119037,-0.8927494441661887,-1.0657729534648313,-0.6197967130337771,-0.07612943410050688,-1.2547738843192284,0.11513135917053147,-0.004801771525306656,0.0050616332191265765,0.01168542483604493
2016-05-06,-0.16916378370841642,-0.10930871492120743,-0.0476091507053841,61.59999847412109,-0.4973429604598558,-0.6392487322426514,-0.021157344592000582,0.0008989132247867916,-0.02541462844759741,-0.6187632043411027,-0.031054509762638793,-0.05445436553794302,-0.6410423906989072,-0.20214168744406885,-1.4297215600568651
2016-05-07,-0.22323032467650764,-0.6825668477505241,-0.27526261668328117,61.20000076293945,-0.6167330197004841,-0.630056507296075,-0.48084346482839757,-0.7718619997105313,-0.5178074941191826,-0.07612943410050688,0.1062994575137711,-1.014194379957037,-0.004801771525306656,0.0050616332191265765,0.01168542483604493
2016-05-13,-0.27343496986116383,-0.10930871492120743,-0.0476091507053841,61.20000076293945,-0.6167330197004841,-0.655349676453507,-0.021157344592000582,0.0008989132247867916,-0.02541462844759741,-0.7791440054316305,-0.031054509762638793,-0.05445436553794302,-1.305718344807641,-1.31298352634162,-0.5377674833882046
2016-05-14,-0.2631190559905053,0.7894604586898547,1.2756885418358481,63.5099983215332,-0.45821371456822496,-0.6469318316244441,1.279168395841097,1.0970187698899372,0.3017396258877707,-0.07612943410050688,0.15955588447232777,-0.9603556737788497,-0.004801771525306656,0.0050616332191265765,0.01168542483604493
2016-05-20,-0.2535399931106081,-0.10930871492120743,-0.0476091507053841,63.5099983215332,-0.45821371456822496,-0.6019796053205353,-0.021157344592000582,0.0008989132247867916,-0.02541462844759741,0.30704879048946254,-0.031054509762638793,-0.05445436553794302,2.3783100213442325,-0.9080043650036531,1.1474949334273599
2016-05-21,-0.250894189784434,-0.7780181210868103,1.0122716813522412,65.43000030517578,-0.6044726171721607,-0.583089482677846,0.6780353450763561,0.9886461558656252,1.3076017909569424,-0.07612943410050688,1.1915312365471058,-1.875593863485244,-0.004801771525306656,0.0050616332191265765,0.01168542483604493
2016-05-27,-0.24843737241012953,-0.10930871492120743,-0.0476091507053841,65.43000030517578,-0.6044726171721607,-0.583089482677846,-0.021157344592000582,0.0008989132247867916,-0.02541462844759741,3.0517026853855347,-0.031054509762638793,-0.05445436553794302,-0.004801771525306656,-0.7035628150917895,1.0347043152715645
2016-05-28,-0.2694157644959908,-0.20624520627828855,-0.4709090197787943,64.63999938964844,-0.621887143730804,-0.5960878454952377,-0.892956322551583,-0.673522222577239,-0.4270611689695147,-0.07612943410050688,-0.6725889998768323,1.2258305822109494,-0.004801771525306656,0.0050616332191265765,0.01168542483604493
2016-06-03,-0.28889570000429055,-0.10930871492120743,-0.0476091507053841,64.63999938964844,-0.621887143730804,-0.6414859347048447,-0.021157344592000582,0.0008989132247867916,-0.02541462844759741,-0.07154935486163319,-0.031054509762638793,-0.05445436553794302,-2.207569969258773,2.026679705142144,-0.9402663415115167
2016-06-04,-0.31358022260922236,-0.11104745559082178,-0.4815051952196084,63.84000015258789,-0.6221914180863815,-0.6559865244357295,-1.1750044998701583,-0.8656803452244536,-1.1660460368094252,-0.07612943410050688,-1.0240200234416634,1.5322186014887746,-0.004801771525306656,0.0050616332191265765,0.01168542483604493
2016-06-10,-0.33650156502808765,-0.10930871492120743,-0.0476091507053841,63.84000015258789,-0.6221914180863815,-0.6780919776480406,-0.021157344592000582,0.0008989132247867916,-0.02541462844759741,-0.27633764994668064,-0.031054509762638793,-0.05445436553794302,-1.1963576679600763,-0.5075599307423512,-1.385409961147965
2016-06-11,-0.31404357514929293,1.3438815224599474,-0.904310721443429,62.27999877929688,-0.36800563814674603,-0.685745255695466,-0.8979724205954381,-0.853001525840005,-1.139283736684527,-0.07612943410050688,-1.0489166889923445,0.8318180029124859,-0.004801771525306656,0.0050616332191265765,0.01168542483604493
2016-06-17,-0.29318972740469784,-0.10930871492120743,-0.0476091507053841,62.27999877929688,-0.36800563814674603,-0.691967766811297,-0.021157344592000582,0.0008989132247867916,-0.02541462844759741,-1.7043769163574067,-0.031054509762638793,-0.05445436553794302,-0.35977748283252553,-0.2576160096879547,-0.4387522316827101
2016-06-18,-0.2262641573289571,0.5110311209117469,-1.5562425213192561,59.59999847412109,-0.21737783565591617,-0.702468254319262,-0.8629714791743762,-1.3538377121837346,-0.6164247873647749,-0.07612943410050688,1.2528284596864527,1.2027370104231434,-0.004801771525306656,0.0050616332191265765,0.01168542483604493
2016-06-24,-0.1641189851157692,-0.10930871492120743,-0.0476091507053841,59.59999847412109,-0.21737783565591617,-0.7177004429882236,-0.021157344592000582,0.0008989132247867916,-0.02541462844759741,-2.3180423764281572,-0.031054509762638793,-0.05445436553794302,-0.9031970902658072,-1.363895877983746,-4.290182604913595
2016-06-25,-0.09495651009639108,0.9029903973506501,0.9288616504879658,61.2599983215332,0.0691548166365098,-0.7236759289102423,0.19577271062019458,1.2258511123034512,0.8682071777980038,-0.07612943410050688,4.146244768344761,0.6930961085801416,-0.004801771525306656,0.0050616332191265765,0.01168542483604493
2016-07-01,-0.030734211864111308,-0.10930871492120743,-0.0476091507053841,61.2599983215332,0.0691548166365098,-0.7567680793632175,-0.021157344592000582,0.0008989132247867916,-0.02541462844759741,4.341891893205487,-0.031054509762638793,-0.05445436553794302,-2.0442163676980107,0.2074778234152665,-2.9631986722199994
2016-07-02,-0.031158055360302958,-1.5916510691214012,0.2786014056528179,61.83000183105469,-0.463882596648124,-0.7632110620613927,0.12953328963089256,-0.11804157063426102,0.47465558336160996,-0.07612943410050688,0.09686384380506138,0.8252139066749373,-0.004801771525306656,0.0050616332191265765,0.01168542483604493
2016-07-08,-0.03155162432105238,-0.10930871492120743,-0.0476091507053841,61.83000183105469,-0.463882596648124,-0.7898892877202282,-0.021157344592000582,0.0008989132247867916,-0.02541462844759741,1.6839392950411174,-0.031054509762638793,-0.05445436553794302,-1.7991310519686583,-1.1329177813736098,-2.9153831434242754
2016-07-09,-0.04094320858321288,0.9100475019147238,1.284886446748682,64.18000030517578,-0.24247447175107514,-0.7806743185098609,1.0280746424493212,1.4786751440001245,-0.07721752309486277,-0.07612943410050688,0.7529015618581868,-1.36548726322466,-0.004801771525306656,0.0050616332191265765,0.01168542483604493
2016-07-15,-0.06042587121257192,-0.10930871492120743,-0.0476091507053841,64.18000030517578,-0.24247447175107514,-0.7109495920885006,-0.021157344592000582,0.0008989132247867916,-0.02541462844759741,1.9769873338771198,-0.031054509762638793,-0.05445436553794302,4.7400464054802285,0.23056841445605253,2.254236645728661
2016-07-16,-0.14447755542342322,-1.920019073192153,-0.12408492615734318,64.04000091552734,-0.7428596477382529,-0.7097031608077031,1.4652689708756406,-0.016967767509013566,0.3702361286003874,-0.07612943410050688,0.5731430117251127,-0.20590602362808874,-0.004801771525306656,0.0050616332191265765,0.01168542483604493
2016-07-22,-0.22252554790492812,-0.10930871492120743,-0.0476091507053841,64.04000091552734,-0.7428596477382529,-0.7188210609274389,-0.021157344592000582,0.0008989132247867916,-0.02541462844759741,0.7682182697972574,-0.031054509762638793,-0.05445436553794302,-0.5505769276601615,-0.9702788154896017,-0.8730843902428377
2016-07-23,-0.2925685674720858,0.06568115602915969,-0.0859306311994224,63.970001220703125,-0.7178917011554886,-0.7279824526264417,0.19456436954876768,-0.29109465751944075,-0.24956030575315205,-0.07612943410050688,-0.0906321176687793,1.1022084209288872,-0.004801771525306656,0.0050616332191265765,0.01168542483604493
2016-07-29,-0.357608514213018,-0.10930871492120743,-0.0476091507053841,63.970001220703125,-0.7178917011554886,-0.7607728721184094,-0.021157344592000582,0.0008989132247867916,-0.02541462844759741,-0.16642586621416103,-0.031054509762638793,-0.05445436553794302,-2.0442163676980107,2.166452216468242,1.5613930178292375
2016-07-30,-0.3492648911068682,1.165201124117921,1.2293510602034046,66.30000305175781,-0.5275413723091062,-0.7566695050184983,1.0687294641741674,1.1518129501695242,0.4325998416320576,-0.07612943410050688,0.644435189623707,-0.6063500588412547,-0.004801771525306656,0.0050616332191265765,0.01168542483604493
2016-08-05,-0.3415172410797292,-0.10930871492120743,-0.0476091507053841,66.30000305175781,-0.5275413723091062,-0.7175518227700289,-0.021157344592000582,0.0008989132247867916,-0.02541462844759741,0.5096038631849208,-0.031054509762638793,-0.05445436553794302,2.5870071891150976,-0.928919208786019,-1.7050156828309424
2016-08-06,-0.3815370423625521,-1.1126554228564622,-0.5658259371174096,65.31999969482422,-0.7284104329101301,-0.7173369313824609,-0.283491004123561,-0.07993669867265671,-0.5212465583840145,-0.07612943410050688,1.1542668533879217,-0.08098186746585606,-0.004801771525306656,0.0050616332191265765,0.01168542483604493
2016-08-12,-0.4186982864108876,-0.10930871492120743,-0.0476091507053841,65.31999969482422,-0.7284104329101301,-0.7414201633729594,-0.021157344592000582,0.0008989132247867916,-0.02541462844759741,-0.0018867030038647904,-0.031054509762638793,-0.05445436553794302,-1.4693556496230267,0.9892512254443026,-1.159055940390005
2016-08-13,-0.48306102188211747,-0.2235533367205282,0.24222248242380112,65.86000061035156,-0.7451520660014209,-0.7429801570178148,0.5651779873339704,0.5511117177090259,0.4591111364960974,-0.07612943410050688,-0.5728226649922862,0.14902169597533244,-0.004801771525306656,0.0050616332191265765,0.01168542483604493
2016-08-19,-0.5428264191054024,-0.10930871492120743,-0.0476091507053841,65.86000061035156,-0.7451520660014209,-0.7219796466123141,-0.021157344592000582,0.0008989132247867916,-0.02541462844759741,-0.08744847770487299,-0.031054509762638793,-0.05445436553794302,1.3445760979471795,1.6389429056993372,1.1245451288442498
2016-08-20,-0.574021696298914,0.15342468615147375,0.14402767500673358,66.22000122070312,-0.7078255638724051,-0.7152003584461897,1.0349823981031352,0.3299619828294089,-0.1144671574034266,-0.07612943410050688,-0.2313527145330197,-0.8876120210911099,-0.004801771525306656,0.0050616332191265765,0.01168542483604493
2016-08-26,-0.6029887394071745,-0.10930871492120743,-0.0476091507053841,66.22000122070312,-0.7078255638724051,-0.7030284392373941,-0.021157344592000582,0.0008989132247867916,-0.02541462844759741,-1.008769724145667,-0.031054509762638793,-0.05445436553794302,0.7321098316947462,-0.9263553456877315,0.9401747200966876
2016-08-27,-0.6271093565514412,1.1161350223655404,0.6247647549815867,67.48999786376953,-0.5215082334737847,-0.703252148190584,0.353900857187446,0.22504296462966933,1.27592376341479,-0.07612943410050688,0.5120789981480269,-0.027627763779258966,-0.004801771525306656,0.0050616332191265765,0.01168542483604493
2016-09-02,-0.657838861977088,-0.10930871492120743,-0.0476091507053841,67.48999786376953,-0.5215082334737847,-0.7093353459560536,-0.021157344592000582,0.0008989132247867916,-0.02541462844759741,0.6165775483887616,-0.031054509762638793,-0.05445436553794302,-0.36415989902150814,-0.8282499363497257,1.1391970558271574
2016-09-03,-0.6957466328158394,-0.6828969511875546,-0.48395961274741534,66.6500015258789,-0.6372644498728925,-0.7122623789921873,-0.4794207415088356,-0.18802064355325626,-1.1456792096207065,-0.07612943410050688,-1.1522780416911949,0.30308588564606925,-0.004801771525306656,0.0050616332191265765,0.01168542483604493
2016-09-09,-0.7309467057375373,-0.10930871492120743,-0.0476091507053841,66.6500015258789,-0.6372644498728925,-0.6910992445083747,-0.021157344592000582,0.0008989132247867916,-0.02541462844759741,-3.3628904856620454,-0.031054509762638793,-0.05445436553794302,1.2686735927893504,0.5999457465711081,-0.34624602302545654
2016-09-10,-0.735165297466612,1.614478605576903,-0.4842017288569877,65.81999969482422,-0.3426876124667045,-0.681703597178699,-0.4690734819832161,-0.4244345917173516,-2.115095022283038,-0.07612943410050688,-0.6780231391226984,-1.133947613493728,-0.004801771525306656,0.0050616332191265765,0.01168542483604493
2016-09-16,-0.7390825612150385,-0.10930871492120743,-0.0476091507053841,65.81999969482422,-0.3426876124667045,-0.6724648983161555,-0.021157344592000582,0.0008989132247867916,-0.02541462844759741,0.6564636598923271,-0.031054509762638793,-0.05445436553794302,0.5180965816577875,-0.5657120084440086,-1.416027094144736
2016-09-17,-0.7350824363366941,-1.03768005979402,0.7140763983246754,67.25,-0.5743887171771599,-0.684758253324682,0.03346133613464606,0.4218231750490001,0.18574554873122381,-0.07612943410050688,1.9193430807097853,1.3664042597902377,-0.004801771525306656,0.0050616332191265765,0.01168542483604493
2016-09-23,-0.7324094752443405,-0.10930871492120743,-0.0476091507053841,67.25,-0.5743887171771599,-0.708816272800867,-0.021157344592000582,0.0008989132247867916,-0.02541462844759741,1.5629777359759338,-0.031054509762638793,-0.05445436553794302,-1.3745903986872905,0.6741863244269214,-1.1225447628561471
2016-09-24,-0.7268031182031137,0.9005867442218453,-0.3916828830408693,66.58999633789062,-0.38484651484505317,-0.6999504904454159,0.2150591613889921,0.04568883751129269,-1.0131683660300939,-0.07612943410050688,-0.12714465421332105,-1.11053973337505,-0.004801771525306656,0.0050616332191265765,0.01168542483604493
2016-09-30,-0.7229858909643908,-0.10930871492120743,-0.0476091507053841,66.58999633789062,-0.38484651484505317,-0.706074449417616,-0.021157344592000582,0.0008989132247867916,-0.02541462844759741,0.15100716569738065,-0.031054509762638793,-0.05445436553794302,-0.36415989902150814,0.16348272328244218,0.5014485572907171
2016-10-01,-0.7201355282468069,0.009023288159319798,0.7526548474744099,68.11000061035156,-0.35664606220518613,-0.6808116998228803,0.8437865038861269,1.1467246667338669,0.7083792777112662,-0.07612943410050688,1.3514173188807617,-2.9519402087255027,-0.004801771525306656,0.0050616332191265765,0.01168542483604493
2016-10-07,-0.7174887628661935,-0.10930871492120743,-0.0476091507053841,68.11000061035156,-0.35664606220518613,-0.638953368099008,-0.021157344592000582,0.0008989132247867916,-0.02541462844759741,-0.996477401949299,-0.031054509762638793,-0.05445436553794302,2.3602239050590534,-0.8598177123940832,-4.290182604913595
2016-10-08,-0.7094766141059142,-0.18704526127935023,-0.35130685542240453,67.5199966430664,-0.3757575453848996,-0.6408203632332088,-0.2484406968362764,-0.3580112435270265,-0.448666626072841,-0.07612943410050688,-0.3184616563273916,0.14425384777573347,-0.004801771525306656,0.0050616332191265765,0.01168542483604493
2016-10-14,-0.7020367616856551,-0.10930871492120743,-0.0476091507053841,67.5199966430664,-0.3757575453848996,-0.6183568046914583,-0.021157344592000582,0.0008989132247867916,-0.02541462844759741,-1.399964497089896,-0.031054509762638793,-0.05445436553794302,1.1729789122339191,-1.811785156768338,-2.2214999456380835
2016-10-15,-0.7055429979621745,-0.8704063195499635,0.4560506979704133,68.48999786376953,-0.5589874180751333,-0.6241975092512458,1.1597512731328823,0.5222472753294586,0.23759478703590384,-0.07612943410050688,0.0336144011896038,0.5491121747778323,-0.004801771525306656,0.0050616332191265765,0.01168542483604493
2016-10-21,-0.7087987887903708,-0.10930871492120743,-0.0476091507053841,68.48999786376953,-0.5589874180751333,-0.643257297849325,-0.021157344592000582,0.0008989132247867916,-0.02541462844759741,0.4505742120390585,-0.031054509762638793,-0.05445436553794302,-0.9750687157650462,-1.2789755530039355,0.20694879037505984
2016-10-22,-0.7305690130291955,-0.6163100859120322,0.269759424855959,69.11000061035156,-0.6562297941148018,-0.6474174167448372,-0.004239861127045429,-0.00442573601394354,0.756961375346146,-0.07612943410050688,-0.25764643541449866,0.39364050397453,-0.004801771525306656,0.0050616332191265765,0.01168542483604493
2016-10-28,-0.7507842212509613,-0.10930871492120743,-0.0476091507053841,69.11000061035156,-0.6562297941148018,-0.6095847443000938,-0.021157344592000582,0.0008989132247867916,-0.02541462844759741,-1.0222417659025822,-0.031054509762638793,-0.05445436553794302,2.0026470786258828,0.7468327405084629,-0.498839063056503
2016-10-29,-0.7438653823521187,0.5069983458928513,-0.7324502925378429,67.76000213623047,-0.554031781258846,-0.6220930897146623,-0.24094955098514836,-0.7395026258102365,-1.116490971914637,-0.07612943410050688,-2.877925715241588,1.2333928606374824,-0.004801771525306656,0.0050616332191265765,0.01168542483604493
2016-11-04,-0.7374407462317649,-0.10930871492120743,-0.0476091507053841,67.76000213623047,-0.554031781258846,-0.6436914044584938,-0.021157344592000582,0.0008989132247867916,-0.02541462844759741,-2.739098571700781,-0.031054509762638793,-0.05445436553794302,-1.1002644505056602,2.0322459520838176,3.6130505927473635
2016-11-05,-0.47631174084502764,5.5125304914868,4.572747755843141,76.69000244140625,0.5634970384865732,-0.6076688886971333,4.187665171906935,2.5547316474655393,4.921630712252894,-0.07612943410050688,0.3333035471569309,-3.6723663452661746,-0.004801771525306656,0.0050616332191265765,0.01168542483604493
2016-11-11,-0.2768826953924251,-0.10930871492120743,-0.0476091507053841,76.69000244140625,0.5634970384865732,-0.4893470896699079,-0.021157344592000582,0.0008989132247867916,-0.02541462844759741,5.145007840436074,-0.031054509762638793,-0.05445436553794302,4.7400464054802285,-2.5422657331064014,-0.19608900806521892
2016-11-12,-0.24792102552458312,-0.7608818740864697,0.418682299833768,77.70999908447266,0.24315612446331422,-0.4805761660763161,1.4318799863028835,1.3150868922379886,0.6266268506317887,-0.07612943410050688,0.4123577043605505,-0.7788678678285588,-0.004801771525306656,0.0050616332191265765,0.01168542483604493
2016-11-18,-0.22762392499169115,-0.10930871492120743,-0.0476091507053841,77.70999908447266,0.24315612446331422,-0.4173534450473455,-0.021157344592000582,0.0008989132247867916,-0.02541462844759741,1.0311256367592603,-0.031054509762638793,-0.05445436553794302,2.5675338480870282,-3.0665838366464797,-1.7621660098984668
2016-11-19,-0.2573794732501375,-2.083656694341816,0.4576796187585284,78.83000183105469,-0.7758423335294007,-0.39732903325121033,1.1914778988311712,0.6292129959181507,-0.14258677813186516,-0.07612943410050688,0.5995344943509874,-1.5359348154032126,-0.004801771525306656,0.0050616332191265765,0.01168542483604493
2016-11-25,-0.28500962520440926,-0.10930871492120743,-0.0476091507053841,78.83000183105469,-0.7758423335294007,-0.3905028611662324,-0.021157344592000582,0.0008989132247867916,-0.02541462844759741,1.9035077919639802,-0.031054509762638793,-0.05445436553794302,0.24398462443360008,-0.050849055264533996,1.2528973094908322
2016-11-26,-0.23776217589484788,3.7444276761988475,1.184318400357237,81.5999984741211,-0.25993589364050634,-0.3883779406187718,0.47904713407637567,-0.35244700224971753,0.5391489398635806,-0.07612943410050688,-1.0890224318131325,-0.2099214751039773,-0.004801771525306656,0.0050616332191265765,0.01168542483604493
2016-12-02,-0.1938895443931124,-0.10930871492120743,-0.0476091507053841,81.5999984741211,-0.25993589364050634,-0.37468958084631676,-0.021157344592000582,0.0008989132247867916,-0.02541462844759741,-1.4040236611497798,-0.031054509762638793,-0.05445436553794302,0.4885543018169325,0.799368082540692,2.039772834369668
2016-12-03,-0.1656484889747203,-0.27748345786258727,1.6237002055279923,85.48999786376953,-0.3056261234860949,-0.36356797093471394,2.4495683077652024,1.8952733109720956,2.030656410188918,-0.07612943410050688,2.1517301050905755,-0.8439009236515482,-0.004801771525306656,0.0050616332191265765,0.01168542483604493
2016-12-09,-0.1633788446008292,-0.10930871492120743,-0.0476091507053841,85.48999786376953,-0.3056261234860949,-0.33928896104382916,-0.021157344592000582,0.0008989132247867916,-0.02541462844759741,4.158226374146066,-0.031054509762638793,-0.05445436553794302,0.844181804684469,-1.384056353671238,-0.8371093287826975
2016-12-10,-0.17793516155697017,0.19253048138765486,-0.2731583192684173,84.94000244140625,-0.22730546812481206,-0.32110301780006717,-0.5463350125909612,-0.12661028059215698,-1.0002319315294594,-0.07612943410050688,0.5115177272561287,-1.2826924188300388,-0.004801771525306656,0.0050616332191265765,0.01168542483604493
2016-12-16,-0.19145174158767253,-0.10930871492120743,-0.0476091507053841,84.94000244140625,-0.22730546812481206,-0.27505627309514363,-0.021157344592000582,0.0008989132247867916,-0.02541462844759741,-0.16487252445002656,-0.031054509762638793,-0.05445436553794302,1.5271986667479647,-0.9507400995156537,-0.9965497512529136
2016-12-17,-0.19532382696247547,-1.0386371048889431,0.8232898127733751,87.05000305175781,-0.4878886436551916,-0.27228995004879697,-0.09582781796120803,0.5487558747726107,0.3212766568517278,-0.07612943410050688,0.499577744597263,-0.23141254030764447,-0.004801771525306656,0.0050616332191265765,0.01168542483604493
2016-12-23,-0.19891933481050666,-0.10930871492120743,-0.0476091507053841,87.05000305175781,-0.4878886436551916,-0.29005343499388964,-0.021157344592000582,0.0008989132247867916,-0.02541462844759741,0.27177377304559885,-0.031054509762638793,-0.05445436553794302,-0.5645711624328533,-0.07429133322099025,-2.0410501583138525
2016-12-24,-0.22412906744612066,-1.5397417436434935,-0.35369516357119196,86.29000091552734,-0.7894114429634337,-0.30431208789405895,-0.6450688296376798,-0.674327086433779,-0.4954511320707605,-0.07612943410050688,0.6627247530009671,0.8904093484687203,-0.004801771525306656,0.0050616332191265765,0.01168542483604493
2016-12-30,-0.24753810489347633,-0.10930871492120743,-0.0476091507053841,86.29000091552734,-0.7894114429634337,-0.339279894925414,-0.021157344592000582,0.0008989132247867916,-0.02541462844759741,-1.590416623367679,-0.031054509762638793,-0.05445436553794302,-1.1462922941602904,1.1734660678343227,0.7979731400280312
2016-12-31,-0.26406760047266314,1.423210213289891,-0.11667784275772147,86.12000274658203,-0.5898052845264197,-0.3552897911517213,0.7189540279944729,0.49840075990672256,-0.06472044931150013,-0.07612943410050688,0.5883039579573874,1.0707878308574874,-0.004801771525306656,0.0050616332191265765,0.01168542483604493
2017-01-06,-0.27941641779619386,-0.10930871492120743,-0.0476091507053841,86.12000274658203,-0.5898052845264197,-0.36558409371549966,-0.021157344592000582,0.0008989132247867916,-0.02541462844759741,2.2641797069644793,-0.031054509762638793,-0.05445436553794302,-0.36122636328684793,0.09492566626339824,-0.19960889592097086
2017-01-07,-0.28846142326040014,1.561964613827476,0.18850231583797364,86.69999694824219,-0.2830149399226962,-0.381840719666489,0.3891716497312341,-0.4002038391343862,0.12638727168660208,-0.07612943410050688,1.1331846681650146,1.1253907484267225,-0.004801771525306656,0.0050616332191265765,0.01168542483604493
2017-01-13,-0.2968603569057345,-0.10930871492120743,-0.0476091507053841,86.69999694824219,-0.2830149399226962,-0.3885692357617546,-0.021157344592000582,0.0008989132247867916,-0.02541462844759741,-0.2172714921743387,-0.031054509762638793,-0.05445436553794302,-0.24536382381615038,0.7346537613488359,-1.0559633174255105
2017-01-14,-0.26924906267177434,-0.30872300445656164,-1.2728482100938956,83.66999816894531,-0.335963040149533,-0.394603278017219,-0.4746262457344843,-1.5574357243578127,-0.15969166546573885,-0.07612943410050688,-1.279846813493554,0.39044811108532035,-0.004801771525306656,0.0050616332191265765,0.01168542483604493
2017-01-20,-0.2949896813670071,-0.10930871492120743,-0.0476091507053841,83.66999816894531,-0.335963040149533,-0.36789034837800577,-0.021157344592000582,0.0008989132247867916,-0.02541462844759741,-0.27719206726675694,-0.031054509762638793,-0.05445436553794302,0.965465172714436,0.0608407671416451,1.1359442208492758
2017-01-21,-0.2640401850626516,-0.6682557926561665,1.3183747695326349,86.93000030517578,-0.4764679947246986,-0.3565989636524801,0.8756894170796957,0.47138040963786504,0.8287071278003258,-0.07612943410050688,-0.15798600089131276,-0.8492976791475481,-0.004801771525306656,0.0050616332191265765,0.01168542483604493
2017-01-27,-0.23530136706574994,-0.10930871492120743,-0.0476091507053841,86.93000030517578,-0.4764679947246986,-0.3532143176704594,-0.021157344592000582,0.0008989132247867916,-0.02541462844759741,1.3376052020628901,-0.031054509762638793,-0.05445436553794302,0.11256922979401983,0.6740964003990733,1.9621135844410935
2017-01-28,-0.22770928196619244,-0.09345798994076036,0.05321574684823539,87.18000030517578,-0.47307844383891057,-0.37424052760161297,-0.10566279468728525,0.3013560219243187,0.346429178083439,-0.07612943410050688,0.0037117785888475625,1.4574356415848448,-0.004801771525306656,0.0050616332191265765,0.01168542483604493
2017-02-03,-0.22065948865946033,-0.10930871492120743,-0.0476091507053841,87.18000030517578,-0.47307844383891057,-0.37424052760161297,-0.021157344592000582,0.0008989132247867916,-0.02541462844759741,0.08726544013454673,-0.031054509762638793,-0.05445436553794302,-0.004801771525306656,1.136037056765325,-0.23251565891051176
2017-02-04,-0.25264814266897684,-0.8091629225817244,-0.11999502713452402,87.0,-0.6233703448906083,-0.38482530966039996,-0.27543796517455477,-0.05851522822430144,-0.2469523313383507,-0.07612943410050688,0.6136438091378081,0.7165760471282209,-0.004801771525306656,0.0050616332191265765,0.01168542483604493
2017-02-10,-0.28235189282067075,-0.10930871492120743,-0.0476091507053841,87.0,-0.6233703448906083,-0.4108868633160857,-0.021157344592000582,0.0008989132247867916,-0.02541462844759741,1.0405699557426604,-0.031054509762638793,-0.05445436553794302,-0.9399988262142144,-1.554552308693791,-0.0064426040046632925
2017-02-11,-0.24293186561183125,1.612677596253596,1.25400176764564,90.2300033569336,-0.32271020155104646,-0.4129168370449132,1.7383386094458546,1.16440166408644,0.6439907994335741,-0.07612943410050688,0.3420479041024901,0.09872020838375453,-0.004801771525306656,0.0050616332191265765,0.01168542483604493
2017-02-17,-0.22125548763108216,-0.10930871492120743,-0.0476091507053841,90.2300033569336,-0.32271020155104646,-0.409667565965458,-0.021157344592000582,0.0008989132247867916,-0.02541462844759741,2.002870184207823,-0.031054509762638793,-0.05445436553794302,0.11597834601490946,-0.3956053850976655,-0.6591589430329977
2017-02-18,-0.2705598844557089,-1.6266215784809894,-0.008754781603360136,90.33000183105467,-0.709495255766273,-0.42174178316939614,-0.3546915024200619,-0.26672836449620013,-0.1745724047333744,-0.07612943410050688,-0.5380191053070401,0.8670074999977029,-0.004801771525306656,0.0050616332191265765,0.01168542483604493
2017-02-24,-0.31634253865000517,-0.10930871492120743,-0.0476091507053841,90.33000183105467,-0.709495255766273,-0.4569349369886789,-0.021157344592000582,0.0008989132247867916,-0.02541462844759741,0.869010551736893,-0.031054509762638793,-0.05445436553794302,-1.3278930591249505,-0.3746295695228017,0.6591658704557992
2017-02-25,-0.2623437617622021,2.022975550591182,0.9110464430853765,92.8000030517578,-0.386252284179603,-0.4379986794025508,1.387137997170535,0.6391479968995518,0.5526962182841371,-0.07612943410050688,1.1541001093538776,-1.5305976061956896,-0.004801771525306656,0.0050616332191265765,0.01168542483604493
2017-03-03,-0.21220204036638507,-0.10930871492120743,-0.0476091507053841,92.8000030517578,-0.386252284179603,-0.3789343297045456,-0.021157344592000582,0.0008989132247867916,-0.02541462844759741,0.8393448872067473,-0.031054509762638793,-0.05445436553794302,2.263354721502657,-0.3086300934718826,-2.2552246542131567
2017-03-04,-0.237504448899831,-0.596318213605223,-0.6218502601417275,91.27999877929688,-0.5021317371456651,-0.3620582988149752,-0.1652663851875355,0.2129549077216663,-0.046433990039366074,-0.07612943410050688,-0.30916881547187897,-1.2501990844087993,-0.004801771525306656,0.0050616332191265765,0.01168542483604493
2017-03-10,-0.26099954253803087,-0.10930871492120743,-0.0476091507053841,91.27999877929688,-0.5021317371456651,-0.3319161469458677,-0.021157344592000582,0.0008989132247867916,-0.02541462844759741,-0.6824043957204385,-0.031054509762638793,-0.05445436553794302,1.0472949149997124,1.296857108230387,-0.83031112218046
2017-03-11,-0.2883711181145954,-0.002898261011415455,-0.2780566406925306,90.68000030517578,-0.4801061999225715,-0.35236228979282563,-0.5225531491969996,-0.47993756093651685,-0.12006404152038139,-0.07612943410050688,0.702103423693578,1.377599007609757,-0.004801771525306656,0.0050616332191265765,0.01168542483604493
2017-03-17,-0.3137875811499769,-0.10930871492120743,-0.0476091507053841,90.68000030517578,-0.4801061999225715,-0.3785213247509896,-0.021157344592000582,0.0008989132247867916,-0.02541462844759741,0.2509277747983171,-0.031054509762638793,-0.05445436553794302,-0.9073756731436707,0.8384542899083284,2.006585685635426
2017-03-18,-0.2332402866954956,1.354252882046907,-1.3582556413123446,87.29000091552734,-0.16855761512750528,-0.3905717700789065,-1.9949861315889417,-1.0048494742308323,-1.5233492031549898,-0.07612943410050688,-0.8119028503393668,0.8296026262105792,-0.004801771525306656,0.0050616332191265765,0.01168542483604493
2017-03-24,-0.15844637041633444,-0.10930871492120743,-0.0476091507053841,87.29000091552734,-0.16855761512750528,-0.4227885459634948,-0.021157344592000582,0.0008989132247867916,-0.02541462844759741,-2.055177778934117,-0.031054509762638793,-0.05445436553794302,-1.1691221046129954,0.7112580783377567,1.101811186325305
2017-03-25,-0.12128085903484315,-1.2090306425221424,0.17328897893592995,87.83999633789062,-0.49417698033712654,-0.42223069554755654,0.552127948096626,0.7964517818635548,-0.11964208890862488,-0.07612943410050688,-0.15559159100631995,-0.09705445123835746,-0.004801771525306656,0.0050616332191265765,0.01168542483604493
2017-03-31,-0.08677002703774418,-0.10930871492120743,-0.0476091507053841,87.83999633789062,-0.49417698033712654,-0.42223069554755654,-0.021157344592000582,0.0008989132247867916,-0.02541462844759741,1.021903810469931,-0.031054509762638793,-0.05445436553794302,-0.004801771525306656,-1.1795868246025496,0.429064023055439
2017-04-01,-0.08735720706023312,0.2789686664193747,-0.7101493026703803,86.18000030517578,-0.4129837133178109,-0.4265488993988462,-0.5352036504756167,-0.17120880308873324,-0.48130626986862135,-0.07612943410050688,0.20682464080322985,0.2771546671721875,-0.004801771525306656,0.0050616332191265765,0.01168542483604493
2017-04-07,-0.08790244565254421,-0.10930871492120743,-0.0476091507053841,86.18000030517578,-0.4129837133178109,-0.43296091829713595,-0.021157344592000582,0.0008989132247867916,-0.02541462844759741,-0.4934905559845598,-0.031054509762638793,-0.05445436553794302,-0.2473685075852407,-0.9034739889533582,-1.2448962651526305
2017-04-08,-0.1127101665791848,-0.30740542994478665,-0.7717293713289595,84.4000015258789,-0.4587044796578661,-0.45171178288899827,-1.0196308859655958,-0.6165367320692111,-1.994748398480617,-0.07612943410050688,-0.22603642239823193,1.4341680663466003,-0.004801771525306656,0.0050616332191265765,0.01168542483604493
2017-04-14,-0.13574590743963677,-0.10930871492120743,-0.0476091507053841,84.4000015258789,-0.4587044796578661,-0.495492923142211,-0.021157344592000582,0.0008989132247867916,-0.02541462844759741,-1.6264719541087451,-0.031054509762638793,-0.05445436553794302,-1.7170375554777857,0.10554919315397035,1.227506204761452
2017-04-15,-0.1873390745213264,0.450042881224485,0.0022355028287773387,84.5199966430664,-0.3364374464028528,-0.49630910097827663,0.44590915760379163,-0.14464866201272542,0.9689256923298891,-0.07612943410050688,-1.9418378518057537,0.01447167095206437,-0.004801771525306656,0.0050616332191265765,0.01168542483604493
2017-04-21,-0.2352470153828954,-0.10930871492120743,-0.0476091507053841,84.5199966430664,-0.3364374464028528,-0.49630910097827663,-0.021157344592000582,0.0008989132247867916,-0.02541462844759741,1.0879611809204666,-0.031054509762638793,-0.05445436553794302,-0.004801771525306656,0.7748136813500665,2.2908955398037394
2017-04-22,-0.17940345666081584,-0.35259160528717104,0.9810944487327669,87.0,-0.3975616930231107,-0.4845381014822431,0.7611647419771727,0.6411993752443808,0.4650352543370379,-0.07612943410050688,0.7940208508254386,-1.0320659452825196,-0.004801771525306656,0.0050616332191265765,0.01168542483604493
2017-04-28,-0.19350936390247378,-0.10930871492120743,-0.0476091507053841,87.0,-0.3975616930231107,-0.4686574526940429,-0.021157344592000582,0.0008989132247867916,-0.02541462844759741,2.0003363442372644,-0.031054509762638793,-0.05445436553794302,0.6449305572066563,2.2329148758469186,1.3859440205007991
2017-04-29,-0.24097656980824642,-0.9447436561255849,-0.0476091507053841,87.0,-0.5938219241378603,-0.4441319563356284,0.46214638327993607,0.5010111618280378,0.7045300802787232,-0.07612943410050688,0.8221193564782938,-1.9818928768725097,-0.004801771525306656,0.0050616332191265765,0.01168542483604493
2017-05-05,-0.285053261006464,-0.10930871492120743,-0.0476091507053841,87.0,-0.5938219241378603,-0.4211493603705371,-0.021157344592000582,0.0008989132247867916,-0.02541462844759741,0.7931238908154453,-0.031054509762638793,-0.05445436553794302,0.8849626751574229,1.1038772934415675,0.1168050133153753
2017-05-06,-0.3336192011924062,-1.0789735048024047,-0.07984789639130432,86.91999816894531,-0.7707798189824804,-0.4220339655773555,0.28769751730187343,0.3646253769718422,-1.1989793391144323,-0.07612943410050688,1.2120411287608497,0.013081084273151185,-0.004801771525306656,0.0050616332191265765,0.01168542483604493
2017-05-12,-0.37871614565078116,-0.10930871492120743,-0.0476091507053841,86.91999816894531,-0.7707798189824804,-0.431872404580952,-0.021157344592000582,0.0008989132247867916,-0.02541462844759741,-0.5563923145877243,-0.031054509762638793,-0.05445436553794302,-0.37481882653198606,-0.7494987679246139,-0.6009439606349974
2017-05-13,-0.30845902958798793,2.605073008487304,-0.9107693425275508,84.77999877929688,-0.4037300649053555,-0.44803680786866096,-1.1374398919074364,0.01386647979573554,-0.0020681520118627024,-0.07612943410050688,0.2810266715278341,1.2225248557245318,-0.004801771525306656,0.0050616332191265765,0.01168542483604493
2017-05-19,-0.24322027895825135,-0.10930871492120743,-0.0476091507053841,84.77999877929688,-0.4037300649053555,-0.4801378533332513,-0.021157344592000582,0.0008989132247867916,-0.02541462844759741,-0.6028832956819845,-0.031054509762638793,-0.05445436553794302,-1.2540725151816265,2.8690643909109284,1.2260043853232978
2017-05-20,-0.2819292374523962,-1.3481613121049854,0.19223736872923866,85.36000061035156,-0.6927198144132514,-0.48855236268859953,0.21130110062349622,0.4199952864466702,-0.40450107637907323,-0.07612943410050688,0.6455861369992496,0.6483576385177221,-0.004801771525306656,0.0050616332191265765,0.01168542483604493
2017-05-26,-0.3178732703398163,-0.10930871492120743,-0.0476091507053841,85.36000061035156,-0.6927198144132514,-0.48220762004729895,-0.021157344592000582,0.0008989132247867916,-0.02541462844759741,1.8896476980330659,-0.031054509762638793,-0.05445436553794302,0.2562565991221577,-0.20678941161622463,-1.9297821813713638
2017-05-27,-0.2870251428418411,1.2517490708530599,-1.1647608521547772,82.63999938964844,-0.480291600067547,-0.487350837984079,-0.9797891833749784,-0.4073940515684306,-0.37967871430462985,-0.07612943410050688,-0.031054509762638793,0.37439849748635884,-0.004801771525306656,0.0050616332191265765,0.01168542483604493
2017-06-02,-0.26567080194786846,-0.10930871492120743,-0.0476091507053841,82.63999938964844,-0.480291600067547,-0.5188459637267251,-0.021157344592000582,0.0008989132247867916,-0.02541462844759741,1.2456475620922831,-0.031054509762638793,-0.05445436553794302,-1.2984910305116282,1.0662134647802988,0.8088936521195733
2017-06-03,-0.19689194493669598,-0.16023551805543032,1.785088709184572,86.95999908447266,-0.49112987442499917,-0.5144152674299133,1.51135735380082,1.4437334312148191,1.1631701005736153,-0.07612943410050688,-0.20785645012867485,-0.4385655984350159,-0.004801771525306656,0.0050616332191265765,0.01168542483604493
2017-06-09,-0.1330258634263216,-0.10930871492120743,-0.0476091507053841,86.95999908447266,-0.49112987442499917,-0.49539454464580995,-0.021157344592000582,0.0008989132247867916,-0.02541462844759741,-0.4871829810209907,-0.031054509762638793,-0.05445436553794302,0.8075147399312171,-0.8363272546984059,-1.2901223030799205
2017-06-10,-0.17405141355160905,0.003596944937709196,-0.36207381976935044,86.18000030517578,-0.4674281017735091,-0.48729354701666866,-0.3070967373909393,-0.22847607201193076,0.026352266477127045,-0.07612943410050688,-0.5882065666159447,-0.7298788217598452,-0.004801771525306656,0.0050616332191265765,0.01168542483604493
2017-06-16,-0.2121465672393761,-0.10930871492120743,-0.0476091507053841,86.18000030517578,-0.4674281017735091,-0.5033274298261018,-0.021157344592000582,0.0008989132247867916,-0.02541462844759741,0.0018098467845778289,-0.031054509762638793,-0.05445436553794302,-0.6633539961224127,0.04743184218620471,0.3765118273482538
2017-06-17,-0.24682616822540246,-0.4151179474640539,0.22902135979557905,86.86000061035156,-0.5335614240753708,-0.5045404742935174,-0.7553658270667357,-0.1974321592608711,-0.8522994860832751,-0.07612943410050688,-0.37806788225885746,0.049206482243867596,-0.004801771525306656,0.0050616332191265765,0.01168542483604493
2017-06-23,-0.2939565878541716,-0.10930871492120743,-0.0476091507053841,86.86000061035156,-0.5335614240753708,-0.5077416349087958,-0.021157344592000582,0.0008989132247867916,-0.02541462844759741,0.21456595961173683,-0.031054509762638793,-0.05445436553794302,-0.13956106933638546,0.026239167538465714,-0.440666919186455
2017-06-24,-0.18462269177530846,0.9552832524707242,1.7848469288570616,91.4000015258789,-0.322143095225239,-0.49914336927628844,1.7583854699578783,1.4455208957027466,1.7209592132461033,-0.07612943410050688,-1.0174125616999423,-0.7835293161724075,-0.004801771525306656,0.0050616332191265765,0.01168542483604493
2017-06-30,-0.08309835970207852,-0.10930871492120743,-0.0476091507053841,91.4000015258789,-0.322143095225239,-0.44728492850104545,-0.021157344592000582,0.0008989132247867916,-0.02541462844759741,-0.9148308254861626,-0.031054509762638793,-0.05445436553794302,2.1613755923587634,2.281239894281745,2.398278096451878
2017-07-01,-0.09019671002229572,-1.2807216534110921,0.8921505172487241,93.8499984741211,-0.6209306971005478,-0.427399563228372,0.6414332165862577,0.40746064857631614,0.1588828275612698,-0.07612943410050688,0.3123261781338934,-1.5832068931277112,-0.004801771525306656,0.0050616332191265765,0.01168542483604493
2017-07-07,-0.09713527046737631,-0.10930871492120743,-0.0476091507053841,93.8499984741211,-0.6209306971005478,-0.40078167218195654,-0.021157344592000582,0.0008989132247867916,-0.02541462844759741,0.024181015077872407,-0.031054509762638793,-0.05445436553794302,1.0032677809315638,-0.150749416976363,-0.9912918876608061
2017-07-08,-0.09767654625464833,0.8669181463165776,-0.6453084689489382,92.25,-0.4498445339062117,-0.4124511416056554,-0.7253264735819679,-0.4616918104757364,-0.4417903762276055,-0.07612943410050688,0.21486092489589906,0.8255588113177474,-0.004801771525306656,0.0050616332191265765,0.01168542483604493
2017-07-14,-0.10408083268313224,-0.10930871492120743,-0.0476091507053841,92.25,-0.4498445339062117,-0.43212160249907705,-0.021157344592000582,0.0008989132247867916,-0.02541462844759741,1.8544284498159418,-0.031054509762638793,-0.05445436553794302,-0.7355467504506356,0.5875218768819523,1.762768563509703
2017-07-15,-0.1506454418932821,-0.7295986868187935,-0.56446589822612,90.88999938964844,-0.5868999551957442,-0.4489909655428602,-0.49874197780846247,-0.2839798061080977,-0.4868630002131743,-0.07612943410050688,0.6326697406605852,1.2799185454967805,-0.004801771525306656,0.0050616332191265765,0.01168542483604493
2017-07-21,-0.20291026738986387,-0.10930871492120743,-0.0476091507053841,90.88999938964844,-0.5868999551957442,-0.4778450505851641,-0.021157344592000582,0.0008989132247867916,-0.02541462844759741,0.6649495803871179,-0.031054509762638793,-0.05445436553794302,-1.129145440815989,2.1061552322265094,-0.9501881458228868
2017-07-22,-0.2181144681785653,-0.2634346662446623,0.10282460172908103,91.27999877929688,-0.615311982118701,-0.4858282124555626,0.2513731173994165,0.5728712380586065,-0.5224085054662183,-0.07612943410050688,-0.7763440452410033,0.6097720953075442,-0.004801771525306656,0.0050616332191265765,0.01168542483604493
2017-07-28,-0.23292712492068854,-0.10930871492120743,-0.0476091507053841,91.27999877929688,-0.615311982118701,-0.4668059904536507,-0.021157344592000582,0.0008989132247867916,-0.02541462844759741,-0.10056988166768063,-0.031054509762638793,-0.05445436553794302,0.7748770229530528,1.011885768693417,1.3750787055805271
2017-07-29,-0.22897618543469822,-0.17472430540617745,0.8665034263386021,93.66000366210938,-0.6268744076306458,-0.46095305220608396,1.081993389435835,0.6077221640952251,-0.2924820443175169,-0.07612943410050688,1.2473476421107343,-0.5249583801262626,-0.004801771525306656,0.0050616332191265765,0.01168542483604493
2017-08-04,-0.23294503998530477,-0.10930871492120743,-0.0476091507053841,93.66000366210938,-0.6268744076306458,-0.47054050587983426,-0.021157344592000582,0.0008989132247867916,-0.02541462844759741,0.18665214045070103,-0.031054509762638793,-0.05445436553794302,-0.38447144535824607,0.0050616332191265765,-0.7482662968546462
2017-08-05,-0.1991369548540659,-0.281533678494261,-0.8860885074667131,91.41999816894533,-0.6567838133715521,-0.4871035092242269,-1.2747757603115148,-0.8333894084127073,-0.5524886063833537,-0.07612943410050688,-1.7961234607450747,1.3261235614906126,-0.004801771525306656,0.0050616332191265765,0.01168542483604493
2017-08-11,-0.16774373294648695,-0.10930871492120743,-0.0476091507053841,91.41999816894533,-0.6567838133715521,-0.51208633417469,-0.021157344592000582,0.0008989132247867916,-0.02541462844759741,-2.0451682494104446,-0.031054509762638793,-0.05445436553794302,-1.0306346641135793,0.5798657506571818,-0.4056319227385942
2017-08-12,-0.159769990239188,-0.04998548472211978,-0.3083837947317186,90.73999786376952,-0.6469554245096726,-0.5110224703511042,-0.30481976186913623,-0.08604344771633199,-0.18031760042049094,-0.07612943410050688,0.09483926675584332,-0.14622728921694142,-0.004801771525306656,0.0050616332191265765,0.01168542483604493
2017-08-18,-0.15236580058241025,-0.10930871492120743,-0.0476091507053841,90.73999786376952,-0.6469554245096726,-0.5110224703511042,-0.021157344592000582,0.0008989132247867916,-0.02541462844759741,-0.9632993139487356,-0.031054509762638793,-0.05445436553794302,-0.004801771525306656,-0.6271821694968993,-1.2187147537913228
2017-08-19,-0.18194222624328293,-0.6165700965677847,0.39671212954800633,91.88999938964844,-0.7323278289145544,-0.514626200010111,0.15793279223953893,0.5044477434121359,0.028475829969755506,-0.07612943410050688,0.6645253035920163,0.2580612012137941,-0.004801771525306656,0.0050616332191265765,0.01168542483604493
2017-08-25,-0.20940605007123614,-0.10930871492120743,-0.0476091507053841,91.88999938964844,-0.7323278289145544,-0.520848711125942,-0.021157344592000582,0.0008989132247867916,-0.02541462844759741,0.9147655306640469,-0.031054509762638793,-0.05445436553794302,-0.2706283315909887,1.2763301987415976,0.24105783427917304
2017-08-26,-0.24428140228355846,-0.07673995469981115,-0.12010086908801955,91.6999969482422,-0.7275892193267973,-0.5371601936432433,0.3584912499402882,0.28492474224887104,-0.5036068899383573,-0.07612943410050688,0.29755156173785874,1.4084592355804162,-0.004801771525306656,0.0050616332191265765,0.01168542483604493
2017-09-01,-0.2766656579092865,-0.10930871492120743,-0.0476091507053841,91.6999969482422,-0.7275892193267973,-0.5401962810789592,-0.021157344592000582,0.0008989132247867916,-0.02541462844759741,1.8071391251602724,-0.031054509762638793,-0.05445436553794302,-0.13894005874738669,0.04499111261455726,0.8833009919068117
2017-09-02,-0.2522327530509386,0.42572599445032255,-1.3016215270619733,88.41999816894531,-0.6490668049842175,-0.550671459423287,-1.4259303135100956,-0.9267914202397716,-0.8693148585241023,-0.07612943410050688,-0.5692311358612612,0.9046939058162926,-0.004801771525306656,0.0050616332191265765,0.01168542483604493
2017-09-08,-0.2500274267310705,-0.10930871492120743,-0.0476091507053841,88.41999816894531,-0.6490668049842175,-0.5805473718200614,-0.021157344592000582,0.0008989132247867916,-0.02541462844759741,-0.9146321913482764,-0.031054509762638793,-0.05445436553794302,-1.3523947496360558,1.6316399723685684,2.0998297571365843
2017-09-09,-0.23895336391832178,0.5971308107994254,1.221203674574196,91.62000274658205,-0.5305710287958242,-0.5686151195898548,1.8145432263943797,1.1458950223205566,1.272803059596154,-0.07612943410050688,-1.4753690010813232,-1.1782665653733,-0.004801771525306656,0.0050616332191265765,0.01168542483604493
2017-09-15,-0.24706979548000577,-0.10930871492120743,-0.0476091507053841,91.62000274658205,-0.5305710287958242,-0.5259779124711524,-0.021157344592000582,0.0008989132247867916,-0.02541462844759741,2.08880147268931,-0.031054509762638793,-0.05445436553794302,1.973412386633385,-0.8021399352553538,3.160158070855035
2017-09-16,-0.22023761846305087,-0.6549922676156807,1.1807123955219347,94.83000183105467,-0.6393747397583494,-0.5119383685449879,0.7191440886190668,0.9032886514410806,1.5260308886118015,-0.07612943410050688,0.8353249246427635,-1.2671801936022264,-0.004801771525306656,0.0050616332191265765,0.01168542483604493
2017-09-22,-0.20330657987696962,-0.10930871492120743,-0.0476091507053841,94.83000183105467,-0.6393747397583494,-0.4932823831272982,-0.021157344592000582,0.0008989132247867916,-0.02541462844759741,0.03318384418076534,-0.031054509762638793,-0.05445436553794302,0.7890530010344757,0.10417582302212297,-0.38062658773360675
2017-09-23,-0.22160679437206252,-0.22748826073955347,0.2037882659251373,95.51000213623048,-0.6595037425572521,-0.4868118423829089,0.3395239943654356,0.4963356557631097,0.4879602853689981,-0.07612943410050688,0.528225007220797,-0.5935722778087953,-0.004801771525306656,0.0050616332191265765,0.01168542483604493
2017-09-29,-0.23859985068893455,-0.10930871492120743,-0.0476091507053841,95.51000213623048,-0.6595037425572521,-0.46484611108346213,-0.021157344592000582,0.0008989132247867916,-0.02541462844759741,0.8646441858915552,-0.031054509762638793,-0.05445436553794302,0.896773707635518,-1.5398279060339022,-1.0688260143973087
2017-09-30,-0.26687693395924883,0.11845733582636883,0.4699577537188954,96.91999816894533,-0.621934039061592,-0.4591537911364,0.9470614945011342,1.0533641589926654,0.21586151069042506,-0.07612943410050688,1.307210540091502,-0.5109292698006753,-0.004801771525306656,0.0050616332191265765,0.01168542483604493
2017-10-06,-0.2931342255673978,-0.10930871492120743,-0.0476091507053841,96.91999816894533,-0.621934039061592,-0.4465042224487224,-0.021157344592000582,0.0008989132247867916,-0.02541462844759741,1.5576608821495372,-0.031054509762638793,-0.05445436553794302,0.49490652593722384,-0.8076856305086207,-2.8551293721955058
2017-10-07,-0.3050181796560311,0.1435434674419724,-0.43104165813087364,95.86000061035156,-0.5776888397577243,-0.4637225689303924,-0.43001963208910005,-1.2310873336897443,-1.0777038535241874,-0.07612943410050688,0.07816955446321351,1.3349232037735235,-0.004801771525306656,0.0050616332191265765,0.01168542483604493
2017-10-13,-0.31605327988119075,-0.10930871492120743,-0.0476091507053841,95.86000061035156,-0.5776888397577243,-0.49153023721886924,-0.021157344592000582,0.0008989132247867916,-0.02541462844759741,0.13074411826823182,-0.031054509762638793,-0.05445436553794302,-1.1101691763553925,1.0658968920381713,2.1026355244476864
2017-10-14,-0.2745732458871928,-0.5024273375132654,1.2873042120873233,99.51000213623048,-0.651124746593446,-0.4782395758057182,1.4418343657763213,0.5207453916257043,0.6835142970778606,-0.07612943410050688,-0.13747780427599368,-1.1485913067389706,-0.004801771525306656,0.0050616332191265765,0.01168542483604493
2017-10-20,-0.25271965047613587,-0.10930871492120743,-0.0476091507053841,99.51000213623048,-0.651124746593446,-0.44361120955454764,-0.021157344592000582,0.0008989132247867916,-0.02541462844759741,1.1094527426900023,-0.031054509762638793,-0.05445436553794302,1.3995319635585282,-0.6658477350515917,-1.0531863835687936
2017-10-21,-0.245272078003966,0.08234864509690884,0.7486200667210066,101.7699966430664,-0.6190821485962329,-0.4383323762934999,0.6327432822428714,0.1229670306945547,0.5098697628639522,-0.07612943410050688,-0.19008010604773826,-0.4661379298808683,-0.004801771525306656,0.0050616332191265765,0.01168542483604493
2017-10-27,-0.23835647499409393,-0.10930871492120743,-0.0476091507053841,101.7699966430664,-0.6190821485962329,-0.4288220149014483,-0.021157344592000582,0.0008989132247867916,-0.02541462844759741,0.2363955705456073,-0.031054509762638793,-0.05445436553794302,0.36057071793735296,-1.9083474849816078,-0.5988986087144824
2017-10-28,-0.28088466980884025,-1.2600334699044213,-0.17162344172435792,101.41000366210938,-0.8213177173246352,-0.42761053578215547,-0.0008685346358091124,0.06522512073437729,0.2404455548660714,-0.07612943410050688,0.4541802516379414,-0.14761635949958607,-0.004801771525306656,0.0050616332191265765,0.01168542483604493
2017-11-03,-0.32037513642253324,-0.10930871492120743,-0.0476091507053841,101.41000366210938,-0.8213177173246352,-0.4530115483907988,-0.021157344592000582,0.0008989132247867916,-0.02541462844759741,0.28410787518112995,-0.031054509762638793,-0.05445436553794302,-0.9670499806886849,0.3735507303757697,-0.34281517699474323
2017-11-04,-0.24907750267701656,2.2826481466504824,-1.3958933357918228,97.51000213623048,-0.5301587861205256,-0.45645668970326153,-1.349088071424996,-0.640799524260664,-1.420274087911902,-0.07612943410050688,-1.13874373210145,0.22080865154219698,-0.004801771525306656,0.0050616332191265765,0.01168542483604493
2017-11-10,-0.1828725570561795,-0.10930871492120743,-0.0476091507053841,97.51000213623048,-0.5301587861205256,-0.43749426720350887,-0.021157344592000582,0.0008989132247867916,-0.02541462844759741,-0.37014623489823084,-0.031054509762638793,-0.05445436553794302,0.7415574163514199,0.3315923758785958,0.5841354743195815
2017-11-11,-0.18284417899396144,-0.8704638345308214,0.17890062602958015,98.13999938964844,-0.6820091389791059,-0.45119147765955925,0.09585906965269621,-0.3352501711950169,0.17011260191198946,-0.07612943410050688,-0.49357346614669795,1.0322011604997259,-0.004801771525306656,0.0050616332191265765,0.01168542483604493
2017-11-17,-0.1828178279361876,-0.10930871492120743,-0.0476091507053841,98.13999938964844,-0.6820091389791059,-0.4667081378581854,-0.021157344592000582,0.0008989132247867916,-0.02541462844759741,-0.25961935111042345,-0.031054509762638793,-0.05445436553794302,-0.6112186116751418,1.541645561566689,0.7797462511347606
2017-11-18,-0.22861859867388498,-1.527095245863203,0.016692874650534067,98.31999969482422,-0.9073477469496362,-0.4615503333677493,-0.052939588216410094,0.25626099567680605,-0.059703552448410656,-0.07612943410050688,0.2263359309261097,-0.4694153946695742,-0.004801771525306656,0.0050616332191265765,0.01168542483604493
2017-11-24,-0.27114788578746113,-0.10930871492120743,-0.0476091507053841,98.31999969482422,-0.9073477469496362,-0.4646756135116892,-0.021157344592000582,0.0008989132247867916,-0.02541462844759741,1.17912945353577,-0.031054509762638793,-0.05445436553794302,-0.1286656367474045,1.3813393146495347,0.9888714586875352
2017-11-25,-0.069709557535645,5.5125304914868,2.259456514959982,104.79000091552734,-0.24547686351059073,-0.46015784588895026,1.5803174055544102,1.2801501186465574,1.1817228615246098,-0.07612943410050688,-0.9989399854674273,-0.41723466032014406,-0.004801771525306656,0.0050616332191265765,0.01168542483604493
2017-12-01,0.11734031869818437,-0.10930871492120743,-0.0476091507053841,104.79000091552734,-0.24547686351059073,-0.45072408535940317,-0.021157344592000582,0.0008989132247867916,-0.02541462844759741,2.0242873914481847,-0.031054509762638793,-0.05445436553794302,0.3683778224130599,-0.2531318276739581,1.447937504676525
2017-12-02,0.15008194900383354,-0.5628358596842068,0.3337922086140564,105.93000030517578,-0.37044419534771833,-0.4306140245566771,0.9322493096114941,0.07081895955405686,1.6870250907186704,-0.07612943410050688,0.8108301737104583,-1.6069741617712092,-0.004801771525306656,0.0050616332191265765,0.01168542483604493
2017-12-08,0.1804848914305078,-0.10930871492120743,-0.0476091507053841,105.93000030517578,-0.37044419534771833,-0.4273845851362681,-0.021157344592000582,0.0008989132247867916,-0.02541462844759741,0.40623891664701656,-0.031054509762638793,-0.05445436553794302,0.11801682901136774,-1.4778156361529906,-1.1464358792051235
2017-12-09,0.1413671439063703,-0.09220884049153591,0.021892623263815896,106.13999938964844,-0.36630322858023534,-0.43296091829713595,-0.03086339172797387,-0.32686305716104364,0.26676460090923243,-0.07612943410050688,0.8277448698970764,0.37736907077403214,-0.004801771525306656,0.0050616332191265765,0.01168542483604493
2017-12-15,0.10504352120538554,-0.10930871492120743,-0.0476091507053841,106.13999938964844,-0.36630322858023534,-0.4425789466445705,-0.021157344592000582,0.0008989132247867916,-0.02541462844759741,1.1830659755098931,-0.031054509762638793,-0.05445436553794302,-0.37170943951512286,0.17639240551327792,-0.42073458353676924
2017-12-16,0.05881662629267948,-0.9455534630292292,0.38509281421640373,107.4499969482422,-0.569736264127362,-0.4550432552186864,0.794566533906156,0.25510660822279096,0.8429282561801182,-0.07612943410050688,0.8649354609510824,0.9395304837231615,-0.004801771525306656,0.0050616332191265765,0.01168542483604493
2017-12-22,0.01589165244516685,-0.10930871492120743,-0.0476091507053841,107.4499969482422,-0.569736264127362,-0.414054647322201,-0.021157344592000582,0.0008989132247867916,-0.02541462844759741,0.31036167533314235,-0.031054509762638793,-0.05445436553794302,1.60542847636192,0.6189494099815774,0.5478971616688185
2017-12-23,-0.04097833086429915,-1.9325646381027204,-0.21401038857516794,106.94000244140624,-0.9141999181901143,-0.4325510544653755,-0.36092479990711046,-0.3767731248336384,-0.4678463801363703,-0.07612943410050688,0.7922795546944414,1.3771125491052436,-0.004801771525306656,0.0050616332191265765,0.01168542483604493
2017-12-29,-0.09378617250880346,-0.10930871492120743,-0.0476091507053841,106.94000244140624,-0.9141999181901143,-0.45717815487596397,-0.021157344592000582,0.0008989132247867916,-0.02541462844759741,-0.5741381458821951,-0.031054509762638793,-0.05445436553794302,-0.9437697820798958,1.837235862809871,1.2823682446896547
2017-12-30,-0.09630231559188546,2.065049228258619,0.41135991417140305,108.33999633789062,-0.7034762945890968,-0.4650122696907197,0.7526445612680086,0.35567267685436266,1.035501068583816,-0.07612943410050688,0.28018704892161395,0.5788089694244178,-0.004801771525306656,0.0050616332191265765,0.01168542483604493
2018-01-05,-0.09863873416903292,-0.10930871492120743,-0.0476091507053841,108.33999633789062,-0.7034762945890968,-0.44369205184688504,-0.021157344592000582,0.0008989132247867916,-0.02541462844759741,3.4960760578919494,-0.031054509762638793,-0.05445436553794302,0.844181804684469,0.1726727805283561,0.28813618973372956
2018-01-06,-0.033806184783828956,1.4258767930606477,1.3535798688882716,112.66999816894533,-0.4682820330294847,-0.45108300719705857,0.7784702495217614,0.5014952558791524,-0.12404463499046733,-0.07612943410050688,0.43189987486265935,0.5318148603764812,-0.004801771525306656,0.0050616332191265765,0.01168542483604493
2018-01-12,0.02639546821671768,-0.10930871492120743,-0.0476091507053841,112.66999816894533,-0.4682820330294847,-0.4269564271161986,-0.021157344592000582,0.0008989132247867916,-0.02541462844759741,2.0812510329246137,-0.031054509762638793,-0.05445436553794302,0.9379677289505497,0.901007311620145,1.0730132092072386
2018-01-13,0.017030568237723982,-0.2684479530635779,0.05818780209707555,113.01000213623048,-0.5026606728533894,-0.4260903319972172,0.4580471795282551,0.5024906098499008,0.8007770530978844,-0.07612943410050688,-0.43499995592788426,-0.12092503479130884,-0.004801771525306656,0.0050616332191265765,0.01168542483604493
2018-01-19,0.008334589685801185,-0.10930871492120743,-0.0476091507053841,113.01000213623048,-0.5026606728533894,-0.39891736134322664,-0.021157344592000582,0.0008989132247867916,-0.02541462844759741,1.1098493079571685,-0.031054509762638793,-0.05445436553794302,1.0225396988461852,1.060404686411302,1.4026213076938128
2018-01-20,0.01935371264229544,-0.2625851747696838,0.9792437923965224,116.31999969482422,-0.534365188233294,-0.41053493706035105,0.405589975096317,0.6010225695998606,0.7985654430227578,-0.07612943410050688,-0.58629490938885,0.8195080854789576,-0.004801771525306656,0.0050616332191265765,0.01168542483604493
2018-01-26,0.02958575538761154,-0.10930871492120743,-0.0476091507053841,116.31999969482422,-0.534365188233294,-0.40458451107449306,-0.021157344592000582,0.0008989132247867916,-0.02541462844759741,2.9817001353153447,-0.031054509762638793,-0.05445436553794302,0.21571344307463397,1.7871862748035519,2.645324198922096
2018-01-27,0.01964600746863097,-0.03875278491072674,-0.6624651739672552,114.27999877929688,-0.5203685678767292,-0.39396278281129815,-0.24010764685821256,-1.0078449589644567,-0.8984285086790321,-0.07612943410050688,-1.9356461087804357,-0.8369910378366686,-0.004801771525306656,0.0050616332191265765,0.01168542483604493
2018-02-02,0.01041624154386335,-0.10930871492120743,-0.0476091507053841,114.27999877929688,-0.5203685678767292,-0.33969018537189327,-0.021157344592000582,0.0008989132247867916,-0.02541462844759741,-5.370183221126427,-0.031054509762638793,-0.05445436553794302,1.9649130776831825,0.23406950876646276,-0.41195736552600726
2018-02-03,0.2570087515973181,3.7393686465287086,-1.3483562695001603,110.04000091552734,0.25750718627350877,-0.3262564943752345,-1.4510577492317895,-1.1438897406052126,-3.8603393660484526,-0.07612943410050688,-3.130823768116634,-0.9671118538718148,-0.004801771525306656,0.0050616332191265765,0.01168542483604493
2018-02-09,0.485987510932669,-0.10930871492120743,-0.0476091507053841,110.04000091552734,0.25750718627350877,-0.329318940406285,-0.021157344592000582,0.0008989132247867916,-0.02541462844759741,-5.933056277029713,-0.031054509762638793,-0.05445436553794302,-0.10729475859288141,-2.090129199882582,-2.652033735268154
2018-02-10,0.5396111142410438,-1.8592218535096647,1.4306984164548608,114.68000030517578,-0.4597907063896051,-0.3550014236971581,1.5037122316708866,1.1259254480237522,2.080590466207605,-0.07612943410050688,1.8439266120053677,1.7499985990115197,-0.004801771525306656,0.0050616332191265765,0.01168542483604493
2018-02-16,0.5883630195898542,-0.10930871492120743,-0.0476091507053841,114.68000030517578,-0.4597907063896051,-0.34311464287035315,-0.021157344592000582,0.0008989132247867916,-0.02541462844759741,5.279878141386909,-0.031054509762638793,-0.05445436553794302,0.40661884087317246,2.099174382314685,2.1561547504464267
2018-02-17,0.5461479291526415,-1.009869223375386,0.756407552894035,117.30999755859376,-0.6563802954089584,-0.32706140247588605,0.031768302936733085,0.09024703681556606,-0.4280370844847684,-0.07612943410050688,-0.4843241903360984,-1.1460889502680258,-0.004801771525306656,0.0050616332191265765,0.01168542483604493
2018-02-23,0.5069482023180868,-0.10930871492120743,-0.0476091507053841,117.30999755859376,-0.6563802954089584,-0.32403377263366395,-0.021157344592000582,0.0008989132247867916,-0.02541462844759741,0.6818989708347293,-0.031054509762638793,-0.05445436553794302,0.0966198602767559,-1.366776895979953,-0.6011619006511845
2018-02-24,0.6347557189594779,1.9922903496761306,-1.2400452063200544,113.31999969482422,-0.3079708900254914,-0.3193476199368497,-0.3733368485627736,-1.1635494018002153,-0.9458680946839867,-0.07612943410050688,-1.614439844078769,-0.3703129222334753,-0.004801771525306656,0.0050616332191265765,0.01168542483604493
2018-03-02,0.7534341272693414,-0.10930871492120743,-0.0476091507053841,113.31999969482422,-0.3079708900254914,-0.325435422348355,-0.021157344592000582,0.0008989132247867916,-0.02541462844759741,-2.8781372036826793,-0.031054509762638793,-0.05445436553794302,-0.20694071824191837,0.1592729320779795,-1.6909150205141292
2018-03-03,0.7935091037519038,-1.1499474476519975,1.4126603283279582,118.04000091552734,-0.5773420324277113,-0.3262912639658755,0.9506709978526938,0.8715407458012008,0.4165802985576949,-0.07612943410050688,1.4063867342882248,0.0036920879075216474,-0.004801771525306656,0.0050616332191265765,0.01168542483604493
2018-03-09,0.8307215819142832,-0.10930871492120743,-0.0476091507053841,118.04000091552734,-0.5773420324277113,-0.3141276289556973,-0.021157344592000582,0.0008989132247867916,-0.02541462844759741,4.788276339312535,-0.031054509762638793,-0.05445436553794302,0.40230324004381407,0.12056982836484068,0.7854253488204697
2018-03-10,0.794455152964425,0.06804849073481928,-0.8198296937295637,115.44000244140624,-0.5441946676842617,-0.30666277470413433,-0.4951954027640672,-0.9147836034350736,-1.2636405866107736,-0.07612943410050688,-0.5806232778643345,-0.5504278124164826,-0.004801771525306656,0.0050616332191265765,0.01168542483604493
2018-03-16,0.760779183225271,-0.10930871492120743,-0.0476091507053841,115.44000244140624,-0.5441946676842617,-0.32199602285050455,-0.021157344592000582,0.0008989132247867916,-0.02541462844759741,-1.7794782031397025,-0.031054509762638793,-0.05445436553794302,-0.5066639840631009,-0.4372887108444312,0.4695113235217392
2018-03-17,0.9280845014880975,0.7379443174167446,-2.6077786834258414,107.01000213623048,-0.37834442270185237,-0.3466101296341536,-2.6510096861170607,-2.0004736670687464,-2.749022607726165,-0.07612943410050688,-2.2533737517623176,1.6578492368855595,-0.004801771525306656,0.0050616332191265765,0.01168542483604493
2018-03-23,1.0834394398750076,-0.10930871492120743,-0.0476091507053841,107.01000213623048,-0.37834442270185237,-0.3555509826610953,-0.021157344592000582,0.0008989132247867916,-0.02541462844759741,-5.933056277029713,-0.031054509762638793,-0.05445436553794302,-0.31120185917996224,0.7772483406157482,1.9007617395438148
2018-03-24,1.0600190419346955,-0.6399307462075945,0.922151740728082,109.97000122070312,-0.5057219564236619,-0.3387142242183947,0.7715970950849015,-0.15461694633789255,0.8426007961464981,-0.07612943410050688,1.2481397845076072,-1.214931503383946,-0.004801771525306656,0.0050616332191265765,0.01168542483604493
2018-03-30,1.0382715295615486,-0.10930871492120743,-0.0476091507053841,109.97000122070312,-0.5057219564236619,-0.3630341374942874,-0.021157344592000582,0.0008989132247867916,-0.02541462844759741,2.7155156639231746,-0.031054509762638793,-0.05445436553794302,-0.830560873005931,-0.37853273437109985,-0.9814400152534098
2018-03-31,1.0774419077771562,0.5781733892039194,-0.3281578851203627,109.08999633789062,-0.3640816986077932,-0.3687251717276815,-0.35968035712649865,0.43109963136910245,-0.13169430467593352,-0.07612943410050688,1.1519919967400516,0.3520313383270651,-0.004801771525306656,0.0050616332191265765,0.01168542483604493
2018-04-06,1.1138144018345062,-0.10930871492120743,-0.0476091507053841,109.08999633789062,-0.3640816986077932,-0.359667514843018,-0.021157344592000582,0.0008989132247867916,-0.02541462844759741,-1.9691449123754852,-0.031054509762638793,-0.05445436553794302,0.31389904957533254,-0.43750414120680636,0.5045579289381943
2018-04-07,1.1250233435298471,0.6200295071310874,0.34125715546322194,110.3000030517578,-0.18622297717640957,-0.3676899681012418,0.1406427978092976,0.9283188284256835,-0.8193332078929906,-0.07612943410050688,0.7101473050953756,0.5178382689325309,-0.004801771525306656,0.0050616332191265765,0.01168542483604493
2018-04-13,1.1354316465326633,-0.10930871492120743,-0.0476091507053841,110.3000030517578,-0.18622297717640957,-0.35273868291906896,-0.021157344592000582,0.0008989132247867916,-0.02541462844759741,2.657009154664162,-0.031054509762638793,-0.05445436553794302,0.5206135412398963,0.46860014227062563,1.355182362948484
2018-04-14,1.066985277437633,-0.7964570605834466,0.32427452894968084,111.47000122070312,-0.3864398655027547,-0.3476287646718879,0.41415796139140576,-0.3745800307695823,0.9900754417064934,-0.07612943410050688,0.9063824137888881,-0.4103574810661168,-0.004801771525306656,0.0050616332191265765,0.01168542483604493
2018-04-20,1.0034279347065331,-0.10930871492120743,-0.0476091507053841,111.47000122070312,-0.3864398655027547,-0.30551148227719216,-0.021157344592000582,0.0008989132247867916,-0.02541462844759741,0.6394515189953358,-0.031054509762638793,-0.05445436553794302,1.4402766560657938,-0.37971570677561955,-1.7533576380398532
2018-04-21,0.960032805464872,-1.0577363880960786,-0.6986522461753426,109.4000015258789,-0.6120620266361887,-0.29445052694004387,-0.12367238573364354,-0.37999766699163934,-0.14316639307578644,-0.07612943410050688,1.1644108159620248,-0.7794019062551277,-0.004801771525306656,0.0050616332191265765,0.01168542483604493
2018-04-27,0.9197373283119011,-0.10930871492120743,-0.0476091507053841,109.4000015258789,-0.6120620266361887,-0.29445052694004387,-0.021157344592000582,0.0008989132247867916,-0.02541462844759741,-0.08795967552842006,-0.031054509762638793,-0.05445436553794302,-0.004801771525306656,-1.6741709647173784,-1.9912673440239026
2018-04-28,0.9107872897966439,0.061799714600739325,-0.3584602550702461,108.43000030517578,-0.5816694899292579,-0.28923090542570723,-0.8162051297030718,-0.40087718357172997,0.004135193899790353,-0.07612943410050688,0.5376006669642687,-0.3945850276581706,-0.004801771525306656,0.0050616332191265765,0.01168542483604493
2018-05-04,0.902476539746762,-0.10930871492120743,-0.0476091507053841,108.43000030517578,-0.5816694899292579,-0.2922942846884366,-0.021157344592000582,0.0008989132247867916,-0.02541462844759741,-0.40997674257119276,-0.031054509762638793,-0.05445436553794302,-0.10313963749554791,-1.5808292532056987,-2.043745048724789
2018-05-05,0.9381545379689763,-0.7596867525733519,1.708080935715387,113.86000061035156,-0.7024707714498765,-0.2966106868761599,1.53806860109959,1.9126097593486664,1.1790868672361203,-0.07612943410050688,1.337130040834932,0.2291270052435102,-0.004801771525306656,0.0050616332191265765,0.01168542483604493
2018-05-11,0.9712841077467466,-0.10930871492120743,-0.0476091507053841,113.86000061035156,-0.7024707714498765,-0.29051319209434673,-0.021157344592000582,0.0008989132247867916,-0.02541462844759741,3.2395391985758697,-0.031054509762638793,-0.05445436553794302,0.19254065781159288,0.05467265765633912,0.1289155769136301
2018-05-12,0.9149097979984474,-0.4247650453019525,-0.8882092967906378,111.12999725341795,-0.7508842022484292,-0.27030096849910895,-0.6231147633184183,-1.0498328886902748,-0.45165493248680594,-0.07612943410050688,0.4301722925432032,-1.3446265654294693,-0.004801771525306656,0.0050616332191265765,0.01168542483604493
2018-05-18,0.862562224660741,-0.10930871492120743,-0.0476091507053841,111.12999725341795,-0.7508842022484292,-0.2422497503568512,-0.021157344592000582,0.0008989132247867916,-0.02541462844759741,-0.8187928600977986,-0.031054509762638793,-0.05445436553794302,0.8772590868744559,-1.740515815281176,-0.5989544637746779
2018-05-19,0.8247156695187942,0.39743894482260167,-0.1958807917671398,110.66000366210938,-0.6796665536178856,-0.25183626553469235,-0.11435267494321666,-0.5726568589840407,0.6660952205249474,-0.07612943410050688,-0.44090244057328287,0.5454979905198586,-0.004801771525306656,0.0050616332191265765,0.01168542483604493
2018-05-25,0.7895724397441295,-0.10930871492120743,-0.0476091507053841,110.66000366210938,-0.6796665536178856,-0.2919474214875224,-0.021157344592000582,0.0008989132247867916,-0.02541462844759741,0.3470856034144136,-0.031054509762638793,-0.05445436553794302,-1.2414165043798757,-1.0921648546625298,-1.291902259074776
2018-05-26,0.8100552940331024,1.720063030124302,-0.763613452012234,108.4000015258789,-0.3877671124229619,-0.2860126272731905,-0.7317877908499107,-0.4465383655837131,-0.14378528966372595,-0.07612943410050688,-0.27340400824497596,-0.4398206939962713,-0.004801771525306656,0.0050616332191265765,0.01168542483604493
2018-06-01,0.7783893502445134,-0.10930871492120743,-0.0476091507053841,108.4000015258789,-0.3877671124229619,-0.2984355424939472,-0.021157344592000582,0.0008989132247867916,-0.02541462844759741,0.5945941479067595,-0.031054509762638793,-0.05445436553794302,-0.4021807247975544,0.13714620158958468,0.3264852254177835
2018-06-02,0.7555814030765968,-1.1389066641779826,0.8288613783668916,111.11000061035156,-0.6323338966056313,-0.3007172371848622,0.5639618796138115,0.46782130190691806,0.5347544838449776,-0.07612943410050688,-0.2077256353457433,0.09613726816955946,-0.004801771525306656,0.0050616332191265765,0.01168542483604493
2018-06-08,0.7344025949921029,-0.10930871492120743,-0.0476091507053841,111.11000061035156,-0.6323338966056313,-0.2883259025134609,-0.021157344592000582,0.0008989132247867916,-0.02541462844759741,2.1542748563688074,-0.031054509762638793,-0.05445436553794302,0.3980772364635123,0.9590715656642063,0.4189431687335355
2018-06-09,0.7567432713168593,1.8109181608478655,-1.0604686846882272,107.9000015258789,-0.3016585603836185,-0.27159113542688673,-0.7071477025306865,-0.8203278315674208,-0.41445119535242414,-0.07612943410050688,-0.43499182426873767,-1.1241469168549154,-0.004801771525306656,0.0050616332191265765,0.01168542483604493
2018-06-15,0.7774881850469902,-0.10930871492120743,-0.0476091507053841,107.9000015258789,-0.3016585603836185,-0.27159113542688673,-0.021157344592000582,0.0008989132247867916,-0.02541462844759741,-0.044994559650007884,-0.031054509762638793,-0.05445436553794302,-0.004801771525306656,-1.5756156414691347,-1.0281759556199952
2018-06-16,0.7096135726773546,-1.2618622332039553,-0.7461869491807945,105.75,-0.6019424504877887,-0.266339727060316,-0.3004694180494956,0.34311950456513923,-0.6107707027674504,-0.07612943410050688,0.3857108620441741,-0.38823020471734904,-0.004801771525306656,0.0050616332191265765,0.01168542483604493
2018-06-22,0.6465871469055499,-0.10930871492120743,-0.0476091507053841,105.75,-0.6019424504877887,-0.2758583424883021,-0.021157344592000582,0.0008989132247867916,-0.02541462844759741,-1.3004902692411329,-0.031054509762638793,-0.05445436553794302,-0.3028359864794941,0.147918833132646,-0.20162564252852683
2018-06-23,0.6109753609088101,1.2113390131217863,-0.5614748615018139,104.1999969482422,-0.3637970548558013,-0.2640193626789037,-0.7993780532044558,-0.10909526661048641,0.8351261750754642,-0.07612943410050688,-0.41952431678732155,-0.8050581633022432,-0.004801771525306656,0.0050616332191265765,0.01168542483604493
2018-06-29,0.5779072739118376,-0.10930871492120743,-0.0476091507053841,104.1999969482422,-0.3637970548558013,-0.2800878420670883,-0.021157344592000582,0.0008989132247867916,-0.02541462844759741,-1.8962868573527054,-0.031054509762638793,-0.05445436553794302,-0.5066639840631009,0.4840763366166128,-0.5097750228212748
2018-06-30,0.5399108442033582,-1.9600213656022751,-0.09471294567270284,104.05999755859376,-0.8152584043511995,-0.28227847418732677,-0.18121848497614512,0.08768537669018715,0.2257631291681243,-0.07612943410050688,-0.19631578755819779,0.08720948573140247,-0.004801771525306656,0.0050616332191265765,0.01168542483604493
2018-07-06,0.5046284451883417,-0.10930871492120743,-0.0476091507053841,104.05999755859376,-0.8152584043511995,-0.2918965025347615,-0.021157344592000582,0.0008989132247867916,-0.02541462844759741,2.01805906709634,-0.031054509762638793,-0.05445436553794302,-0.31120185917996224,0.6242592211876415,0.569908381590545
2018-07-07,0.4982505266403958,2.5494889483111405,0.7272844292856729,106.36000061035156,-0.48731499379485554,-0.2811750939754607,0.5020097818208378,-0.05414732312053482,-0.3188631353901142,-0.07612943410050688,0.35035289220398,-0.7469504315287074,-0.004801771525306656,0.0050616332191265765,0.01168542483604493
2018-07-13,0.46976265663081845,-0.10930871492120743,-0.0476091507053841,106.36000061035156,-0.48731499379485554,-0.2779310653470276,-0.021157344592000582,0.0008989132247867916,-0.02541462844759741,1.988596827368811,-0.031054509762638793,-0.05445436553794302,0.09841811615977704,-0.7118983966464278,-0.3814284396156618
2018-07-14,0.5151719480172458,0.4942248820180832,1.5741414664213256,111.27999877929688,-0.3600028954183314,-0.2703894755828357,1.5395173456799034,0.8756031531947559,0.5615123019128428,-0.07612943410050688,0.11393658330930138,-0.5358897602979714,-0.004801771525306656,0.0050616332191265765,0.01168542483604493
2018-07-20,0.535813642098552,-0.10930871492120743,-0.0476091507053841,111.27999877929688,-0.3600028954183314,-0.25076541144974496,-0.021157344592000582,0.0008989132247867916,-0.02541462844759741,-0.050635199586191317,-0.031054509762638793,-0.05445436553794302,0.6123291470724055,0.4216003357990939,-0.8630358602607282
2018-07-21,0.5629657486808117,-0.7287404460271275,1.4488813323443601,116.02999877929688,-0.5117343740663097,-0.24543081229902297,0.8492957906479889,0.9428934551319881,1.1924198194468874,-0.07612943410050688,0.16155723965086397,-0.38605957562511406,-0.004801771525306656,0.0050616332191265765,0.01168542483604493
2018-07-27,0.5881784190786244,-0.10930871492120743,-0.0476091507053841,116.02999877929688,-0.5117343740663097,-0.22240685906628216,-0.021157344592000582,0.0008989132247867916,-0.02541462844759741,0.7566910569463512,-0.031054509762638793,-0.05445436553794302,0.7002364924551249,-0.4808857241517713,0.04625502566331692
2018-07-28,0.5390334006143735,-0.3925333070539219,0.27267248601409033,117.08999633789062,-0.5696315675749052,-0.21567145115465702,0.3874190093596463,0.25866179150394647,0.08014622432084495,-0.07612943410050688,-0.39125061152075513,-0.4604257443362806,-0.004801771525306656,0.0050616332191265765,0.01168542483604493
2018-08-03,0.49339874061185496,-0.10930871492120743,-0.0476091507053841,117.08999633789062,-0.5696315675749052,-0.218983342087221,-0.021157344592000582,0.0008989132247867916,-0.02541462844759741,0.9728729856926319,-0.031054509762638793,-0.05445436553794302,-0.10313963749554791,-0.6353698894119998,-0.8263717730811702
2018-08-04,0.4624800752909124,-0.8665395797741652,-0.45481530812573356,115.7300033569336,-0.7127146747543188,-0.2164825572914536,-0.30755046424518107,-0.7758547169211145,-0.43570216533942313,-0.07612943410050688,0.03674672141552176,-0.20531200700197866,-0.004801771525306656,0.0050616332191265765,0.01168542483604493
2018-08-10,0.43376988606432276,-0.10930871492120743,-0.0476091507053841,115.7300033569336,-0.7127146747543188,-0.24304550264473254,-0.021157344592000582,0.0008989132247867916,-0.02541462844759741,-0.41798870279659484,-0.031054509762638793,-0.05445436553794302,-0.794171488872892,-2.0186574836132984,-2.1817545529429543
2018-08-11,0.3828089966915659,-0.2563053784131405,-0.3384301527315661,114.7699966430664,-0.7348721732570715,-0.2150200910611233,-0.42803073728968866,-0.220782659757062,0.4063774559025569,-0.07612943410050688,-0.9604424452273815,-1.7425422312988352,-0.004801771525306656,0.0050616332191265765,0.01168542483604493
2018-08-17,0.3354881708454344,-0.10930871492120743,-0.0476091507053841,114.7699966430664,-0.7348721732570715,-0.2150200910611233,-0.021157344592000582,0.0008989132247867916,-0.02541462844759741,0.7406601928249775,-0.031054509762638793,-0.05445436553794302,-0.004801771525306656,0.11944335577718612,-0.2900953594550308
2018-08-18,0.2696763572115851,-0.387084713722266,-0.07510036546569879,114.68000030517578,-0.7750985517713224,-0.23925368534483848,0.11645193366941102,0.37980974636248926,-0.11479144182720447,-0.07612943410050688,0.13331141754308215,1.4422095752415627,-0.004801771525306656,0.0050616332191265765,0.01168542483604493
2018-08-24,0.20856538740872507,-0.10930871492120743,-0.0476091507053841,114.68000030517578,-0.7750985517713224,-0.25592158572547913,-0.021157344592000582,0.0008989132247867916,-0.02541462844759741,1.1073575811911478,-0.031054509762638793,-0.05445436553794302,-0.5119099305356258,2.2385490837762787,1.1063365176035111
2018-08-25,0.19278449383750498,0.32414352742359953,-0.07817969347813164,114.58000183105467,-0.7169854216232847,-0.2512224128025791,0.01536119943179668,0.21382180911605214,-0.13613931046254543,-0.07612943410050688,-1.2897925654994067,-0.3483513676689099,-0.004801771525306656,0.0050616332191265765,0.01168542483604493
2018-08-31,0.17813080694994352,-0.10930871492120743,-0.0476091507053841,114.58000183105467,-0.7169854216232847,-0.23782143756298993,-0.021157344592000582,0.0008989132247867916,-0.02541462844759741,1.205697694793023,-0.031054509762638793,-0.05445436553794302,0.4080777792150087,-0.2906277541336707,0.9460190886319036
2018-09-01,0.12078145356665414,-0.7566902104937167,-0.12716379774839817,114.31999969482422,-0.8138297326457998,-0.23244291251415966,-0.08498040784214018,-0.5919970478469755,-0.596902130244492,-0.07612943410050688,-1.3992684945614025,-0.38428347152744236,-0.004801771525306656,0.0050616332191265765,0.01168542483604493
2018-09-07,0.06752848256788557,-0.10930871492120743,-0.0476091507053841,114.31999969482422,-0.8138297326457998,-0.20549051378186717,-0.021157344592000582,0.0008989132247867916,-0.02541462844759741,-1.4885793422954978,-0.031054509762638793,-0.05445436553794302,0.8094082516129347,-0.24025880745430414,-0.2505864888760937
2018-09-08,0.021551116963617997,0.6620098107620942,-0.29908074664644574,113.5,-0.7183988250814511,-0.2066509531935168,-0.4689339186711629,0.3420661423357145,-1.46484552323469,-0.07612943410050688,0.20649381127863467,0.014852468249163414,-0.004801771525306656,0.0050616332191265765,0.01168542483604493
2018-09-14,-0.021142151097487613,-0.10930871492120743,-0.0476091507053841,113.5,-0.7183988250814511,-0.18982543934997753,-0.021157344592000582,0.0008989132247867916,-0.02541462844759741,1.5164752708293987,-0.031054509762638793,-0.05445436553794302,0.4902323836990541,0.8654639323179736,1.326086650042592
2018-09-15,0.06558041289475823,1.550975342959255,1.2960549218170916,117.8499984741211,-0.4706573360633477,-0.1908347603611042,0.5917014936896936,1.351896693624009,0.12159392746003765,-0.07612943410050688,1.6447099307128417,0.004878444878970607,-0.004801771525306656,0.0050616332191265765,0.01168542483604493
2018-09-21,0.14610850803041506,-0.10930871492120743,-0.0476091507053841,117.8499984741211,-0.4706573360633477,-0.1639409434558866,-0.021157344592000582,0.0008989132247867916,-0.02541462844759741,1.091157831359167,-0.031054509762638793,-0.05445436553794302,0.7740078158243167,0.8490942984204447,-0.13557224998101583
2018-09-22,0.2208848612334807,-0.5657077713135872,-1.5380192737859775,112.83999633789062,-0.5689630364639052,-0.15986995255492992,-1.4480119876768978,-0.8571051792693575,-1.3928718053901334,-0.07612943410050688,0.14446693012892486,-0.28661512555281526,-0.004801771525306656,0.0050616332191265765,0.01168542483604493
2018-09-28,0.2903200463506129,-0.10930871492120743,-0.0476091507053841,112.83999633789062,-0.5689630364639052,-0.16661992789459554,-0.021157344592000582,0.0008989132247867916,-0.02541462844759741,-0.8116656211835134,-0.031054509762638793,-0.05445436553794302,-0.19443049026922982,-1.1763070669674063,-0.10974337353925909
2018-09-29,0.28744625931908735,0.25130460966067614,0.5054301114116566,114.62000274658205,-0.500758685483758,-0.17493232480169818,0.7159312255431398,0.25112383914334296,0.3455003981282464,-0.07612943410050688,-1.7089489858674545,0.42657850323643454,-0.004801771525306656,0.0050616332191265765,0.01168542483604493
2018-10-05,0.2847777427898136,-0.10930871492120743,-0.0476091507053841,114.62000274658205,-0.500758685483758,-0.11467311443102773,-0.021157344592000582,0.0008989132247867916,-0.02541462844759741,-1.415141441350316,-0.031054509762638793,-0.05445436553794302,1.7130479002434171,-1.218796493630453,0.4284592655610052
2018-10-06,0.4968453346181969,2.317019302181477,-2.3936347115823366,106.9499969482422,0.002348600867295781,-0.12967541461764726,-1.6723458645153275,-0.9395697425451476,-0.6537393080179782,-0.07612943410050688,-2.9286384118110464,0.776871469540283,-0.004801771525306656,0.0050616332191265765,0.01168542483604493
2018-10-12,0.6937652413159816,-0.10930871492120743,-0.0476091507053841,106.9499969482422,0.002348600867295781,-0.15608571189507067,-0.021157344592000582,0.0008989132247867916,-0.02541462844759741,-5.713370265935618,-0.031054509762638793,-0.05445436553794302,-0.725743154242143,0.5924592680971291,0.4701871517686096
2018-10-13,0.678737784233112,-0.9865969195844049,0.26708665575681545,107.91000366210938,-0.2974608829835547,-0.16219637470803697,-0.15988168958897256,-0.3695282242170293,0.43778050142975317,-0.07612943410050688,0.4753971447089372,0.294809157888841,-0.004801771525306656,0.0050616332191265765,0.01168542483604493
2018-10-19,0.6647837169418758,-0.10930871492120743,-0.0476091507053841,107.91000366210938,-0.2974608829835547,-0.14578693355747224,-0.021157344592000582,0.0008989132247867916,-0.02541462844759741,-0.04386800525215335,-0.031054509762638793,-0.05445436553794302,0.45723010668409797,-0.46664096570184355,-0.9274716040543045
2018-10-20,0.6910551999641994,0.20735735676705702,-1.5063650552433776,103.41999816894533,-0.2146022864267236,-0.15192195927972493,-1.943034195610684,-1.7817626243858256,-0.9849506082077683,-0.07612943410050688,-1.0585910112555084,0.29275093889024073,-0.004801771525306656,0.0050616332191265765,0.01168542483604493
2018-10-26,0.7154501484849286,-0.10930871492120743,-0.0476091507053841,103.41999816894533,-0.2146022864267236,-0.191074554576496,-0.021157344592000582,0.0008989132247867916,-0.02541462844759741,-5.489318293865095,-0.031054509762638793,-0.05445436553794302,-1.0963520837950131,-1.2818603200660765,-1.8910113595533378
2018-10-27,0.7998974787019014,-0.41735608122053425,1.6338043587079942,108.37999725341795,-0.3020239077281291,-0.1897683217271987,1.5817680202604087,0.7039324380952626,1.3995673938646238,-0.07612943410050688,1.4324283559669089,-0.13115971961038153,-0.004801771525306656,0.0050616332191265765,0.01168542483604493
2018-11-02,0.8685923915264179,-0.10930871492120743,-0.0476091507053841,108.37999725341795,-0.3020239077281291,-0.14403091966054332,-0.021157344592000582,0.0008989132247867916,-0.02541462844759741,3.2490540249601803,-0.031054509762638793,-0.05445436553794302,1.318289516074337,-0.09902219149583207,1.2399533686523525
2018-11-03,0.8650312087946059,-1.5130949662645472,0.8937207668158513,111.29000091552734,-0.6676264500853567,-0.12266733747968421,0.6158643211862644,-0.06317405574102604,-0.35443285013018716,-0.07612943410050688,0.07272293019178364,-1.2305497759741546,-0.004801771525306656,0.0050616332191265765,0.01168542483604493
2018-11-09,0.8617243962579231,-0.10930871492120743,-0.0476091507053841,111.29000091552734,-0.6676264500853567,-0.13266724893664644,-0.021157344592000582,0.0008989132247867916,-0.02541462844759741,2.8466499407712424,-0.031054509762638793,-0.05445436553794302,-0.27599439569169565,-0.5470674718982075,0.1253278214467654
2018-11-10,0.886079534305968,1.3921275098906416,-0.4571391189566384,109.98999786376952,-0.42322434485498905,-0.14520975366348945,-0.7825398218999723,-0.3242698378826627,-0.0837588106659078,-0.07612943410050688,-0.8766388413894048,0.6508411820493697,-0.004801771525306656,0.0050616332191265765,0.01168542483604493
2018-11-16,0.9086950196362954,-0.10930871492120743,-0.0476091507053841,109.98999786376952,-0.42322434485498905,-0.1814435955093559,-0.021157344592000582,0.0008989132247867916,-0.02541462844759741,-2.2856255053027064,-0.031054509762638793,-0.05445436553794302,-1.0085261966008983,0.8109654555656572,-1.2021968873374773
2018-11-17,0.9012279228876691,-1.4604234850557807,-1.1122184586095285,106.6500015258789,-0.7313659293388577,-0.18160973799574495,-0.8138291662859881,-1.2997295389627845,-0.6742416657538786,-0.07612943410050688,-0.6027488256310182,-0.0447765204318682,-0.004801771525306656,0.0050616332191265765,0.01168542483604493
2018-11-23,0.8942941901925162,-0.10930871492120743,-0.0476091507053841,106.6500015258789,-0.7313659293388577,-0.1914900765918283,-0.021157344592000582,0.0008989132247867916,-0.02541462844759741,-5.281617914485114,-0.031054509762638793,-0.05445436553794302,-0.28832133315380454,-0.7226305410465087,-0.2972775217271708
2018-11-24,0.8743164668476885,1.1574440173565406,1.4448159211368679,111.19000244140624,-0.5467335590813385,-0.19083145509326618,1.4741023165506324,1.3005284517425897,1.4373533983045554,-0.07612943410050688,0.22704960805194457,-0.09317122130545319,-0.004801771525306656,0.0050616332191265765,0.01168542483604493
2018-11-30,0.8279930037676033,-0.10930871492120743,-0.0476091507053841,111.19000244140624,-0.5467335590813385,-0.20401387754704123,-0.021157344592000582,0.0008989132247867916,-0.02541462844759741,5.279878141386909,-0.031054509762638793,-0.05445436553794302,-0.3865461430294682,-0.08907673037674016,-0.2715671495148432
2018-12-01,0.9953578323286999,0.9580714768924969,-2.538524089706486,103.29000091552734,-0.33851719979384304,-0.2251774095842609,-2.9703248295665774,-2.62308318054652,-2.317218311583738,-0.07612943410050688,-1.9342887734210166,1.2336512658620842,-0.004801771525306656,0.0050616332191265765,0.01168542483604493
2018-12-07,1.1507680302782894,-0.10930871492120743,-0.0476091507053841,103.29000091552734,-0.33851719979384304,-0.27678212759671816,-0.021157344592000582,0.0008989132247867916,-0.02541462844759741,-5.933056277029713,-0.031054509762638793,-0.05445436553794302,-1.5520713171567824,0.7064264828367715,-0.19241244825973858
2018-12-08,1.0996259599520497,0.5082661491388235,-1.0658732572889602,100.29000091552734,-0.1836960822593018,-0.2694997561566992,-1.074668190603187,-1.505659402331229,-2.315814480786198,-0.07612943410050688,0.6196873991355694,-0.518895503046665,-0.004801771525306656,0.0050616332191265765,0.01168542483604493
2018-12-14,1.0521368946491132,-0.10930871492120743,-0.0476091507053841,100.29000091552734,-0.1836960822593018,-0.2564963679316196,-0.021157344592000582,0.0008989132247867916,-0.02541462844759741,-1.8041829420081446,-0.031054509762638793,-0.05445436553794302,0.4037316786809008,-0.9315283020472878,-1.5795940558976505
2018-12-15,1.105939028075728,1.6685299449868154,-2.187006452090046,94.16999816894533,0.33551920492286175,-0.2690849449667883,-1.2998686013351541,-2.292554998596947,-0.9695922511206767,-0.07612943410050688,-1.2218279352640469,0.748036495913047,-0.004801771525306656,0.0050616332191265765,0.01168542483604493
2018-12-21,1.1558981519718696,-0.10930871492120743,-0.0476091507053841,94.16999816894533,0.33551920492286175,-0.3011578246286162,-0.021157344592000582,0.0008989132247867916,-0.02541462844759741,-5.933056277029713,-0.031054509762638793,-0.05445436553794302,-1.0119992914973541,1.074984401157979,1.012508370790538
2018-12-22,1.2026360021660223,-1.8825701186979786,0.9426916596768993,96.83000183105467,-0.42830212764914255,-0.31940544393397674,1.209684490224193,0.8363679167427823,0.4272388834354241,-0.07612943410050688,0.09412986203436714,1.1755625097643778,-0.004801771525306656,0.0050616332191265765,0.01168542483604493
2018-12-28,1.2460354344891642,-0.10930871492120743,-0.0476091507053841,96.83000183105467,-0.42830212764914255,-0.3413986341232866,-0.021157344592000582,0.0008989132247867916,-0.02541462844759741,3.852084831561058,-0.031054509762638793,-0.05445436553794302,-0.7351102241788714,0.4520725402680001,0.1725604231499541
2018-12-29,1.2092651260576897,-0.8641063188231805,1.349965115026393,100.69000244140624,-0.5994210085161215,-0.34326407155328276,1.354774079136519,1.681696579628515,1.441400882568175,-0.07612943410050688,0.9782927757094169,0.07480733786598318,-0.004801771525306656,0.0050616332191265765,0.01168542483604493
2019-01-04,1.1751212682284637,-0.10930871492120743,-0.0476091507053841,100.69000244140624,-0.5994210085161215,-0.3589392019878479,-0.021157344592000582,0.0008989132247867916,-0.02541462844759741,2.4764900449727216,-0.031054509762638793,-0.05445436553794302,-0.5398754540104586,-0.3574174480817361,0.3776035198669803
2019-01-05,1.0698182978358075,0.549033928096439,-0.3191936841332614,99.91000366210938,-0.48026215416216855,-0.3618007117016273,0.4749482603096696,0.7478957090079844,-0.07704466688824778,-0.07612943410050688,0.7457568302772649,0.14823420468397042,-0.004801771525306656,0.0050616332191265765,0.01168542483604493
2019-01-11,0.972036968185484,-0.10930871492120743,-0.0476091507053841,99.91000366210938,-0.48026215416216855,-0.34930347641335774,-0.021157344592000582,0.0008989132247867916,-0.02541462844759741,3.4128019651853605,-0.031054509762638793,-0.05445436553794302,0.43127325959367857,0.7218552801420973,0.8657119464974131
2019-01-12,1.0003162480678356,1.116256029049824,1.594619635095716,104.58999633789062,-0.21942705255243988,-0.34547086390564863,3.521546127563096,2.995144155868773,1.3579649854001217,-0.07612943410050688,0.4449760316328291,-0.32071654241118586,-0.004801771525306656,0.0050616332191265765,0.01168542483604493
2019-01-18,1.0265755793871618,-0.10930871492120743,-0.0476091507053841,104.58999633789062,-0.21942705255243988,-0.32036325347648353,-0.021157344592000582,0.0008989132247867916,-0.02541462844759741,3.8622388391379388,-0.031054509762638793,-0.05445436553794302,0.854475227063394,-1.2030651349217754,0.5591191309246107
2019-01-19,0.9242451664041891,-1.7336304776581961,-0.44985118801766627,103.38999938964844,-0.6783044078468594,-0.33122928382019196,0.24833901914799023,0.37730552485319024,0.04884033453108574,-0.07612943410050688,-1.5318996685370643,0.688006600167817,-0.004801771525306656,0.0050616332191265765,0.01168542483604493
2019-01-25,0.8195036034001855,-0.10930871492120743,-0.0476091507053841,103.38999938964844,-0.6783044078468594,-0.340527798695175,-0.021157344592000582,0.0008989132247867916,-0.02541462844759741,-0.38210731856072566,-0.031054509762638793,-0.05445436553794302,-0.3177911083768385,0.47451064583505254,2.454508288440952
2019-01-26,0.731964310707666,0.5847268659830385,0.11854573490125717,103.87999725341795,-0.5673097034063587,-0.35319507440058934,-1.1652067402266297,-0.14342334811618138,-0.7785164379162002,-0.07612943410050688,2.0058935507404962,0.8336417300272693,-0.004801771525306656,0.0050616332191265765,0.01168542483604493
2019-02-01,0.6506778246360405,-0.10930871492120743,-0.0476091507053841,103.87999725341795,-0.5673097034063587,-0.37151672859174195,-0.021157344592000582,0.0008989132247867916,-0.02541462844759741,2.0766829300286482,-0.031054509762638793,-0.05445436553794302,-0.6375845612468724,0.7012617026694937,-0.6936566955036632
2019-02-02,0.6415053916294285,-0.5479295633582985,-0.8980918717951779,101.36000061035156,-0.6504616684278863,-0.36950837151790333,-0.11058731476123847,-0.6873666362744506,-0.822607570177882,-0.07612943410050688,0.44649046777226403,-0.198038470005302,-0.004801771525306656,0.0050616332191265765,0.01168542483604493
2019-02-08,0.6329881324090033,-0.10930871492120743,-0.0476091507053841,101.36000061035156,-0.6504616684278863,-0.39093570325764415,-0.021157344592000582,0.0008989132247867916,-0.02541462844759741,-0.007624677500526611,-0.031054509762638793,-0.05445436553794302,-0.7594538392673291,-1.5238330520376602,-1.3818662970407836
2019-02-09,0.6379240358224657,0.11033519399162779,1.4016469372491094,105.5500030517578,-0.61370118203559,-0.3936231046396356,0.7962568059026052,0.9630188590487444,0.9941805870042888,-0.07612943410050688,1.507448917561236,0.14345126648620077,-0.004801771525306656,0.0050616332191265765,0.01168542483604493
2019-02-15,0.6425073747063951,-0.10930871492120743,-0.0476091507053841,105.5500030517578,-0.61370118203559,-0.38447061723407683,-0.021157344592000582,0.0008989132247867916,-0.02541462844759741,3.358558933234942,-0.031054509762638793,-0.05445436553794302,0.32722874171262667,-0.6019292069673661,-0.6543293559358337
2019-02-16,0.5547656179396195,-1.2774115856344883,-0.2302947486095866,105.0,-0.820669907406309,-0.39124751959861254,-0.05022101117446125,-0.05249708630254402,-0.15115686243928947,-0.07612943410050688,-0.5588065055154862,0.44313709975994275,-0.004801771525306656,0.0050616332191265765,0.01168542483604493
2019-02-22,0.47329112951332797,-0.10930871492120743,-0.0476091507053841,105.0,-0.820669907406309,-0.39427287165724045,-0.021157344592000582,0.0008989132247867916,-0.02541462844759741,0.7685199052457057,-0.031054509762638793,-0.05445436553794302,-0.11423037425911592,0.783484495245963,1.862867786627308
2019-02-23,0.43408799203108056,2.01935710872315,-0.23792843066856348,104.43000030517578,-0.561191498622166,-0.37398877656407936,0.201888426237848,0.13672094389503514,0.6121709435600057,-0.07612943410050688,-0.6894428677691259,-1.5125358947607972,-0.004801771525306656,0.0050616332191265765,0.01168542483604493
2019-03-01,0.39768507865470826,-0.10930871492120743,-0.0476091507053841,104.43000030517578,-0.561191498622166,-0.33986792261341936,-0.021157344592000582,0.0008989132247867916,-0.02541462844759741,0.465823758778755,-0.031054509762638793,-0.05445436553794302,1.2034551779053122,0.3603818964798234,1.3560756925625659
2019-03-02,0.3847122444357946,-0.6770062587121604,-0.5243254126078573,103.01000213623048,-0.6697411023271659,-0.3402639542597584,-0.6561803323806515,-0.9859306642517383,-0.16767620559560167,-0.07612943410050688,-0.05325729868289163,-0.027108366188602552,-0.004801771525306656,0.0050616332191265765,0.01168542483604493
2019-03-08,0.3726660412325174,-0.10930871492120743,-0.0476091507053841,103.01000213623048,-0.6697411023271659,-0.38367040708973654,-0.021157344592000582,0.0008989132247867916,-0.02541462844759741,-3.0456459413113484,-0.031054509762638793,-0.05445436553794302,-1.4812949475422987,-1.3807134832414547,-1.80553772583516
2019-03-09,0.3566200484981363,0.7687951940859179,1.1572088292484528,106.5500030517578,-0.5273003521206381,-0.38666562844965907,0.6186510053683002,1.3323202915320824,0.5089781283987839,-0.07612943410050688,1.1162904375095748,0.1642235524056269,-0.004801771525306656,0.0050616332191265765,0.01168542483604493
2019-03-15,0.3191546810297259,-0.10930871492120743,-0.0476091507053841,106.5500030517578,-0.5273003521206381,-0.3959327147711549,-0.021157344592000582,0.0008989132247867916,-0.02541462844759741,3.8997948931577926,-0.031054509762638793,-0.05445436553794302,-0.33809957679850183,0.880098967167945,2.3463637439486207
2019-03-16,0.48363600798795797,1.1360849747421418,-2.2817668677122054,99.76000213623048,-0.27789353356501906,-0.40191053909385377,-2.2252462454655992,-1.7039434116169159,-1.4608826957929757,-0.07612943410050688,-0.2192987272517242,0.3903589685489372,-0.004801771525306656,0.0050616332191265765,0.01168542483604493
2019-03-22,0.6363686687348877,-0.10930871492120743,-0.0476091507053841,99.76000213623048,-0.27789353356501906,-0.447899764659477,-0.021157344592000582,0.0008989132247867916,-0.02541462844759741,-1.1354498936042392,-0.031054509762638793,-0.05445436553794302,-1.6905937595866303,-0.45541417657750627,-0.4919182611419993
2019-03-23,0.6053055660727077,-0.7166051029162072,0.46899597097123785,101.2300033569336,-0.43997252148080845,-0.43713837113806575,0.5844132395578284,0.5377053038153566,-0.019010188041051763,-0.07612943410050688,0.6219505328642216,-0.8923891617750425,-0.004801771525306656,0.0050616332191265765,0.01168542483604493
2019-03-29,0.576461256457826,-0.10930871492120743,-0.0476091507053841,101.2300033569336,-0.43997252148080845,-0.44646852846661755,-0.021157344592000582,0.0008989132247867916,-0.02541462844759741,1.5759566510773728,-0.031054509762638793,-0.05445436553794302,-0.3626871198104553,-0.562271784402812,-1.5916063211637423
2019-03-30,0.5923779076456404,-0.8687721894993259,1.365409051954726,105.30999755859376,-0.6097816048529896,-0.44495834517079613,1.5018286908217862,1.413752889314573,0.2691775311553256,-0.07612943410050688,1.4833512163341203,-0.17326901639985465,-0.004801771525306656,0.0050616332191265765,0.01168542483604493
2019-04-05,0.5762603485990113,-0.10930871492120743,-0.0476091507053841,105.30999755859376,-0.6097816048529896,-0.4169114762985747,-0.021157344592000582,0.0008989132247867916,-0.02541462844759741,2.750735703178538,-0.031054509762638793,-0.05445436553794302,1.0822192863366384,-0.11106209811676056,-0.17964373407027817
2019-04-06,0.6779401563048402,0.12743445527864902,1.9165649632759145,111.20999908447266,-0.5675867130347338,-0.4170321782202587,1.035887908084226,0.7539953233990682,-1.4781425611877945,-0.07612943410050688,-0.11755837366790503,-0.045298511884417546,-0.004801771525306656,0.0050616332191265765,0.01168542483604493
2019-04-12,0.7723571206031098,-0.10930871492120743,-0.0476091507053841,111.20999908447266,-0.5675867130347338,-0.39833716248489814,-0.021157344592000582,0.0008989132247867916,-0.02541462844759741,0.6203695981325287,-0.031054509762638793,-0.05445436553794302,0.6937904283273065,0.9243954465318206,0.6737583810022898
2019-04-13,0.7985823731515141,-0.5701656124123217,0.6617009475352622,113.45999908447266,-0.654919996620004,-0.3866097541557921,-0.1520189528659137,0.8819003219711575,0.7001199853727944,-0.07612943410050688,0.17046685826667932,-0.9106008370072008,-0.004801771525306656,0.0050616332191265765,0.01168542483604493
2019-04-19,0.8229343933750325,-0.10930871492120743,-0.0476091507053841,113.45999908447266,-0.654919996620004,-0.3834481080111132,-0.021157344592000582,0.0008989132247867916,-0.02541462844759741,-0.18855639772885002,-0.031054509762638793,-0.05445436553794302,0.10890138600278784,-0.6031105408742998,-0.7071686339984239
2019-04-20,0.7153618786397995,-0.9903875292987744,0.2644787834996194,114.47000122070312,-0.8013315816962725,-0.3916690275913658,0.2793503829963983,-0.05972531682992016,0.22172770503201078,-0.07612943410050688,-0.31038339696416056,0.5494798399559991,-0.004801771525306656,0.0050616332191265765,0.01168542483604493
2019-04-26,0.6154731149570833,-0.10930871492120743,-0.0476091507053841,114.47000122070312,-0.8013315816962725,-0.41044697637585414,-0.021157344592000582,0.0008989132247867916,-0.02541462844759741,1.57147125593798,-0.031054509762638793,-0.05445436553794302,-0.684366168269094,-0.964600529492522,-0.6245954219521216
2019-04-27,0.5445905746055307,0.682658962141874,0.4577383478038497,116.12000274658205,-0.7007018359489923,-0.4069466170938403,0.31334845942999207,0.4414456850086022,0.41979300388663376,-0.07612943410050688,-0.45228310601845356,-0.316580516175655,-0.004801771525306656,0.0050616332191265765,0.01168542483604493
2019-05-03,0.4787710728505175,-0.10930871492120743,-0.0476091507053841,116.12000274658205,-0.7007018359489923,-0.397515805738066,-0.021157344592000582,0.0008989132247867916,-0.02541462844759741,0.192957545602836,-0.031054509762638793,-0.05445436553794302,0.34310271047300606,0.3451173178822462,1.8436510233850298
2019-05-04,0.5172879975903568,0.3534758302265771,-1.1375368749661587,112.51000213623048,-0.6294591037694225,-0.40155258729408166,-1.0588284885530643,-1.0338309510300858,-0.9795270293602604,-0.07612943410050688,-1.610160865142632,0.24578952127918158,-0.004801771525306656,0.0050616332191265765,0.01168542483604493
2019-05-10,0.5304881963480079,-0.10930871492120743,-0.0476091507053841,112.51000213623048,-0.6294591037694225,-0.4234465639054862,-0.021157344592000582,0.0008989132247867916,-0.02541462844759741,-3.0713283373094056,-0.031054509762638793,-0.05445436553794302,-0.8069909773928066,0.5878603349173238,-0.8767880465202799
2019-05-11,0.5069879845706063,-0.4688971704500024,-0.5898059484691535,110.7699966430664,-0.6916586712305385,-0.41665765701264773,-1.1461388260022245,-1.0993723078746644,-0.9770655211731913,-0.07612943410050688,1.29489993088693,-0.5691799471534142,-0.004801771525306656,0.0050616332191265765,0.01168542483604493
2019-05-17,0.47336274809102974,-0.10930871492120743,-0.0476091507053841,110.7699966430664,-0.6916586712305385,-0.4418992281925981,-0.021157344592000582,0.0008989132247867916,-0.02541462844759741,-1.1185549556749352,-0.031054509762638793,-0.05445436553794302,-0.9475712720011663,-0.7857754336702619,-2.7095714458068763
2019-05-18,0.4719951802149123,-0.5397850962726761,-0.3830996178337696,109.70999908447266,-0.7589676485693626,-0.44689516075807645,-0.2396135640074181,-0.2749753104581593,0.2928368232841112,-0.07612943410050688,-0.6652667587595185,0.3396201379508384,-0.004801771525306656,0.0050616332191265765,0.01168542483604493
2019-05-24,0.4707252957585176,-0.10930871492120743,-0.0476091507053841,109.70999908447266,-0.7589676485693626,-0.4688352111557701,-0.021157344592000582,0.0008989132247867916,-0.02541462844759741,-1.683665996928915,-0.031054509762638793,-0.05445436553794302,-0.8573375802715253,0.3341365434060029,-0.19319848895624628
2019-05-25,0.4893345478134729,-0.4677277588545858,-1.2459559442857482,105.95999908447266,-0.8085654591175827,-0.48153178849025835,-1.602323445870532,-0.9174590672191807,-1.2318487266101101,-0.07612943410050688,-1.0788039348328744,0.995591747974062,-0.004801771525306656,0.0050616332191265765,0.01168542483604493
2019-05-31,0.5066145675787888,-0.10930871492120743,-0.0476091507053841,105.95999908447266,-0.8085654591175827,-0.5369639816655187,-0.021157344592000582,0.0008989132247867916,-0.02541462844759741,-3.6723816793174833,-0.031054509762638793,-0.05445436553794302,-2.263181727945387,-0.503063012676937,-0.7022448826420338
2019-06-01,0.5427954361188734,0.6988807818538273,1.0111717917002114,109.16000366210938,-0.7074362235679565,-0.554358478279679,0.9648107703760632,1.5045430038851906,0.8533508807476553,-0.07612943410050688,1.5311441989920764,1.5474059214862896,-0.004801771525306656,0.0050616332191265765,0.01168542483604493
2019-06-07,0.5763919569060946,-0.10930871492120743,-0.0476091507053841,109.16000366210938,-0.7074362235679565,-0.5693498962449579,-0.021157344592000582,0.0008989132247867916,-0.02541462844759741,5.279878141386909,-0.031054509762638793,-0.05445436553794302,-0.6848954240298021,1.8655751705266836,1.089369446821561
2019-06-08,0.5162854822021339,-0.3847287745981689,0.16436126195154063,109.81999969482422,-0.7493399280996919,-0.5688355390240476,0.5012696038992828,0.7202431959716488,-0.05254217967123348,-0.07612943410050688,0.09356579950439509,-0.10291496345431218,-0.004801771525306656,0.0050616332191265765,0.01168542483604493
2019-06-14,0.4604723271198847,-0.10930871492120743,-0.0476091507053841,109.81999969482422,-0.7493399280996919,-0.5688355390240476,-0.021157344592000582,0.0008989132247867916,-0.02541462844759741,0.5758398807245877,-0.031054509762638793,-0.05445436553794302,-0.004801771525306656,-1.1149295868123066,-1.2248738096528076
2019-06-15,0.3999665364555623,1.7984748085049425,-0.168919116788242,109.44000244140624,-0.48043555782717506,-0.5940349493229562,0.05930134808964717,0.19258999677104552,0.8569836324660378,-0.07612943410050688,0.5210751191643158,2.4191185908150032,-0.004801771525306656,0.0050616332191265765,0.01168542483604493
2019-06-21,0.34378258798154876,-0.10930871492120743,-0.0476091507053841,109.44000244140624,-0.48043555782717506,-0.5997952959054504,-0.021157344592000582,0.0008989132247867916,-0.02541462844759741,2.9437732439859956,-0.031054509762638793,-0.05445436553794302,-0.28334730575681233,1.1780047743421962,0.9290980511227545
2019-06-22,0.3634743570852397,-0.031110822434474238,0.708411194812317,111.8000030517578,-0.4637964401101648,-0.6055047692268473,0.861370366658473,0.8009767666630364,0.25836399417609546,-0.07612943410050688,0.12956668821598458,0.5168734928950806,-0.004801771525306656,0.0050616332191265765,0.01168542483604493
2019-06-28,0.3817595712529529,-0.10930871492120743,-0.0476091507053841,111.8000030517578,-0.4637964401101648,-0.6254729082885254,-0.021157344592000582,0.0008989132247867916,-0.02541462844759741,-0.4811054707964975,-0.031054509762638793,-0.05445436553794302,-0.9891305555366346,0.48638316755241723,0.020607446115447316
2019-06-29,0.32791756087380636,-1.9612431222936004,0.4823483190047599,113.48999786376952,-0.8660863993907866,-0.6201627216879292,0.23167763301729052,0.5173392316082128,0.2688646324797478,-0.07612943410050688,1.0976291321221439,-0.5993532499237116,-0.004801771525306656,0.0050616332191265765,0.01168542483604493
2019-07-05,0.2619520347996013,-0.10930871492120743,-0.0476091507053841,113.48999786376952,-0.8660863993907866,-0.6086461527778155,-0.021157344592000582,0.0008989132247867916,-0.02541462844759741,2.1951753233784186,-0.031054509762638793,-0.05445436553794302,0.5773583950185376,-1.6414870052976953,-1.75473573305159
2019-07-06,0.23333154947044787,0.8650995459825467,0.5115297312668652,115.3000030517578,-0.7591301463434882,-0.614145122261091,0.16196524402563206,0.13769717933275374,-0.2910094416019972,-0.07612943410050688,-0.4409660736058676,0.5039804340951652,-0.004801771525306656,0.0050616332191265765,0.01168542483604493
2019-07-12,0.2067553845219482,-0.10930871492120743,-0.0476091507053841,115.3000030517578,-0.7591301463434882,-0.5913276303029527,-0.021157344592000582,0.0008989132247867916,-0.02541462844759741,0.9967277323078979,-0.031054509762638793,-0.05445436553794302,1.1366887511096835,0.4066455369499022,0.43762597390617425
2019-07-13,0.16298382174930276,1.0990224100196133,-0.5827663078720849,113.54000091552734,-0.5919744662226335,-0.5977769015075027,-0.06903755568632126,-0.3117508047849871,-0.8944384457144949,-0.07612943410050688,-0.007407282686987603,0.582565719771909,-0.004801771525306656,0.0050616332191265765,0.01168542483604493
2019-07-19,0.12233879917470354,-0.10930871492120743,-0.0476091507053841,113.54000091552734,-0.5919744662226335,-0.6175292593367613,-0.021157344592000582,0.0008989132247867916,-0.02541462844759741,-1.7695522400140693,-0.031054509762638793,-0.05445436553794302,-0.9659152540269402,-0.35303703622309707,-0.46683215060757344
2019-07-20,0.14778028138276075,-0.589046032550482,0.779920210952285,116.22000122070312,-0.6797603442794614,-0.6148378004229438,1.292962370389209,0.4624690626996398,2.172941203106316,-0.07612943410050688,0.3226243924062457,-0.32810486650353055,-0.004801771525306656,0.0050616332191265765,0.01168542483604493
2019-07-26,0.17140451486167096,-0.10930871492120743,-0.0476091507053841,116.22000122070312,-0.6797603442794614,-0.6063331170067875,-0.021157344592000582,0.0008989132247867916,-0.02541462844759741,2.1962670193509712,-0.031054509762638793,-0.05445436553794302,0.42116908204335995,-1.0407971278283523,-1.0128759594257422
2019-07-27,0.23881930752141015,-0.027523565376623368,-1.040068220591904,112.93000030517578,-0.6667125364295361,-0.6173871561835921,-1.2950977877928485,-1.6636553695952385,-1.19291577004626,-0.07612943410050688,-1.2675335622439674,1.0744023232062552,-0.004801771525306656,0.0050616332191265765,0.01168542483604493
2019-08-02,0.30141875784831085,-0.10930871492120743,-0.0476091507053841,112.93000030517578,-0.6667125364295361,-0.6785856573481137,-0.021157344592000582,0.0008989132247867916,-0.02541462844759741,-4.334075049263832,-0.031054509762638793,-0.05445436553794302,-3.083533421516787,-0.09086282827431964,-2.3214695973320856
2019-08-03,0.40155326640654976,0.44623121139934135,-1.037937355407215,109.73999786376952,-0.5761467467871632,-0.6962174102764735,-1.029013672379584,-0.6082111855421908,-0.7690346780185795,-0.07612943410050688,-1.3906343246594124,2.0301387301123865,-0.004801771525306656,0.0050616332191265765,0.01168542483604493
2019-08-09,0.4268390237139863,-0.10930871492120743,-0.0476091507053841,109.73999786376952,-0.5761467467871632,-0.7284608784646763,-0.021157344592000582,0.0008989132247867916,-0.02541462844759741,-0.7038021209512799,-0.031054509762638793,-0.05445436553794302,-1.8827377926344817,1.1784212943415313,-0.42738583354434834
2019-08-10,0.48329910810123416,0.0038539208067354426,-0.6929410931079137,107.72000122070312,-0.5549609631618999,-0.7333757498730094,-1.3152278727713116,-1.0262743242163366,-1.3019812608486634,-0.07612943410050688,-1.2698215119208527,0.5733022649309886,-0.004801771525306656,0.0050616332191265765,0.01168542483604493
2019-08-16,0.5357263293179644,-0.10930871492120743,-0.0476091507053841,107.72000122070312,-0.5549609631618999,-0.7838912264769836,-0.021157344592000582,0.0008989132247867916,-0.02541462844759741,-1.4864067784712816,-0.031054509762638793,-0.05445436553794302,-3.1832624509313483,-1.3786058418909266,0.6400297552385017
2019-08-17,0.5375418039989488,-1.0859357178003421,-0.6008970894532545,106.0199966430664,-0.743327510457044,-0.787697462030499,-0.605415062045456,-0.6353645580123664,-0.0045019536727760245,-0.07612943410050688,-0.23609574812267708,0.49638152356712706,-0.004801771525306656,0.0050616332191265765,0.01168542483604493
2019-08-23,0.5392276019170059,-0.10930871492120743,-0.0476091507053841,106.0199966430664,-0.743327510457044,-0.7955999208401078,-0.021157344592000582,0.0008989132247867916,-0.02541462844759741,-2.05255468742999,-0.031054509762638793,-0.05445436553794302,-0.5681825778580601,0.6142265053106211,1.0282811751671623
2019-08-24,0.5782864357691463,0.22461410787658667,1.222208468542906,109.86000061035156,-0.6957243873509431,-0.7936231356410339,1.086846363888671,1.0236085132250972,1.472376905785614,-0.07612943410050688,1.0084701973284036,-0.34474649649136574,-0.004801771525306656,0.0050616332191265765,0.01168542483604493
2019-08-30,0.6145553529175625,-0.10930871492120743,-0.0476091507053841,109.86000061035156,-0.6957243873509431,-0.7989174518456734,-0.021157344592000582,0.0008989132247867916,-0.02541462844759741,3.751611078903122,-0.031054509762638793,-0.05445436553794302,-0.3878018810936261,-1.6854994426757126,-0.8664616634645687
2019-08-31,0.6718405907794,-1.1937645326176458,0.8299786118153116,112.61000061035156,-0.8641113425522531,-0.7955166678938574,0.20436633757611808,0.6654831423276647,0.35998764240607145,-0.07612943410050688,0.6539046775600785,-0.5562229035363719,-0.004801771525306656,0.0050616332191265765,0.01168542483604493
2019-09-06,0.7250340259368205,-0.10930871492120743,-0.0476091507053841,112.61000061035156,-0.8641113425522531,-0.782167517917199,-0.021157344592000582,0.0008989132247867916,-0.02541462844759741,2.376000657218945,-0.031054509762638793,-0.05445436553794302,0.965465172714436,0.5767355760733737,1.2506913453945856
2019-09-07,0.8226832858971515,2.7502153787132366,2.324723733738457,120.2300033569336,-0.5487260653452815,-0.777920773386446,2.46026952958518,1.7696161918119004,1.13625295721683,-0.07612943410050688,0.7380150795824155,-0.6546681618644293,-0.004801771525306656,0.0050616332191265765,0.01168542483604493
2019-09-13,0.8789887352503687,-0.10930871492120743,-0.0476091507053841,120.2300033569336,-0.5487260653452815,-0.68351778123644,-0.021157344592000582,0.0008989132247867916,-0.02541462844759741,1.2462336843842876,-0.031054509762638793,-0.05445436553794302,4.7400464054802285,0.34856653330354403,1.5137456833025298
2019-09-14,0.8028226430000982,-0.22915348507198902,-0.43543507974386536,118.9000015258789,-0.5720406788704991,-0.6890936956323754,-0.5633005853983966,-0.3891378837597261,-0.2088564540389258,-0.07612943410050688,-0.23269779945140814,0.5955184960224102,-0.004801771525306656,0.0050616332191265765,0.01168542483604493
2019-09-20,0.7320969859105613,-0.10930871492120743,-0.0476091507053841,118.9000015258789,-0.5720406788704991,-0.7317797985006904,-0.021157344592000582,0.0008989132247867916,-0.02541462844759741,-0.7757600700043447,-0.031054509762638793,-0.05445436553794302,-2.456002472762542,-0.7441840025923764,0.2572386089499656
2019-09-21,0.638997676643839,-0.9381896292671397,-0.3955438327802277,117.72000122070312,-0.7281290609254025,-0.729240563436231,-0.24988953163034505,0.042771660910287154,1.298164107653205,-0.07612943410050688,0.6965574549568374,-0.37590720726384547,-0.004801771525306656,0.0050616332191265765,0.01168542483604493
2019-09-27,0.5525483180390254,-0.10930871492120743,-0.0476091507053841,117.72000122070312,-0.7281290609254025,-0.7426529371074203,-0.021157344592000582,0.0008989132247867916,-0.02541462844759741,-1.4660306201869513,-0.031054509762638793,-0.05445436553794302,-0.8412387924216346,-0.6627774156988755,-1.5945720198952624
2019-09-28,0.6864721785066721,0.2934256748532265,-0.970836548163645,114.62000274658205,-0.6690812959288706,-0.744789897982555,-0.9627849541172473,-0.485572812164359,-0.9407680222218456,-0.07612943410050688,-2.428098917972724,0.22539576214700674,-0.004801771525306656,0.0050616332191265765,0.01168542483604493
2019-10-04,0.8108300489409151,-0.10930871492120743,-0.0476091507053841,114.62000274658205,-0.6690812959288706,-0.7901770079031942,-0.021157344592000582,0.0008989132247867916,-0.02541462844759741,-0.5296368537131247,-0.031054509762638793,-0.05445436553794302,-2.93282627781091,0.3517058579250417,-0.01593066588328919
2019-10-05,0.851665284486889,-0.43301955015735166,0.4173123983569055,116.13999938964844,-0.7216487805639635,-0.7837450708576796,0.515621060885717,0.7443058972869488,-0.02541462844759741,-0.07612943410050688,0.8113679806135188,-0.9763557861751408,-0.004801771525306656,0.0050616332191265765,0.01168542483604493
2019-10-11,0.8895837174938647,-0.10930871492120743,-0.0476091507053841,116.13999938964844,-0.7216487805639635,-0.7186535819625319,-0.021157344592000582,0.0008989132247867916,-0.02541462844759741,0.7734084554901922,-0.031054509762638793,-0.05445436553794302,4.591199543294515,0.7071295093855152,3.4553304959825053
2019-10-12,0.9109071985818495,0.8875173525925042,1.2866424481545002,120.55999755859376,-0.5737714437533001,-0.7204176975416943,1.383518086030319,-0.13467247704178448,0.4525024999510287,-0.07612943410050688,-0.9063539612287993,0.16472954313426472,-0.004801771525306656,0.0050616332191265765,0.01168542483604493
2019-10-18,0.9307075738778353,-0.10930871492120743,-0.0476091507053841,120.55999755859376,-0.5737714437533001,-0.7204176975416943,-0.021157344592000582,0.0008989132247867916,-0.02541462844759741,0.6604501060726956,-0.031054509762638793,-0.05445436553794302,-0.004801771525306656,1.250605297672788,1.9865614340597222
2019-10-19,0.9546486044280144,-0.8822370838441527,1.5430665786179467,126.02999877929688,-0.7189659314072587,-0.7240015611151704,1.2518266700633296,1.299258682574112,0.9654203922255281,-0.07612943410050688,1.5675846623468563,0.39420659860410984,-0.004801771525306656,0.0050616332191265765,0.01168542483604493
2019-10-25,0.9272355297537529,-0.10930871492120743,-0.0476091507053841,126.02999877929688,-0.7189659314072587,-0.7132745246133876,-0.021157344592000582,0.0008989132247867916,-0.02541462844759741,1.595674444557935,-0.031054509762638793,-0.05445436553794302,0.6567438722745153,-0.7812466419326455,-0.6119109001920099
2019-10-26,0.8833807770913178,-0.11393987339793879,0.4447679474798847,127.8000030517578,-0.7196562743000205,-0.7159954075457031,0.04996692606666076,0.24262492838427646,0.34062177582302133,-0.07612943410050688,-0.22939428294826458,0.28048925213224796,-0.004801771525306656,0.0050616332191265765,0.01168542483604493
2019-11-01,0.8426585067619137,-0.10930871492120743,-0.0476091507053841,127.8000030517578,-0.7196562743000205,-0.7346619093097887,-0.021157344592000582,0.0008989132247867916,-0.02541462844759741,1.9395332140412458,-0.031054509762638793,-0.05445436553794302,-1.1367798731383387,0.9463754174907035,1.0449873065878272
2019-11-02,0.7826264232401908,0.31965899015944527,0.6601518232055362,130.3800048828125,-0.655791377301389,-0.7199188359521924,1.2735955668960235,0.8160295611442605,1.1132291485469406,-0.07612943410050688,0.4820464723358179,-1.8842995021035995,-0.004801771525306656,0.0050616332191265765,0.01168542483604493
2019-11-08,0.7004983014382624,-0.10930871492120743,-0.0476091507053841,130.3800048828125,-0.655791377301389,-0.6621297090384937,-0.021157344592000582,0.0008989132247867916,-0.02541462844759741,1.0958027885005392,-0.031054509762638793,-0.05445436553794302,3.5285402797523577,-1.5868086271271022,-1.388610313383502
2019-11-09,0.6405530827777756,-0.931658893219811,-0.2761735113547172,129.52999877929688,-0.7922524275379117,-0.6643127449836563,-0.30095916050766025,-0.5956042911130277,-0.19701334572475115,-0.07612943410050688,-0.5357153982545845,0.18815697790609692,-0.004801771525306656,0.0050616332191265765,0.01168542483604493
2019-11-15,0.5848896654501804,-0.10930871492120743,-0.0476091507053841,129.52999877929688,-0.7922524275379117,-0.691718849221283,-0.021157344592000582,0.0008989132247867916,-0.02541462844759741,1.13961445530539,-0.031054509762638793,-0.05445436553794302,-1.5052145718960361,0.2954988606268125,0.9952932771150099
2019-11-16,0.5023048999249582,-0.043471563967535536,0.29342333630848905,130.7899932861328,-0.7837272926363014,-0.6902712511727332,0.19293921886626617,0.16766543183301977,0.25067474642981896,-0.07612943410050688,0.18407222290960976,-0.22359080463702963,-0.004801771525306656,0.0050616332191265765,0.01168542483604493
2019-11-22,0.4256190462229661,-0.10930871492120743,-0.0476091507053841,130.7899932861328,-0.7837272926363014,-0.7095105958039625,-0.021157344592000582,0.0008989132247867916,-0.02541462844759741,-0.5237418633256846,-0.031054509762638793,-0.05445436553794302,-1.1121716535380548,-0.17735926239480956,-0.6208410005941096
2019-11-23,0.3460786991309043,-1.1315609997595422,0.21240394691317013,131.75999450683594,-0.9184248603173804,-0.7103404275784806,0.09783285116734118,0.0890474242521287,0.07720360921224163,-0.07612943410050688,0.1456915779979449,0.04650933423675509,-0.004801771525306656,0.0050616332191265765,0.01168542483604493
2019-11-29,0.272219805402561,-0.10930871492120743,-0.0476091507053841,131.75999450683594,-0.9184248603173804,-0.7075966380891295,-0.021157344592000582,0.0008989132247867916,-0.02541462844759741,1.2790468999018028,-0.031054509762638793,-0.05445436553794302,0.15965025292210855,-0.10241017708585713,0.983468727847664
2019-11-30,0.3813833320618629,1.732241603215058,0.8251362642846766,135.0399932861328,-0.7420329812094796,-0.7054209376626359,0.2750682532297473,0.24337730969573404,-0.07655416121062697,-0.07612943410050688,-0.9866708745555713,-0.3165122065273067,-0.004801771525306656,0.0050616332191265765,0.01168542483604493
2019-12-06,0.4827494639597862,-0.10930871492120743,-0.0476091507053841,135.0399932861328,-0.7420329812094796,-0.6888848625099062,-0.021157344592000582,0.0008989132247867916,-0.02541462844759741,0.13943720595992018,-0.031054509762638793,-0.05445436553794302,0.97636704849241,0.3600404667173918,1.6584316978620128
2019-12-07,0.5338270048813913,-0.08645949332153516,0.41191608750873476,136.80999755859375,-0.738767757479734,-0.6945552705918518,0.623767804865971,0.20286837266423283,-0.3555243570231174,-0.07612943410050688,1.0013083371077895,0.6137328240796291,-0.004801771525306656,0.0050616332191265765,0.01168542483604493
2019-12-13,0.5812561500228818,-0.10930871492120743,-0.0476091507053841,136.80999755859375,-0.738767757479734,-0.7000056607723057,-0.021157344592000582,0.0008989132247867916,-0.02541462844759741,0.9231784254931727,-0.031054509762638793,-0.05445436553794302,-0.32119316638609274,0.8201476021377828,1.9283982199374272
2019-12-14,0.4954596292877883,1.6573852323091212,0.0625843793800524,137.24000549316406,-0.4847608341505455,-0.6997029557614013,0.40463909228608286,0.733525606526311,-0.2900491854252933,-0.07612943410050688,2.0169489791603437,-0.0904943754735856,-0.004801771525306656,0.0050616332191265765,0.01168542483604493
2019-12-20,0.41266710972116016,-0.10930871492120743,-0.0476091507053841,137.24000549316406,-0.4847608341505455,-0.6724343727156753,-0.021157344592000582,0.0008989132247867916,-0.02541462844759741,2.1958374225942374,-0.031054509762638793,-0.05445436553794302,1.5945393453533858,-0.5488199536284565,-2.6457649134440415
2019-12-21,0.3625193560831135,-2.083656694341816,0.43775639142861966,139.13999938964844,-0.9643691974204942,-0.6859573751812439,0.29343919201118585,0.3909435726895307,0.3169342087553212,-0.07612943410050688,0.5099054160515882,1.512200844614974,-0.004801771525306656,0.0050616332191265765,0.01168542483604493
2019-12-27,0.31595358484778474,-0.10930871492120743,-0.0476091507053841,139.13999938964844,-0.9643691974204942,-0.6965830791815016,-0.021157344592000582,0.0008989132247867916,-0.02541462844759741,0.7254328364066209,-0.031054509762638793,-0.05445436553794302,-0.611218611675145,1.0538161149243748,0.48116744085748564
2019-12-28,0.31194330107621876,0.9249443587983911,-0.24918435492012073,138.33999633789062,-0.8914218744962376,-0.7079947743160998,-0.38014671675030265,0.010839032526046255,-0.3123679626250381,-0.07612943410050688,-0.2245203605481398,1.3273062194424368,-0.004801771525306656,0.0050616332191265765,0.01168542483604493
2020-01-03,0.30821946614547896,-0.10930871492120743,-0.0476091507053841,138.33999633789062,-0.8914218744962376,-0.7287605782683344,-0.021157344592000582,0.0008989132247867916,-0.02541462844759741,-0.29528003029306626,-0.031054509762638793,-0.05445436553794302,-1.2434404237462495,-0.005546086450234226,0.020343670543607487
2020-01-04,0.2603245258495245,1.456771207187727,-0.6228814434971998,136.07000732421875,-0.7301193860111693,-0.731250489473518,-0.1504445490514372,-0.14815180904973643,-0.55834961721686,-0.07612943410050688,-0.3285777999135532,0.2621175789340551,-0.004801771525306656,0.0050616332191265765,0.01168542483604493
2020-01-10,0.21342080127185462,-0.10930871492120743,-0.0476091507053841,136.07000732421875,-0.7301193860111693,-0.7235048115115164,-0.021157344592000582,0.0008989132247867916,-0.02541462844759741,1.218798192827332,-0.031054509762638793,-0.05445436553794302,0.48033170059456143,-0.5678064968811563,-0.25669968903426876
2020-01-11,0.2507559160750664,2.04749522195126,0.5011888765360861,138.1999969482422,-0.41504165492703937,-0.7238988680381835,-0.045512471242311586,0.623809618479292,-1.9823202467148797,-0.07612943410050688,0.720035673012452,-0.005133480640851464,-0.004801771525306656,0.0050616332191265765,0.01168542483604493
2020-01-17,0.2854242369637629,-0.10930871492120743,-0.0476091507053841,138.1999969482422,-0.41504165492703937,-0.7213191286985362,-0.021157344592000582,0.0008989132247867916,-0.02541462844759741,2.6270717306890528,-0.031054509762638793,-0.05445436553794302,0.15425838326809346,-0.2721033230916982,-0.25733674405190715
2020-01-18,0.34816605578517396,-1.9329070872073346,-1.3287033625562479,133.14999389648438,-0.8349260879658396,-0.7250352711453552,-0.9717446325541433,-0.8777580698602143,-1.038459432315314,-0.07612943410050688,-0.789932659731613,0.41178760517247515,-0.004801771525306656,0.0050616332191265765,0.01168542483604493
2020-01-24,0.40191358351283984,-0.10930871492120743,-0.0476091507053841,133.14999389648438,-0.8349260879658396,-0.7608688719316359,-0.021157344592000582,0.0008989132247867916,-0.02541462844759741,-1.4847558903661462,-0.031054509762638793,-0.05445436553794302,-2.219541535550803,-0.7108451721735024,0.37703428699814767
2020-01-25,0.4750817246219593,1.4189508461624918,-0.25561699414932376,132.36000061035156,-0.654455405668477,-0.7641125792101152,-0.6181323401465803,-1.3489954100772277,-0.4352404110259952,-0.07612943410050688,-2.6306275193011586,0.3893373938018693,-0.004801771525306656,0.0050616332191265765,0.01168542483604493
2020-01-31,0.5430235699375703,-0.10930871492120743,-0.0476091507053841,132.36000061035156,-0.654455405668477,-0.8123813625729771,-0.021157344592000582,0.0008989132247867916,-0.02541462844759741,-2.991341553608889,-0.031054509762638793,-0.05445436553794302,-3.25804976103502,0.6070675226424332,1.0868685097343578
2020-02-01,0.5891013472795757,-0.9213555328958741,1.226438165451749,137.1699981689453,-0.7894965089123048,-0.8088842064959642,1.5078522826886211,1.5193301884859294,0.567908547721044,-0.07612943410050688,1.5992287079576015,-0.5882601624341938,-0.004801771525306656,0.0050616332191265765,0.01168542483604493
2020-02-07,0.6214729192818655,-0.10930871492120743,-0.0476091507053841,137.1699981689453,-0.7894965089123048,-0.7883752284457575,-0.021157344592000582,0.0008989132247867916,-0.02541462844759741,4.2750647413781175,-0.031054509762638793,-0.05445436553794302,1.5373443650146783,-1.4067816320101107,-2.4534572217410866
2020-02-08,0.5564104649609115,-0.9575477487155667,0.026513189644822237,137.4600067138672,-0.8999579152887289,-0.7920066020238815,0.17439687503391743,0.03444614085144417,0.22038701636779953,-0.07612943410050688,-0.5381480857219756,0.47668123004958984,-0.004801771525306656,0.0050616332191265765,0.01168542483604493
2020-02-14,0.4959953288057399,-0.10930871492120743,-0.0476091507053841,137.4600067138672,-0.8999579152887289,-0.7920066020238815,-0.021157344592000582,0.0008989132247867916,-0.02541462844759741,2.0885810730325063,-0.031054509762638793,-0.05445436553794302,-0.004801771525306656,-1.196482039290202,1.1619080121378045
2020-02-15,0.46003096028246887,-0.251071598892518,-0.4684398900004661,135.80999755859375,-0.9142359076300213,-0.8072119132351999,-0.417666158527499,-0.7864718707262625,-0.35912342027082295,-0.07612943410050688,-0.07719134451233271,2.256500600975736,-0.004801771525306656,0.0050616332191265765,0.01168542483604493
2020-02-21,0.42663547522514594,-0.10930871492120743,-0.0476091507053841,135.80999755859375,-0.9142359076300213,-0.8389988962632466,-0.021157344592000582,0.0008989132247867916,-0.02541462844759741,-1.7993101220896783,-0.031054509762638793,-0.05445436553794302,-2.3847018234341046,0.1800307773621277,-0.622838683668177
2020-02-22,1.078837948429108,5.5125304914868,-3.9018037706096074,116.11000061035156,0.12089563474282941,-0.8206254685677893,-4.601606476382722,-4.481772790011236,-4.469306368678814,-0.07612943410050688,-4.53703200133469,-2.9466978542648072,-0.004801771525306656,0.0050616332191265765,0.01168542483604493
2020-02-28,1.5938454921162086,-0.10930871492120743,-0.0476091507053841,116.11000061035156,0.12089563474282941,-0.9054684004489693,-0.021157344592000582,0.0008989132247867916,-0.02541462844759741,-5.933056277029713,-0.031054509762638793,-0.05445436553794302,-3.6007487672550775,1.5993017345056988,-1.6316317143497505
2020-02-29,1.9814580089718945,0.49542802559036864,-2.472227088282614,108.08000183105467,0.3467119207339437,-0.9240216680957586,-2.7818681060938406,-0.9059591399970524,-2.8737212936044796,-0.07612943410050688,-1.2097730388783323,3.6774750582131115,-0.004801771525306656,0.0050616332191265765,0.01168542483604493
2020-03-06,2.341383917480746,-0.10930871492120743,-0.0476091507053841,108.08000183105467,0.3467119207339437,-1.017887247430417,-0.021157344592000582,0.0008989132247867916,-0.02541462844759741,0.7676590614732196,-0.031054509762638793,-0.05445436553794302,-3.6007487672550775,3.3263355629679174,2.0694451074481317
2020-03-07,2.808563553786537,1.1219078390763086,-1.4002670802513442,103.91000366210938,0.8807319547869478,-0.9996620470357906,-1.7213214605451252,-4.410374121897562,-4.570003337870832,-0.07612943410050688,-4.53703200133469,-4.2170644176241785,-0.004801771525306656,0.0050616332191265765,0.01168542483604493
2020-03-13,3.1003842350071857,-0.10930871492120743,-0.0476091507053841,103.91000366210938,0.8807319547869478,-0.9466001226688109,-0.021157344592000582,0.0008989132247867916,-0.02541462844759741,-5.933056277029713,-0.031054509762638793,-0.05445436553794302,4.7400464054802285,-2.644311710283065,-4.290182604913595
2020-03-14,3.695261845498333,-0.49093497485349746,-3.9018037706096074,83.5,0.66076886043162,-0.9412728423897415,-4.601606476382722,-4.602855205494129,-4.42323715877751,-0.07612943410050688,-2.1784768907622922,-1.2902441697404519,-0.004801771525306656,0.0050616332191265765,0.01168542483604493
2020-03-20,4.02303499768128,-0.10930871492120743,-0.0476091507053841,83.5,0.66076886043162,-0.9466923812153557,-0.021157344592000582,0.0008989132247867916,-0.02541462844759741,-5.933056277029713,-0.031054509762638793,-0.05445436553794302,-0.6241210976357765,-3.868498218739382,-4.290182604913595
2020-03-21,4.325660135838106,-0.3790284522143555,3.155969332124046,91.12999725341795,0.5211549171414251,-0.968169630873837,2.745876291566158,3.9822066907053832,4.3886343166141,-0.07612943410050688,4.014985618131866,3.6774750582131115,-0.004801771525306656,0.0050616332191265765,0.01168542483604493
2020-03-27,4.447540788191162,-0.10930871492120743,-0.0476091507053841,91.12999725341795,0.5211549171414251,-1.0176960518129194,-0.021157344592000582,0.0008989132247867916,-0.02541462844759741,5.279878141386909,-0.031054509762638793,-0.05445436553794302,-3.6007487672550775,3.3263355629679174,3.6130505927473635
2020-03-28,4.447540788191162,-1.1672693433361179,-2.771370210520915,84.05000305175781,0.012982935065274884,-1.0187655744451218,-2.0709372512578406,-3.8022025261063557,-4.164366772585876,-0.07612943410050688,-1.1619587093192203,0.30213040650960193,-0.004801771525306656,0.0050616332191265765,0.01168542483604493
2020-04-03,4.447540788191162,-0.10930871492120743,-0.0476091507053841,84.05000305175781,0.012982935065274884,-1.0433802401046348,-0.021157344592000582,0.0008989132247867916,-0.02541462844759741,-2.9305187933265566,-0.031054509762638793,-0.05445436553794302,-3.6007487672550775,-2.8030614169092622,-1.1987037008276207
2020-04-04,4.447540788191162,-0.23398765095792595,5.025750294938034,102.76000213623048,-0.029979731470997167,-1.0523899281973355,4.93874615673226,5.098645212695015,5.564453678403551,-0.07612943410050688,4.146244768344761,3.6527866424256876,-0.004801771525306656,0.0050616332191265765,0.01168542483604493
2020-04-10,4.447540788191162,-0.10930871492120743,-0.0476091507053841,102.76000213623048,-0.029979731470997167,-1.026912289020576,-0.021157344592000582,0.0008989132247867916,-0.02541462844759741,5.279878141386909,-0.031054509762638793,-0.05445436553794302,4.7400464054802285,1.6956906575915025,2.3937155305132523
2020-04-11,4.447540788191162,1.5761098418764792,-2.633693391687954,95.18000030517578,0.5314500781330078,-1.022207868286595,-1.8134847831524463,-1.0904628547047566,-4.518040240335672,-0.07612943410050688,-0.6577213557295335,-1.654002705361116,-0.004801771525306656,0.0050616332191265765,0.01168542483604493
2020-04-17,4.447540788191162,-0.10930871492120743,-0.0476091507053841,95.18000030517578,0.5314500781330078,-1.041252613372296,-0.021157344592000582,0.0008989132247867916,-0.02541462844759741,4.0955610687876245,-0.031054509762638793,-0.05445436553794302,-3.1947204923134915,-0.7309519593117696,0.17508597378427876
2020-04-18,4.447540788191162,-1.6895712799099725,-1.6941003047382162,90.70999908447266,-0.2319459246946409,-1.0443321259639202,-1.3536697759865963,-1.3640525598247462,-1.617371672315627,-0.07612943410050688,-0.42634551025772366,1.1453568829390837,-0.004801771525306656,0.0050616332191265765,0.01168542483604493
2020-04-24,4.447540788191162,-0.10930871492120743,-0.0476091507053841,90.70999908447266,-0.2319459246946409,-1.0559982060585122,-0.021157344592000582,0.0008989132247867916,-0.02541462844759741,-1.8830953092673983,-0.031054509762638793,-0.05445436553794302,-2.243879335155477,-0.92070387856599,-1.511190788907859
2020-04-25,4.421924125758834,0.10251943999616853,0.9340849302907649,93.25,-0.17281200316014977,-1.0536023395061853,1.1231487209219027,1.4831483306383217,0.7447630632962018,-0.07612943410050688,0.09350652784263695,-1.0486823002260608,-0.004801771525306656,0.0050616332191265765,0.01168542483604493
2020-05-01,4.25967556948203,-0.10930871492120743,-0.0476091507053841,93.25,-0.17281200316014977,-1.04410975099369,-0.021157344592000582,0.0008989132247867916,-0.02541462844759741,-0.3680721097304011,-0.031054509762638793,-0.05445436553794302,1.9357321169541721,2.2004804067953696,1.6104320740709754
2020-05-02,3.9829968531752193,-0.4501889776014574,-0.2543916216576693,92.6999969482422,-0.2733566829585589,-1.045477654078154,0.5775595269445132,0.4648477991587957,-2.4480784690879496,-0.07612943410050688,1.9410602707280764,0.4825515716108454,-0.004801771525306656,0.0050616332191265765,0.01168542483604493
2020-05-08,3.726080902318894,-0.10930871492120743,-0.0476091507053841,92.6999969482422,-0.2733566829585589,-1.0337187858660086,-0.021157344592000582,0.0008989132247867916,-0.02541462844759741,4.731536179766994,-0.031054509762638793,-0.05445436553794302,2.269261379036583,-1.5468946297646127,-0.6497231490536628
2020-05-09,3.6965068879310654,2.516337240108833,-2.6193450208734714,85.9000015258789,0.43057385925181885,-1.0377445920080552,-2.5696376271050982,-2.506752124565954,-2.5443385787726838,-0.07612943410050688,-1.53931877270733,1.4487491735305047,-0.004801771525306656,0.0050616332191265765,0.01168542483604493
2020-05-15,3.6138468334789433,-0.10930871492120743,-0.0476091507053841,85.9000015258789,0.43057385925181885,-1.0492117351374437,-0.021157344592000582,0.0008989132247867916,-0.02541462844759741,-3.1747135427371806,-0.031054509762638793,-0.05445436553794302,-2.1140777372638677,-0.4099158003762734,-2.786182534944287
2020-05-16,3.4600212873275806,-1.4898386204902765,1.409434186595292,89.47000122070312,-0.19913446139032348,-1.0476209012112019,1.5835513910016488,1.3737332104800197,1.0475935260554472,-0.07612943410050688,2.1620613178218706,-0.6879990042329389,-0.004801771525306656,0.0050616332191265765,0.01168542483604493
2020-05-22,3.2484455532528496,-0.10930871492120743,-0.0476091507053841,89.47000122070312,-0.19913446139032348,-1.0429843303992514,-0.021157344592000582,0.0008989132247867916,-0.02541462844759741,4.32413076082695,-0.031054509762638793,-0.05445436553794302,0.9048234886994493,0.859850043690637,0.4695537882044073
2020-05-23,3.3633855537022552,1.142272908785503,3.0244945991984897,97.30999755859376,0.16122670980953696,-1.0431869460885352,1.795841581423434,2.2816053009145993,2.919292989751542,-0.07612943410050688,0.882583435842098,0.023895268274016335,-0.004801771525306656,0.0050616332191265765,0.01168542483604493
2020-05-29,3.3611070256580318,-0.10930871492120743,-0.0476091507053841,97.30999755859376,0.16122670980953696,-1.0455021615598246,-0.021157344592000582,0.0008989132247867916,-0.02541462844759741,4.053228192161545,-0.031054509762638793,-0.05445436553794302,-0.4458322007251879,2.3225786601776783,1.3332303383131825
2020-05-30,3.6408860657199655,-0.12485344148912901,4.967488761665355,111.2300033569336,0.15525464396314853,-1.0400525171676211,4.643899870771279,5.098645212695015,5.564453678403551,-0.07612943410050688,4.146244768344761,-2.119423882377768,-0.004801771525306656,0.0050616332191265765,0.01168542483604493
2020-06-05,3.8982507723260937,-0.10930871492120743,-0.0476091507053841,111.2300033569336,0.15525464396314853,-0.9776770571572235,-0.021157344592000582,0.0008989132247867916,-0.02541462844759741,5.279878141386909,-0.031054509762638793,-0.05445436553794302,4.7400464054802285,2.032686133194116,3.5350502874619525
2020-06-06,4.11154244678983,-0.20583931658678778,-3.628193147318029,99.87000274658205,0.11832293508402184,-0.9843806367763448,-3.361913604914012,-2.963687121594927,-3.6407191882417758,-0.07612943410050688,-3.874173695224955,1.817385736297467,-0.004801771525306656,0.0050616332191265765,0.01168542483604493
2020-06-12,4.309599001649013,-0.10930871492120743,-0.0476091507053841,99.87000274658205,0.11832293508402184,-1.0308884456592615,-0.021157344592000582,0.0008989132247867916,-0.02541462844759741,-5.933056277029713,-0.031054509762638793,-0.05445436553794302,-3.6007487672550775,-0.4565962424785557,-1.5585903203373281
2020-06-13,4.221334308863639,-0.4309360325123876,-0.770763019830099,97.80999755859376,-0.0015557080680713804,-1.0324582383783845,0.5137238531806997,0.339407852681368,-0.43476873769809626,-0.07612943410050688,1.9866755014379074,0.5127457971010033,-0.004801771525306656,0.0050616332191265765,0.01168542483604493
2020-06-19,4.139374236991508,-0.10930871492120743,-0.0476091507053841,97.80999755859376,-0.0015557080680713804,-1.034761519065923,-0.021157344592000582,0.0008989132247867916,-0.02541462844759741,2.4721624129016404,-0.031054509762638793,-0.05445436553794302,-0.4147737197956186,-0.6690663516261851,-1.4811310508966709
2020-06-20,3.9993909616502563,0.05739608753603961,-1.9186566738279482,92.58999633789062,0.0552410810506399,-1.0371810985885892,-2.3665708066870996,-1.6652314973153297,-2.559320832129135,-0.07612943410050688,-1.4235524904629928,0.8457914639310429,-0.004801771525306656,0.0050616332191265765,0.01168542483604493
2020-06-26,3.8694064916905235,-0.10930871492120743,-0.0476091507053841,92.58999633789062,0.0552410810506399,-1.0507933901833058,-0.021157344592000582,0.0008989132247867916,-0.02541462844759741,-4.008274174486874,-0.031054509762638793,-0.05445436553794302,-2.4997739138560635,0.28049260553298677,-0.21751785196411286
2020-06-27,3.6032460887756925,-1.2713792436014282,-0.021101156098293737,92.66000366210938,-0.35831030115361356,-1.0517293624005808,0.14938903058824132,0.5173710010740038,-0.02541462844759741,-0.07612943410050688,-0.05239931785846835,0.32890921060139583,-0.004801771525306656,0.0050616332191265765,0.01168542483604493
2020-07-03,3.356097143211921,-0.10930871492120743,-0.0476091507053841,92.66000366210938,-0.35831030115361356,-1.042712999601016,-0.021157344592000582,0.0008989132247867916,-0.02541462844759741,5.279878141386909,-0.031054509762638793,-0.05445436553794302,1.8144487489242052,0.2375783082862892,1.2243310917893575
2020-07-04,3.2057543562236015,1.3777428429608736,1.3182675798695656,96.2699966430664,0.006619347736261647,-1.0439234003098534,0.8627657979367558,1.0975827325216336,0.133339517233089,-0.07612943410050688,-0.6918898594243227,0.41586325730984103,-0.004801771525306656,0.0050616332191265765,0.01168542483604493
2020-07-10,3.066150339734447,-0.10930871492120743,-0.0476091507053841,96.2699966430664,0.006619347736261647,-1.0506322723782546,-0.021157344592000582,0.0008989132247867916,-0.02541462844759741,2.3385172458344896,-0.031054509762638793,-0.05445436553794302,-1.28897860948967,0.8594696982201026,1.6932349250162433
2020-07-11,2.901801940093978,0.29285424906508795,0.640678412458553,98.16000366210938,0.14451561321271264,-1.051444161441572,-0.960402620335497,-1.2175035299052108,-0.6571923967982207,-0.07612943410050688,2.070801789247737,0.27743003702350255,-0.004801771525306656,0.0050616332191265765,0.01168542483604493
2020-07-17,2.7491927118563995,-0.10930871492120743,-0.0476091507053841,98.16000366210938,0.14451561321271264,-1.0536679615300648,-0.021157344592000582,0.0008989132247867916,-0.02541462844759741,1.6353276462148174,-0.031054509762638793,-0.05445436553794302,-0.45261728425134196,1.2617924293178768,-0.9197978513187878
2020-07-18,2.531455802056078,-1.7809150782359224,-0.004751686591781853,98.27999877929688,-0.49023013842732377,-1.0587311839732731,1.3512343269037415,0.7631063650543538,1.599354636399017,-0.07612943410050688,-1.7710034170934756,2.8537087620653794,-0.004801771525306656,0.0050616332191265765,0.01168542483604493
2020-07-24,2.329271528670065,-0.10930871492120743,-0.0476091507053841,98.27999877929688,-0.49023013842732377,-1.0587311839732731,-0.021157344592000582,0.0008989132247867916,-0.02541462844759741,-0.46369736894404934,-0.031054509762638793,-0.05445436553794302,-2.2788649220872,2.0465496502081386,2.1881062336987425
2020-07-25,2.1967277236235754,-0.4370108946460539,-0.6326362798936516,96.63999938964844,-0.5591019299293829,-1.0587311839732731,0.592657404035595,-0.8472115537638205,-2.382234600810433,-0.07612943410050688,-2.457000106900818,1.9854252271952708,-0.004801771525306656,0.0050616332191265765,0.01168542483604493
2020-07-31,2.0736513332232636,-0.10930871492120743,-0.0476091507053841,96.63999938964844,-0.5591019299293829,-1.0587311839732731,-0.021157344592000582,0.0008989132247867916,-0.02541462844759741,2.293871174289112,-0.031054509762638793,-0.05445436553794302,-1.9782260648942667,1.9101096213984459,3.0420240393895037
2020-08-01,1.959366113565831,-0.053064186464966606,0.9464008814148909,99.37999725341795,-0.548316003848159,-1.0587311839732731,1.3730157083653671,1.1147023717205542,1.007786975329072,-0.07612943410050688,1.4669189093236354,1.3694593040351528,-0.004801771525306656,0.0050616332191265765,0.01168542483604493
2020-08-07,1.8532441238839288,-0.10930871492120743,-0.0476091507053841,99.37999725341795,-0.548316003848159,-1.0587311839732731,-0.021157344592000582,0.0008989132247867916,-0.02541462844759741,3.289459232565982,-0.031054509762638793,-0.05445436553794302,1.0536712585544032,-0.4561471589418888,-0.7650052983873457
2020-08-08,1.8446171094632255,1.272719281311784,1.0213030360865152,102.41000366210938,-0.27930475584500936,-1.0587311839732731,0.36766881558994363,0.4111636389070114,0.2584843192067449,-0.07612943410050688,0.5988057781433219,-2.203268364977173,-0.004801771525306656,0.0050616332191265765,0.01168542483604493
2020-08-14,1.8140407932860871,-0.10930871492120743,-0.0476091507053841,102.41000366210938,-0.27930475584500936,-1.0485920219117288,-0.021157344592000582,0.0008989132247867916,-0.02541462844759741,0.8078440434636076,-0.031054509762638793,-0.05445436553794302,4.7400464054802285,0.5787918978562545,0.5764993756364183
2020-08-15,1.7582227500037806,-1.0838035080280604,-1.7901108128897996,97.31999969482422,-0.5390165506940039,-1.0484091616037823,-1.6085840933436053,-1.809555848519429,-2.0558009536878283,-0.07612943410050688,-0.9819935993812113,-0.12766687446226835,-0.004801771525306656,0.0050616332191265765,0.01168542483604493
2020-08-21,1.6921579822468384,-0.10930871492120743,-0.0476091507053841,97.31999969482422,-0.5390165506940039,-1.0587311839732731,-0.021157344592000582,0.0008989132247867916,-0.02541462844759741,0.9137623869357081,-0.031054509762638793,-0.05445436553794302,-2.874605409417494,-0.5759219090737916,-0.07477813658609177
2020-08-22,1.656154995000995,0.5463600250823221,1.9157132515283728,102.7699966430664,-0.409762113151589,-1.0587311839732731,1.4690367125757327,1.5966020764037894,1.3490496306422637,-0.07612943410050688,-0.45052500034337295,0.8618279990207839,-0.004801771525306656,0.0050616332191265765,0.01168542483604493
2020-08-28,1.6192520928123633,-0.10930871492120743,-0.0476091507053841,102.7699966430664,-0.409762113151589,-1.0445221447285813,-0.021157344592000582,0.0008989132247867916,-0.02541462844759741,4.405330314392391,-0.031054509762638793,-0.05445436553794302,4.543324529598474,1.2734151880181168,2.114354078359556
2020-08-29,1.5967884586035244,0.3792185372210179,0.20824495053234757,103.5199966430664,-0.2965895023021697,-1.041317829670549,0.23619016242182264,0.12208744707177169,0.0999201786948305,-0.07612943410050688,-1.8442765606280895,-1.2785603045613412,-0.004801771525306656,0.0050616332191265765,0.01168542483604493
2020-09-04,1.575929369695317,-0.10930871492120743,-0.0476091507053841,103.5199966430664,-0.2965895023021697,-1.0454981901441454,-0.021157344592000582,0.0008989132247867916,-0.02541462844759741,-3.2492896521426426,-0.031054509762638793,-0.05445436553794302,-0.7915046992872594,-0.8016759036614636,-0.9312981918829554
2020-09-05,1.4843506670232112,-1.1357056351474022,-0.8773429013847326,101.06999969482422,-0.5653946289676702,-1.0465776906098399,-1.1262385951928036,-0.7631159697150267,-0.6745246629291318,-0.07612943410050688,2.610070262907256,0.3724516888676177,-0.004801771525306656,0.0050616332191265765,0.01168542483604493
2020-09-11,1.399313300256256,-0.10930871492120743,-0.0476091507053841,101.06999969482422,-0.5653946289676702,-1.056953626483713,-0.021157344592000582,0.0008989132247867916,-0.02541462844759741,-3.5223154678807327,-0.031054509762638793,-0.05445436553794302,-2.026191238691427,0.11536935364546418,-3.7747624096286336
2020-09-12,1.387352112036639,1.9063768639444603,-0.9911143471584409,98.3499984741211,-0.18223796464852363,-1.0579721330528458,-0.3418733329301913,-3.1772992550107038,1.0711119211320579,-0.07612943410050688,-0.3034908714926339,0.38158339623238824,-0.004801771525306656,0.0050616332191265765,0.01168542483604493
2020-09-18,1.3762452944041375,-0.10930871492120743,-0.0476091507053841,98.3499984741211,-0.18223796464852363,-1.051792176300274,-0.021157344592000582,0.0008989132247867916,-0.02541462844759741,-0.9599532262219569,-0.031054509762638793,-0.05445436553794302,1.2985418849161319,0.26554655834971125,1.4474457221903914
2020-09-19,1.3989122734900155,-0.15162134086501192,-1.7871822452094528,93.47000122070312,-0.1946117884420085,-1.0444646268473994,-1.9452096139173873,-1.6703529689112153,-1.8601983034275087,-0.07612943410050688,-1.8300508892011873,-2.9118429261662984,-0.004801771525306656,0.0050616332191265765,0.01168542483604493
2020-09-25,1.3401133147447752,-0.10930871492120743,-0.0476091507053841,93.47000122070312,-0.1946117884420085,-1.0531232862957545,-0.021157344592000582,0.0008989132247867916,-0.02541462844759741,-0.945404272214409,-0.031054509762638793,-0.05445436553794302,-1.6681165330791434,-2.384145387182844,-2.123765575948753
2020-09-26,1.3011361551929288,-0.7949290480575608,1.6102487486577455,97.88999938964844,-0.3928470763952916,-1.0563186789355734,0.8432341643881027,1.031214938434965,0.43274012458235167,-0.07612943410050688,0.6372366738437819,1.2973461617205877,-0.004801771525306656,0.0050616332191265765,0.01168542483604493
2020-10-02,1.2350872124684393,-0.10930871492120743,-0.0476091507053841,97.88999938964844,-0.3928470763952916,-1.0478536796472073,-0.021157344592000582,0.0008989132247867916,-0.02541462844759741,2.004931680715782,-0.031054509762638793,-0.05445436553794302,1.7593199452742183,0.9028665947885774,1.9919064905763157
2020-10-03,1.1855596626248304,-0.21423520352262101,1.1378505899942686,101.1999969482422,-0.41762853224399216,-1.0493431616700892,1.318411585498843,0.7687959094727224,1.6643725655617823,-0.07612943410050688,1.2453020649448936,0.5456936249864157,-0.004801771525306656,0.0050616332191265765,0.01168542483604493
2020-10-09,1.1395697949129076,-0.10930871492120743,-0.0476091507053841,101.1999969482422,-0.41762853224399216,-1.0304884181027787,-0.021157344592000582,0.0008989132247867916,-0.02541462844759741,5.202267962262583,-0.031054509762638793,-0.05445436553794302,3.7376564419708385,1.1492581592013518,0.6691910500998893
2020-10-10,1.082284219900685,0.10954597014922283,0.059786309746128,101.51000213623048,-0.3673883647228863,-1.0288602124802473,-1.2666194289359698,-1.0214427664088046,-3.0098364963159847,-0.07612943410050688,-1.091906750042224,-0.6300952174140618,-0.004801771525306656,0.0050616332191265765,0.01168542483604493
2020-10-16,1.02909047167505,-0.10930871492120743,-0.0476091507053841,101.51000213623048,-0.3673883647228863,-1.0352069575959448,-0.021157344592000582,0.0008989132247867916,-0.02541462844759741,0.1877194968498789,-0.031054509762638793,-0.05445436553794302,-1.1101691763553894,-1.0178783175134922,-0.6158792459687262
2020-10-17,1.0130236997807982,-0.9965517704154709,0.7467476108692206,103.80999755859376,-0.582970562711351,-1.0353083946099961,0.7466860386048723,0.46542963770641677,0.5431296211928697,-0.07612943410050688,-0.6895579878037668,-0.01715285742196273,-0.004801771525306656,0.0050616332191265765,0.01168542483604493
2020-10-23,0.9981045544504218,-0.10930871492120743,-0.0476091507053841,103.80999755859376,-0.582970562711351,-1.0162801715408833,-0.021157344592000582,0.0008989132247867916,-0.02541462844759741,-0.8022938590174488,-0.031054509762638793,-0.05445436553794302,3.442199214589559,1.2898097570856026,0.9582738651509185
2020-10-24,1.1033272912012961,0.182297346786104,-1.996259149402096,98.04000091552734,-0.5289089710255729,-1.0139253797820191,-1.3802307488200027,-1.5187557274460326,-2.4579503276017642,-0.07612943410050688,-3.2054439361577893,-0.8186831911468917,-0.004801771525306656,0.0050616332191265765,0.01168542483604493
2020-10-30,1.162499227532769,-0.10930871492120743,-0.0476091507053841,98.04000091552734,-0.5289089710255729,-1.0074995284616097,-0.021157344592000582,0.0008989132247867916,-0.02541462844759741,-5.933056277029713,-0.031054509762638793,-0.05445436553794302,1.0225396988461852,-1.9664462980811033,-0.9096783491563983
2020-10-31,1.2098070129101097,0.6097527965154812,1.7117686034426793,102.95999908447266,-0.38521622454591614,-1.014545134122988,0.7046844539698441,0.8230710684600989,0.6382074021261571,-0.07612943410050688,3.890178665374229,2.239950768167039,-0.004801771525306656,0.0050616332191265765,0.01168542483604493
2020-11-06,1.2537356707604972,-0.10930871492120743,-0.0476091507053841,102.95999908447266,-0.38521622454591614,-1.024854567820183,-0.021157344592000582,0.0008989132247867916,-0.02541462844759741,5.279878141386909,-0.031054509762638793,-0.05445436553794302,-1.6586658810248647,2.4373469977684623,2.0184931195303264
2020-11-07,1.5965567842025319,1.4891469116929572,3.738854799209784,114.08000183105467,-0.00443595384972073,-1.018991789372736,3.0993760841035405,3.678547940629348,3.025306329947633,-0.07612943410050688,4.146244768344761,-2.011635378940785,-0.004801771525306656,0.0050616332191265765,0.01168542483604493
2020-11-13,1.6583387276813102,-0.10930871492120743,-0.0476091507053841,114.08000183105467,-0.00443595384972073,-1.0061966536266482,-0.021157344592000582,0.0008989132247867916,-0.02541462844759741,2.8867585233418676,-0.031054509762638793,-0.05445436553794302,2.0993916015247316,-0.6132204544717635,0.1322377807371371
2020-11-14,1.5942013300454267,-1.6101763447807995,0.10297599345423729,114.56999969482422,-0.5146309786842804,-1.0048689255872978,-0.2196079736610895,1.623015817028069,1.7873195388149088,-0.07612943410050688,0.33423088611993534,-0.4649392293256469,-0.004801771525306656,0.0050616332191265765,0.01168542483604493
2020-11-20,1.5346451750978207,-0.10930871492120743,-0.0476091507053841,114.56999969482422,-0.5146309786842804,-1.0177535710888475,-0.021157344592000582,0.0008989132247867916,-0.02541462844759741,-1.1338206074935195,-0.031054509762638793,-0.05445436553794302,-1.9671394115607368,0.3358728448495099,1.0266899394712037
2020-11-21,1.614041398492814,-1.1200842332746805,1.9873153224931015,121.22000122070312,-0.7204731255270009,-1.008681153421077,2.271933030603789,2.566658198059742,3.5937465207512864,-0.07612943410050688,0.1355726573145795,-2.9163994158958624,-0.004801771525306656,0.0050616332191265765,0.01168542483604493
2020-11-27,1.6530503644590526,-0.10930871492120743,-0.0476091507053841,121.22000122070312,-0.7204731255270009,-1.006424406267191,-0.021157344592000582,0.0008989132247867916,-0.02541462844759741,3.0435869898652825,-0.031054509762638793,-0.05445436553794302,0.3458971239830309,0.514892419999461,0.7278175634113689
2020-11-28,1.6056073157803494,0.8700572848551219,0.27631200041943443,122.33999633789062,-0.5748783916777129,-1.012000202854096,0.27067681270606264,0.9092723039633316,1.159761285092694,-0.07612943410050688,1.8539779262501601,1.7361913881363995,-0.004801771525306656,0.0050616332191265765,0.01168542483604493
2020-12-04,1.5615530562929822,-0.10930871492120743,-0.0476091507053841,122.33999633789062,-0.5748783916777129,-0.9835254107539322,-0.021157344592000582,0.0008989132247867916,-0.02541462844759741,2.2178238323770763,-0.031054509762638793,-0.05445436553794302,4.500009041016345,2.3342667342419032,0.9181735908847315
2020-12-05,1.50016289371473,-0.594251007287956,-0.8442702366315331,119.55999755859376,-0.6658313404463583,-0.9839757975434069,-0.714384026127939,0.1405038038425479,-0.5176024790549618,-0.07612943410050688,-0.0651791309740481,0.07106696935349323,-0.004801771525306656,0.0050616332191265765,0.01168542483604493
2020-12-11,1.4431577427492102,-0.10930871492120743,-0.0476091507053841,119.55999755859376,-0.6658313404463583,-0.999275875765587,-0.021157344592000582,0.0008989132247867916,-0.02541462844759741,-1.4001133924232532,-0.031054509762638793,-0.05445436553794302,-2.1053796920443295,-0.2877994924242081,-2.4088480314411105
2020-12-12,1.335025653754993,1.253740628229198,-0.18835932330771998,119.08000183105467,-0.44330208996675147,-1.0040641310023002,0.07755076698944105,0.0591351493645488,-0.09990375559625546,-0.07612943410050688,-0.20776713173297365,1.4196912552192635,-0.004801771525306656,0.0050616332191265765,0.01168542483604493
2020-12-18,1.2346172854032194,-0.10930871492120743,-0.0476091507053841,119.08000183105467,-0.44330208996675147,-0.9934015178805605,-0.021157344592000582,0.0008989132247867916,-0.02541462844759741,1.6465079430239,-0.031054509762638793,-0.05445436553794302,1.6123098022075935,1.218552533862053,2.588099071395346
2020-12-19,1.2837168947105113,-0.9513585166172626,1.5540021141992264,124.5199966430664,-0.6308277930749772,-0.9927764819144737,1.2477301132779104,0.6758399479453086,0.8599485579403514,-0.07612943410050688,-0.3038922687911214,-0.23619379929039552,-0.004801771525306656,0.0050616332191265765,0.01168542483604493
2020-12-25,1.2595302215527069,-0.10930871492120743,-0.0476091507053841,124.5199966430664,-0.6308277930749772,-0.9949155838647804,-0.021157344592000582,0.0008989132247867916,-0.02541462844759741,-0.3112381293120563,-0.031054509762638793,-0.05445436553794302,-0.31120185917996224,-0.40179417771466885,0.12084847381418554
2020-12-26,1.1461151590475296,-1.8032316358698048,0.6703488867768059,127.06999969482422,-0.9232136370031896,-0.9963176164652906,0.30829161800465593,0.475962571117809,0.32717654046540373,-0.07612943410050688,-0.4516206473029013,0.3604393172967928,-0.004801771525306656,0.0050616332191265765,0.01168542483604493
2021-01-01,1.031427677486401,-0.10930871492120743,-0.0476091507053841,127.06999969482422,-0.9232136370031896,-0.9984418031751664,-0.021157344592000582,0.0008989132247867916,-0.02541462844759741,1.8899309836914948,-0.031054509762638793,-0.05445436553794302,-0.3144614345805383,0.35499633430767324,1.2868251968157607
2021-01-02,1.3373595799502587,5.5125304914868,2.421712648845711,136.02000427246094,-0.3016247521218876,-0.9920869628544446,2.04435756307247,1.5892757707590375,3.060885474385179,-0.07612943410050688,4.146244768344761,-1.8959797632978201,-0.004801771525306656,0.0050616332191265765,0.01168542483604493
2021-01-08,1.6214392036666982,-0.10930871492120743,-0.0476091507053841,136.02000427246094,-0.3016247521218876,-0.9482365963298918,-0.021157344592000582,0.0008989132247867916,-0.02541462844759741,2.4325983886845255,-0.031054509762638793,-0.05445436553794302,4.7400464054802285,0.2182811353350964,-0.6436782458314538
2021-01-09,1.684568153210649,0.13342816176777483,0.6276883768656533,138.63999938964844,-0.23838040031438007,-0.9475865095413297,0.3949622805752696,-0.4594731238116953,-1.0976271661919783,-0.07612943410050688,-1.3470230774331955,-0.20909045433251297,-0.004801771525306656,0.0050616332191265765,0.01168542483604493
2021-01-15,1.7431878920728885,-0.10930871492120743,-0.0476091507053841,138.63999938964844,-0.23838040031438007,-0.9519830521546444,-0.021157344592000582,0.0008989132247867916,-0.02541462844759741,-2.1024807830254124,-0.031054509762638793,-0.05445436553794302,-0.5199877596171982,-1.4751204526903956,0.14518928856235824
2021-01-16,1.7927602741136321,-1.4071809862801055,-1.2740629678415116,133.7899932861328,-0.5984634712967772,-0.9554544055941071,-1.2684503979407178,-1.1910100970147846,-0.16063143627523488,-0.07612943410050688,-0.4272759136874874,0.7982856155164739,-0.004801771525306656,0.0050616332191265765,0.01168542483604493
2021-01-22,1.8387917717228937,-0.10930871492120743,-0.0476091507053841,133.7899932861328,-0.5984634712967772,-0.9576214034463549,-0.021157344592000582,0.0008989132247867916,-0.02541462844759741,2.5925095200524497,-0.031054509762638793,-0.05445436553794302,-0.26703608077929086,0.7888001873831405,0.7284244146767976
2021-01-23,1.810019961963954,0.46090782930806834,-1.3892719457139484,128.6699981689453,-0.49510943400744467,-0.9565375065783556,-1.7194619334378933,-1.4367615522193002,-1.9849446866556768,-0.07612943410050688,-2.854800046873305,-0.3219186097461865,-0.004801771525306656,0.0050616332191265765,0.01168542483604493
2021-01-29,1.761779469844518,-0.10930871492120743,-0.0476091507053841,128.6699981689453,-0.49510943400744467,-0.9543606551182171,-0.021157344592000582,0.0008989132247867916,-0.02541462844759741,-4.624877518281955,-0.031054509762638793,-0.05445436553794302,0.2598164859946208,-0.4231630996617885,0.32639383403308664
2021-01-30,1.897161628592045,-0.9076079539183185,2.48909450159054,137.97999572753906,-0.6618441467402961,-0.949503757211016,2.565896838717433,2.0903990302205715,2.7501140005457194,-0.07612943410050688,0.8081296056887298,-1.2187505771558866,-0.004801771525306656,0.0050616332191265765,0.01168542483604493
2021-02-05,2.0228736331433197,-0.10930871492120743,-0.0476091507053841,137.97999572753906,-0.6618441467402961,-0.9317388988338918,-0.021157344592000582,0.0008989132247867916,-0.02541462844759741,5.279878141386909,-0.031054509762638793,-0.05445436553794302,2.0930727025065607,-0.9717052360464873,-0.06264438109628766
2021-02-06,1.8834012315084585,-0.7601108950780179,0.7832542996766179,141.25,-0.7687862221294494,-0.9332910982225618,0.8500444017971045,0.4438300725694332,0.8964715378407382,-0.07612943410050688,0.9869784188590767,0.2946751553031683,-0.004801771525306656,0.0050616332191265765,0.01168542483604493
2021-02-12,1.7469480304982474,-0.10930871492120743,-0.0476091507053841,141.25,-0.7687862221294494,-0.9310835346177632,-0.021157344592000582,0.0008989132247867916,-0.02541462844759741,1.6199472957158703,-0.031054509762638793,-0.05445436553794302,0.23980334046790416,0.9013050916544975,1.1769499370142693
2021-02-13,1.764660054349252,-0.1978128383335883,1.6327338764475614,148.02000427246094,-0.7808012421129522,-0.9242512619316765,0.9676047929118167,0.8928866593322001,3.943085200379199,-0.07612943410050688,0.31009909768357896,-1.5400856042457522,-0.004801771525306656,0.0050616332191265765,0.01168542483604493
2021-02-19,1.741183632122671,-0.10930871492120743,-0.0476091507053841,148.02000427246094,-0.7808012421129522,-0.8925482729844505,-0.021157344592000582,0.0008989132247867916,-0.02541462844759741,-1.057626819157747,-0.031054509762638793,-0.05445436553794302,3.391132533313783,0.1028108164497071,1.402316545230467
2021-02-20,1.7870803835517741,2.790446295906657,-0.2489347931681644,147.1699981689453,-0.3964471109750813,-0.8841724564905633,0.11764069153227606,0.04103013050713055,-1.383302231914,-0.07612943410050688,-1.4263265817116142,-1.6416272431156427,-0.004801771525306656,0.0050616332191265765,0.01168542483604493
2021-02-26,1.8296987955930843,-0.10930871492120743,-0.0476091507053841,147.1699981689453,-0.3964471109750813,-0.8609024034530222,-0.021157344592000582,0.0008989132247867916,-0.02541462844759741,-3.435553053277906,-0.031054509762638793,-0.05445436553794302,2.1674376558770954,-0.41491351198287096,-0.6186348626753497
2021-02-27,1.8491376345820554,-0.053244008946229035,0.8433348698617825,150.91000366210938,-0.3832597077218802,-0.8549623777712119,1.7825249137855035,1.7439861185058496,1.0525733914093436,-0.07612943410050688,1.4603785092287613,-1.0836466704513865,-0.004801771525306656,0.0050616332191265765,0.01168542483604493
2021-03-05,1.8394150002348275,-0.10930871492120743,-0.0476091507053841,150.91000366210938,-0.3832597077218802,-0.8265433119860115,-0.021157344592000582,0.0008989132247867916,-0.02541462844759741,1.0334373599665012,-0.031054509762638793,-0.05445436553794302,2.420865589074047,-1.7494234462304146,-1.044723603670364
2021-03-06,1.858159824606531,-0.5485314510578375,1.1697252917621719,156.14999389648438,-0.48811984854186696,-0.8311627530368771,0.7501061275605908,1.8615505235532177,2.0745171326414567,-0.07612943410050688,1.2676747320728434,0.6937151782834302,-0.004801771525306656,0.0050616332191265765,0.01168542483604493
2021-03-12,1.875565732951684,-0.10930871492120743,-0.0476091507053841,156.14999389648438,-0.48811984854186696,-0.8124536035929418,-0.021157344592000582,0.0008989132247867916,-0.02541462844759741,3.548696707647268,-0.031054509762638793,-0.05445436553794302,1.4879166042281338,0.3831181267766579,0.8975749176139168
2021-03-13,1.9851147521593084,2.107848037075365,-0.27437335586427625,155.13999938964844,-0.02089948672354829,-0.8172770111321666,0.4173897473794214,-0.7610745827903262,-0.2886450565896787,-0.07612943410050688,-0.5443682228272921,0.6981065683700275,-0.004801771525306656,0.0050616332191265765,0.01168542483604493
2021-03-19,2.0868388414235315,-0.10930871492120743,-0.0476091507053841,155.13999938964844,-0.02089948672354829,-0.7941846845430538,-0.021157344592000582,0.0008989132247867916,-0.02541462844759741,-1.1293452376893063,-0.031054509762638793,-0.05445436553794302,1.7700767850108041,-0.42137899279922225,-0.41968485340766876
2021-03-20,2.042085029841885,-1.1725707097773639,-0.05890893588642602,155.08999633789062,-0.37766171393270714,-0.7920506069690011,0.08863147204530633,0.004512694217872512,0.07609359623970999,-0.07612943410050688,0.28151353223031755,-0.3666249587837268,-0.004801771525306656,0.0050616332191265765,0.01168542483604493
2021-03-26,2.000527919087499,-0.10930871492120743,-0.0476091507053841,155.08999633789062,-0.37766171393270714,-0.808301089276888,-0.021157344592000582,0.0008989132247867916,-0.02541462844759741,2.0802742489545545,-0.031054509762638793,-0.05445436553794302,-1.1758136007801652,-1.0997249327374938,-0.6255869246699617
2021-03-27,1.9043108522778622,-0.9450973130162607,-0.359562388202028,153.7100067138672,-0.578447889763036,-0.807021150375095,0.5693981420610331,0.04428317367381154,-0.12659096704421913,-0.07612943410050688,-0.06323906668277016,-0.24888843432782992,-0.004801771525306656,0.0050616332191265765,0.01168542483604493
2021-04-02,1.8149664330974855,-0.10930871492120743,-0.0476091507053841,153.7100067138672,-0.578447889763036,-0.7953753414883128,-0.021157344592000582,0.0008989132247867916,-0.02541462844759741,1.4902560555884812,-0.031054509762638793,-0.05445436553794302,0.8666954837798524,-0.34657195598992835,0.26639250948709575
2021-04-03,1.7441540748240925,0.11793744282260869,0.5385655938382721,156.27999877929688,-0.5360436048398667,-0.799236045466204,0.3359051826482669,-0.25897405177734917,0.6539231631866388,-0.07612943410050688,1.7105355999427378,0.520513022596929,-0.004801771525306656,0.0050616332191265765,0.01168542483604493
2021-04-09,1.678399742141656,-0.10930871492120743,-0.0476091507053841,156.27999877929688,-0.5360436048398667,-0.810769624586187,-0.021157344592000582,0.0008989132247867916,-0.02541462844759741,3.6455186098810186,-0.031054509762638793,-0.05445436553794302,-0.850964804292523,1.3553216335966927,-0.7343265610160562
2021-04-10,1.7128114186987364,0.5438009126723163,-0.7161219153573974,153.3000030517578,-0.4067749896393067,-0.8185000294548995,-0.613522310155781,0.011834142533730666,2.5265967309273965,-0.07612943410050688,0.9546137327975083,1.155571714589302,-0.004801771525306656,0.0050616332191265765,0.01168542483604493
2021-04-16,1.7447651183588826,-0.10930871492120743,-0.0476091507053841,153.3000030517578,-0.4067749896393067,-0.8365834372507661,-0.021157344592000582,0.0008989132247867916,-0.02541462844759741,1.808947897517609,-0.031054509762638793,-0.05445436553794302,-1.3991973800135533,0.8319965534163826,0.7708926580322911
2021-04-17,1.748746836949876,-0.7024364792750648,-0.7588484945670664,150.19000244140625,-0.5446527151012601,-0.8361789265811624,0.000451583383106622,-0.3889785247051277,-0.011297039635989728,-0.07612943410050688,-0.7886465827866329,-0.12088269006876962,-0.004801771525306656,0.0050616332191265765,0.01168542483604493
2021-04-23,1.7524441470700844,-0.10930871492120743,-0.0476091507053841,150.19000244140625,-0.5446527151012601,-0.8384418966479076,-0.021157344592000582,0.0008989132247867916,-0.02541462844759741,-0.2500421913769069,-0.031054509762638793,-0.05445436553794302,-0.18787100628752165,0.8856316418250737,0.16743490334976974
2021-04-24,1.6857506960851538,-0.6615266325974174,0.7974058571033399,153.80999755859375,-0.6526821078112405,-0.8364794622168482,0.9505383198427488,-0.05087755661040125,0.8141786760243375,-0.07612943410050688,0.2645235955334493,-0.37699272408868506,-0.004801771525306656,0.0050616332191265765,0.01168542483604493
2021-04-30,1.6238210630277181,-0.10930871492120743,-0.0476091507053841,153.80999755859375,-0.6526821078112405,-0.8205517284520548,-0.021157344592000582,0.0008989132247867916,-0.02541462844759741,-0.0432741020817661,-0.031054509762638793,-0.05445436553794302,1.2847935341097843,-0.37796063240601824,-0.04561721540846204
2021-05-01,1.7117755131408918,0.27257528508521184,1.6459570362759433,161.24000549316406,-0.5889949768339677,-0.8336329413913105,1.1269147938876,1.4238520469479619,0.9980742065420994,-0.07612943410050688,1.4770200842487433,2.0786354483409357,-0.004801771525306656,0.0050616332191265765,0.01168542483604493
2021-05-07,1.7934475025316965,-0.10930871492120743,-0.0476091507053841,161.24000549316406,-0.5889949768339677,-0.8446134936883501,-0.021157344592000582,0.0008989132247867916,-0.02541462844759741,1.6132161583967946,-0.031054509762638793,-0.05445436553794302,-0.886862629925066,1.335206192157298,1.338503077861582
2021-05-08,1.8019364623257237,0.2907092287738739,0.5546767604820666,164.00999450683594,-0.5154783664057274,-0.8459135564258272,0.0991876648316012,0.5212770098550429,0.25384756783793044,-0.07612943410050688,-0.8248817154510988,0.16497726259290557,-0.004801771525306656,0.0050616332191265765,0.01168542483604493
2021-05-14,1.8098190678487491,-0.10930871492120743,-0.0476091507053841,164.00999450683594,-0.5154783664057274,-0.8393496012239312,-0.021157344592000582,0.0008989132247867916,-0.02541462844759741,-1.982469816639407,-0.031054509762638793,-0.05445436553794302,0.5409733846095417,-0.22878430431059235,0.7888495595478937
2021-05-15,1.7976976996519272,-0.90748348796521,-0.3361836634640549,162.66000366210938,-0.6778441792516849,-0.846723005070281,0.005472914764753253,0.3767440965360085,-0.7370966875413035,-0.07612943410050688,-0.26903376029367193,1.192952911797264,-0.004801771525306656,0.0050616332191265765,0.01168542483604493
2021-05-21,1.786442143469164,-0.10930871492120743,-0.0476091507053841,162.66000366210938,-0.6778441792516849,-0.846723005070281,-0.021157344592000582,0.0008989132247867916,-0.02541462844759741,-0.6680918452256579,-0.031054509762638793,-0.05445436553794302,-0.004801771525306656,0.36628677156514466,0.5101856413054696
2021-05-22,1.6902417496284992,0.31096298279529544,0.29293566595633724,164.24000549316406,-0.6105799160654725,-0.8514594758386866,-0.027809897168819375,0.3612669116031541,0.5411469056071624,-0.07612943410050688,0.011094420665727623,0.7578615013082558,-0.004801771525306656,0.0050616332191265765,0.01168542483604493
2021-05-28,1.6009128124907386,-0.10930871492120743,-0.0476091507053841,164.24000549316406,-0.6105799160654725,-0.8620279326287149,-0.021157344592000582,0.0008989132247867916,-0.02541462844759741,1.5184134845886044,-0.031054509762638793,-0.05445436553794302,-0.8976854625434701,0.16079250473875695,0.25183891327822927
2021-05-29,1.4766522716122181,-1.2915203014714594,0.4220043668920045,166.44000244140625,-0.8210341641617315,-0.8597836122442353,0.5642810636903748,0.2625043930140146,0.13354823246516412,-0.07612943410050688,0.40326839292101796,-0.44889044814251106,-0.004801771525306656,0.0050616332191265765,0.01168542483604493
2021-06-04,1.3466867858024403,-0.10930871492120743,-0.0476091507053841,166.44000244140625,-0.8210341641617315,-0.8640394040790376,-0.021157344592000582,0.0008989132247867916,-0.02541462844759741,0.7660577856087766,-0.031054509762638793,-0.05445436553794302,-0.3732575731353331,-0.19906694241586118,-0.09216104204145978
2021-06-05,1.4086115667174606,1.1450757019059215,-1.3430438048637618,160.2899932861328,-0.668250267043745,-0.8618468985323327,-0.9401109547684875,-0.9987236235237419,-0.8688904062641701,-0.07612943410050688,0.5743104250111972,-0.4421634128217865,-0.004801771525306656,0.0050616332191265765,0.01168542483604493
2021-06-11,1.466113148995694,-0.10930871492120743,-0.0476091507053841,160.2899932861328,-0.668250267043745,-0.8811244524935605,-0.021157344592000582,0.0008989132247867916,-0.02541462844759741,0.49370390091452054,-0.031054509762638793,-0.05445436553794302,-1.6841099442479335,-0.6960151342291275,-0.4760410383061648
2021-06-12,1.683714473521862,5.5125304914868,-2.753190393324529,147.9199981689453,0.28300734033126157,-0.8616222720628073,-2.0961337693163427,-3.060773190199236,-2.687718512052938,-0.07612943410050688,-1.1054231381309636,-3.5007819101447923,-0.004801771525306656,0.0050616332191265765,0.01168542483604493
2021-06-18,1.8857728462961612,-0.10930871492120743,-0.0476091507053841,147.9199981689453,0.28300734033126157,-0.8661715087312537,-0.021157344592000582,0.0008989132247867916,-0.02541462844759741,-2.6949391934141795,-0.031054509762638793,-0.05445436553794302,-0.40082909570479264,-2.2380191902708493,-2.373245961355451
2021-06-19,1.858505742976137,-1.8935247201998753,1.4052763495894354,154.0500030517578,-0.460505042242305,-0.8677866246625712,2.044089630352728,1.5392957286598454,3.4063362309427747,-0.07612943410050688,1.0798998769700963,0.2363215049159795,-0.004801771525306656,0.0050616332191265765,0.01168542483604493
2021-06-25,1.807496186217061,-0.10930871492120743,-0.0476091507053841,154.0500030517578,-0.460505042242305,-0.8474153082296098,-0.021157344592000582,0.0008989132247867916,-0.02541462844759741,3.689953146567115,-0.031054509762638793,-0.05445436553794302,1.801902193610764,0.6839771362351121,0.6843052249081142
2021-06-26,1.7316632438196584,-0.6982653343986358,0.40299999676744186,156.02999877929688,-0.5889600779831489,-0.8485885692990747,-0.339617291720223,-0.4197093333430665,-0.8994562948326432,-0.07612943410050688,-0.1489650364647397,0.14509982386482473,-0.004801771525306656,0.0050616332191265765,0.01168542483604493
2021-07-02,1.661246940164928,-0.10930871492120743,-0.0476091507053841,156.02999877929688,-0.5889600779831489,-0.871147179551967,-0.021157344592000582,0.0008989132247867916,-0.02541462844759741,2.2223498237919124,-0.031054509762638793,-0.05445436553794302,-1.894932182381943,-0.9082399314253375,-0.8363604328848704
2021-07-03,1.6337007928415452,-0.35880139194490407,-0.10602807140972041,155.77000427246094,-0.6348149867810393,-0.876064711702322,-0.7818597408919205,-0.7339634637968304,-0.8218701303147966,-0.07612943410050688,-0.04397295118302464,0.8537765997455143,-0.004801771525306656,0.0050616332191265765,0.01168542483604493
2021-07-09,1.6081222274698328,-0.10930871492120743,-0.0476091507053841,155.77000427246094,-0.6348149867810393,-0.8916166921775932,-0.021157344592000582,0.0008989132247867916,-0.02541462844759741,0.4669431265320958,-0.031054509762638793,-0.05445436553794302,-1.4197743985415918,0.1351172185170504,0.3978262372079801
2021-07-10,1.654844340291861,1.4096639831958286,-0.9163715247060882,151.91000366210938,-0.3742448983197168,-0.8923715475854587,-1.514308474485613,-0.5968789159852508,0.23533768752696785,-0.07612943410050688,-1.0814171208216015,0.09244948861442238,-0.004801771525306656,0.0050616332191265765,0.01168542483604493
2021-07-16,1.6982291593408865,-0.10930871492120743,-0.0476091507053841,151.91000366210938,-0.3742448983197168,-0.9056687572033342,-0.021157344592000582,0.0008989132247867916,-0.02541462844759741,-1.4085045337900977,-0.031054509762638793,-0.05445436553794302,-1.279605055927886,-0.5045972183831292,-0.4550229171515509
2021-07-17,1.7315714192400875,-0.7100165245201445,-0.3407094552256078,150.63999938964844,-0.5191045751236313,-0.9035575012738466,-0.1847676573263429,-0.07407598326640312,0.19122961676769049,-0.07612943410050688,0.1518514757985671,-0.48104642263424874,-0.004801771525306656,0.0050616332191265765,0.01168542483604493
2021-07-23,1.7625320891464884,-0.10930871492120743,-0.0476091507053841,150.63999938964844,-0.5191045751236313,-0.9057898193343029,-0.021157344592000582,0.0008989132247867916,-0.02541462844759741,2.6099644710729963,-0.031054509762638793,-0.05445436553794302,-0.22700030837410237,-0.48672518470498727,-0.2842965633567149
2021-07-24,1.6569301505038267,-1.2934263181712173,0.2177058317309029,151.77999877929688,-0.7588324155224393,-0.9075829567997197,0.4725435322324747,0.3610087846233179,0.9114717905450814,-0.07612943410050688,0.01290545630416855,0.3129169268906668,-0.004801771525306656,0.0050616332191265765,0.01168542483604493
2021-07-30,1.558871207478498,-0.10930871492120743,-0.0476091507053841,151.77999877929688,-0.7588324155224393,-0.9208941049717456,-0.021157344592000582,0.0008989132247867916,-0.02541462844759741,-0.5907152676821319,-0.031054509762638793,-0.05445436553794302,-1.3482483097034095,1.0431245477072093,1.363578330152178
2021-07-31,1.6146659532124295,0.3414228191822072,1.2736227114086847,157.5,-0.6964441761490835,-0.9126724579509311,1.2947826006516103,1.3477709860406626,1.8808661920641616,-0.07612943410050688,0.8167670329462859,-1.7691333454205849,-0.004801771525306656,0.0050616332191265765,0.01168542483604493
2021-08-06,1.6664753599653659,-0.10930871492120743,-0.0476091507053841,157.5,-0.6964441761490835,-0.8966786598485215,-0.021157344592000582,0.0008989132247867916,-0.02541462844759741,1.213142288182595,-0.031054509762638793,-0.05445436553794302,1.6383922469452188,-1.0239891032352082,-0.31415784782159556
2021-08-07,1.6510535707751712,-0.6766675292284186,0.504427403539378,159.97999572753906,-0.7844307225981203,-0.8992414897391903,1.0183736370420162,0.7586505268989773,0.9898001906588768,-0.07612943410050688,0.8521138111753356,0.4558494036839938,-0.004801771525306656,0.0050616332191265765,0.01168542483604493
2021-08-13,1.636733337955705,-0.10930871492120743,-0.0476091507053841,159.97999572753906,-0.7844307225981203,-0.9037720191659753,-0.021157344592000582,0.0008989132247867916,-0.02541462844759741,0.8983935455654118,-0.031054509762638793,-0.05445436553794302,-0.44919884522289805,0.3578014585306038,-0.11902768559387582
2021-08-14,1.6407940282164706,-0.31695379854569755,-1.2003112169209742,154.72000122070312,-0.8117521604329857,-0.9047236673002108,-0.8747020678159543,-1.031796289179219,-1.8377615162810736,-0.07612943410050688,-1.2221410428347224,0.13860177668239737,-0.004801771525306656,0.0050616332191265765,0.01168542483604493
2021-08-20,1.6115844814339364,-0.10930871492120743,-0.0476091507053841,154.72000122070312,-0.8117521604329857,-0.9114973300884295,-0.021157344592000582,0.0008989132247867916,-0.02541462844759741,-0.8854815362796764,-0.031054509762638793,-0.05445436553794302,-0.6817321977390798,-1.0600663691588323,-1.8858431328905378
2021-08-21,1.6917339484358165,0.24941693440299498,1.839930565873153,163.0500030517578,-0.767169969100898,-0.9170725661290595,1.459788263279721,1.0305420210641385,1.5342387491522897,-0.07612943410050688,0.5263252638668592,1.1266411806047183,-0.004801771525306656,0.0050616332191265765,0.01168542483604493
2021-08-27,1.7481059339061062,-0.10930871492120743,-0.0476091507053841,163.0500030517578,-0.767169969100898,-0.9060043676741167,-0.021157344592000582,0.0008989132247867916,-0.02541462844759741,2.017222192354261,-0.031054509762638793,-0.05445436553794302,1.1502779239981953,1.059568784363656,1.209516384758875
2021-08-28,1.659157103080645,-0.18673755245132176,-0.8130759359407589,159.49000549316406,-0.7777148749936535,-0.9082692785580235,-0.9768932511474329,-0.6573509618616218,-3.52933264983505,-0.07612943410050688,-0.1193390602102896,0.41067897162777467,-0.004801771525306656,0.0050616332191265765,0.01168542483604493
2021-09-03,1.5765617601712878,-0.10930871492120743,-0.0476091507053841,159.49000549316406,-0.7777148749936535,-0.9038765779681672,-0.021157344592000582,0.0008989132247867916,-0.02541462844759741,0.7175741557048299,-0.031054509762638793,-0.05445436553794302,0.43959530217228476,0.9095689558140283,0.777194073033402
2021-09-04,1.4873682679222364,-1.1254819330708992,-0.5158233583023003,157.36000061035156,-0.9132434715598582,-0.8971352128793191,-0.5570060576753524,-0.5925801943610287,0.08668229187151447,-0.07612943410050688,-1.0366288947181603,-1.387316363731991,-0.004801771525306656,0.0050616332191265765,0.01168542483604493
2021-09-10,1.40454573940526,-0.10930871492120743,-0.0476091507053841,157.36000061035156,-0.9132434715598582,-0.8926411383783521,-0.021157344592000582,0.0008989132247867916,-0.02541462844759741,-2.4032838844758215,-0.031054509762638793,-0.05445436553794302,0.4329126394099175,-0.6232984773395284,-0.11095535893845758
2021-09-11,1.3595778529409182,3.991624458694281,0.023683099547806022,157.67999267578125,-0.5147618493748515,-0.8856703734439885,0.13990972580740874,0.14888631558951052,1.468435538526465,-0.07612943410050688,-0.6445228805846559,-1.3817535010931818,-0.004801771525306656,0.0050616332191265765,0.01168542483604493
2021-09-17,1.3178219583668864,-0.10930871492120743,-0.0476091507053841,157.67999267578125,-0.5147618493748515,-0.8810730283514013,-0.021157344592000582,0.0008989132247867916,-0.02541462844759741,-0.8643967627870851,-0.031054509762638793,-0.05445436553794302,0.42642798147013383,-0.8672983518860309,-0.7413262123934852
2021-09-18,1.5574713571794543,-0.71980209756745,1.1441423567091578,163.0399932861328,-0.6390661030464195,-0.8811270103934629,1.1208005352034323,0.46125436560556227,0.9401593293628681,-0.07612943410050688,0.7986972319710177,-0.04432399488530085,-0.004801771525306656,0.0050616332191265765,0.01168542483604493
2021-09-24,1.7800029417911247,-0.10930871492120743,-0.0476091507053841,163.0399932861328,-0.6390661030464195,-0.8581442252255687,-0.021157344592000582,0.0008989132247867916,-0.02541462844759741,0.6206454828914924,-0.031054509762638793,-0.05445436553794302,2.1198703691456533,-0.18686631395339182,-0.5980489471812876
2021-09-25,1.7578609802043197,-0.08770275942849616,0.8318746660728646,167.1300048828125,-0.635384274285023,-0.8595479242425291,0.607908171725673,0.0008989132247867916,-0.6066014417353882,-0.07612943410050688,-0.2585119674819313,0.1920709006709031,-0.004801771525306656,0.0050616332191265765,0.01168542483604493
2021-10-01,1.7373005873022864,-0.10930871492120743,-0.0476091507053841,167.1300048828125,-0.635384274285023,-0.8572591946986442,-0.021157344592000582,0.0008989132247867916,-0.02541462844759741,-3.110557949596397,-0.031054509762638793,-0.05445436553794302,0.19321189056443636,-1.1787272845350103,-0.8912947343645868
2021-10-02,1.6928656605019816,-0.4491705755835924,0.6005788703682742,170.22000122070312,-0.693633728069072,-0.8571241973550766,0.8036559945840862,0.43481926275601684,0.6195477517298885,-0.07612943410050688,0.6097241421595837,-0.07799375717888461,-0.004801771525306656,0.0050616332191265765,0.01168542483604493
2021-10-08,1.651604657044556,-0.10930871492120743,-0.0476091507053841,170.22000122070312,-0.693633728069072,-0.8273588554097995,-0.021157344592000582,0.0008989132247867916,-0.02541462844759741,1.0050614551954211,-0.031054509762638793,-0.05445436553794302,2.5519827437010374,-0.2606563482621484,0.4960291697597355
2021-10-09,1.8024934996254802,1.5629143702166286,-0.7911317063810807,166.61000061035156,-0.43304837136051627,-0.829632540510645,1.2699474945224305,-0.02099270538564855,0.21956767833313293,-0.07612943410050688,1.2510996788942386,0.312255965092987,-0.004801771525306656,0.0050616332191265765,0.01168542483604493
2021-10-15,1.9426045677363384,-0.10930871492120743,-0.0476091507053841,166.61000061035156,-0.43304837136051627,-0.8341835793514271,-0.021157344592000582,0.0008989132247867916,-0.02541462844759741,2.4268400662761933,-0.031054509762638793,-0.05445436553794302,-0.3663919370804898,0.23040509250693234,1.0594030312432423
2021-10-16,1.8973912984607102,-1.6205484344582328,1.0402853594593235,171.77999877929688,-0.7737429495348247,-0.8398862651783946,0.7086460156646809,-0.335064166616787,1.432929040490033,-0.07612943410050688,-0.29820808232925705,0.89178441927697,-0.004801771525306656,0.0050616332191265765,0.01168542483604493
2021-10-22,1.8554075484190555,-0.10930871492120743,-0.0476091507053841,171.77999877929688,-0.7737429495348247,-0.8242086908758377,-0.021157344592000582,0.0008989132247867916,-0.02541462844759741,2.1823896349304057,-0.031054509762638793,-0.05445436553794302,1.2766828718101983,0.39355266860334837,-0.11190039551013481
2021-10-23,1.7969822369235138,-0.3341233535249615,-0.43334191580288606,169.88999938964844,-0.8039653543440132,-0.8216022517541484,0.10333586826072974,-0.8165473284531181,0.2800043075970868,-0.07612943410050688,0.27003641327765576,-0.46581606611001036,-0.004801771525306656,0.0050616332191265765,0.01168542483604493
2021-10-29,1.7427301619633677,-0.10930871492120743,-0.0476091507053841,169.88999938964844,-0.8039653543440132,-0.8464111557892937,-0.021157344592000582,0.0008989132247867916,-0.02541462844759741,1.7514962592805892,-0.031054509762638793,-0.05445436553794302,-1.9336456968211728,-0.8101423529251768,-0.44195725016343856
