,primary_AdjClose,primary_Close,primary_High,primary_Low,primary_Open,primary_Volume,bac_AdjClose,bac_Close,bac_High,bac_Low,bac_Open,bac_Volume,c_AdjClose,c_Close,c_High,c_Low,c_Open,c_Volume,wfc_AdjClose,wfc_Close,wfc_High,wfc_Low,wfc_Open,wfc_Volume,xlf_AdjClose,xlf_Close,xlf_High,xlf_Low,xlf_Open,xlf_Volume,gold_AdjClose,gold_Close,gold_High,gold_Low,gold_Open,gold_Volume,ftse_AdjClose,ftse_Close,ftse_High,ftse_Low,ftse_Open,ftse_Volume,tnx_Close,vix_Close,gspc_Close,eurusd_Close,gbpusd_Close
2005-01-01,21.73069190979004,38.400001525878906,39.689998626708984,38.31999969482422,39.47999954223633,55176100.0,27.780820846557617,44.72999954223633,46.95000076293945,44.720001220703125,46.65999984741211,60447700.0,300.09259033203125,486.5,492.3999938964844,477.0,490.0,8038140.0,17.328693389892578,31.084999084472656,31.375,30.875,31.114999771118164,40565000.0,15.956613540649414,24.427295684814453,25.012184143066406,24.427295684814453,24.979690551757812,20113309.0,418.8999938964844,418.8999938964844,431.0,418.70001220703125,431.0,116.0,4854.10009765625,4854.10009765625,4863.5,4806.0,4814.2998046875,6459087900.0,,,,,
2005-01-07,,,,,,,,,,,,,,,,,,,,,,,,,,,,,,,,,,,,,,,,,,,4.29,13.49,,1.3062,1.8702
2005-01-08,21.584257125854492,37.810001373291016,38.5099983215332,37.56999969482422,38.27000045776367,44319800.0,27.88019561767578,44.88999938964844,45.43000030517578,44.400001525878906,44.779998779296875,53523300.0,293.0606994628906,475.1000061035156,487.3999938964844,474.5,485.1000061035156,7291930.0,16.91617774963379,30.344999313354492,31.225000381469727,30.15999984741211,31.024999618530273,47510200.0,15.781500816345215,24.15921974182129,24.565393447875977,24.045490264892578,24.370431900024414,30811684.0,422.70001220703125,422.70001220703125,424.70001220703125,419.1000061035156,419.1000061035156,24.0,4820.7998046875,4820.7998046875,4858.89990234375,4765.39990234375,4854.10009765625,8223879000.0,,,,,
2005-01-14,,,,,,,,,,,,,,,,,,,,,,,,,,,,,,,,,,,,,,,,,,,4.23,12.43,,1.3106,1.8695
2005-01-15,21.036230087280273,36.849998474121094,38.4900016784668,36.849998474121094,37.709999084472656,54989700.0,28.004419326782227,45.09000015258789,45.97999954223633,44.709999084472656,45.040000915527344,45737500.0,295.6512756347656,479.29998779296875,485.0,472.5,474.0,6456740.0,16.757295608520508,30.059999465942383,30.7549991607666,30.0049991607666,30.075000762939453,30038800.0,15.675374984741211,23.99675178527832,24.573516845703125,23.972379684448242,24.061737060546875,21660060.0,426.70001220703125,426.70001220703125,426.5,421.79998779296875,423.20001220703125,80.0,4803.2998046875,4803.2998046875,4852.7998046875,4783.2998046875,4820.7998046875,7618743000.0,,,,,
2005-01-21,,,,,,,,,,,,,,,,,,,,,,,,,,,,,,,,,,,,,,,,,,,4.16,14.36,,1.3049,1.874
2005-01-22,21.12185287475586,37.0,37.220001220703125,36.5099983215332,36.86000061035156,62485500.0,28.38326072692871,45.70000076293945,45.91999816894531,45.13999938964844,45.150001525878906,34766900.0,298.4270324707031,483.79998779296875,487.70001220703125,481.0,482.79998779296875,7273980.0,16.868789672851562,30.260000228881836,30.540000915527344,29.899999618530273,30.059999465942383,34912800.0,15.66475772857666,23.98050308227539,24.427295684814453,23.866775512695312,24.15109634399414,17102776.0,425.79998779296875,425.79998779296875,427.5,422.0,426.8999938964844,108265.0,4832.7998046875,4832.7998046875,4860.39990234375,4770.10009765625,4803.2998046875,7871087000.0,,,,,
2005-01-28,,,,,,,,,,,,,,,,,,,,,,,,,,,,,,,,,,,,,,,,,,,4.16,13.24,,1.3033,1.885
2005-01-29,21.5157470703125,37.689998626708984,37.7400016784668,37.2400016784668,37.279998779296875,62674700.0,29.122346878051758,46.88999938964844,46.900001525878906,45.900001525878906,45.95000076293945,40993600.0,307.0628356933594,497.79998779296875,497.8999938964844,487.5,490.0,8312090.0,16.997013092041016,30.489999771118164,31.09000015258789,30.264999389648438,30.530000686645508,34603800.0,16.137035369873047,24.703493118286133,24.752233505249023,24.004873275756836,24.004873275756836,30466144.0,414.0,414.0,426.5,413.70001220703125,426.0,9638.0,4941.5,4941.5,4947.39990234375,4832.7998046875,4832.7998046875,8574939000.0,,,,,
2005-02-04,,,,,,,,,,,,,,,,,,,,,,,,,,,,,,,,,,,,,,,,,,,4.09,11.21,,1.2927,1.885
2005-02-05,21.395870208740234,37.47999954223633,38.06999969482422,37.13999938964844,37.70000076293945,43651000.0,29.0788631439209,46.81999969482422,47.06999969482422,46.43000030517578,46.68000030517578,30096500.0,307.4417419433594,494.0,499.8999938964844,488.5,497.6000061035156,5477930.0,16.939037322998047,30.149999618530273,30.9950008392334,30.110000610351562,30.5,37332800.0,16.22193717956543,24.83346939086914,24.874086380004883,24.54914665222168,24.84159278869629,22759837.0,420.5,420.5,422.0,410.1000061035156,414.1000061035156,4464.0,5044.2001953125,5044.2001953125,5045.0,4941.5,4941.5,8354684900.0,,,,,
2005-02-11,,,,,,,,,,,,,,,,,,,,,,,,,,,,,,,,,,,,,,,,,,,4.1,11.43,,1.2864,1.866
2005-02-12,20.842134475708008,36.5099983215332,37.75,36.29999923706055,37.56999969482422,54356600.0,28.40811538696289,45.7400016784668,47.09000015258789,45.650001525878906,46.88999938964844,38201000.0,302.2762145996094,485.70001220703125,495.29998779296875,483.6000061035156,494.1000061035156,5795080.0,16.8013858795166,29.905000686645508,30.790000915527344,29.860000610351562,30.489999771118164,35636800.0,15.808039665222168,24.199838638305664,24.898456573486328,24.199838638305664,24.857839584350586,30190521.0,427.1000061035156,427.1000061035156,428.0,422.29998779296875,420.0,1040.0,5057.2001953125,5057.2001953125,5077.60009765625,5030.5,5044.2001953125,7521436800.0,,,,,
2005-02-18,,,,,,,,,,,,,,,,,,,,,,,,,,,,,,,,,,,,,,,,,,,4.27,11.18,,1.3075,1.8949
2005-02-19,21.104734420776367,36.970001220703125,37.08000183105469,35.900001525878906,36.5099983215332,45331800.0,29.060239791870117,46.790000915527344,46.9900016784668,45.15999984741211,45.54999923706055,37366400.0,300.4713439941406,482.79998779296875,486.5,479.0,483.0,6262080.0,16.82667350769043,29.950000762939453,30.075000762939453,29.389999389648438,29.850000381469727,39216400.0,15.8982572555542,24.337936401367188,24.370431900024414,23.82615852355957,24.045490264892578,51903146.0,434.8999938964844,434.8999938964844,436.0,426.5,426.5,167.0,5006.7998046875,5006.7998046875,5077.7998046875,4970.7998046875,5057.2001953125,8058159300.0,,,,,
2005-02-25,,,,,,,,,,,,,,,,,,,,,,,,,,,,,,,,,,,,,,,,,,,4.27,11.49,,1.3195,1.9149
2005-02-26,21.412986755371094,37.5099983215332,37.790000915527344,36.52000045776367,36.970001220703125,52037600.0,29.054033279418945,46.779998779296875,47.20000076293945,45.86000061035156,46.54999923706055,48255000.0,301.21820068359375,484.0,486.79998779296875,476.0,482.5,6877850.0,16.995214462280273,30.25,30.30500030517578,29.594999313354492,29.850000381469727,40120800.0,16.025604248046875,24.532899856567383,24.589763641357422,24.05361557006836,24.289196014404297,39546367.0,434.20001220703125,434.20001220703125,435.5,429.8999938964844,435.5,19.0,5036.2998046875,5036.2998046875,5042.0,4965.89990234375,5006.7998046875,8366070300.0,,,,,
2005-03-04,,,,,,,,,,,,,,,,,,,,,,,,,,,,,,,,,,,,,,,,,,,4.32,11.94,,1.3244,1.9243
2005-03-05,20.61378288269043,36.11000061035156,37.54999923706055,36.0,37.5099983215332,60048400.0,28.70108413696289,45.77000045776367,46.88999938964844,45.529998779296875,46.70000076293945,41283300.0,297.4218444824219,477.8999938964844,486.79998779296875,474.70001220703125,485.3999938964844,5684120.0,16.798574447631836,29.899999618530273,30.559999465942383,29.795000076293945,30.25,35044600.0,15.754971504211426,24.118602752685547,24.687246322631836,24.021120071411133,24.532899856567383,53949067.0,446.20001220703125,446.20001220703125,446.3999938964844,435.0,435.0,1.0,4982.10009765625,4982.10009765625,5041.2998046875,4956.7998046875,5036.2998046875,7744861300.0,,,,,
2005-03-11,,,,,,,,,,,,,,,,,,,,,,,,,,,,,,,,,,,,,,,,,,,4.56,12.8,,1.3465,1.9261
2005-03-12,20.55670166015625,36.0099983215332,36.66999816894531,35.81999969482422,36.11000061035156,62250200.0,28.180601119995117,44.939998626708984,46.20000076293945,44.45000076293945,45.72999954223633,55968800.0,291.5717468261719,468.5,484.5,460.5,477.8999938964844,7896500.0,16.68060874938965,29.690000534057617,30.329999923706055,29.524999618530273,29.899999618530273,45296200.0,15.37290096282959,23.53371238708496,24.370431900024414,23.419984817504883,24.045490264892578,55680593.0,439.29998779296875,439.29998779296875,443.70001220703125,438.70001220703125,441.1000061035156,0.0,4923.2998046875,4923.2998046875,5006.10009765625,4920.0,4982.0,8367854000.0,,,,,
2005-03-18,,,,,,,,,,,,,,,,,,,,,,,,,,,,,,,,,,,,,,,,,,,4.51,13.14,,1.3311,1.9192
2005-03-19,19.940176010131836,34.93000030517578,36.0,34.869998931884766,35.880001068115234,55754800.0,27.43439292907715,43.75,44.72999954223633,43.400001525878906,44.63999938964844,50533000.0,277.0710144042969,445.20001220703125,464.70001220703125,440.5,464.70001220703125,12431290.0,16.40250015258789,29.19499969482422,29.84000015258789,29.075000762939453,29.690000534057617,34801200.0,14.99062728881836,22.826969146728516,24.191713333129883,22.794475555419922,23.476848602294922,57392790.0,424.70001220703125,424.70001220703125,431.29998779296875,424.70001220703125,431.1000061035156,116.0,4922.5,4922.5,4952.2001953125,4887.2001953125,4923.2998046875,7280286700.0,,,,,
2005-03-25,,,,,,,,,,,,,,,,,,,,,,,,,,,,,,,,,,,,,,,,,,,4.6,13.42,,1.2954,1.8684
2005-03-26,19.551984786987305,34.25,35.11000061035156,33.84000015258789,34.93000030517578,68257400.0,27.597434997558594,44.0099983215332,44.7400016784668,43.630001068115234,44.029998779296875,59839000.0,277.693359375,446.20001220703125,457.0,442.6000061035156,448.5,7423780.0,16.69464111328125,29.71500015258789,30.174999237060547,29.299999237060547,29.299999237060547,41026200.0,14.937271118164062,22.74573516845703,23.36311912536621,22.68074607849121,22.91632843017578,41999627.0,425.8999938964844,425.8999938964844,428.70001220703125,424.5,425.8999938964844,3603.0,4914.0,4914.0,4942.0,4886.5,4922.5,6524783200.0,,,,,
2005-04-01,,,,,,,,,,,,,,,,,,,,,,,,,,,,,,,,,,,,,,,,,,,4.46,14.09,,1.2896,1.8789
2005-04-02,19.6947021484375,34.5,35.099998474121094,33.349998474121094,33.66999816894531,56181500.0,28.0175724029541,44.68000030517578,45.18000030517578,43.5099983215332,43.900001525878906,44185900.0,282.5476989746094,454.0,457.79998779296875,438.0,446.29998779296875,6607510.0,16.73115348815918,29.780000686645508,30.145000457763672,29.600000381469727,29.770000457763672,35744000.0,15.107986450195312,23.005685806274414,23.330625534057617,22.510154724121094,22.74573516845703,53791868.0,426.8999938964844,426.8999938964844,428.5,422.70001220703125,426.0,1091.0,4983.7001953125,4983.7001953125,4994.10009765625,4877.0,4914.0,7894737400.0,,,,,
2005-04-08,,,,,,,,,,,,,,,,,,,,,,,,,,,,,,,,,,,,,,,,,,,4.5,12.62,,1.2912,1.8824
2005-04-09,19.563526153564453,33.93000030517578,35.20000076293945,33.88999938964844,34.66999816894531,59123400.0,27.7667293548584,44.279998779296875,45.79999923706055,44.0099983215332,44.95000076293945,49026900.0,284.7259216308594,457.5,466.1000061035156,451.79998779296875,456.70001220703125,8288610.0,16.610363006591797,29.565000534057617,30.450000762939453,29.565000534057617,29.96500015258789,41808400.0,14.793240547180176,22.52640151977539,23.43623161315918,22.46953773498535,23.15190887451172,45169698.0,424.8999938964844,424.8999938964844,430.20001220703125,423.20001220703125,426.0,390.0,4891.60009765625,4891.60009765625,4983.60009765625,4891.60009765625,4983.60009765625,7171368200.0,,,,,
2005-04-15,,,,,,,,,,,,,,,,,,,,,,,,,,,,,,,,,,,,,,,,,,,4.27,17.74,,1.2928,1.893
2005-04-16,20.10550880432129,34.869998931884766,35.880001068115234,34.209999084472656,34.25,82445900.0,27.823177337646484,44.369998931884766,45.099998474121094,43.470001220703125,44.63999938964844,59628200.0,288.273193359375,463.20001220703125,468.1000061035156,456.6000061035156,460.0,8258030.0,16.48114585876465,29.334999084472656,30.024999618530273,28.885000228881836,29.600000381469727,47140000.0,14.798579216003418,22.53452491760254,22.948822021484375,22.250202178955078,22.623882293701172,62533077.0,434.29998779296875,434.29998779296875,435.79998779296875,423.6000061035156,423.6000061035156,339.0,4849.2998046875,4849.2998046875,4891.60009765625,4794.7998046875,4891.60009765625,7796424400.0,,,,,
2005-04-22,,,,,,,,,,,,,,,,,,,,,,,,,,,,,,,,,,,,,,,,,,,4.26,15.38,,1.3068,1.9151
2005-04-23,20.46299171447754,35.4900016784668,35.75,34.88999938964844,34.97999954223633,56235100.0,28.24330711364746,45.040000915527344,45.060001373291016,44.20000076293945,44.720001220703125,43615700.0,292.25634765625,469.6000061035156,471.5,457.5,464.5,6995890.0,16.837909698486328,29.969999313354492,30.03499984741211,29.235000610351562,29.450000762939453,40247200.0,15.172001838684082,23.103168487548828,23.127538681030273,22.502031326293945,22.737611770629883,46841150.0,435.0,435.0,438.20001220703125,432.70001220703125,432.70001220703125,207.0,4801.7001953125,4801.7001953125,4879.60009765625,4773.7001953125,4849.2998046875,7958807200.0,,,,,
2005-04-29,,,,,,,,,,,,,,,,,,,,,,,,,,,,,,,,,,,,,,,,,,,4.21,15.31,,1.2919,1.9122
2005-04-30,20.53217887878418,35.61000061035156,36.189998626708984,35.119998931884766,35.58000183105469,51399600.0,28.525489807128906,45.4900016784668,46.150001525878906,44.810001373291016,44.83000183105469,43499600.0,292.69085693359375,465.8999938964844,472.20001220703125,461.5,469.6000061035156,6453660.0,16.787343978881836,29.8799991607666,30.405000686645508,29.850000381469727,30.040000915527344,40882400.0,15.33737850189209,23.354995727539062,23.720552444458008,22.989439010620117,23.306255340576172,69478747.0,426.1000061035156,426.1000061035156,429.79998779296875,426.70001220703125,429.5,17.0,4918.89990234375,4918.89990234375,4924.60009765625,4801.7001953125,4801.7001953125,5924858200.0,,,,,
2005-05-06,,,,,,,,,,,,,,,,,,,,,,,,,,,,,,,,,,,,,,,,,,,4.28,14.05,,1.2832,1.892
2005-05-07,19.86911392211914,34.459999084472656,36.0,34.11000061035156,35.560001373291016,54809000.0,28.299741744995117,45.130001068115234,45.880001068115234,44.72999954223633,45.40999984741211,39565200.0,288.4189147949219,459.1000061035156,470.0,457.6000061035156,465.70001220703125,5462510.0,16.77764892578125,29.625,30.225000381469727,29.5,29.885000228881836,31915800.0,15.059969902038574,22.932575225830078,23.58245277404785,22.778228759765625,23.460601806640625,59623116.0,420.20001220703125,420.20001220703125,427.20001220703125,420.20001220703125,426.20001220703125,0.0,4886.5,4886.5,4929.10009765625,4854.2001953125,4918.89990234375,7616776800.0,,,,,
2005-05-13,,,,,,,,,,,,,,,,,,,,,,,,,,,,,,,,,,,,,,,,,,,4.12,16.32,,1.2645,1.853
2005-05-14,20.79164695739746,36.060001373291016,36.29999923706055,34.5,34.59000015258789,54709900.0,29.20273208618164,46.56999969482422,46.75,45.130001068115234,45.130001068115234,37221600.0,300.2923583984375,478.0,481.3999938964844,459.79998779296875,459.79998779296875,6139370.0,17.366641998291016,30.665000915527344,30.7450008392334,29.625,29.674999237060547,34682000.0,15.604116439819336,23.76116943359375,23.81803321838379,22.948822021484375,22.989439010620117,54347665.0,417.3999938964844,417.3999938964844,421.5,416.5,418.8999938964844,4.0,4971.7998046875,4971.7998046875,4981.10009765625,4869.0,4886.5,8010190200.0,,,,,
2005-05-20,,,,,,,,,,,,,,,,,,,,,,,,,,,,,,,,,,,,,,,,,,,4.13,13.14,,1.2553,1.8246
2005-05-21,20.641735076904297,35.79999923706055,36.09000015258789,35.65999984741211,35.900001525878906,31180300.0,29.252912521362305,46.650001525878906,46.79999923706055,46.29999923706055,46.5,31182700.0,297.02569580078125,472.79998779296875,479.70001220703125,470.5,475.5,5368850.0,17.213726043701172,30.395000457763672,30.899999618530273,30.25,30.700000762939453,25840200.0,15.646797180175781,23.82615852355957,23.866775512695312,23.549959182739258,23.639318466186523,33546229.0,419.79998779296875,419.79998779296875,420.0,416.6000061035156,416.6000061035156,123994.0,4986.2998046875,4986.2998046875,5004.2998046875,4956.7998046875,4971.7998046875,7844512800.0,,,,,
2005-05-27,,,,,,,,,,,,,,,,,,,,,,,,,,,,,,,,,,,,,,,,,,,4.08,12.15,,1.2568,1.8227
2005-05-28,20.497583389282227,35.54999923706055,36.5,35.0099983215332,35.83000183105469,43999400.0,28.707334518432617,45.779998779296875,46.70000076293945,45.709999084472656,46.560001373291016,31361400.0,298.7846374511719,475.6000061035156,481.0,470.20001220703125,472.8999938964844,4246060.0,17.37230682373047,30.674999237060547,30.864999771118164,30.204999923706055,30.360000610351562,30304200.0,15.620122909545898,23.785539627075195,24.134849548339844,23.71242904663086,23.87489891052246,31145286.0,423.70001220703125,423.70001220703125,425.5,413.20001220703125,418.0,12710.0,4999.39990234375,4999.39990234375,5016.60009765625,4964.0,4986.2998046875,5785452400.0,,,,,
2005-06-03,,,,,,,,,,,,,,,,,,,,,,,,,,,,,,,,,,,,,,,,,,,3.98,12.15,,1.2227,1.8119
2005-06-04,20.42839813232422,35.43000030517578,35.939998626708984,35.20000076293945,35.470001220703125,35828500.0,29.128271102905273,46.0,46.2599983215332,45.560001373291016,45.7400016784668,27481200.0,299.2872314453125,476.3999938964844,481.0,473.1000061035156,475.6000061035156,4120360.0,17.360971450805664,30.655000686645508,31.110000610351562,30.459999084472656,30.635000228881836,26468600.0,15.657474517822266,23.842405319213867,24.045490264892578,23.671812057495117,23.736799240112305,28338481.0,427.3999938964844,427.3999938964844,428.5,422.0,423.6000061035156,1127.0,5030.39990234375,5030.39990234375,5047.2998046875,4976.2001953125,4999.39990234375,6906274000.0,,,,,
2005-06-10,,,,,,,,,,,,,,,,,,,,,,,,,,,,,,,,,,,,,,,,,,,4.05,11.96,,1.2127,1.8128
2005-06-11,20.80317497253418,36.08000183105469,36.20000076293945,35.27000045776367,35.290000915527344,47368000.0,29.533559799194336,46.63999938964844,46.880001068115234,45.630001068115234,45.790000915527344,41593200.0,298.15643310546875,474.6000061035156,478.3999938964844,470.70001220703125,475.0,5845590.0,17.44025993347168,30.795000076293945,31.020000457763672,30.420000076293945,30.59000015258789,27856600.0,15.806843757629395,24.069862365722656,24.10235595703125,23.76116943359375,23.801786422729492,30331964.0,438.29998779296875,438.29998779296875,439.29998779296875,426.5,428.29998779296875,345.0,5077.60009765625,5077.60009765625,5098.5,5013.39990234375,5030.39990234375,7835161700.0,,,,,
2005-06-17,,,,,,,,,,,,,,,,,,,,,,,,,,,,,,,,,,,,,,,,,,,4.09,11.48,,1.224,1.8266
2005-06-18,20.509122848510742,35.56999969482422,36.43000030517578,35.400001525878906,35.900001525878906,46324200.0,29.60319709777832,46.75,47.439998626708984,46.29999923706055,46.41999816894531,54515200.0,294.95233154296875,469.5,475.3999938964844,467.8999938964844,472.5,5569960.0,17.19390296936035,30.360000610351562,31.03499984741211,30.0,30.75,32682400.0,15.728960990905762,23.809911727905273,24.22420883178711,23.7692928314209,24.045490264892578,19215049.0,440.5,440.5,442.5,437.5,440.0,252.0,5079.0,5079.0,5121.89990234375,5057.89990234375,5077.60009765625,7056345600.0,,,,,
2005-06-24,,,,,,,,,,,,,,,,,,,,,,,,,,,,,,,,,,,,,,,,,,,3.92,12.18,,1.2088,1.8221
2005-06-25,20.215057373046875,35.060001373291016,36.099998474121094,35.0099983215332,35.58000183105469,42134200.0,28.482393264770508,44.97999954223633,47.08000183105469,44.560001373291016,46.75,103510000.0,289.98944091796875,461.6000061035156,471.70001220703125,460.70001220703125,467.6000061035156,5621740.0,17.349645614624023,30.635000228881836,31.075000762939453,30.270000457763672,30.334999084472656,39932400.0,15.830925941467285,23.964256286621094,24.248577117919922,23.720552444458008,23.842405319213867,20702589.0,427.79998779296875,427.79998779296875,440.70001220703125,427.79998779296875,440.70001220703125,10.0,5161.0,5161.0,5162.60009765625,5036.89990234375,5079.0,8390242800.0,,,,,
2005-07-01,,,,,,,,,,,,,,,,,,,,,,,,,,,,,,,,,,,,,,,,,,,4.06,11.4,,1.1957,1.7708
2005-07-02,20.266000747680664,34.810001373291016,35.279998779296875,34.29999923706055,35.0,38894600.0,28.590030670166016,45.150001525878906,45.220001220703125,44.29999923706055,45.099998474121094,81027000.0,292.1882629394531,465.1000061035156,468.1000061035156,457.8999938964844,461.0,5211200.0,17.349645614624023,30.635000228881836,30.75,30.125,30.584999084472656,32664800.0,16.034847259521484,24.27294921875,24.289196014404297,23.696182250976562,24.004873275756836,19287802.0,422.8999938964844,422.8999938964844,423.79998779296875,422.8999938964844,422.8999938964844,141.0,5232.2001953125,5232.2001953125,5237.60009765625,5022.10009765625,5161.0,8332808600.0,,,,,
2005-07-08,,,,,,,,,,,,,,,,,,,,,,,,,,,,,,,,,,,,,,,,,,,4.11,11.45,,1.1934,1.736
2005-07-09,20.877302169799805,35.86000061035156,35.95000076293945,34.75,34.810001373291016,50430900.0,29.11561393737793,45.97999954223633,46.04999923706055,45.0,45.279998779296875,72092500.0,291.6229248046875,464.20001220703125,466.20001220703125,455.8999938964844,465.1000061035156,7845250.0,17.802717208862305,31.434999465942383,31.434999465942383,30.6200008392334,30.684999465942383,38376800.0,16.297794342041016,24.67099952697754,24.695369720458984,24.216083526611328,24.370431900024414,28087604.0,420.70001220703125,420.70001220703125,426.29998779296875,419.6000061035156,425.5,140.0,5230.89990234375,5230.89990234375,5283.89990234375,5216.2001953125,5232.2001953125,8686631700.0,,,,,
2005-07-15,,,,,,,,,,,,,,,,,,,,,,,,,,,,,,,,,,,,,,,,,,,4.18,10.33,,1.2037,1.7533
2005-07-16,20.72593116760254,35.599998474121094,35.709999084472656,34.84000015258789,35.66999816894531,50567200.0,28.400074005126953,44.849998474121094,45.59000015258789,44.5099983215332,45.290000915527344,70848400.0,279.058349609375,444.20001220703125,458.0,441.0,457.0,14165630.0,17.485567092895508,30.875,31.420000076293945,30.559999465942383,31.420000076293945,40507800.0,16.17974090576172,24.49228286743164,24.638505935668945,24.313566207885742,24.581640243530273,34158404.0,424.70001220703125,424.70001220703125,425.3999938964844,419.70001220703125,420.3999938964844,0.0,5241.7998046875,5241.7998046875,5258.39990234375,5180.2001953125,5230.7998046875,8831400900.0,,,,,
2005-07-22,,,,,,,,,,,,,,,,,,,,,,,,,,,,,,,,,,,,,,,,,,,4.23,10.52,,1.2079,1.7413
2005-07-23,20.4581241607666,35.13999938964844,35.650001525878906,35.06999969482422,35.54999923706055,36880800.0,27.608539581298828,43.599998474121094,45.06999969482422,43.599998474121094,44.91999816894531,73603700.0,273.27862548828125,435.0,447.8999938964844,435.0,445.5,9035730.0,17.369476318359375,30.670000076293945,31.149999618530273,30.645000457763672,30.825000762939453,32066400.0,16.06167984008789,24.313566207885742,24.581640243530273,24.305442810058594,24.4516658782959,27822200.0,429.8999938964844,429.8999938964844,430.5,423.3999938964844,425.70001220703125,44293.0,5282.2998046875,5282.2998046875,5308.60009765625,5241.7998046875,5241.7998046875,8538972600.0,,,,,
2005-07-29,,,,,,,,,,,,,,,,,,,,,,,,,,,,,,,,,,,,,,,,,,,4.28,11.57,,1.2129,1.7593
2005-07-30,20.522165298461914,35.25,35.650001525878906,35.150001525878906,35.31999969482422,42551500.0,27.386920928955078,43.25,44.04999923706055,43.13999938964844,43.77000045776367,59636100.0,276.8394775390625,436.29998779296875,441.0,435.0,436.0,8094510.0,17.09480094909668,30.184999465942383,30.954999923706055,30.094999313354492,30.725000381469727,30295200.0,15.906049728393555,24.077985763549805,24.532899856567383,24.05361557006836,24.467912673950195,25236116.0,437.20001220703125,437.20001220703125,439.0,429.1000061035156,430.0,1434.0,5314.7998046875,5314.7998046875,5341.7998046875,5282.2998046875,5282.2998046875,7110694400.0,,,,,
2005-08-05,,,,,,,,,,,,,,,,,,,,,,,,,,,,,,,,,,,,,,,,,,,4.4,12.48,,1.2327,1.7748
2005-08-06,19.974897384643555,34.310001373291016,35.43000030517578,34.290000915527344,35.310001373291016,39690200.0,27.03230094909668,42.689998626708984,43.45000076293945,42.45000076293945,43.34000015258789,58124000.0,276.77593994140625,436.20001220703125,440.5,430.20001220703125,435.5,7252330.0,17.182931900024414,30.084999084472656,30.479999542236328,30.0,30.190000534057617,31963600.0,15.943617820739746,24.134849548339844,24.386676788330078,23.948009490966797,24.077985763549805,27455362.0,445.8999938964844,445.8999938964844,449.5,432.5,437.0,765.0,5345.7998046875,5345.7998046875,5386.39990234375,5314.7001953125,5314.7001953125,6255357800.0,,,,,
2005-08-12,,,,,,,,,,,,,,,,,,,,,,,,,,,,,,,,,,,,,,,,,,,4.24,12.74,,1.2428,1.8148
2005-08-13,20.108810424804688,34.540000915527344,34.9900016784668,34.25,34.27000045776367,40113900.0,27.62120246887207,43.619998931884766,44.150001525878906,42.689998626708984,42.81999969482422,64910900.0,280.20233154296875,441.6000061035156,444.29998779296875,435.20001220703125,436.5,6645140.0,17.314298629760742,30.315000534057617,30.459999084472656,29.895000457763672,30.084999084472656,30266200.0,15.965083122253418,24.167343139648438,24.354183197021484,24.012998580932617,24.1104793548584,52214097.0,437.20001220703125,437.20001220703125,443.29998779296875,438.0,441.3999938964844,690.0,5312.60009765625,5312.60009765625,5367.7998046875,5263.7001953125,5345.7998046875,7224375900.0,,,,,
2005-08-19,,,,,,,,,,,,,,,,,,,,,,,,,,,,,,,,,,,,,,,,,,,4.21,13.42,,1.2147,1.7933
2005-08-20,19.59065818786621,33.650001525878906,34.779998779296875,33.630001068115234,34.59000015258789,44649500.0,27.127288818359375,42.84000015258789,43.959999084472656,42.619998931884766,43.790000915527344,45030400.0,273.47650146484375,431.0,444.0,429.5,442.79998779296875,7990040.0,16.788846969604492,29.395000457763672,30.614999771118164,29.389999389648438,30.40999984741211,41078200.0,15.637736320495605,23.671812057495117,24.337936401367188,23.671812057495117,24.167343139648438,52224684.0,437.3999938964844,437.3999938964844,439.70001220703125,437.0,437.0,149.0,5228.10009765625,5228.10009765625,5329.7001953125,5228.10009765625,5312.60009765625,5496052500.0,,,,,
2005-08-26,,,,,,,,,,,,,,,,,,,,,,,,,,,,,,,,,,,,,,,,,,,4.2,13.72,,1.2324,1.8066
2005-08-27,19.858463287353516,34.11000061035156,34.41999816894531,33.310001373291016,33.43000030517578,43336700.0,27.171621322631836,42.90999984741211,43.63999938964844,42.52000045776367,42.7599983215332,60922900.0,278.42578125,438.79998779296875,441.29998779296875,429.1000061035156,430.0,7514660.0,16.931629180908203,29.645000457763672,30.114999771118164,29.100000381469727,29.219999313354492,46205400.0,15.825556755065918,23.956132888793945,24.086109161376953,23.31437873840332,23.671812057495117,73394313.0,444.20001220703125,444.20001220703125,444.20001220703125,431.20001220703125,438.5,55.0,5326.89990234375,5326.89990234375,5342.10009765625,5228.10009765625,5228.10009765625,5605106000.0,,,,,
2005-09-02,,,,,,,,,,,,,,,,,,,,,,,,,,,,,,,,,,,,,,,,,,,4.03,13.57,,1.2538,1.8403
2005-09-03,20.271818161010742,34.81999969482422,34.939998626708984,34.25,34.25,35769500.0,27.516155242919922,42.95000076293945,43.40999984741211,42.90999984741211,43.06999969482422,45612300.0,283.0577087402344,446.1000061035156,449.0,440.0,440.0,5386600.0,17.082984924316406,29.90999984741211,30.125,29.625,29.815000534057617,33301600.0,16.02947425842285,24.26482582092285,24.305442810058594,24.029245376586914,24.045490264892578,36822410.0,449.0,449.0,449.0,444.3999938964844,444.3999938964844,1022.0,5359.2998046875,5359.2998046875,5376.10009765625,5320.60009765625,5326.7998046875,6243279300.0,,,,,
2005-09-09,,,,,,,,,,,,,,,,,,,,,,,,,,,,,,,,,,,,,,,,,,,4.14,11.98,,1.2433,1.84
2005-09-10,20.370792388916016,34.9900016784668,35.0,34.04999923706055,34.790000915527344,59012600.0,27.983856201171875,43.68000030517578,43.689998626708984,42.5,42.900001525878906,69907500.0,288.3875732421875,454.5,454.5,447.5,452.1000061035156,8172910.0,17.125822067260742,29.985000610351562,29.989999771118164,29.200000762939453,29.950000762939453,66460600.0,16.072412490844727,24.32981300354004,24.337936401367188,24.029245376586914,24.32981300354004,40567604.0,459.5,459.5,459.5,446.1000061035156,449.70001220703125,30.0,5407.89990234375,5407.89990234375,5418.7001953125,5327.10009765625,5359.2998046875,7552976100.0,,,,,
2005-09-16,,,,,,,,,,,,,,,,,,,,,,,,,,,,,,,,,,,,,,,,,,,4.26,11.22,,1.2214,1.8035
2005-09-17,19.835186004638672,34.06999969482422,34.95000076293945,33.790000915527344,34.880001068115234,51033400.0,27.054889678955078,42.22999954223633,43.68000030517578,41.810001373291016,43.68000030517578,69907600.0,287.0550231933594,452.3999938964844,458.70001220703125,446.0,452.79998779296875,6660320.0,16.840248107910156,29.485000610351562,29.989999771118164,29.040000915527344,29.899999618530273,53593600.0,15.842174530029297,23.842405319213867,24.370431900024414,23.395612716674805,24.370431900024414,67924611.0,463.5,463.5,468.8999938964844,466.20001220703125,466.70001220703125,14.0,5413.60009765625,5413.60009765625,5446.60009765625,5354.2998046875,5407.89990234375,7886336200.0,,,,,
2005-09-23,,,,,,,,,,,,,,,,,,,,,,,,,,,,,,,,,,,,,,,,,,,4.25,12.96,,1.2077,1.7788
2005-09-24,19.75368309020996,33.93000030517578,34.380001068115234,33.5,34.25,48657000.0,26.971616744995117,42.099998474121094,42.720001220703125,41.130001068115234,42.599998474121094,74725100.0,288.831787109375,455.20001220703125,458.1000061035156,449.20001220703125,454.0,6063340.0,16.726011276245117,29.28499984741211,29.649999618530273,29.0,29.584999084472656,45821000.0,15.93393325805664,23.98050308227539,24.240455627441406,23.590576171875,23.88302230834961,38168140.0,469.0,469.0,474.0,462.6000061035156,463.8999938964844,10731.0,5477.7001953125,5477.7001953125,5508.39990234375,5413.60009765625,5413.60009765625,7723287700.0,,,,,
2005-09-30,,,,,,,,,,,,,,,,,,,,,,,,,,,,,,,,,,,,,,,,,,,4.34,11.92,,1.2058,1.7696
2005-10-01,19.7362117767334,33.900001525878906,34.43000030517578,33.41999816894531,34.189998626708984,63823700.0,27.08052635192871,42.27000045776367,42.77000045776367,41.86000061035156,42.470001220703125,60894400.0,288.13372802734375,454.1000061035156,460.3999938964844,450.79998779296875,457.3999938964844,6654410.0,16.726011276245117,29.28499984741211,29.530000686645508,28.825000762939453,29.25,43182600.0,15.7288236618042,23.671812057495117,24.386676788330078,23.468725204467773,24.086109161376953,46820346.0,474.70001220703125,474.70001220703125,475.5,463.5,467.79998779296875,1268.0,5362.2998046875,5362.2998046875,5515.0,5355.7001953125,5477.7001953125,8400955800.0,,,,,
2005-10-07,,,,,,,,,,,,,,,,,,,,,,,,,,,,,,,,,,,,,,,,,,,4.35,14.59,,1.2115,1.7599
2005-10-08,20.04071617126465,34.08000183105469,34.189998626708984,32.91999816894531,34.0,56281500.0,26.9395694732666,42.04999923706055,42.45000076293945,41.380001068115234,42.400001525878906,60785500.0,285.78607177734375,450.3999938964844,456.29998779296875,442.8999938964844,453.6000061035156,7097410.0,16.843101501464844,29.489999771118164,29.610000610351562,28.809999465942383,29.260000228881836,44948400.0,15.691034317016602,23.614946365356445,23.76116943359375,23.09504508972168,23.76116943359375,60797981.0,469.20001220703125,469.20001220703125,478.5,467.0,474.79998779296875,557.0,5275.0,5275.0,5404.39990234375,5245.60009765625,5362.2998046875,8553762600.0,,,,,
2005-10-14,,,,,,,,,,,,,,,,,,,,,,,,,,,,,,,,,,,,,,,,,,,4.48,14.87,,1.2073,1.7677
2005-10-15,20.658159255981445,35.130001068115234,35.189998626708984,33.7400016784668,34.209999084472656,70494500.0,27.074106216430664,42.2599983215332,42.9900016784668,41.56999969482422,42.099998474121094,78015000.0,281.1540222167969,443.1000061035156,455.79998779296875,440.0,453.5,8649590.0,16.894506454467773,29.579999923706055,29.940000534057617,29.25,29.549999237060547,54965600.0,15.847570419311523,23.850528717041016,24.086109161376953,23.379365921020508,23.639318466186523,60472014.0,467.0,467.0,475.0,460.5,473.0,95.0,5142.10009765625,5142.10009765625,5303.2001953125,5130.89990234375,5275.0,8253846800.0,,,,,
2005-10-21,,,,,,,,,,,,,,,,,,,,,,,,,,,,,,,,,,,,,,,,,,,4.39,16.13,,1.1958,1.7692
2005-10-22,21.42850112915039,36.439998626708984,36.47999954223633,35.25,35.2599983215332,63492400.0,28.1760311126709,43.97999954223633,43.97999954223633,42.4900016784668,42.5099983215332,60943500.0,291.242919921875,459.0,459.79998779296875,444.70001220703125,445.70001220703125,7239590.0,17.32286262512207,30.329999923706055,30.329999923706055,29.75,29.799999237060547,45270200.0,16.3603515625,24.622257232666016,24.622257232666016,23.907392501831055,23.964256286621094,75585002.0,473.0,473.0,475.5,465.0,465.5,185.0,5213.39990234375,5213.39990234375,5236.5,5140.10009765625,5142.10009765625,7056029800.0,,,,,
2005-10-28,,,,,,,,,,,,,,,,,,,,,,,,,,,,,,,,,,,,,,,,,,,4.58,14.25,,1.2089,1.7781
2005-10-29,21.94009780883789,37.310001373291016,37.4900016784668,36.400001525878906,36.5,68731500.0,28.336206436157227,44.22999954223633,44.380001068115234,43.27000045776367,44.0,72117700.0,289.33941650390625,456.0,462.5,452.1000061035156,460.0,9383390.0,17.054428100585938,29.860000610351562,30.329999923706055,29.635000228881836,30.325000762939453,52470800.0,16.53307342529297,24.88220977783203,25.06092643737793,24.532899856567383,24.630382537841797,53768480.0,456.29998779296875,456.29998779296875,471.1000061035156,455.29998779296875,471.1000061035156,12.0,5423.60009765625,5423.60009765625,5446.39990234375,5213.39990234375,5213.39990234375,10325109300.0,,,,,
2005-11-04,,,,,,,,,,,,,,,,,,,,,,,,,,,,,,,,,,,,,,,,,,,4.66,13.17,,1.1828,1.751
2005-11-05,22.49875259399414,38.2599983215332,38.40999984741211,37.209999084472656,37.459999084472656,52807100.0,29.124197006225586,45.459999084472656,45.599998474121094,44.16999816894531,44.400001525878906,52818200.0,307.53851318359375,480.0,480.70001220703125,457.5,458.0,8923720.0,17.90381622314453,31.075000762939453,31.09000015258789,29.924999237060547,30.0049991607666,42850200.0,17.062044143676758,25.67831039428711,25.73517417907715,24.89033317565918,25.020309448242188,56246360.0,468.29998779296875,468.29998779296875,468.29998779296875,458.5,459.0,210.0,5465.10009765625,5465.10009765625,5481.7001953125,5415.5,5423.60009765625,8896997200.0,,,,,
2005-11-11,,,,,,,,,,,,,,,,,,,,,,,,,,,,,,,,,,,,,,,,,,,4.55,11.63,,1.174,1.7462
2005-11-12,22.363502502441406,38.029998779296875,38.25,37.45000076293945,37.97999954223633,54186200.0,29.188282012939453,45.560001373291016,45.970001220703125,44.88999938964844,45.310001373291016,58046800.0,310.1653137207031,484.1000061035156,484.70001220703125,471.6000061035156,479.6000061035156,7443000.0,18.00753402709961,31.2549991607666,31.364999771118164,30.405000686645508,31.040000915527344,52879600.0,17.110628128051758,25.751422882080078,26.482534408569336,25.255889892578125,25.702680587768555,66020869.0,485.6000061035156,485.6000061035156,486.0,468.1000061035156,468.29998779296875,126.0,5498.89990234375,5498.89990234375,5531.60009765625,5391.7001953125,5465.10009765625,9210860600.0,,,,,
2005-11-18,,,,,,,,,,,,,,,,,,,,,,,,,,,,,,,,,,,,,,,,,,,4.5,11.12,,1.1741,1.7147
2005-11-19,22.851585388183594,38.86000061035156,38.9900016784668,37.52000045776367,38.0,37893500.0,30.10441017150879,46.9900016784668,47.04999923706055,45.5099983215332,45.599998474121094,53219500.0,317.2772521972656,495.20001220703125,497.6000061035156,480.29998779296875,483.1000061035156,5109330.0,18.534698486328125,32.16999816894531,32.349998474121094,31.15999984741211,31.190000534057617,34727200.0,17.51544189453125,26.360681533813477,26.441917419433594,25.710803985595703,25.79203987121582,36950804.0,492.1000061035156,492.1000061035156,492.6000061035156,485.6000061035156,485.6000061035156,38.0,5523.7998046875,5523.7998046875,5539.0,5486.2001953125,5498.89990234375,7642802700.0,,,,,
2005-11-25,,,,,,,,,,,,,,,,,,,,,,,,,,,,,,,,,,,,,,,,,,,4.43,10.88,,1.1724,1.7155
2005-11-26,22.92801856994629,38.9900016784668,39.18000030517578,38.220001220703125,39.0,61002200.0,29.553455352783203,46.130001068115234,47.150001525878906,45.7599983215332,47.0099983215332,65929800.0,312.47198486328125,487.70001220703125,496.0,485.29998779296875,494.8999938964844,7928420.0,18.091060638427734,31.399999618530273,32.27000045776367,31.299999237060547,32.16999816894531,45024200.0,17.33193016052246,26.084484100341797,26.441917419433594,25.824533462524414,26.441917419433594,84208772.0,503.29998779296875,503.29998779296875,507.0,490.5,502.20001220703125,161532.0,5528.10009765625,5528.10009765625,5554.89990234375,5423.2001953125,5523.7998046875,9059696600.0,,,,,
2005-12-02,,,,,,,,,,,,,,,,,,,,,,,,,,,,,,,,,,,,,,,,,,,4.52,11.01,,1.1699,1.7304
2005-12-03,23.004472732543945,39.119998931884766,39.29999923706055,38.31999969482422,38.83000183105469,45617600.0,29.723787307739258,45.900001525878906,46.72999954223633,45.41999816894531,45.93000030517578,56244700.0,313.36895751953125,489.1000061035156,493.6000061035156,482.5,485.70001220703125,6519600.0,18.036333084106445,31.30500030517578,31.8700008392334,30.975000381469727,31.399999618530273,36935600.0,17.218582153320312,25.913890838623047,26.222583770751953,25.629568099975586,25.995126724243164,52458326.0,527.0,527.0,531.0,503.5,504.5,2945.0,5517.39990234375,5517.39990234375,5574.0,5492.7998046875,5528.10009765625,9427181600.0,,,,,
2005-12-09,,,,,,,,,,,,,,,,,,,,,,,,,,,,,,,,,,,,,,,,,,,4.54,11.69,,1.1824,1.7554
2005-12-10,23.398466110229492,39.790000915527344,39.880001068115234,38.88999938964844,39.13999938964844,47953000.0,30.416704177856445,46.970001220703125,47.25,45.61000061035156,45.97999954223633,68502100.0,316.3160705566406,493.70001220703125,497.0,484.29998779296875,490.0,9112240.0,18.36473274230957,31.875,32.2400016784668,31.049999237060547,31.30500030517578,44154400.0,17.261756896972656,25.978879928588867,26.279447555541992,25.710803985595703,25.922014236450195,55792367.0,503.3999938964844,503.3999938964844,538.5,495.20001220703125,526.5,2944.0,5531.60009765625,5531.60009765625,5552.60009765625,5489.2998046875,5517.39990234375,8521141100.0,,,,,
2005-12-16,,,,,,,,,,,,,,,,,,,,,,,,,,,,,,,,,,,,,,,,,,,4.45,10.68,,1.2012,1.7716
2005-12-17,23.639570236206055,40.20000076293945,40.41999816894531,39.41999816894531,39.709999084472656,52034200.0,30.39726448059082,46.939998626708984,47.04999923706055,46.31999969482422,46.68000030517578,57122600.0,315.4831848144531,492.3999938964844,497.29998779296875,489.5,492.5,5185300.0,18.445411682128906,32.01499938964844,32.10499954223633,31.625,31.875,29947600.0,17.488399505615234,26.149471282958984,26.18196678161621,25.73517417907715,25.930137634277344,31344214.0,503.0,503.0,509.5,490.1000061035156,509.5,1995.0,5595.5,5595.5,5608.2001953125,5524.7001953125,5531.60009765625,5553987700.0,,,,,
2005-12-23,,,,,,,,,,,,,,,,,,,,,,,,,,,,,,,,,,,,,,,,,,,4.38,10.27,,1.1857,1.7326
2005-12-24,23.339658737182617,39.689998626708984,40.560001373291016,39.47999954223633,40.400001525878906,33236800.0,29.88568687438965,46.150001525878906,47.25,45.90999984741211,46.58000183105469,38480600.0,310.9342346191406,485.29998779296875,494.3999938964844,482.20001220703125,494.20001220703125,3915670.0,18.099714279174805,31.415000915527344,32.15999984741211,31.21500015258789,32.02000045776367,19235200.0,17.205886840820312,25.72705078125,26.28757095336914,25.653940200805664,26.28757095336914,23757931.0,517.0999755859375,517.0999755859375,517.2999877929688,506.0,508.70001220703125,81.0,5618.7998046875,5618.7998046875,5647.2001953125,5591.89990234375,5595.39990234375,1523800800.0,,,,,
2005-12-30,,,,,,,,,,,,,,,,,,,,,,,,,,,,,,,,,,,,,,,,,,,4.39,12.07,,1.1842,1.7188
2005-12-31,23.53371810913086,40.02000045776367,40.36000061035156,39.29999923706055,39.83000183105469,42406400.0,30.157665252685547,46.56999969482422,47.2400016784668,46.150001525878906,46.91999816894531,61625100.0,311.51092529296875,486.20001220703125,493.79998779296875,481.1000061035156,490.0,5921930.0,18.25238800048828,31.68000030517578,31.975000381469727,31.19499969482422,31.600000381469727,40448200.0,17.640520095825195,26.376928329467773,26.40130043029785,25.645816802978516,25.72705078125,52743303.0,539.7000122070312,539.7000122070312,539.7000122070312,518.5999755859375,518.5999755859375,35.0,5731.7998046875,5731.7998046875,5731.7998046875,5618.7998046875,5618.7998046875,7600848800.0,,,,,
2006-01-06,,,,,,,,,,,,,,,,,,,,,,,,,,,,,,,,,,,,,,,,,,,4.38,11.0,,1.2148,1.7697
2006-01-07,23.67519187927246,39.91999816894531,40.869998931884766,39.650001525878906,39.880001068115234,68713500.0,29.65903091430664,45.79999923706055,46.970001220703125,45.68000030517578,46.720001220703125,67333700.0,313.43304443359375,489.20001220703125,495.79998779296875,480.79998779296875,486.0,6901860.0,18.220699310302734,31.625,31.895000457763672,31.43000030517578,31.674999237060547,37953600.0,17.667682647705078,26.41754722595215,26.75873374938965,26.28757095336914,26.385053634643555,40491776.0,556.0999755859375,556.0999755859375,548.7999877929688,539.7000122070312,539.7000122070312,12.0,5711.0,5711.0,5750.2998046875,5686.10009765625,5731.7998046875,8857711800.0,,,,,
2006-01-13,,,,,,,,,,,,,,,,,,,,,,,,,,,,,,,,,,,,,,,,,,,4.36,11.23,,1.2103,1.7715
2006-01-14,22.566158294677734,38.04999923706055,39.81999969482422,37.880001068115234,39.47999954223633,60748400.0,28.616436004638672,44.189998626708984,45.880001068115234,44.16999816894531,45.400001525878906,65007700.0,292.7381591796875,456.8999938964844,487.0,456.29998779296875,485.1000061035156,8926990.0,17.716577529907227,30.75,31.844999313354492,30.75,31.459999084472656,48350600.0,17.015735626220703,25.442729949951172,26.279447555541992,25.426483154296875,26.263200759887695,52889054.0,553.5,553.5,558.4000244140625,543.7000122070312,553.4000244140625,44.0,5672.39990234375,5672.39990234375,5740.2001953125,5634.7998046875,5711.0,9195840300.0,,,,,
2006-01-20,,,,,,,,,,,,,,,,,,,,,,,,,,,,,,,,,,,,,,,,,,,4.37,14.56,,1.2101,1.7663
2006-01-21,23.57437515258789,39.75,40.040000915527344,37.970001220703125,38.13999938964844,66319800.0,29.011459350585938,44.79999923706055,45.15999984741211,43.4900016784668,43.5,82791700.0,300.29852294921875,468.70001220703125,475.5,457.0,460.0,9101410.0,18.0622615814209,31.350000381469727,31.600000381469727,30.65999984741211,30.7549991607666,40098200.0,17.477535247802734,26.133224487304688,26.368806838989258,25.312753677368164,25.345247268676758,66457505.0,558.7000122070312,558.7000122070312,562.2000122070312,555.0,555.0,79965.0,5786.7998046875,5786.7998046875,5788.2001953125,5625.0,5672.39990234375,9945998300.0,,,,,
2006-01-27,,,,,,,,,,,,,,,,,,,,,,,,,,,,,,,,,,,,,,,,,,,4.52,11.97,,1.213,1.7733
2006-01-28,23.443906784057617,39.529998779296875,40.220001220703125,39.400001525878906,39.52000045776367,56463400.0,27.904104232788086,43.09000015258789,45.349998474121094,42.91999816894531,44.75,81659900.0,288.7017517089844,450.6000061035156,470.5,448.1000061035156,468.70001220703125,8778890.0,17.584060668945312,30.520000457763672,31.364999771118164,30.309999465942383,31.350000381469727,43107000.0,17.15699577331543,25.653940200805664,26.133224487304688,25.491470336914062,26.108854293823242,69918708.0,567.4000244140625,567.4000244140625,575.2999877929688,557.5999755859375,559.2000122070312,47269.0,5759.2998046875,5759.2998046875,5816.0,5728.2001953125,5786.7998046875,9400084400.0,,,,,
2006-02-03,,,,,,,,,,,,,,,,,,,,,,,,,,,,,,,,,,,,,,,,,,,4.54,12.96,,1.2021,1.7626
2006-02-04,23.67519187927246,39.91999816894531,40.029998779296875,39.04999923706055,39.400001525878906,42534300.0,28.441577911376953,43.91999816894531,44.04999923706055,43.2400016784668,43.400001525878906,60375500.0,297.61578369140625,459.6000061035156,461.0,450.0,452.6000061035156,6036010.0,17.932357788085938,30.864999771118164,30.969999313354492,30.334999084472656,30.424999237060547,34863200.0,17.341707229614258,25.930137634277344,25.970754623413086,25.523963928222656,25.629568099975586,43944115.0,550.2000122070312,550.2000122070312,574.0,545.5,568.4000244140625,3136.0,5764.10009765625,5764.10009765625,5808.89990234375,5681.89990234375,5759.2998046875,10063330800.0,,,,,
2006-02-10,,,,,,,,,,,,,,,,,,,,,,,,,,,,,,,,,,,,,,,,,,,4.59,12.87,,1.192,1.7454
2006-02-11,24.18523597717285,40.779998779296875,40.81999969482422,39.61000061035156,39.77000045776367,56472000.0,28.920804977416992,44.65999984741211,45.31999969482422,43.29999923706055,43.70000076293945,61909800.0,299.42889404296875,462.3999938964844,465.70001220703125,454.1000061035156,460.6000061035156,7016230.0,18.478500366210938,31.80500030517578,32.02000045776367,30.600000381469727,30.774999618530273,38921400.0,17.6187801361084,26.34443473815918,26.498781204223633,25.71892738342285,25.873273849487305,72491375.0,551.7999877929688,551.7999877929688,552.5,535.5,548.5,1088.0,5846.2001953125,5846.2001953125,5863.2998046875,5760.2998046875,5764.10009765625,8556524000.0,,,,,
2006-02-17,,,,,,,,,,,,,,,,,,,,,,,,,,,,,,,,,,,,,,,,,,,4.54,12.01,,1.1906,1.7403
2006-02-18,24.707136154174805,41.65999984741211,41.83000183105469,40.54999923706055,40.630001068115234,38509700.0,29.607223510742188,45.720001220703125,45.88999938964844,44.41999816894531,44.709999084472656,56288200.0,303.3789367675781,468.5,471.20001220703125,459.70001220703125,462.0,5423310.0,18.757373809814453,32.28499984741211,32.415000915527344,31.545000076293945,31.899999618530273,30950600.0,17.868688583374023,26.718114852905273,26.839967727661133,26.2307071685791,26.29569435119629,55413465.0,558.7999877929688,558.7999877929688,560.0,547.5,550.5,527.0,5860.5,5860.5,5888.0,5829.39990234375,5846.2001953125,8728395100.0,,,,,
2006-02-24,,,,,,,,,,,,,,,,,,,,,,,,,,,,,,,,,,,,,,,,,,,4.58,11.46,,1.1882,1.7448
2006-02-25,24.665616989135742,41.59000015258789,42.09000015258789,40.970001220703125,41.54999923706055,54016000.0,29.264013290405273,45.189998626708984,46.04999923706055,44.900001525878906,45.84000015258789,81502300.0,297.35675048828125,459.20001220703125,471.29998779296875,458.0,470.0,6354000.0,18.539499282836914,31.90999984741211,32.470001220703125,31.709999084472656,32.279998779296875,39298000.0,17.667682647705078,26.41754722595215,26.839967727661133,26.33631134033203,26.726238250732422,65664741.0,566.0,566.0,569.7999877929688,552.5,556.0999755859375,77.0,5858.7001953125,5858.7001953125,5893.2998046875,5783.89990234375,5860.5,10144109400.0,,,,,
2006-03-03,,,,,,,,,,,,,,,,,,,,,,,,,,,,,,,,,,,,,,,,,,,4.68,11.96,,1.2028,1.7531
2006-03-04,24.392812728881836,41.130001068115234,41.810001373291016,40.869998931884766,41.47999954223633,49309400.0,30.084247589111328,45.95000076293945,46.0,44.90999984741211,45.099998474121094,62801100.0,304.2855224609375,469.8999938964844,471.8999938964844,458.0,459.20001220703125,6605680.0,18.664409637451172,32.125,32.415000915527344,31.704999923706055,31.844999313354492,36514200.0,17.732868194580078,26.51502799987793,26.56376838684082,26.2307071685791,26.41754722595215,71637306.0,539.9000244140625,539.9000244140625,554.7999877929688,539.9000244140625,554.7999877929688,36.0,5907.89990234375,5907.89990234375,5924.5,5790.89990234375,5858.7001953125,9359590500.0,,,,,
2006-03-10,,,,,,,,,,,,,,,,,,,,,,,,,,,,,,,,,,,,,,,,,,,4.76,11.85,,1.1886,1.7256
2006-03-11,24.552940368652344,41.400001525878906,41.529998779296875,40.97999954223633,41.45000076293945,63946700.0,30.706222534179688,46.900001525878906,46.97999954223633,45.790000915527344,45.959999084472656,67775300.0,307.0053405761719,474.1000061035156,476.5,466.29998779296875,469.8999938964844,7353020.0,18.89971160888672,32.529998779296875,32.685001373291016,32.08000183105469,32.130001068115234,36800400.0,17.982786178588867,26.888708114624023,27.067424774169922,26.450040817260742,26.5881404876709,76986248.0,554.0999755859375,554.0999755859375,554.4000244140625,541.0,541.0,20.0,5999.39990234375,5999.39990234375,6044.0,5907.89990234375,5907.89990234375,10237953300.0,,,,,
2006-03-17,,,,,,,,,,,,,,,,,,,,,,,,,,,,,,,,,,,,,,,,,,,4.68,12.12,,1.2197,1.7567
2006-03-18,24.96808624267578,42.099998474121094,42.43000030517578,41.0,41.310001373291016,56607300.0,30.706222534179688,46.900001525878906,47.13999938964844,46.400001525878906,46.709999084472656,55464200.0,309.5955505371094,478.1000061035156,480.0,469.0,474.5,6283130.0,18.876480102539062,32.4900016784668,32.755001068115234,32.0,32.540000915527344,30306600.0,17.959075927734375,26.709991455078125,26.945573806762695,26.5881404876709,26.85621452331543,50693687.0,560.0,560.0,560.0,550.0999755859375,555.2000122070312,1402.0,6036.2998046875,6036.2998046875,6039.10009765625,5956.7001953125,5999.39990234375,10031889200.0,,,,,
2006-03-24,,,,,,,,,,,,,,,,,,,,,,,,,,,,,,,,,,,,,,,,,,,4.67,11.19,,1.2034,1.7427
2006-03-25,24.695280075073242,41.63999938964844,42.20000076293945,41.119998931884766,41.86000061035156,50916600.0,29.815805435180664,45.540000915527344,47.0099983215332,45.45000076293945,46.790000915527344,62158200.0,305.8397216796875,472.29998779296875,480.1000061035156,472.1000061035156,476.29998779296875,7141790.0,18.554025650024414,31.934999465942383,32.52000045776367,31.850000381469727,32.32500076293945,40362800.0,17.778820037841797,26.441917419433594,26.774980545043945,26.385053634643555,26.693744659423828,47789267.0,581.7999877929688,581.7999877929688,589.5999755859375,566.5999755859375,567.0,93339.0,5964.60009765625,5964.60009765625,6047.0,5927.2001953125,6036.2998046875,8552998700.0,,,,,
2006-03-31,,,,,,,,,,,,,,,,,,,,,,,,,,,,,,,,,,,,,,,,,,,4.86,11.39,,1.2139,1.7393
2006-04-01,24.73084831237793,41.70000076293945,42.65999984741211,41.5,41.95000076293945,51356500.0,29.94675636291504,45.7400016784668,46.56999969482422,45.65999984741211,45.849998474121094,48107600.0,308.6242370605469,476.6000061035156,484.70001220703125,473.0,474.1000061035156,6472640.0,18.699270248413086,32.185001373291016,32.709999084472656,31.959999084472656,31.989999771118164,33580000.0,17.79521369934082,26.46628761291504,27.010560989379883,26.41754722595215,26.441917419433594,62334764.0,588.4000244140625,588.4000244140625,598.2999877929688,582.0,582.0,4063.0,6026.10009765625,6026.10009765625,6074.2001953125,5964.60009765625,5964.60009765625,9037444700.0,,,,,
2006-04-07,,,,,,,,,,,,,,,,,,,,,,,,,,,,,,,,,,,,,,,,,,,4.97,12.26,,1.2109,1.7407
2006-04-08,25.226009368896484,42.189998626708984,42.41999816894531,41.47999954223633,41.93000030517578,28666300.0,29.940216064453125,45.72999954223633,46.08000183105469,45.45000076293945,45.900001525878906,32469500.0,311.1496276855469,480.5,482.5,473.70001220703125,479.0,4278920.0,18.780616760253906,32.32500076293945,32.48500061035156,32.064998626708984,32.27000045776367,19952400.0,17.7405948638916,26.385053634643555,26.653127670288086,26.23883056640625,26.531274795532227,36064853.0,596.5,596.5,604.0,589.0,589.0,1158.0,6029.39990234375,6029.39990234375,6092.5,5974.5,6026.10009765625,6882406900.0,,,,,
2006-04-14,,,,,,,,,,,,,,,,,,,,,,,,,,,,,,,,,,,,,,,,,,,5.05,12.38,,1.2106,1.751
2006-04-15,25.411367416381836,42.5,42.9900016784668,41.83000183105469,42.279998779296875,50682500.0,30.686588287353516,46.869998931884766,46.95000076293945,45.2599983215332,45.95000076293945,71027100.0,310.8905944824219,480.1000061035156,487.20001220703125,477.8999938964844,484.1000061035156,8350760.0,18.891000747680664,32.51499938964844,32.724998474121094,31.899999618530273,32.25,38825200.0,18.09014892578125,26.90495491027832,27.099918365478516,26.28757095336914,26.433794021606445,46494132.0,632.2000122070312,632.2000122070312,642.0,605.0,605.0,2485.0,6132.7001953125,6132.7001953125,6137.10009765625,6026.10009765625,6029.39990234375,6676046600.0,,,,,
2006-04-21,,,,,,,,,,,,,,,,,,,,,,,,,,,,,,,,,,,,,,,,,,,5.01,11.59,,1.234,1.7817
2006-04-22,27.133359909057617,45.380001068115234,45.900001525878906,42.11000061035156,42.5099983215332,77472600.0,32.68346405029297,49.91999816894531,49.97999954223633,46.709999084472656,46.849998474121094,108454400.0,323.4532775878906,499.5,499.5,471.5,479.79998779296875,10917920.0,19.954221725463867,34.345001220703125,34.55500030517578,32.36000061035156,32.51499938964844,54552800.0,18.548961639404297,27.587326049804688,27.69293212890625,26.596263885498047,27.164907455444336,60479892.0,651.7999877929688,651.7999877929688,651.7999877929688,620.0,634.0,415.0,6023.10009765625,6023.10009765625,6136.5,6023.10009765625,6132.7001953125,8179840200.0,,,,,
2006-04-28,,,,,,,,,,,,,,,,,,,,,,,,,,,,,,,,,,,,,,,,,,,5.07,11.59,,1.2624,1.822
2006-04-29,27.89269256591797,46.650001525878906,46.79999923706055,44.72999954223633,45.380001068115234,72637700.0,33.043556213378906,50.470001220703125,50.5,49.099998474121094,49.84000015258789,89330000.0,329.5547790527344,503.70001220703125,503.70001220703125,492.5,500.0,8366550.0,20.006505966186523,34.435001373291016,34.47999954223633,33.47999954223633,34.42499923706055,44859600.0,18.65821075439453,27.749797821044922,27.782291412353516,27.091794967651367,27.611698150634766,52620450.0,682.2000122070312,682.2000122070312,682.2000122070312,658.0,658.0,14.0,6091.7001953125,6091.7001953125,6100.0,6001.10009765625,6023.10009765625,7083754900.0,,,,,
2006-05-05,,,,,,,,,,,,,,,,,,,,,,,,,,,,,,,,,,,,,,,,,,,5.12,11.62,,1.2733,1.8588
2006-05-06,26.499553680419922,44.31999969482422,46.650001525878906,44.2599983215332,46.599998474121094,54166300.0,32.21206283569336,49.20000076293945,50.439998626708984,49.130001068115234,50.20000076293945,59418000.0,320.52581787109375,489.8999938964844,507.20001220703125,489.5,504.1000061035156,7571330.0,19.660343170166016,33.58000183105469,34.619998931884766,33.51499938964844,34.36000061035156,34648600.0,18.133852005004883,26.969942092895508,27.798538208007812,26.80747413635254,27.790414810180664,54474089.0,710.2999877929688,710.2999877929688,723.0,679.0,679.0,56.0,5912.10009765625,5912.10009765625,6133.5,5912.10009765625,6091.7001953125,8911282400.0,,,,,
2006-05-12,,,,,,,,,,,,,,,,,,,,,,,,,,,,,,,,,,,,,,,,,,,5.19,14.19,,1.2888,1.8911
2006-05-13,25.560832977294922,42.75,44.79999923706055,42.5,44.33000183105469,56754700.0,31.603187561035156,48.27000045776367,49.79999923706055,48.0,49.0,71053500.0,319.2825927734375,488.0,497.20001220703125,485.20001220703125,489.79998779296875,8308090.0,19.338335037231445,33.029998779296875,34.060001373291016,32.834999084472656,33.599998474121094,47638800.0,17.806127548217773,26.482534408569336,27.25426483154297,26.320064544677734,26.921201705932617,50320818.0,656.7000122070312,656.7000122070312,710.2999877929688,679.5999755859375,710.2999877929688,32.0,5657.39990234375,5657.39990234375,5912.10009765625,5618.7001953125,5912.10009765625,10196459300.0,,,,,
2006-05-19,,,,,,,,,,,,,,,,,,,,,,,,,,,,,,,,,,,,,,,,,,,5.05,17.18,,1.275,1.8755
2006-05-20,25.84784698486328,43.22999954223633,43.380001068115234,41.59000015258789,42.75,58756100.0,32.32992172241211,49.380001068115234,49.61000061035156,48.0099983215332,48.27000045776367,75031400.0,324.320556640625,495.70001220703125,497.70001220703125,484.29998779296875,485.5,8043810.0,19.686683654785156,33.625,33.84000015258789,33.0,33.029998779296875,49175800.0,17.991846084594727,26.75873374938965,26.766855239868164,26.07636070251465,26.425670623779297,47231255.0,650.9000244140625,650.9000244140625,673.0,637.0,656.5,80564.0,5791.0,5791.0,5791.0,5510.5,5657.39990234375,9713445000.0,,,,,
2006-05-26,,,,,,,,,,,,,,,,,,,,,,,,,,,,,,,,,,,,,,,,,,,5.06,14.26,,1.2739,1.8566
2006-05-27,26.194612503051758,43.810001373291016,44.20000076293945,42.16999816894531,42.900001525878906,38701500.0,32.251346588134766,49.2599983215332,49.43000030517578,47.900001525878906,49.18000030517578,57896600.0,328.04986572265625,501.3999938964844,502.29998779296875,487.70001220703125,496.0,5749550.0,19.94723129272461,34.06999969482422,34.154998779296875,32.88999938964844,33.404998779296875,45155000.0,18.161161422729492,27.010560989379883,27.067424774169922,26.29569435119629,26.791227340698242,33058382.0,635.5,635.5,664.5,620.0,650.7000122070312,59328.0,5764.60009765625,5764.60009765625,5802.89990234375,5591.5,5791.0,7649769500.0,,,,,
2006-06-02,,,,,,,,,,,,,,,,,,,,,,,,,,,,,,,,,,,,,,,,,,,5.0,14.32,,1.2912,1.8817
2006-06-03,25.17219352722168,42.099998474121094,43.93000030517578,41.25,43.65999984741211,53013200.0,32.27500534057617,48.790000915527344,49.47999954223633,48.029998779296875,49.20000076293945,66125300.0,325.629150390625,497.70001220703125,504.1000061035156,491.70001220703125,500.1000061035156,8192880.0,20.234115600585938,34.560001373291016,34.845001220703125,33.334999084472656,33.94499969482422,55988600.0,17.855289459228516,26.555646896362305,26.961820602416992,26.2469539642334,26.880584716796875,82670145.0,608.2000122070312,608.2000122070312,645.0,606.9000244140625,635.5,2372.0,5655.2001953125,5655.2001953125,5789.7998046875,5562.89990234375,5764.60009765625,8778028600.0,,,,,
2006-06-09,,,,,,,,,,,,,,,,,,,,,,,,,,,,,,,,,,,,,,,,,,,4.98,18.12,,1.2636,1.8426
2006-06-10,24.012250900268555,40.15999984741211,42.22999954223633,39.33000183105469,42.099998474121094,76696700.0,31.368728637695312,47.41999816894531,49.0099983215332,45.86000061035156,48.79999923706055,96473400.0,316.4038391113281,483.6000061035156,499.5,474.70001220703125,499.0,10149490.0,19.511045455932617,33.32500076293945,34.85499954223633,32.67499923706055,34.560001373291016,68566600.0,17.380104064941406,25.84890365600586,26.620634078979492,25.32900047302246,26.56376838684082,78772182.0,578.0,578.0,610.0,555.0,606.0,608.0,5597.39990234375,5597.39990234375,5701.5,5467.39990234375,5655.2001953125,9522855500.0,,,,,
2006-06-16,,,,,,,,,,,,,,,,,,,,,,,,,,,,,,,,,,,,,,,,,,,5.13,17.25,,1.2623,1.8484
2006-06-17,24.436763763427734,40.869998931884766,41.66999816894531,39.75,40.16999816894531,55926500.0,31.36210823059082,47.40999984741211,47.93000030517578,47.0,47.93000030517578,57351900.0,312.34765625,477.3999938964844,490.0,476.5,484.5,6440100.0,19.177326202392578,32.755001068115234,33.619998931884766,32.619998931884766,33.42499923706055,39560400.0,17.371715545654297,25.686433792114258,26.051990509033203,25.613323211669922,25.84890365600586,53205051.0,584.7999877929688,584.7999877929688,588.0,568.0,568.7999877929688,103.0,5692.10009765625,5692.10009765625,5736.7998046875,5585.0,5597.39990234375,6905532600.0,,,,,
2006-06-23,,,,,,,,,,,,,,,,,,,,,,,,,,,,,,,,,,,,,,,,,,,5.23,15.89,,1.2522,1.8204
2006-06-24,25.11240005493164,42.0,42.9900016784668,40.61000061035156,40.66999816894531,67407100.0,31.81855583190918,48.099998474121094,48.810001373291016,47.15999984741211,47.349998474121094,61949800.0,315.68426513671875,482.5,492.8999938964844,475.29998779296875,477.3999938964844,7227600.0,19.63692855834961,33.540000915527344,33.959999084472656,32.56999969482422,32.79999923706055,45179600.0,17.767276763916016,26.271324157714844,26.46628761291504,25.629568099975586,25.72705078125,35082392.0,613.5,613.5,614.5,580.0,583.0,281.0,5833.39990234375,5833.39990234375,5865.7001953125,5633.7998046875,5692.10009765625,7306853900.0,,,,,
2006-06-30,,,,,,,,,,,,,,,,,,,,,,,,,,,,,,,,,,,,,,,,,,,5.15,13.08,,1.2779,1.8491
2006-07-01,25.3575496673584,42.40999984741211,42.869998931884766,42.0,42.04999923706055,34847200.0,32.2816047668457,48.79999923706055,49.310001373291016,48.18000030517578,48.189998626708984,33957100.0,321.11474609375,490.79998779296875,495.8999938964844,485.0,486.0,3619250.0,19.938444137573242,34.05500030517578,34.255001068115234,33.35499954223633,33.55500030517578,25795600.0,17.772764205932617,26.279447555541992,26.5881404876709,26.222583770751953,26.303817749023438,17956967.0,632.7999877929688,632.7999877929688,634.2999877929688,624.0,631.0,106.0,5888.89990234375,5888.89990234375,5908.5,5815.7001953125,5833.39990234375,5933743100.0,,,,,
2006-07-07,,,,,,,,,,,,,,,,,,,,,,,,,,,,,,,,,,,,,,,,,,,5.14,13.97,,1.2822,1.8513
2006-07-08,24.648250579833984,40.88999938964844,43.22999954223633,40.61000061035156,42.540000915527344,42710200.0,31.957490921020508,48.310001373291016,49.27000045776367,47.59000015258789,49.119998931884766,49473700.0,311.30059814453125,475.79998779296875,497.29998779296875,474.1000061035156,493.29998779296875,6202570.0,19.83892059326172,33.8849983215332,34.56999969482422,33.75,34.17499923706055,42874600.0,17.371715545654297,25.686433792114258,26.547521591186523,25.580829620361328,26.33631134033203,36951049.0,666.5999755859375,666.5999755859375,666.5999755859375,632.7999877929688,632.7999877929688,30.0,5707.60009765625,5707.60009765625,5901.0,5707.60009765625,5888.89990234375,6076306100.0,,,,,
2006-07-14,,,,,,,,,,,,,,,,,,,,,,,,,,,,,,,,,,,,,,,,,,,5.07,18.05,,1.2641,1.8364
2006-07-15,26.01056671142578,43.150001525878906,43.470001220703125,40.400001525878906,40.810001373291016,80179700.0,33.168052673339844,50.13999938964844,50.2599983215332,47.790000915527344,48.11000061035156,79461200.0,307.0478515625,469.29998779296875,475.1000061035156,462.20001220703125,469.1000061035156,11582830.0,20.840084075927734,35.595001220703125,35.994998931884766,33.875,33.88999938964844,77982400.0,17.734302520751953,26.222583770751953,26.56376838684082,25.540210723876953,25.613323211669922,86762112.0,619.5999755859375,619.5999755859375,677.0,628.2999877929688,675.0999755859375,760.0,5719.7001953125,5719.7001953125,5819.7001953125,5654.60009765625,5707.60009765625,7374858600.0,,,,,
2006-07-21,,,,,,,,,,,,,,,,,,,,,,,,,,,,,,,,,,,,,,,,,,,5.05,17.4,,1.2684,1.8586
2006-07-22,27.415071487426758,45.47999954223633,45.540000915527344,43.349998474121094,43.400001525878906,67360700.0,34.17354965209961,51.65999984741211,51.900001525878906,50.13999938964844,50.150001525878906,67644400.0,316.2076721191406,483.29998779296875,488.29998779296875,470.0,471.0,7821540.0,21.197229385375977,36.20500183105469,36.290000915527344,34.970001220703125,35.6150016784668,52481800.0,18.201290130615234,26.91307830810547,27.010560989379883,26.263200759887695,26.33631134033203,49713443.0,634.7999877929688,634.7999877929688,636.5999755859375,612.7000122070312,619.5999755859375,95265.0,5974.89990234375,5974.89990234375,5982.5,5719.7001953125,5719.7001953125,7551435200.0,,,,,
2006-07-28,,,,,,,,,,,,,,,,,,,,,,,,,,,,,,,,,,,,,,,,,,,5.0,14.33,,1.2748,1.8645
2006-07-29,27.198078155517578,45.119998931884766,46.099998474121094,44.119998931884766,45.099998474121094,62234300.0,34.6101188659668,52.31999969482422,52.75,51.08000183105469,51.63999938964844,62941200.0,317.31982421875,485.0,490.29998779296875,480.70001220703125,483.29998779296875,7178260.0,21.36994743347168,36.5,36.88999938964844,35.834999084472656,35.97999954223633,48852000.0,18.267213821411133,27.010560989379883,27.457351684570312,26.63688087463379,26.969942092895508,51297371.0,644.0,644.0,656.0,627.0,634.5,5483.0,5889.39990234375,5889.39990234375,5977.2001953125,5827.10009765625,5974.89990234375,7181157800.0,,,,,
2006-08-04,,,,,,,,,,,,,,,,,,,,,,,,,,,,,,,,,,,,,,,,,,,4.91,14.34,,1.2894,1.9098
2006-08-05,26.480758666992188,43.93000030517578,45.720001220703125,43.5,45.0,44665100.0,34.001548767089844,51.400001525878906,52.68000030517578,50.70000076293945,52.20000076293945,57553900.0,314.85986328125,476.3999938964844,488.70001220703125,472.20001220703125,483.3999938964844,5268970.0,20.530187606811523,34.79499816894531,36.505001068115234,34.29999923706055,36.5,54687800.0,17.915603637695312,26.490657806396484,27.099918365478516,26.328187942504883,27.010560989379883,43593527.0,633.5,633.5,654.5,626.0,651.2000122070312,970.0,5820.10009765625,5820.10009765625,5889.39990234375,5752.60009765625,5889.39990234375,7098240400.0,,,,,
2006-08-11,,,,,,,,,,,,,,,,,,,,,,,,,,,,,,,,,,,,,,,,,,,4.97,14.3,,1.2757,1.8952
2006-08-12,27.553714752197266,45.709999084472656,45.709999084472656,43.709999084472656,44.29999923706055,42256000.0,34.722591400146484,52.4900016784668,52.5,51.02000045776367,51.599998474121094,48635200.0,321.20452880859375,486.0,487.1000061035156,474.70001220703125,479.5,5697590.0,20.733753204345703,35.13999938964844,35.849998474121094,34.5,35.540000915527344,34792000.0,18.42654037475586,27.24614143371582,27.30300521850586,26.474411010742188,26.62875747680664,37433603.0,612.0999755859375,612.0999755859375,631.0,609.0,629.9000244140625,874.0,5903.39990234375,5903.39990234375,5932.5,5820.10009765625,5820.10009765625,6988622900.0,,,,,
2006-08-18,,,,,,,,,,,,,,,,,,,,,,,,,,,,,,,,,,,,,,,,,,,4.84,11.64,,1.281,1.8808
2006-08-19,27.439193725585938,45.52000045776367,45.970001220703125,45.11000061035156,45.40999984741211,33765300.0,34.48442840576172,52.130001068115234,52.709999084472656,51.86000061035156,52.36000061035156,43165500.0,321.46905517578125,486.3999938964844,488.0,482.29998779296875,485.5,5316190.0,20.592145919799805,34.900001525878906,35.31999969482422,34.58000183105469,35.119998931884766,33633800.0,18.2562255859375,26.994314193725586,27.213647842407227,26.969942092895508,27.213647842407227,25084457.0,622.0,622.0,628.0,613.5999755859375,613.5999755859375,364.0,5878.60009765625,5878.60009765625,5939.2001953125,5832.5,5903.39990234375,5555143900.0,,,,,
2006-08-25,,,,,,,,,,,,,,,,,,,,,,,,,,,,,,,,,,,,,,,,,,,4.79,12.31,,1.2767,1.8884
2006-08-26,27.565786361694336,45.72999954223633,46.06999969482422,45.310001373291016,45.400001525878906,36920800.0,34.17354965209961,51.65999984741211,52.38999938964844,51.29999923706055,52.119998931884766,56892700.0,326.2936096191406,493.70001220703125,497.1000061035156,485.1000061035156,485.1000061035156,5907520.0,20.544940948486328,34.81999969482422,35.220001220703125,34.619998931884766,35.0,32926000.0,18.415546417236328,27.229894638061523,27.286758422851562,26.921201705932617,26.969942092895508,40944292.0,624.4000244140625,624.4000244140625,625.9000244140625,610.5,621.7000122070312,126.0,5949.2001953125,5949.2001953125,5967.7001953125,5878.60009765625,5878.60009765625,5376472400.0,,,,,
2006-09-01,,,,,,,,,,,,,,,,,,,,,,,,,,,,,,,,,,,,,,,,,,,4.73,11.96,,1.2833,1.905
2006-09-02,27.282468795776367,45.2599983215332,46.04999923706055,44.68000030517578,45.63999938964844,28267000.0,34.54348373413086,51.65999984741211,51.90999984741211,51.20000076293945,51.619998931884766,38905700.0,321.9978332519531,487.20001220703125,496.79998779296875,484.20001220703125,493.1000061035156,4157320.0,20.63934326171875,34.97999954223633,35.2400016784668,34.5099983215332,34.86000061035156,27769200.0,18.382579803466797,27.181154251098633,27.53858757019043,26.896831512451172,27.25426483154297,32356219.0,609.5999755859375,609.5999755859375,638.5,609.5999755859375,624.4000244140625,355.0,5879.2998046875,5879.2998046875,5991.2001953125,5853.2998046875,5949.10009765625,6042545500.0,,,,,
2006-09-08,,,,,,,,,,,,,,,,,,,,,,,,,,,,,,,,,,,,,,,,,,,4.78,13.16,,1.2673,1.8655
2006-09-09,28.301183700561523,46.95000076293945,47.349998474121094,45.119998931884766,45.59000015258789,53518000.0,34.403072357177734,51.45000076293945,52.0,50.79999923706055,51.099998474121094,60740400.0,325.10400390625,491.8999938964844,495.79998779296875,486.1000061035156,486.8999938964844,6647660.0,21.16448402404785,35.869998931884766,36.02000045776367,34.209999084472656,35.099998474121094,40321000.0,18.76166343688965,27.74167251586914,28.43216896057129,27.099918365478516,27.132413864135742,32005016.0,576.4000244140625,576.4000244140625,591.0,576.4000244140625,590.0,20.0,5877.0,5877.0,5943.7001953125,5820.0,5879.2998046875,8691656500.0,,,,,
2006-09-15,,,,,,,,,,,,,,,,,,,,,,,,,,,,,,,,,,,,,,,,,,,4.8,11.76,,1.2648,1.8783
2006-09-16,28.222822189331055,46.81999969482422,47.4900016784668,46.220001220703125,46.70000076293945,40807600.0,35.0583610534668,52.43000030517578,52.720001220703125,51.2599983215332,51.38999938964844,60460300.0,327.15289306640625,495.0,501.5,491.1000061035156,492.5,6312310.0,21.247085571289062,36.0099983215332,36.4900016784668,35.45000076293945,35.77000045776367,28640300.0,18.907251358032227,27.798538208007812,28.066612243652344,27.603574752807617,27.676685333251953,41140512.0,589.4000244140625,589.4000244140625,589.4000244140625,576.7999877929688,586.2000122070312,2.0,5822.2998046875,5822.2998046875,5911.89990234375,5820.39990234375,5877.0,7569993000.0,,,,,
2006-09-22,,,,,,,,,,,,,,,,,,,,,,,,,,,,,,,,,,,,,,,,,,,4.6,12.59,,1.2796,1.9012
2006-09-23,28.30721092224121,46.959999084472656,47.459999084472656,46.38999938964844,47.11000061035156,52875800.0,35.820640563964844,53.56999969482422,54.0,52.529998779296875,52.720001220703125,61500000.0,328.27642822265625,496.70001220703125,503.5,495.1000061035156,497.5,7699560.0,21.347389221191406,36.18000030517578,36.4900016784668,36.04999923706055,36.290000915527344,30064500.0,19.12826156616211,28.123477935791016,28.391551971435547,27.822908401489258,27.952884674072266,31104662.0,598.5999755859375,598.5999755859375,606.2000122070312,589.9000244140625,589.9000244140625,17189.0,5960.7998046875,5960.7998046875,6002.89990234375,5774.5,5822.2998046875,8393939100.0,,,,,
2006-09-29,,,,,,,,,,,,,,,,,,,,,,,,,,,,,,,,,,,,,,,,,,,4.64,11.98,,1.2687,1.8716
2006-09-30,28.246925354003906,46.86000061035156,47.91999816894531,46.7400016784668,46.959999084472656,63498500.0,36.268646240234375,54.2400016784668,54.869998931884766,53.29999923706055,53.529998779296875,51163100.0,337.39703369140625,510.5,511.79998779296875,492.79998779296875,496.79998779296875,7759050.0,21.441802978515625,36.34000015258789,36.72999954223633,35.83000183105469,36.31999969482422,28267800.0,19.42661476135254,28.562145233154297,28.952070236206055,27.952884674072266,28.08285903930664,44505452.0,572.4000244140625,572.4000244140625,604.0,560.5,598.9000244140625,4899.0,6001.2001953125,6001.2001953125,6016.7001953125,5897.2998046875,5960.7998046875,9484109200.0,,,,,
2006-10-06,,,,,,,,,,,,,,,,,,,,,,,,,,,,,,,,,,,,,,,,,,,4.7,11.56,,1.26,1.8712
2006-10-07,29.238759994506836,48.15999984741211,48.56999969482422,46.689998626708984,46.86000061035156,53983100.0,36.36894989013672,54.38999938964844,54.650001525878906,53.650001525878906,54.08000183105469,46379200.0,332.96893310546875,503.79998779296875,513.2999877929688,497.20001220703125,510.0,9223790.0,21.435897827148438,36.33000183105469,36.56999969482422,36.02000045776367,36.2599983215332,23124500.0,19.60894775390625,28.830219268798828,28.830219268798828,28.237205505371094,28.55402183532715,30124910.0,588.7999877929688,588.7999877929688,585.5,568.0,578.0,243.0,6157.2998046875,6157.2998046875,6170.5,5994.7998046875,6001.2001953125,7860405500.0,,,,,
2006-10-13,,,,,,,,,,,,,,,,,,,,,,,,,,,,,,,,,,,,,,,,,,,4.81,10.75,,1.2502,1.8551
2006-10-14,28.607364654541016,47.119998931884766,48.209999084472656,46.369998931884766,47.97999954223633,60708900.0,35.85407638549805,53.619998931884766,54.349998474121094,52.75,54.29999923706055,63762700.0,329.8626708984375,499.1000061035156,507.1000061035156,495.0,503.0,8959070.0,21.612897872924805,36.630001068115234,36.9900016784668,35.75,36.33000183105469,40696900.0,19.41004180908203,28.53777313232422,28.911453247070312,28.415922164916992,28.732738494873047,36973824.0,593.0,593.0,598.5,588.5,593.5,349.0,6155.2001953125,6155.2001953125,6199.7998046875,6105.7998046875,6157.2998046875,7275686900.0,,,,,
2006-10-20,,,,,,,,,,,,,,,,,,,,,,,,,,,,,,,,,,,,,,,,,,,4.79,10.63,,1.2613,1.8828
2006-10-21,28.71056365966797,47.290000915527344,47.95000076293945,46.75,46.83000183105469,46048300.0,35.90756607055664,53.70000076293945,54.18000030517578,53.119998931884766,53.279998779296875,59954200.0,332.83685302734375,503.6000061035156,509.5,497.8999938964844,498.0,8653640.0,21.429994583129883,36.31999969482422,36.75,36.029998779296875,36.459999084472656,33902300.0,19.603425979614258,28.82209587097168,29.04955291748047,28.43216896057129,28.448415756225586,31537727.0,598.2000122070312,598.2000122070312,598.2000122070312,576.5,579.7000122070312,735.0,6160.89990234375,6160.89990234375,6244.60009765625,6129.10009765625,6155.2001953125,6982158500.0,,,,,
2006-10-27,,,,,,,,,,,,,,,,,,,,,,,,,,,,,,,,,,,,,,,,,,,4.68,10.8,,1.2725,1.8968
2006-10-28,28.46771812438965,46.88999938964844,48.08000183105469,46.5,47.34000015258789,49320100.0,35.727020263671875,53.43000030517578,54.290000915527344,53.220001220703125,53.599998474121094,48359600.0,327.7477111816406,495.8999938964844,507.1000061035156,494.70001220703125,502.5,8001970.0,21.24118423461914,36.0,36.72999954223633,35.72999954223633,36.470001220703125,37758900.0,19.398988723754883,28.521526336669922,28.98456573486328,28.3834285736084,28.781478881835938,40219357.0,626.9000244140625,626.9000244140625,626.9000244140625,604.0999755859375,608.5,25.0,6148.10009765625,6148.10009765625,6180.7001953125,6110.89990234375,6160.89990234375,7981929800.0,,,,,
2006-11-03,,,,,,,,,,,,,,,,,,,,,,,,,,,,,,,,,,,,,,,,,,,4.72,11.16,,1.2705,1.9011
2006-11-04,28.904848098754883,47.61000061035156,48.0,47.04999923706055,47.18000030517578,37367000.0,36.623023986816406,54.77000045776367,54.77000045776367,53.66999816894531,53.68000030517578,47895900.0,337.9270324707031,506.29998779296875,509.0,494.3999938964844,496.0,6156080.0,21.804733276367188,36.66999816894531,36.91999816894531,36.02000045776367,36.099998474121094,32863300.0,19.780231475830078,29.082046508789062,29.090171813964844,28.53777313232422,28.59463882446289,29454999.0,628.4000244140625,628.4000244140625,628.4000244140625,616.4000244140625,625.7999877929688,4.0,6208.39990234375,6208.39990234375,6250.39990234375,6146.5,6148.10009765625,7519087400.0,,,,,
2006-11-10,,,,,,,,,,,,,,,,,,,,,,,,,,,,,,,,,,,,,,,,,,,4.59,10.79,,1.2861,1.912
2006-11-11,28.935192108154297,47.65999984741211,47.9900016784668,46.9900016784668,47.400001525878906,48466200.0,36.676536560058594,54.849998474121094,55.04999923706055,54.06999969482422,54.56999969482422,58330100.0,339.0616760253906,508.0,509.5,500.3999938964844,505.0,8437410.0,21.5669002532959,36.27000045776367,36.95000076293945,36.119998931884766,36.709999084472656,40716600.0,19.89073371887207,29.244516372680664,29.463851928710938,28.87083625793457,28.952070236206055,39947919.0,621.5,621.5,629.0,617.5,629.0,12.0,6192.0,6192.0,6256.7998046875,6167.2998046875,6208.39990234375,8210397000.0,,,,,
2006-11-17,,,,,,,,,,,,,,,,,,,,,,,,,,,,,,,,,,,,,,,,,,,4.61,10.05,,1.2823,1.8936
2006-11-18,28.698423385620117,47.27000045776367,48.04999923706055,47.18000030517578,47.65999984741211,24880800.0,36.48262405395508,54.560001373291016,55.08000183105469,54.27000045776367,54.849998474121094,34683400.0,335.7911376953125,503.1000061035156,509.5,503.1000061035156,507.5,4535940.0,21.15065574645996,35.56999969482422,36.310001373291016,35.279998779296875,36.27000045776367,26432400.0,19.907316207885742,29.26888656616211,29.48822021484375,29.203899383544922,29.32575035095215,22537517.0,628.7000122070312,628.7000122070312,628.7000122070312,621.5,621.5,0.0,6122.10009765625,6122.10009765625,6233.10009765625,6068.10009765625,6192.0,7770023500.0,,,,,
2006-11-24,,,,,,,,,,,,,,,,,,,,,,,,,,,,,,,,,,,,,,,,,,,4.55,10.73,,1.3081,1.9315
2006-11-25,27.93345069885254,46.0099983215332,47.2599983215332,45.5099983215332,47.13999938964844,61729700.0,35.773841857910156,53.5,54.689998626708984,53.0099983215332,54.560001373291016,61977900.0,329.58392333984375,493.79998779296875,505.3999938964844,488.29998779296875,503.0,8437330.0,20.948490142822266,35.22999954223633,35.56999969482422,34.900001525878906,35.459999084472656,41031400.0,19.597904205322266,28.81397247314453,29.27701187133789,28.619009017944336,29.27701187133789,38565876.0,644.7000122070312,644.7000122070312,649.7000122070312,634.5,637.2000122070312,114815.0,6021.5,6021.5,6129.5,5985.2001953125,6122.10009765625,8888071900.0,,,,,
2006-12-01,,,,,,,,,,,,,,,,,,,,,,,,,,,,,,,,,,,,,,,,,,,4.43,11.66,,1.3316,1.9794
2006-12-02,28.388803482055664,46.7599983215332,47.25,46.15999984741211,46.279998779296875,54572900.0,34.90364456176758,51.65999984741211,53.029998779296875,51.31999969482422,52.5,103412000.0,346.06976318359375,518.5,527.0,493.70001220703125,496.5,12317400.0,21.067405700683594,35.43000030517578,35.79999923706055,35.20000076293945,35.22999954223633,37616100.0,20.006765365600586,29.415109634399414,29.577579498291016,28.903331756591797,28.919578552246094,33420911.0,626.0999755859375,626.0999755859375,648.0,625.0,647.0999755859375,1443.0,6152.39990234375,6152.39990234375,6157.10009765625,6019.39990234375,6021.5,8039142600.0,,,,,
2006-12-08,,,,,,,,,,,,,,,,,,,,,,,,,,,,,,,,,,,,,,,,,,,4.56,12.07,,1.3215,1.9564
2006-12-09,29.323745727539062,48.29999923706055,48.650001525878906,46.70000076293945,46.70000076293945,64758400.0,36.02519226074219,53.31999969482422,53.47999954223633,51.83000183105469,51.86000061035156,82274500.0,360.88702392578125,540.7000122070312,540.7999877929688,517.5,518.5,11998820.0,21.198232650756836,35.650001525878906,35.77000045776367,35.189998626708984,35.43000030517578,64651600.0,20.222251892089844,29.731924057006836,29.88627052307129,29.447603225708008,29.4800968170166,38983924.0,615.0,615.0,632.5,613.0,623.0,931.0,6260.0,6260.0,6271.39990234375,6137.7998046875,6152.39990234375,8467076500.0,,,,,
2006-12-15,,,,,,,,,,,,,,,,,,,,,,,,,,,,,,,,,,,,,,,,,,,4.6,10.05,,1.3095,1.9538
2006-12-16,29.074832916259766,47.88999938964844,48.970001220703125,47.619998931884766,48.29999923706055,42990200.0,36.04546356201172,53.349998474121094,54.0099983215332,53.040000915527344,53.470001220703125,51665100.0,364.0907897949219,545.5,556.0999755859375,542.5,543.7999877929688,11573610.0,21.31121063232422,35.84000015258789,36.06999969482422,35.52000045776367,35.7400016784668,36702000.0,20.33892059326172,29.675060272216797,30.00812339782715,29.593826293945312,29.8212833404541,35409592.0,619.0999755859375,619.0999755859375,622.7000122070312,612.0,614.0,626.0,6190.0,6190.0,6269.10009765625,6171.2001953125,6260.0,5410922700.0,,,,,
2006-12-22,,,,,,,,,,,,,,,,,,,,,,,,,,,,,,,,,,,,,,,,,,,4.63,11.36,,1.3131,1.957
2006-12-23,29.323745727539062,48.29999923706055,49.0,47.81999969482422,47.97999954223633,27943700.0,36.07251739501953,53.38999938964844,54.04999923706055,53.25,53.400001525878906,33570800.0,371.7664489746094,557.0,570.0,545.2000122070312,546.7999877929688,5750060.0,21.144704818725586,35.560001373291016,36.15999984741211,35.47999954223633,35.7599983215332,20635100.0,20.45584487915039,29.845653533935547,30.17059326171875,29.71567726135254,29.731924057006836,23035581.0,635.2000122070312,635.2000122070312,635.2000122070312,623.0,625.0999755859375,95.0,6220.7998046875,6220.7998046875,6258.7001953125,6190.0,6190.0,1681551400.0,,,,,
2006-12-29,,,,,,,,,,,,,,,,,,,,,,,,,,,,,,,,,,,,,,,,,,,4.71,11.56,,1.3197,1.9586
2006-12-30,29.014122009277344,47.790000915527344,48.54999923706055,47.59000015258789,48.0,34476700.0,35.971160888671875,53.2400016784668,54.18000030517578,52.9900016784668,53.400001525878906,39408200.0,365.5592041015625,547.7000122070312,562.7999877929688,544.5999755859375,556.5999755859375,5258660.0,21.168495178222656,35.599998474121094,36.02000045776367,35.369998931884766,35.93000030517578,33837300.0,20.327783584594727,29.6588134765625,30.211210250854492,29.60194969177246,30.024370193481445,23988743.0,604.9000244140625,604.9000244140625,640.4000244140625,617.2999877929688,635.2000122070312,590.0,6220.10009765625,6220.10009765625,6322.0,6220.10009765625,6220.7998046875,6207154000.0,,,,,
2007-01-05,,,,,,,,,,,,,,,,,,,,,,,,,,,,,,,,,,,,,,,,,,,4.65,12.14,,1.3005,1.9305
2007-01-06,29.342103958129883,47.9900016784668,48.41999816894531,47.31999969482422,47.56999969482422,51808800.0,36.065731048583984,53.380001068115234,53.709999084472656,52.79999923706055,53.459999084472656,59973900.0,362.9560852050781,543.7999877929688,551.5,538.0,546.0,8235510.0,21.11497688293457,35.5099983215332,35.88999938964844,35.369998931884766,35.61000061035156,48953500.0,20.600608825683594,30.05686378479004,30.089357376098633,29.471973419189453,29.66693687438965,26691035.0,625.5,625.5,616.2000122070312,607.0,607.5,1005.0,6239.0,6239.0,6247.60009765625,6130.2001953125,6220.10009765625,9399322300.0,,,,,
2007-01-12,,,,,,,,,,,,,,,,,,,,,,,,,,,,,,,,,,,,,,,,,,,4.77,10.15,,1.2926,1.9577
2007-01-13,29.812904357910156,48.7599983215332,48.88999938964844,47.91999816894531,48.15999984741211,52291300.0,36.2076416015625,53.59000015258789,53.709999084472656,53.150001525878906,53.459999084472656,47658100.0,363.757080078125,545.0,550.7999877929688,535.0,546.2999877929688,6816770.0,21.430131912231445,36.040000915527344,36.5,35.75,35.810001373291016,45982400.0,20.578338623046875,30.024370193481445,30.186840057373047,29.910642623901367,30.05686378479004,19475404.0,635.5,635.5,633.5,623.5999755859375,623.5999755859375,8.0,6237.2001953125,6237.2001953125,6279.7001953125,6163.5,6239.0,7942083300.0,,,,,
2007-01-19,,,,,,,,,,,,,,,,,,,,,,,,,,,,,,,,,,,,,,,,,,,4.78,10.4,,1.2968,1.9759
2007-01-20,30.387638092041016,49.70000076293945,50.68000030517578,48.70000076293945,48.869998931884766,73874500.0,35.160396575927734,52.040000915527344,54.04999923706055,51.720001220703125,53.63999938964844,100999700.0,364.8917541503906,546.7000122070312,555.2999877929688,535.2000122070312,551.7000122070312,9953910.0,21.42417335510254,36.029998779296875,36.63999938964844,35.560001373291016,35.959999084472656,51697100.0,20.50038719177246,29.910642623901367,30.316816329956055,29.691307067871094,30.05686378479004,43746417.0,644.5,644.5,647.7999877929688,633.2999877929688,633.2999877929688,7.0,6228.0,6228.0,6335.10009765625,6189.2001953125,6237.2001953125,8233640700.0,,,,,
2007-01-26,,,,,,,,,,,,,,,,,,,,,,,,,,,,,,,,,,,,,,,,,,,4.88,11.13,,1.2909,1.9598
2007-01-27,31.139680862426758,50.93000030517578,51.33000183105469,49.11000061035156,49.56999969482422,71735000.0,35.63333511352539,52.7400016784668,53.15999984741211,51.349998474121094,51.9900016784668,84681100.0,364.82513427734375,546.5999755859375,552.9000244140625,538.0,544.5,8862450.0,21.32309913635254,35.86000061035156,36.119998931884766,35.470001220703125,35.90999984741211,45579600.0,20.8177433013916,30.373680114746094,30.414297103881836,29.72380256652832,29.89439582824707,62728806.0,646.2000122070312,646.2000122070312,661.5,640.7999877929688,643.0999755859375,101562.0,6310.89990234375,6310.89990234375,6329.0,6197.5,6228.0,9411712700.0,,,,,
2007-02-02,,,,,,,,,,,,,,,,,,,,,,,,,,,,,,,,,,,,,,,,,,,4.83,10.08,,1.296,1.9662
2007-02-03,30.82785415649414,50.41999816894531,51.31999969482422,50.08000183105469,50.810001373291016,45267800.0,35.80224609375,52.9900016784668,53.5,52.369998931884766,52.7400016784668,59417600.0,359.9408264160156,534.0,555.0,532.9000244140625,545.5,7734100.0,21.191064834594727,35.36000061035156,36.040000915527344,35.22999954223633,35.790000915527344,58090700.0,20.695255279541016,30.194963455200195,30.66612434387207,30.016246795654297,30.39805030822754,49729938.0,667.5,667.5,669.5,647.0,649.0,1111.0,6382.7998046875,6382.7998046875,6395.39990234375,6294.7001953125,6310.89990234375,8272336500.0,,,,,
2007-02-09,,,,,,,,,,,,,,,,,,,,,,,,,,,,,,,,,,,,,,,,,,,4.79,11.1,,1.3005,1.9512
2007-02-10,31.335336685180664,51.25,51.54999923706055,50.25,50.59000015258789,51640500.0,36.5184326171875,54.04999923706055,54.209999084472656,52.97999954223633,53.20000076293945,61289300.0,364.65911865234375,541.0,545.2000122070312,532.0,534.9000244140625,7348590.0,21.430774688720703,35.7599983215332,36.36000061035156,35.369998931884766,35.47999954223633,47272800.0,21.023752212524414,30.67424964904785,30.73111343383789,30.040616989135742,30.243703842163086,55857979.0,668.7999877929688,668.7999877929688,672.0,661.0,664.2999877929688,459.0,6419.5,6419.5,6439.2001953125,6344.7001953125,6382.7998046875,7220829900.0,,,,,
2007-02-16,,,,,,,,,,,,,,,,,,,,,,,,,,,,,,,,,,,,,,,,,,,4.69,10.02,,1.3137,1.9499
2007-02-17,31.200824737548828,51.029998779296875,51.95000076293945,50.720001220703125,51.150001525878906,37662800.0,35.71440887451172,52.86000061035156,54.16999816894531,52.779998779296875,53.869998931884766,48792500.0,362.43463134765625,537.7000122070312,546.5,531.5,541.7000122070312,6785160.0,21.352876663208008,35.630001068115234,36.279998779296875,35.540000915527344,35.77000045776367,46733600.0,20.76763916015625,30.300569534301758,30.8610897064209,29.95125961303711,30.625507354736328,43617039.0,683.0999755859375,683.0999755859375,685.2999877929688,657.5,671.0,574.0,6401.5,6401.5,6451.39990234375,6352.10009765625,6419.5,7670357800.0,,,,,
2007-02-23,,,,,,,,,,,,,,,,,,,,,,,,,,,,,,,,,,,,,,,,,,,4.68,10.58,,1.3164,1.9639
2007-02-24,29.464380264282227,48.189998626708984,51.41999816894531,47.599998474121094,51.16999816894531,93322100.0,33.78883361816406,50.0099983215332,53.150001525878906,49.0,53.09000015258789,117578400.0,336.8210144042969,499.70001220703125,541.9000244140625,495.6000061035156,539.0,17684610.0,20.639711380004883,34.439998626708984,35.81999969482422,33.79999923706055,35.75,79925400.0,19.76544189453125,28.838342666625977,30.479284286499023,28.3671817779541,30.43866729736328,133057928.0,641.5,641.5,687.7000122070312,641.5,684.5999755859375,215.0,6116.2001953125,6116.2001953125,6446.7998046875,6038.89990234375,6401.5,9730378000.0,,,,,
2007-03-02,,,,,,,,,,,,,,,,,,,,,,,,,,,,,,,,,,,,,,,,,,,4.52,18.61,,1.3182,1.9458
2007-03-03,29.84958267211914,48.81999969482422,49.349998474121094,47.20000076293945,47.599998474121094,73048400.0,34.80765151977539,50.95000076293945,51.33000183105469,49.560001373291016,49.599998474121094,73935200.0,339.24755859375,503.29998779296875,512.4000244140625,491.79998779296875,496.0,10612170.0,20.675678253173828,34.5,34.84000015258789,33.97999954223633,34.0,61288800.0,19.971450805664062,29.1389102935791,29.39073944091797,28.050365447998047,28.570268630981445,95435614.0,650.0,650.0,653.4000244140625,640.0,640.2000122070312,378.0,6245.2001953125,6245.2001953125,6255.7998046875,5989.60009765625,6116.2001953125,8909772800.0,,,,,
2007-03-09,,,,,,,,,,,,,,,,,,,,,,,,,,,,,,,,,,,,,,,,,,,4.59,14.09,,1.3118,1.9318
2007-03-10,28.75514030456543,47.029998779296875,48.97999954223633,45.90999984741211,48.63999938964844,101358700.0,33.89902877807617,49.619998931884766,51.18000030517578,48.36000061035156,50.95000076293945,102623800.0,333.8551940917969,495.29998779296875,506.5,480.5,501.1000061035156,13082380.0,20.3460636138916,33.95000076293945,34.54999923706055,33.0099983215332,34.209999084472656,98487200.0,19.498193740844727,28.448415756225586,29.244516372680664,27.76604461669922,29.04142951965332,185913744.0,652.5999755859375,652.5999755859375,652.9000244140625,640.9000244140625,648.0,59.0,6130.60009765625,6130.60009765625,6276.2998046875,6000.7001953125,6245.2001953125,9352333900.0,,,,,
2007-03-16,,,,,,,,,,,,,,,,,,,,,,,,,,,,,,,,,,,,,,,,,,,4.55,16.79,,1.3307,1.9423
2007-03-17,29.666141510009766,48.52000045776367,49.650001525878906,47.15999984741211,47.20000076293945,80358100.0,35.31318664550781,51.689998626708984,52.150001525878906,49.349998474121094,49.79999923706055,78536100.0,348.6168212890625,517.2000122070312,525.0,497.0,498.1000061035156,9841420.0,20.951351165771484,34.959999084472656,35.56999969482422,34.09000015258789,34.09000015258789,61293900.0,20.24004554748535,29.406986236572266,29.71567726135254,28.464662551879883,28.635255813598633,113747970.0,656.7000122070312,656.7000122070312,663.4000244140625,653.0999755859375,653.0999755859375,242.0,6339.39990234375,6339.39990234375,6350.39990234375,6130.60009765625,6130.60009765625,9945780700.0,,,,,
2007-03-23,,,,,,,,,,,,,,,,,,,,,,,,,,,,,,,,,,,,,,,,,,,4.62,12.95,,1.3302,1.9632
2007-03-24,29.580551147460938,48.380001068115234,49.02000045776367,47.790000915527344,48.54999923706055,59723100.0,34.85546112060547,51.02000045776367,52.0,50.279998779296875,51.70000076293945,83516400.0,346.055419921875,513.4000244140625,520.0999755859375,508.1000061035156,520.0,9894620.0,20.63372230529785,34.43000030517578,35.0,34.08000183105469,34.84000015258789,67217800.0,19.921348571777344,28.94394874572754,29.48822021484375,28.610885620117188,29.366369247436523,81564336.0,663.0,663.0,667.7000122070312,654.5999755859375,663.4000244140625,52292.0,6308.0,6308.0,6355.2998046875,6250.10009765625,6339.39990234375,8384298200.0,,,,,
2007-03-30,,,,,,,,,,,,,,,,,,,,,,,,,,,,,,,,,,,,,,,,,,,4.65,14.64,,1.3374,1.9685
2007-03-31,29.819000244140625,48.77000045776367,48.88999938964844,47.70000076293945,48.380001068115234,44561300.0,34.73933410644531,50.849998474121094,51.25,50.119998931884766,51.20000076293945,51901400.0,347.6057434082031,515.7000122070312,517.5999755859375,504.1000061035156,513.0999755859375,6493510.0,20.639711380004883,34.439998626708984,34.54999923706055,33.93000030517578,34.41999816894531,48036800.0,19.994029998779297,29.04955291748047,29.1389102935791,28.529651641845703,28.919578552246094,52222837.0,674.2000122070312,674.2000122070312,676.0,656.0999755859375,665.5,3703.0,6397.2998046875,6397.2998046875,6398.7001953125,6293.89990234375,6308.0,6299838900.0,,,,,
2007-04-06,,,,,,,,,,,,,,,,,,,,,,,,,,,,,,,,,,,,,,,,,,,4.76,13.23,,1.338,1.9655
2007-04-07,30.22771453857422,49.09000015258789,49.52000045776367,48.65999984741211,48.779998779296875,48419100.0,34.445556640625,50.41999816894531,51.18000030517578,50.060001373291016,50.900001525878906,60917400.0,347.80792236328125,516.0,525.0999755859375,513.2000122070312,518.0,9695330.0,20.75358772277832,34.630001068115234,34.7400016784668,34.029998779296875,34.40999984741211,61945000.0,19.960493087768555,29.000812530517578,29.179529190063477,28.700244903564453,29.122665405273438,64690036.0,685.4000244140625,685.4000244140625,683.5999755859375,671.0999755859375,671.0999755859375,183.0,6462.39990234375,6462.39990234375,6462.39990234375,6376.39990234375,6397.2998046875,6606924500.0,,,,,
2007-04-13,,,,,,,,,,,,,,,,,,,,,,,,,,,,,,,,,,,,,,,,,,,4.76,12.2,,1.3518,1.9829
2007-04-14,32.35208511352539,52.540000915527344,52.709999084472656,49.31999969482422,49.470001220703125,109077500.0,34.869136810302734,51.040000915527344,52.20000076293945,50.33000183105469,50.79999923706055,106074800.0,360.0757141113281,534.2000122070312,537.5,522.5,522.5999755859375,13052480.0,21.75440216064453,36.29999923706055,36.4900016784668,34.70000076293945,34.79999923706055,81235700.0,20.754432678222656,30.154346466064453,30.251827239990234,29.26076316833496,29.26076316833496,125238124.0,692.0,692.0,692.5,681.9000244140625,685.0999755859375,179.0,6486.7998046875,6486.7998046875,6516.2001953125,6386.2001953125,6462.39990234375,8143120900.0,,,,,
2007-04-20,,,,,,,,,,,,,,,,,,,,,,,,,,,,,,,,,,,,,,,,,,,4.68,12.07,,1.3601,2.0047
2007-04-21,32.358238220214844,52.54999923706055,53.0,51.650001525878906,52.349998474121094,69948500.0,34.68465805053711,50.77000045776367,51.290000915527344,50.25,51.040000915527344,83354900.0,359.7386169433594,533.7000122070312,539.4000244140625,523.7000122070312,533.2999877929688,9876000.0,21.53865623474121,35.939998626708984,36.41999816894531,35.540000915527344,36.369998931884766,62252700.0,20.85507583618164,30.300569534301758,30.406173706054688,29.78066635131836,30.154346466064453,67697614.0,678.7000122070312,678.7000122070312,691.2999877929688,673.0,689.0,359.0,6418.7001953125,6418.7001953125,6511.10009765625,6408.39990234375,6486.7998046875,9116196700.0,,,,,
2007-04-27,,,,,,,,,,,,,,,,,,,,,,,,,,,,,,,,,,,,,,,,,,,4.71,12.45,,1.3625,1.9985
2007-04-28,32.407501220703125,52.630001068115234,53.060001373291016,51.599998474121094,52.459999084472656,78402500.0,35.005767822265625,51.2400016784668,51.58000183105469,50.66999816894531,50.93000030517578,71994900.0,364.591552734375,540.9000244140625,547.0999755859375,534.7999877929688,536.4000244140625,10476150.0,21.526668548583984,35.91999816894531,36.22999954223633,35.63999938964844,36.150001525878906,52110900.0,21.08989906311035,30.641754150390625,30.66612434387207,29.870023727416992,30.292444229125977,67117937.0,687.2000122070312,687.2000122070312,687.2000122070312,672.2999877929688,677.4000244140625,18.0,6603.7001953125,6603.7001953125,6614.7001953125,6395.5,6418.7001953125,8465597200.0,,,,,
2007-05-04,,,,,,,,,,,,,,,,,,,,,,,,,,,,,,,,,,,,,,,,,,,4.65,12.91,,1.3587,1.9931
2007-05-05,32.11193084716797,52.150001525878906,53.25,51.720001220703125,52.810001373291016,54863100.0,34.80765151977539,50.95000076293945,51.630001068115234,50.540000915527344,51.47999954223633,67879700.0,361.5819091796875,531.0999755859375,544.0,529.0,539.7000122070312,14979210.0,21.453636169433594,35.52000045776367,36.220001220703125,35.400001525878906,35.91999816894531,54297600.0,21.106678009033203,30.66612434387207,30.812347412109375,30.3411865234375,30.66612434387207,60582433.0,670.5999755859375,670.5999755859375,688.0,651.0,688.0,3.0,6565.7001953125,6565.7001953125,6603.7001953125,6451.89990234375,6603.7001953125,7893672700.0,,,,,
2007-05-11,,,,,,,,,,,,,,,,,,,,,,,,,,,,,,,,,,,,,,,,,,,4.67,12.95,,1.3519,1.9824
2007-05-12,32.35208511352539,52.540000915527344,53.06999969482422,51.54999923706055,52.0,53523000.0,35.03308868408203,51.279998779296875,51.41999816894531,50.560001373291016,51.029998779296875,80614500.0,374.4493103027344,550.0,555.5,525.7999877929688,531.7999877929688,15657580.0,21.997215270996094,36.41999816894531,36.439998626708984,35.25,35.61000061035156,58813600.0,21.145809173583984,30.72298812866211,30.796100616455078,30.357433319091797,30.69049644470215,96966855.0,661.0,661.0,673.0,656.2000122070312,668.5,0.0,6640.89990234375,6640.89990234375,6656.2998046875,6530.2998046875,6565.7001953125,9170449000.0,,,,,
2007-05-18,,,,,,,,,,,,,,,,,,,,,,,,,,,,,,,,,,,,,,,,,,,4.81,12.76,,1.3511,1.9755
2007-05-19,31.79789924621582,51.63999938964844,52.810001373291016,51.2599983215332,52.380001068115234,55188100.0,34.97844696044922,51.20000076293945,51.900001525878906,50.790000915527344,51.29999923706055,72995700.0,375.2663879394531,551.2000122070312,555.2999877929688,544.7999877929688,551.7999877929688,9953640.0,21.822059631347656,36.130001068115234,36.4900016784668,35.900001525878906,36.45000076293945,65059500.0,21.017213821411133,30.536148071289062,30.95044708251953,30.373680114746094,30.73923683166504,87804154.0,655.0999755859375,655.0999755859375,661.9000244140625,654.0,660.7000122070312,28.0,6570.60009765625,6570.60009765625,6675.0,6532.5,6640.89990234375,9639484800.0,,,,,
2007-05-25,,,,,,,,,,,,,,,,,,,,,,,,,,,,,,,,,,,,,,,,,,,4.86,13.34,,1.3452,1.9845
2007-05-26,31.95799446105957,51.900001525878906,52.310001373291016,51.349998474121094,51.650001525878906,42876800.0,34.69152069091797,50.779998779296875,51.5,50.470001220703125,51.22999954223633,60657300.0,371.1133117675781,545.0999755859375,554.2000122070312,542.7999877929688,554.2000122070312,6702760.0,21.985130310058594,36.400001525878906,36.470001220703125,35.95000076293945,36.150001525878906,39531700.0,21.25763702392578,30.885459899902344,30.991064071655273,30.479284286499023,30.601137161254883,49169465.0,671.2000122070312,671.2000122070312,672.0,651.5,657.0999755859375,160200.0,6676.7001953125,6676.7001953125,6676.7001953125,6533.5,6570.5,8009199300.0,,,,,
2007-06-01,,,,,,,,,,,,,,,,,,,,,,,,,,,,,,,,,,,,,,,,,,,4.95,12.78,,1.344,1.9804
2007-06-02,31.04051399230957,50.40999984741211,51.79999923706055,49.540000915527344,51.560001373291016,69506100.0,34.716041564941406,50.2599983215332,50.91999816894531,49.560001373291016,50.779998779296875,79433300.0,363.0796203613281,533.2999877929688,544.4000244140625,523.0,544.4000244140625,9473170.0,21.34491539001465,35.34000015258789,36.400001525878906,35.040000915527344,36.400001525878906,55366200.0,20.810352325439453,30.235580444335938,30.8448429107666,29.805036544799805,30.78797721862793,103374210.0,645.5,645.5,674.0,645.2000122070312,671.2000122070312,1886.0,6505.10009765625,6505.10009765625,6686.60009765625,6451.39990234375,6676.7001953125,9394431000.0,,,,,
2007-06-08,,,,,,,,,,,,,,,,,,,,,,,,,,,,,,,,,,,,,,,,,,,5.12,14.84,,1.3359,1.9657
2007-06-09,31.13287925720215,50.560001373291016,50.9900016784668,49.34000015258789,50.40999984741211,71940500.0,34.59171676635742,50.08000183105469,50.45000076293945,49.650001525878906,50.099998474121094,94670300.0,367.5050048828125,539.7999877929688,543.2000122070312,526.0,532.0,10248190.0,21.725427627563477,35.970001220703125,36.470001220703125,35.150001525878906,35.27000045776367,51464500.0,20.938941955566406,30.422420501708984,30.641754150390625,29.89439582824707,30.21933364868164,100258794.0,654.5,654.5,655.2000122070312,644.2999877929688,649.2000122070312,277.0,6732.39990234375,6732.39990234375,6734.2001953125,6483.60009765625,6505.10009765625,9372447000.0,,,,,
2007-06-15,,,,,,,,,,,,,,,,,,,,,,,,,,,,,,,,,,,,,,,,,,,5.16,13.94,,1.3365,1.9765
2007-06-16,29.999893188476562,48.720001220703125,50.9900016784668,48.58000183105469,50.83000183105469,81002800.0,33.81119155883789,48.95000076293945,50.83000183105469,48.95000076293945,50.0099983215332,115178300.0,356.8161315917969,524.0999755859375,544.9000244140625,523.0,543.2999877929688,9873300.0,21.151636123657227,35.02000045776367,36.459999084472656,35.0099983215332,36.130001068115234,57917600.0,20.536203384399414,29.675060272216797,30.60926055908203,29.48822021484375,30.51177978515625,140201790.0,653.5,653.5,660.7999877929688,648.5999755859375,657.9000244140625,110.0,6567.39990234375,6567.39990234375,6751.2998046875,6562.2001953125,6732.39990234375,8891228400.0,,,,,
2007-06-22,,,,,,,,,,,,,,,,,,,,,,,,,,,,,,,,,,,,,,,,,,,5.14,15.75,,1.3438,1.9975
2007-06-23,29.833608627319336,48.45000076293945,49.47999954223633,48.060001373291016,48.720001220703125,88753800.0,33.769737243652344,48.88999938964844,49.47999954223633,48.54999923706055,49.18000030517578,92463200.0,349.1910095214844,512.9000244140625,529.0,504.79998779296875,526.5999755859375,13549990.0,21.242238998413086,35.16999816894531,36.150001525878906,34.689998626708984,35.0,63673300.0,20.33945083618164,29.39073944091797,29.813159942626953,29.082046508789062,29.520715713500977,183730074.0,648.0999755859375,648.0999755859375,650.5,640.0,650.0,258.0,6607.89990234375,6607.89990234375,6607.89990234375,6496.39990234375,6567.39990234375,10213094500.0,,,,,
2007-06-29,,,,,,,,,,,,,,,,,,,,,,,,,,,,,,,,,,,,,,,,,,,5.03,16.23,,1.352,2.0063
2007-06-30,30.153820037841797,48.970001220703125,49.58000183105469,48.45000076293945,48.900001525878906,45567300.0,33.94931411743164,49.150001525878906,49.70000076293945,48.849998474121094,49.150001525878906,52745300.0,351.98248291015625,517.0,522.2999877929688,510.1000061035156,513.0,5424760.0,21.33887481689453,35.33000183105469,35.900001525878906,35.11000061035156,35.41999816894531,26625100.0,20.62053871154785,29.796913146972656,29.926889419555664,29.398862838745117,29.805036544799805,77369581.0,652.7000122070312,652.7000122070312,656.7999877929688,648.4000244140625,656.7999877929688,49.0,6690.10009765625,6690.10009765625,6691.7998046875,6570.5,6607.89990234375,8362542400.0,,,,,
2007-07-06,,,,,,,,,,,,,,,,,,,,,,,,,,,,,,,,,,,,,,,,,,,5.19,14.72,,1.3626,2.0119
2007-07-07,31.0589656829834,50.04999923706055,50.220001220703125,47.119998931884766,49.209999084472656,95258600.0,34.19109344482422,49.5,49.81999969482422,48.119998931884766,49.0,105063500.0,357.56512451171875,525.2000122070312,529.0999755859375,507.70001220703125,515.2999877929688,12795380.0,21.46571159362793,35.540000915527344,35.61000061035156,34.33000183105469,35.400001525878906,75966300.0,20.62053871154785,29.796913146972656,29.89439582824707,28.87083625793457,29.77254295349121,193909089.0,665.7999877929688,665.7999877929688,666.7000122070312,660.2999877929688,660.5,16.0,6716.7001953125,6716.7001953125,6754.10009765625,6574.2001953125,6690.10009765625,8065572200.0,,,,,
2007-07-13,,,,,,,,,,,,,,,,,,,,,,,,,,,,,,,,,,,,,,,,,,,5.11,15.15,,1.3788,2.0344
2007-07-14,29.513774871826172,47.560001373291016,50.47999954223633,47.380001068115234,49.90999984741211,122978900.0,33.36909866333008,48.310001373291016,50.20000076293945,48.099998474121094,49.34000015258789,117040300.0,345.37847900390625,507.29998779296875,529.7000122070312,501.5,526.7000122070312,15548220.0,20.970441818237305,34.720001220703125,36.0099983215332,34.650001525878906,35.650001525878906,81627300.0,19.92906951904297,28.797725677490234,30.04874038696289,28.659626007080078,29.72380256652832,254213441.0,683.9000244140625,683.9000244140625,683.9000244140625,664.7000122070312,667.0999755859375,1.0,6585.2001953125,6585.2001953125,6735.7998046875,6567.10009765625,6716.7001953125,8501573700.0,,,,,
2007-07-20,,,,,,,,,,,,,,,,,,,,,,,,,,,,,,,,,,,,,,,,,,,4.96,16.95,,1.3831,2.0566
2007-07-21,27.44731330871582,44.22999954223633,47.869998931884766,43.5,47.75,187624100.0,32.747459411621094,47.40999984741211,48.599998474121094,46.900001525878906,48.459999084472656,180306200.0,319.7798156738281,469.70001220703125,513.0999755859375,465.0,509.1000061035156,24752380.0,20.269811630249023,33.560001373291016,35.150001525878906,33.400001525878906,34.95000076293945,117553800.0,18.74848747253418,27.091794967651367,29.065799713134766,27.08367156982422,28.757108688354492,432507788.0,660.0,660.0,684.2000122070312,660.0,680.7999877929688,95749.0,6215.2001953125,6215.2001953125,6624.39990234375,6192.2998046875,6585.2001953125,9480094500.0,,,,,
2007-07-27,,,,,,,,,,,,,,,,,,,,,,,,,,,,,,,,,,,,,,,,,,,4.8,24.17,,1.3647,2.029
2007-07-28,27.087400436401367,43.650001525878906,45.970001220703125,43.20000076293945,44.75,175827600.0,32.46426773071289,47.0,48.40999984741211,46.88999938964844,47.900001525878906,198842700.0,311.2695617675781,457.20001220703125,482.6000061035156,456.29998779296875,473.20001220703125,23717080.0,19.816831588745117,32.810001373291016,35.040000915527344,32.65999984741211,33.77000045776367,128895600.0,18.023292541503906,26.043867111206055,28.001625061035156,26.01137351989746,27.384239196777344,594999542.0,672.5,672.5,674.4000244140625,658.5,659.9000244140625,45958.0,6224.2998046875,6224.2998046875,6361.10009765625,6186.2001953125,6215.2001953125,9845741300.0,,,,,
2007-08-03,,,,,,,,,,,,,,,,,,,,,,,,,,,,,,,,,,,,,,,,,,,4.71,25.16,,1.3785,2.0426
2007-08-04,27.459726333618164,44.25,47.22999954223633,42.5099983215332,43.7599983215332,164030900.0,33.56251907348633,48.59000015258789,49.970001220703125,46.52000045776367,47.290000915527344,205299300.0,323.7152099609375,470.0,498.79998779296875,450.20001220703125,459.0,29198110.0,20.77716636657715,34.400001525878906,35.29999923706055,32.72999954223633,32.810001373291016,142476100.0,18.74848747253418,27.091794967651367,28.586515426635742,25.962631225585938,26.149471282958984,618128801.0,670.2999877929688,670.2999877929688,676.2000122070312,659.5,672.0999755859375,2139.0,6038.2998046875,6038.2998046875,6406.2998046875,6038.2998046875,6224.2998046875,9899029900.0,,,,,
2007-08-10,,,,,,,,,,,,,,,,,,,,,,,,,,,,,,,,,,,,,,,,,,,4.81,28.3,,1.3686,2.0219
2007-08-11,29.17247772216797,47.0099983215332,48.290000915527344,42.15999984741211,45.22999954223633,183586200.0,35.752132415771484,51.7599983215332,52.779998779296875,47.65999984741211,49.290000915527344,226158400.0,336.18170166015625,488.1000061035156,499.0,446.6000061035156,477.3999938964844,30675420.0,22.694128036499023,37.2400016784668,37.9900016784668,32.900001525878906,34.68000030517578,149659300.0,19.394994735717773,28.0259952545166,28.748985290527344,25.597076416015625,27.725425720214844,678534710.0,656.9000244140625,656.9000244140625,671.0,642.9000244140625,669.9000244140625,1352.0,6064.2001953125,6064.2001953125,6264.89990234375,5821.7001953125,6038.2998046875,9812083600.0,,,,,
2007-08-17,,,,,,,,,,,,,,,,,,,,,,,,,,,,,,,,,,,,,,,,,,,4.68,29.99,,1.3492,1.9828
2007-08-18,28.514673233032227,45.95000076293945,47.5099983215332,45.029998779296875,47.16999816894531,121843100.0,35.828125,51.869998931884766,52.16999816894531,50.470001220703125,51.86000061035156,149244700.0,334.0464172363281,485.0,491.79998779296875,475.0,490.0,16255390.0,22.28582763671875,36.56999969482422,37.77000045776367,36.150001525878906,37.220001220703125,115904200.0,19.41748046875,28.058488845825195,28.269699096679688,27.278635025024414,28.107229232788086,360439262.0,668.0,668.0,668.7999877929688,657.5,658.5999755859375,844.0,6220.10009765625,6220.10009765625,6287.2001953125,6031.7998046875,6064.2001953125,7540716000.0,,,,,
2007-08-24,,,,,,,,,,,,,,,,,,,,,,,,,,,,,,,,,,,,,,,,,,,4.63,20.72,,1.3645,2.0099
2007-08-25,27.627277374267578,44.52000045776367,45.900001525878906,43.150001525878906,45.75,91168000.0,35.00613784790039,50.68000030517578,51.77000045776367,49.599998474121094,51.77000045776367,122032100.0,322.8887023925781,468.79998779296875,483.79998779296875,458.5,483.29998779296875,14604670.0,22.26753807067871,36.540000915527344,36.779998779296875,35.0099983215332,36.369998931884766,83060300.0,18.97336769104004,27.41673469543457,28.017871856689453,26.693744659423828,27.993501663208008,289342981.0,673.0,673.0,672.7999877929688,664.2000122070312,667.9000244140625,549.0,6303.2998046875,6303.2998046875,6309.5,6056.5,6220.10009765625,5462952800.0,,,,,
2007-08-31,,,,,,,,,,,,,,,,,,,,,,,,,,,,,,,,,,,,,,,,,,,4.54,23.38,,1.3641,2.0165
2007-09-01,27.00672149658203,43.52000045776367,45.619998931884766,43.20000076293945,44.400001525878906,71494200.0,33.859519958496094,49.02000045776367,51.25,48.75,50.619998931884766,105252600.0,313.24609375,454.79998779296875,475.6000061035156,450.70001220703125,469.6000061035156,12914270.0,21.450942993164062,35.20000076293945,36.88999938964844,34.90999984741211,36.47999954223633,58288100.0,18.557363510131836,26.815597534179688,27.944759368896484,26.653127670288086,27.489845275878906,232630688.0,700.7999877929688,700.7999877929688,700.7999877929688,672.5,672.5,111.0,6191.2001953125,6191.2001953125,6390.5,6179.10009765625,6303.2998046875,7123459600.0,,,,,
2007-09-07,,,,,,,,,,,,,,,,,,,,,,,,,,,,,,,,,,,,,,,,,,,4.38,26.23,,1.3772,2.0283
2007-09-08,28.26025390625,45.540000915527344,45.779998779296875,43.349998474121094,43.75,78970700.0,34.9396858215332,49.95000076293945,50.2400016784668,48.599998474121094,49.209999084472656,100525300.0,321.235595703125,466.3999938964844,466.8999938964844,448.29998779296875,457.0,14978630.0,21.73127555847168,35.65999984741211,36.209999084472656,34.709999084472656,35.34000015258789,70267300.0,19.102664947509766,27.603574752807617,27.603574752807617,26.441917419433594,26.880584716796875,280608912.0,709.5999755859375,709.5999755859375,717.2000122070312,702.0,704.5,156.0,6289.2998046875,6289.2998046875,6374.5,6123.10009765625,6191.2001953125,8116877300.0,,,,,
2007-09-14,,,,,,,,,,,,,,,,,,,,,,,,,,,,,,,,,,,,,,,,,,,4.47,24.92,,1.3848,2.0067
2007-09-15,29.24694061279297,47.130001068115234,48.060001373291016,44.88999938964844,45.38999938964844,117122400.0,35.84202194213867,51.2400016784668,51.93000030517578,49.369998931884766,49.84000015258789,133841400.0,327.22784423828125,475.1000061035156,490.0,456.5,465.0,18627270.0,22.084718704223633,36.2400016784668,37.9900016784668,35.380001068115234,35.459999084472656,95434400.0,19.451210021972656,28.107229232788086,28.976442337036133,27.108041763305664,27.376117706298828,459725813.0,731.4000244140625,731.4000244140625,732.4000244140625,715.7999877929688,719.0999755859375,170.0,6456.7001953125,6456.7001953125,6512.39990234375,6158.7998046875,6289.2998046875,10368727800.0,,,,,
2007-09-21,,,,,,,,,,,,,,,,,,,,,,,,,,,,,,,,,,,,,,,,,,,4.64,19.0,,1.4076,2.0208
2007-09-22,28.43400001525879,45.81999969482422,47.20000076293945,45.58000183105469,47.20000076293945,79665600.0,35.16352081298828,50.27000045776367,51.25,49.91999816894531,51.2400016784668,91224300.0,321.44232177734375,466.70001220703125,475.5,459.6000061035156,475.0,15306250.0,21.70688819885254,35.619998931884766,36.290000915527344,35.459999084472656,36.2400016784668,75613300.0,19.436553955078125,27.879772186279297,28.147846221923828,27.35987091064453,28.147846221923828,252246303.0,742.7999877929688,742.7999877929688,745.7000122070312,727.4000244140625,732.0999755859375,26956.0,6466.7998046875,6466.7998046875,6508.0,6367.0,6456.7001953125,10123188200.0,,,,,
2007-09-28,,,,,,,,,,,,,,,,,,,,,,,,,,,,,,,,,,,,,,,,,,,4.59,18.0,,1.4219,2.0389
2007-09-29,29.526193618774414,47.58000183105469,47.880001068115234,45.41999816894531,45.470001220703125,70523100.0,36.870277404785156,52.709999084472656,52.939998626708984,49.7599983215332,50.040000915527344,98452000.0,332.66900634765625,483.0,487.70001220703125,458.6000061035156,458.8999938964844,19655790.0,22.834287643432617,37.470001220703125,37.779998779296875,35.20000076293945,35.20000076293945,74718300.0,20.325702667236328,29.1551570892334,29.22014617919922,27.7010555267334,27.725425720214844,236262630.0,741.2999877929688,741.2999877929688,747.4000244140625,724.2999877929688,745.0999755859375,1047.0,6595.7998046875,6595.7998046875,6605.10009765625,6419.2001953125,6466.7998046875,9377300200.0,,,,,
2007-10-05,,,,,,,,,,,,,,,,,,,,,,,,,,,,,,,,,,,,,,,,,,,4.65,16.91,,1.4154,2.0436
2007-10-06,29.29058074951172,46.81999969482422,47.70000076293945,46.529998779296875,47.310001373291016,80558900.0,36.422603607177734,52.06999969482422,52.959999084472656,51.97999954223633,52.650001525878906,74190600.0,329.7072448730469,478.70001220703125,489.5,467.70001220703125,482.70001220703125,19710490.0,21.962844848632812,36.040000915527344,37.5099983215332,35.97999954223633,37.45000076293945,63900700.0,20.127483367919922,28.87083625793457,29.16328239440918,28.578392028808594,29.114540100097656,224358121.0,748.7000122070312,748.7000122070312,750.4000244140625,732.4000244140625,735.2000122070312,715.0,6730.7001953125,6730.7001953125,6730.7001953125,6527.5,6595.7998046875,9367704400.0,,,,,
2007-10-12,,,,,,,,,,,,,,,,,,,,,,,,,,,,,,,,,,,,,,,,,,,4.7,17.73,,1.4168,2.034
2007-10-13,28.16449546813965,45.02000045776367,47.119998931884766,44.599998474121094,46.77000045776367,122643400.0,33.2748908996582,47.56999969482422,52.06999969482422,47.540000915527344,52.0,161969900.0,291.75701904296875,423.6000061035156,484.5,422.8999938964844,470.70001220703125,38329280.0,20.024951934814453,32.86000061035156,36.22999954223633,32.86000061035156,35.970001220703125,132280700.0,18.462461471557617,26.482534408569336,28.76523208618164,26.441917419433594,28.757108688354492,469163028.0,764.0,764.0,765.7999877929688,756.0999755859375,758.0,556.0,6527.89990234375,6527.89990234375,6751.7001953125,6523.60009765625,6730.7001953125,9106783100.0,,,,,
2007-10-19,,,,,,,,,,,,,,,,,,,,,,,,,,,,,,,,,,,,,,,,,,,4.41,22.96,,1.4263,2.0484
2007-10-20,29.603368759155273,47.31999969482422,47.45000076293945,44.65999984741211,44.900001525878906,97894100.0,33.59665298461914,48.029998779296875,48.45000076293945,46.45000076293945,47.45000076293945,134768500.0,293.61651611328125,426.29998779296875,432.3999938964844,404.3999938964844,421.0,28928000.0,21.054834365844727,34.54999923706055,34.63999938964844,32.65999984741211,32.72999954223633,117662800.0,19.085433959960938,27.376117706298828,27.376117706298828,26.07636070251465,26.214460372924805,464404475.0,783.9000244140625,783.9000244140625,783.4000244140625,751.9000244140625,766.7000122070312,213.0,6661.2998046875,6661.2998046875,6684.10009765625,6413.39990234375,6527.89990234375,8895589800.0,,,,,
2007-10-26,,,,,,,,,,,,,,,,,,,,,,,,,,,,,,,,,,,,,,,,,,,4.41,19.56,,1.439,2.0514
2007-10-27,26.994626998901367,43.150001525878906,47.54999923706055,42.060001373291016,47.38999938964844,127192800.0,31.554153442382812,45.11000061035156,48.58000183105469,44.220001220703125,48.31999969482422,166491200.0,259.8675231933594,377.29998779296875,431.1000061035156,365.20001220703125,428.3999938964844,45676940.0,19.689773559570312,32.310001373291016,34.779998779296875,31.8700008392334,34.70000076293945,112802000.0,18.03205680847168,25.865150451660156,27.53046226501465,25.17465591430664,27.384239196777344,495557146.0,805.7000122070312,805.7000122070312,806.5,780.7000122070312,793.7999877929688,197.0,6530.60009765625,6530.60009765625,6726.89990234375,6483.39990234375,6661.2998046875,7915665900.0,,,,,
2007-11-02,,,,,,,,,,,,,,,,,,,,,,,,,,,,,,,,,,,,,,,,,,,4.31,23.01,,1.4481,2.082
2007-11-03,26.469114303588867,42.310001373291016,44.34000015258789,40.68000030517578,42.689998626708984,167520000.0,30.76371192932129,43.97999954223633,45.65999984741211,42.02000045776367,43.900001525878906,205822400.0,230.95460510253906,331.0,369.8999938964844,310.5,360.0,85087300.0,19.293664932250977,31.65999984741211,33.02000045776367,30.56999969482422,32.0,185558700.0,17.06928825378418,24.484159469604492,25.832656860351562,23.793664932250977,25.150283813476562,662844875.0,832.5,832.5,841.2999877929688,804.2000122070312,804.5999755859375,39.0,6304.89990234375,6304.89990234375,6530.60009765625,6268.89990234375,6530.60009765625,7907386700.0,,,,,
2007-11-09,,,,,,,,,,,,,,,,,,,,,,,,,,,,,,,,,,,,,,,,,,,4.23,28.5,,1.4665,2.0911
2007-11-10,26.957077026367188,43.09000015258789,46.02000045776367,41.86000061035156,42.11000061035156,141442700.0,31.036510467529297,44.369998931884766,46.9900016784668,43.47999954223633,43.54999923706055,173088700.0,237.2342987060547,340.0,375.0,333.0,335.8999938964844,49514710.0,19.157007217407227,31.139999389648438,34.290000915527344,30.81999969482422,31.540000915527344,143736700.0,17.278827667236328,24.784727096557617,26.39317512512207,24.459789276123047,24.66287612915039,649729433.0,785.7000122070312,785.7000122070312,817.0,785.7000122070312,803.9000244140625,20.0,6291.2001953125,6291.2001953125,6465.39990234375,6268.60009765625,6304.89990234375,7391510000.0,,,,,
2007-11-16,,,,,,,,,,,,,,,,,,,,,,,,,,,,,,,,,,,,,,,,,,,4.15,25.49,,1.4652,2.048
2007-11-17,26.24390983581543,41.95000076293945,42.84000015258789,40.150001525878906,42.70000076293945,100502000.0,30.183128356933594,43.150001525878906,44.08000183105469,41.72999954223633,44.08000183105469,119913600.0,221.18617248535156,317.0,331.70001220703125,305.0,328.5,35624270.0,18.972450256347656,30.84000015258789,31.139999389648438,29.700000762939453,31.010000228881836,133444000.0,16.57657241821289,23.777416229248047,24.532899856567383,22.948822021484375,24.459789276123047,571350431.0,824.0,824.0,824.0,777.5999755859375,777.5999755859375,23.0,6262.10009765625,6262.10009765625,6331.7001953125,6026.89990234375,6291.2001953125,6718895600.0,,,,,
2007-11-23,,,,,,,,,,,,,,,,,,,,,,,,,,,,,,,,,,,,,,,,,,,4.01,25.61,,1.4825,2.0564
2007-11-24,28.539854049682617,45.619998931884766,46.09000015258789,40.33000183105469,41.869998931884766,151547000.0,32.26761245727539,46.130001068115234,46.70000076293945,41.81999969482422,43.2400016784668,172022400.0,232.3502655029297,333.0,343.0,296.0,316.0,60832100.0,19.950599670410156,32.43000030517578,34.0,29.290000915527344,30.899999618530273,197605400.0,17.55633544921875,25.182777404785156,25.73517417907715,22.826969146728516,23.88302230834961,707924589.0,782.2000122070312,782.2000122070312,826.0,778.4000244140625,826.0,239261.0,6432.5,6432.5,6455.7998046875,6061.7998046875,6262.10009765625,7312125100.0,,,,,
2007-11-30,,,,,,,,,,,,,,,,,,,,,,,,,,,,,,,,,,,,,,,,,,,3.97,22.87,,1.4688,2.0567
2007-12-01,28.827634811401367,46.08000183105469,46.810001373291016,43.93000030517578,45.900001525878906,95777100.0,31.73600196838379,45.369998931884766,46.40999984741211,44.349998474121094,46.25,124559700.0,239.39739990234375,343.1000061035156,346.20001220703125,320.0,333.0,29498170.0,19.507671356201172,31.709999084472656,33.43000030517578,31.18000030517578,32.75,109144800.0,17.669599533081055,25.345247268676758,25.79203987121582,24.411048889160156,25.05280303955078,477510809.0,794.4000244140625,794.4000244140625,805.0,777.0,783.9000244140625,5592.0,6554.89990234375,6554.89990234375,6591.7998046875,6289.2998046875,6432.5,6328886700.0,,,,,
2007-12-07,,,,,,,,,,,,,,,,,,,,,,,,,,,,,,,,,,,,,,,,,,,4.12,20.85,,1.4664,2.0289
2007-12-08,28.27710723876953,45.20000076293945,48.02000045776367,44.68000030517578,46.79999923706055,175120900.0,29.918899536132812,42.15999984741211,47.0,42.0099983215332,45.5,197747100.0,214.2086639404297,307.0,352.8999938964844,302.70001220703125,344.3999938964844,52184200.0,18.498750686645508,30.06999969482422,32.900001525878906,29.75,31.760000228881836,145961500.0,16.621883392333984,23.842405319213867,26.108854293823242,23.696182250976562,25.62144660949707,696057255.0,793.2999877929688,793.2999877929688,815.9000244140625,789.5999755859375,799.2999877929688,1308.0,6397.0,6397.0,6610.89990234375,6336.7001953125,6554.89990234375,5956293500.0,,,,,
2007-12-14,,,,,,,,,,,,,,,,,,,,,,,,,,,,,,,,,,,,,,,,,,,4.24,23.27,,1.4433,2.0197
2007-12-15,27.595199584960938,44.11000061035156,45.5,43.04999923706055,44.81999969482422,119994800.0,29.748586654663086,41.91999816894531,42.599998474121094,40.779998779296875,42.0099983215332,172459600.0,210.99900817871094,302.3999938964844,313.79998779296875,293.3999938964844,301.79998779296875,42181240.0,18.683313369750977,30.3700008392334,31.290000915527344,29.5,30.0,118637900.0,16.587894439697266,23.793664932250977,24.118602752685547,23.208772659301758,23.720552444458008,522783543.0,811.5999755859375,811.5999755859375,812.5,788.4000244140625,793.5,433.0,6434.10009765625,6434.10009765625,6451.7998046875,6251.7998046875,6397.0,6078649400.0,,,,,
2007-12-21,,,,,,,,,,,,,,,,,,,,,,,,,,,,,,,,,,,,,,,,,,,4.18,18.47,,1.4361,1.9833
2007-12-22,27.063438415527344,43.2599983215332,45.11000061035156,42.81999969482422,44.13999938964844,55640600.0,29.166677474975586,41.099998474121094,42.66999816894531,40.84000015258789,41.72999954223633,70973200.0,204.3704376220703,292.8999938964844,311.3999938964844,290.29998779296875,303.1000061035156,19138940.0,18.51106071472168,30.09000015258789,31.43000030517578,29.899999618530273,30.450000762939453,52306300.0,16.538999557495117,23.509342193603516,24.26482582092285,23.338748931884766,23.899269104003906,167305456.0,839.5999755859375,839.5999755859375,840.2000122070312,809.7999877929688,811.5,344.0,6476.89990234375,6476.89990234375,6504.7001953125,6431.2001953125,6434.10009765625,1046353700.0,,,,,
2007-12-28,,,,,,,,,,,,,,,,,,,,,,,,,,,,,,,,,,,,,,,,,,,4.11,20.74,,1.4718,1.9929
2007-12-29,25.605791091918945,40.93000030517578,44.13999938964844,40.630001068115234,43.06999969482422,81508000.0,28.279603958129883,39.849998474121094,41.599998474121094,39.7599983215332,40.90999984741211,112939100.0,197.0441131591797,282.3999938964844,298.8999938964844,280.3999938964844,291.3999938964844,26267890.0,16.911561965942383,27.489999771118164,30.56999969482422,26.989999771118164,30.09000015258789,114467300.0,15.64747428894043,22.242080688476562,23.82615852355957,22.201461791992188,23.43623161315918,290112109.0,863.0999755859375,863.0999755859375,865.5,843.2000122070312,843.2000122070312,343.0,6348.5,6348.5,6534.7001953125,6333.2001953125,6476.89990234375,2982900000.0,,,,,
2008-01-04,,,,,,,,,,,,,,,,,,,,,,,,,,,,,,,,,,,,,,,,,,,3.88,23.94,,1.4786,1.9757
2008-01-05,25.786489486694336,40.86000061035156,42.13999938964844,38.540000915527344,41.099998474121094,172220500.0,27.321592330932617,38.5,40.2400016784668,37.41999816894531,40.04999923706055,257953200.0,199.27684020996094,285.6000061035156,292.70001220703125,265.0,283.3999938964844,47126010.0,17.348352432250977,28.200000762939453,28.639999389648438,25.790000915527344,27.700000762939453,181959900.0,15.71605396270752,22.339561462402344,22.835092544555664,21.047929763793945,22.40454864501953,924623426.0,896.0999755859375,896.0999755859375,899.7000122070312,857.4000244140625,860.9000244140625,262.0,6202.0,6202.0,6399.60009765625,6147.0,6348.5,7686362300.0,,,,,
2008-01-11,,,,,,,,,,,,,,,,,,,,,,,,,,,,,,,,,,,,,,,,,,,3.82,23.68,,1.4787,1.9592
2008-01-12,24.98500633239746,39.59000015258789,42.650001525878906,38.52000045776367,41.27000045776367,222806400.0,25.52617073059082,35.970001220703125,39.40999984741211,35.130001068115234,38.7599983215332,233569300.0,170.5994415283203,244.5,291.79998779296875,239.1999969482422,289.5,94269380.0,15.675036430358887,25.479999542236328,28.420000076293945,25.020000457763672,28.3799991607666,187276200.0,14.573070526123047,20.714866638183594,22.664499282836914,20.28432273864746,22.615760803222656,855084114.0,880.7999877929688,880.7999877929688,907.2999877929688,871.0,907.2999877929688,333.0,5901.7001953125,5901.7001953125,6247.2998046875,5856.7998046875,6202.0,8363109800.0,,,,,
2008-01-18,,,,,,,,,,,,,,,,,,,,,,,,,,,,,,,,,,,,,,,,,,,3.66,27.18,,1.4616,1.9529
2008-01-19,27.540925979614258,43.63999938964844,46.150001525878906,37.65999984741211,37.65999984741211,224789100.0,28.01704216003418,39.47999954223633,41.0,33.119998931884766,33.119998931884766,367483400.0,185.88015747070312,266.3999938964844,281.0,223.60000610351562,223.60000610351562,64653400.0,18.86171531677246,30.65999984741211,32.040000915527344,24.3799991607666,24.3799991607666,272146800.0,15.533169746398926,22.07961082458496,23.078798294067383,19.585702896118164,19.66693687438965,979778012.0,910.5,910.5,910.5,863.2000122070312,878.7000122070312,91.0,5869.0,5869.0,5973.2998046875,5338.7001953125,5901.7001953125,10174604900.0,,,,,
2008-01-25,,,,,,,,,,,,,,,,,,,,,,,,,,,,,,,,,,,,,,,,,,,3.61,29.08,,1.4673,1.9802
2008-01-26,30.450275421142578,48.25,49.290000915527344,43.400001525878906,43.790000915527344,258530700.0,31.95560646057129,45.029998779296875,45.08000183105469,39.15999984741211,39.43000030517578,313723000.0,207.161376953125,296.8999938964844,297.29998779296875,261.5,264.29998779296875,55928120.0,20.70113754272461,33.650001525878906,34.560001373291016,30.270000457763672,30.40999984741211,248287700.0,16.961910247802734,24.1104793548584,24.313566207885742,21.876522064208984,22.201461791992188,888148773.0,908.7000122070312,908.7000122070312,936.2999877929688,903.7000122070312,916.5999755859375,232978.0,6029.2001953125,6029.2001953125,6044.89990234375,5689.39990234375,5869.0,7179627000.0,,,,,
2008-02-01,,,,,,,,,,,,,,,,,,,,,,,,,,,,,,,,,,,,,,,,,,,3.62,24.02,,1.4851,1.9687
2008-02-02,27.654525756835938,43.81999969482422,48.13999938964844,43.25,47.83000183105469,157506400.0,29.918899536132812,42.15999984741211,44.84000015258789,41.54999923706055,44.75,222254100.0,183.73268127441406,260.29998779296875,295.3999938964844,257.1000061035156,293.3999938964844,45672020.0,18.13579750061035,29.479999542236328,32.54999923706055,29.049999237060547,32.38999938964844,170320700.0,15.498889923095703,22.030868530273438,23.956132888793945,21.722177505493164,23.850528717041016,664484199.0,918.4000244140625,918.4000244140625,920.0,884.7000122070312,903.7000122070312,3201.0,5784.0,5784.0,6071.2998046875,5703.10009765625,6029.2001953125,6745268300.0,,,,,
2008-02-08,,,,,,,,,,,,,,,,,,,,,,,,,,,,,,,,,,,,,,,,,,,3.64,28.01,,1.4505,1.9473
2008-02-09,27.29480743408203,43.25,44.45000076293945,42.0099983215332,43.88999938964844,139812200.0,30.30211639404297,42.70000076293945,43.599998474121094,41.66999816894531,42.790000915527344,198330500.0,179.8505096435547,254.8000030517578,268.0,250.0,262.29998779296875,41316510.0,18.452720642089844,29.690000534057617,30.65999984741211,28.75,29.899999618530273,138303700.0,15.333155632019043,21.7952880859375,22.177091598510742,21.259138107299805,21.990251541137695,683798465.0,902.7999877929688,902.7999877929688,926.9000244140625,897.2000122070312,920.7000122070312,804.0,5787.60009765625,5787.60009765625,5938.5,5681.5,5784.0,6485432400.0,,,,,
2008-02-15,,,,,,,,,,,,,,,,,,,,,,,,,,,,,,,,,,,,,,,,,,,3.76,25.02,,1.4674,1.9613
2008-02-16,27.723953247070312,43.93000030517578,44.04999923706055,41.849998474121094,43.540000915527344,119292500.0,30.23114776611328,42.599998474121094,43.5,41.029998779296875,43.18000030517578,141240000.0,177.3094482421875,251.1999969482422,259.3999938964844,242.60000610351562,258.29998779296875,30923140.0,19.540369033813477,31.440000534057617,31.579999923706055,29.260000228881836,30.5,116243700.0,15.544611930847168,22.095857620239258,22.152721405029297,21.194150924682617,22.06336212158203,493686396.0,944.7000122070312,944.7000122070312,953.4000244140625,900.5,904.2999877929688,1048.0,5888.5,5888.5,6033.7001953125,5787.60009765625,5787.60009765625,6271525400.0,,,,,
2008-02-22,,,,,,,,,,,,,,,,,,,,,,,,,,,,,,,,,,,,,,,,,,,3.79,24.06,,1.4825,1.9668
2008-02-23,25.653953552246094,40.650001525878906,44.540000915527344,40.380001068115234,43.43000030517578,164935600.0,28.201549530029297,39.7400016784668,43.25,39.540000915527344,42.27000045776367,164882900.0,167.35707092285156,237.10000610351562,260.0,234.89999389648438,246.5,47765120.0,18.166824340820312,29.229999542236328,32.310001373291016,29.030000686645508,31.200000762939453,164384100.0,14.761655807495117,20.982940673828125,22.672624588012695,20.804224014282227,21.84402847290039,715278336.0,972.0999755859375,972.0999755859375,973.0999755859375,931.2999877929688,946.5,1028.0,5884.2998046875,5884.2998046875,6104.5,5859.2998046875,5888.5,7115580400.0,,,,,
2008-02-29,,,,,,,,,,,,,,,,,,,,,,,,,,,,,,,,,,,,,,,,,,,3.53,26.54,,1.5187,1.9864
2008-03-01,23.70388412475586,37.560001373291016,40.630001068115234,36.61000061035156,40.54999923706055,211872400.0,26.07259178161621,36.7400016784668,39.959999084472656,35.900001525878906,39.7400016784668,231518600.0,147.59317016601562,209.10000610351562,237.1999969482422,204.0,237.1999969482422,58986960.0,17.47073745727539,28.110000610351562,30.0,27.1299991607666,29.239999771118164,171116100.0,13.898711204528809,19.756296157836914,20.885459899902344,19.33387565612793,20.852964401245117,979477280.0,972.2000122070312,972.2000122070312,992.7000122070312,963.7999877929688,984.2000122070312,254.0,5699.89990234375,5699.89990234375,5884.2998046875,5655.7001953125,5884.2998046875,7268998100.0,,,,,
2008-03-07,,,,,,,,,,,,,,,,,,,,,,,,,,,,,,,,,,,,,,,,,,,3.56,27.49,,1.5333,2.0128
2008-03-08,23.060171127319336,36.540000915527344,40.22999954223633,36.0099983215332,37.72999954223633,267568800.0,25.752458572387695,35.689998626708984,38.900001525878906,35.150001525878906,37.130001068115234,271331200.0,139.61712646484375,197.8000030517578,226.8000030517578,195.39999389648438,209.6999969482422,67984180.0,17.682037353515625,28.450000762939453,31.59000015258789,27.440000534057617,28.479999542236328,227394500.0,13.715826988220215,19.4963436126709,21.047929763793945,19.04142951965332,19.805036544799805,1272015319.0,998.2000122070312,998.2000122070312,1004.5999755859375,964.7000122070312,975.5,147.0,5631.7001953125,5631.7001953125,5812.7001953125,5595.7998046875,5699.89990234375,7664854400.0,,,,,
2008-03-14,,,,,,,,,,,,,,,,,,,,,,,,,,,,,,,,,,,,,,,,,,,3.44,31.16,,1.5604,2.0294
2008-03-15,29.011394500732422,45.970001220703125,46.45000076293945,37.0,37.0,345661100.0,30.20449447631836,41.86000061035156,41.9900016784668,34.25,34.36000061035156,267742800.0,158.81622314453125,225.0,226.39999389648438,179.89999389648438,182.5,65201320.0,20.230253219604492,32.54999923706055,32.79999923706055,27.100000381469727,27.25,204391300.0,15.041695594787598,21.380990982055664,21.551584243774414,18.107229232788086,18.107229232788086,1146058908.0,919.5999755859375,919.5999755859375,1014.5999755859375,917.7000122070312,1005.0,230.0,5495.2001953125,5495.2001953125,5653.60009765625,5414.39990234375,5631.7001953125,7983544500.0,,,,,
2008-03-21,,,,,,,,,,,,,,,,,,,,,,,,,,,,,,,,,,,,,,,,,,,3.34,26.62,,1.5447,1.9826
2008-03-22,26.954011917114258,42.709999084472656,48.15999984741211,42.650001525878906,45.41999816894531,222785800.0,27.469776153564453,38.06999969482422,43.459999084472656,37.97999954223633,41.75,247368100.0,147.0284881591797,208.3000030517578,243.60000610351562,207.0,229.60000610351562,53569080.0,18.241405487060547,29.350000381469727,33.529998779296875,29.209999084472656,32.38999938964844,165168500.0,14.20090389251709,20.024370193481445,22.23395538330078,19.94313621520996,21.6165714263916,757475539.0,930.5999755859375,930.5999755859375,951.7000122070312,915.2000122070312,915.5,209821.0,5692.89990234375,5692.89990234375,5747.2001953125,5495.2001953125,5495.2001953125,5926149300.0,,,,,
2008-03-28,,,,,,,,,,,,,,,,,,,,,,,,,,,,,,,,,,,,,,,,,,,3.47,25.71,,1.5759,1.989
2008-03-29,28.758939743041992,45.56999969482422,47.560001373291016,42.61000061035156,42.709999084472656,180271200.0,28.436660766601562,39.40999984741211,41.5,37.779998779296875,38.150001525878906,192433100.0,169.9686279296875,240.8000030517578,250.5,204.1999969482422,208.0,52818210.0,19.223400115966797,30.93000030517578,31.75,28.90999984741211,29.389999389648438,153280500.0,15.186040878295898,21.413484573364258,22.071487426757812,19.82940673828125,19.959383010864258,703027424.0,909.0,909.0,940.0999755859375,871.7999877929688,931.0,12814.0,5947.10009765625,5947.10009765625,5948.0,5585.60009765625,5692.89990234375,6187000900.0,,,,,
2008-04-04,,,,,,,,,,,,,,,,,,,,,,,,,,,,,,,,,,,,,,,,,,,3.5,22.45,,1.5735,1.9947
2008-04-05,27.059194564819336,42.529998779296875,46.7400016784668,42.43000030517578,46.43000030517578,153923300.0,26.654417037963867,36.939998626708984,40.400001525878906,36.79999923706055,39.849998474121094,176787300.0,164.886474609375,233.60000610351562,251.89999389648438,231.0,248.5,39958480.0,17.383716583251953,27.969999313354492,31.770000457763672,27.899999618530273,31.459999084472656,173372000.0,14.477431297302246,20.414297103881836,21.91714096069336,20.357433319091797,21.73842430114746,602183782.0,923.5999755859375,923.5999755859375,939.2000122070312,904.0999755859375,915.2999877929688,3431.0,5895.5,5895.5,6016.2998046875,5866.10009765625,5947.10009765625,5296675700.0,,,,,
2008-04-11,,,,,,,,,,,,,,,,,,,,,,,,,,,,,,,,,,,,,,,,,,,3.49,23.46,,1.5796,1.9707
2008-04-12,29.11424446105957,45.7599983215332,46.86000061035156,41.16999816894531,42.400001525878906,185315700.0,27.82335662841797,38.560001373291016,39.619998931884766,35.27000045776367,36.400001525878906,205038000.0,177.23886108398438,251.10000610351562,260.0,221.8000030517578,231.3000030517578,43308720.0,18.893993377685547,30.399999618530273,31.040000915527344,27.079999923706055,27.649999618530273,206114300.0,15.249411582946777,21.502843856811523,21.84402847290039,19.796913146972656,20.28432273864746,686472567.0,912.2000122070312,912.2000122070312,948.7000122070312,907.2000122070312,917.0,836.0,6056.60009765625,6056.60009765625,6086.39990234375,5827.0,5895.5,6373886600.0,,,,,
2008-04-18,,,,,,,,,,,,,,,,,,,,,,,,,,,,,,,,,,,,,,,,,,,3.77,20.13,,1.5742,1.9965
2008-04-19,30.405803680419922,47.790000915527344,47.869998931884766,44.599998474121094,45.290000915527344,132513400.0,27.635730743408203,38.29999923706055,38.68000030517578,36.5,37.790000915527344,185075800.0,187.75607299804688,266.0,266.5,242.3000030517578,248.1999969482422,37965580.0,19.0120849609375,30.59000015258789,30.799999237060547,28.579999923706055,29.8700008392334,126465800.0,15.525938034057617,21.892770767211914,21.949634552001953,20.593013763427734,21.275386810302734,539217147.0,887.2000122070312,887.2000122070312,924.5999755859375,878.0999755859375,922.5,1342.0,6091.39990234375,6091.39990234375,6098.7998046875,5951.89990234375,6056.5,5855517500.0,,,,,
2008-04-25,,,,,,,,,,,,,,,,,,,,,,,,,,,,,,,,,,,,,,,,,,,3.91,19.59,,1.5634,1.9833
2008-04-26,30.959327697753906,48.65999984741211,49.95000076293945,46.619998931884766,47.66999816894531,143861100.0,28.710861206054688,39.790000915527344,40.650001525878906,37.41999816894531,38.380001068115234,172141400.0,186.2737579345703,263.8999938964844,273.5,251.5,267.0,44372690.0,19.353914260864258,31.139999389648438,32.400001525878906,29.56999969482422,30.5,122358700.0,15.963775634765625,22.510154724121094,22.883834838867188,21.46222686767578,21.90901756286621,526935335.0,856.0999755859375,856.0999755859375,893.7999877929688,849.5999755859375,887.0,597.0,6215.5,6215.5,6223.89990234375,6035.7998046875,6091.39990234375,4714091600.0,,,,,
2008-05-02,,,,,,,,,,,,,,,,,,,,,,,,,,,,,,,,,,,,,,,,,,,3.89,18.18,,1.5431,1.9756
2008-05-03,29.629581451416016,46.56999969482422,48.70000076293945,45.310001373291016,48.31999969482422,120190300.0,26.445158004760742,36.650001525878906,39.529998779296875,36.529998779296875,39.400001525878906,183932400.0,168.9314422607422,236.3000030517578,264.3999938964844,235.39999389648438,264.0,39572110.0,18.228975296020508,29.329999923706055,31.59000015258789,29.0,31.1200008392334,107738600.0,14.97288703918457,21.112916946411133,22.396425247192383,20.934200286865234,22.339561462402344,630954591.0,884.5,884.5,884.7000122070312,861.2000122070312,861.2000122070312,221.0,6204.7001953125,6204.7001953125,6275.0,6155.89990234375,6215.5,4135726800.0,,,,,
2008-05-09,,,,,,,,,,,,,,,,,,,,,,,,,,,,,,,,,,,,,,,,,,,3.77,19.41,,1.5447,1.9486
2008-05-10,29.604141235351562,46.529998779296875,47.31999969482422,45.220001220703125,46.81999969482422,120080000.0,26.098817825317383,36.16999816894531,37.599998474121094,36.040000915527344,36.81999969482422,169910800.0,165.2854461669922,231.1999969482422,240.89999389648438,229.1999969482422,237.1999969482422,33830400.0,18.172969818115234,28.950000762939453,29.959999084472656,28.610000610351562,29.5,120346900.0,15.203323364257812,21.437854766845703,21.608448028564453,21.031681060791016,21.137287139892578,410873948.0,899.0,899.0,904.2000122070312,862.7999877929688,879.2000122070312,320.0,6304.2998046875,6304.2998046875,6348.60009765625,6142.2998046875,6204.7001953125,5222371600.0,,,,,
2008-05-16,,,,,,,,,,,,,,,,,,,,,,,,,,,,,,,,,,,,,,,,,,,3.85,16.47,,1.5591,1.958
2008-05-17,26.925586700439453,42.31999969482422,47.220001220703125,42.099998474121094,46.54999923706055,159334400.0,24.482511520385742,33.93000030517578,36.720001220703125,33.900001525878906,36.220001220703125,201376900.0,150.98745727539062,211.1999969482422,235.3000030517578,210.10000610351562,232.1999969482422,41939610.0,17.375732421875,27.68000030517578,29.440000534057617,27.450000762939453,29.0,143036500.0,14.20090389251709,20.024370193481445,21.56783103942871,19.926889419555664,21.316003799438477,487085527.0,925.5999755859375,925.5999755859375,925.5999755859375,905.0,905.0,9.0,6087.2998046875,6087.2998046875,6377.0,6087.2998046875,6304.2998046875,6501029800.0,,,,,
2008-05-23,,,,,,,,,,,,,,,,,,,,,,,,,,,,,,,,,,,,,,,,,,,3.85,19.55,,1.5784,1.9818
2008-05-24,27.358224868774414,43.0,44.060001373291016,41.900001525878906,42.400001525878906,104327100.0,24.54024887084961,34.0099983215332,34.869998931884766,33.25,34.02000045776367,154544500.0,156.4922637939453,218.89999389648438,224.1999969482422,211.1999969482422,212.39999389648438,26533620.0,17.306684494018555,27.56999969482422,28.290000915527344,26.6299991607666,27.639999389648438,111844700.0,14.264281272888184,20.11372947692871,20.51177978515625,19.731924057006836,19.926889419555664,398418812.0,887.2999877929688,887.2999877929688,925.5999755859375,868.5999755859375,916.9000244140625,221213.0,6053.5,6053.5,6141.7001953125,6041.10009765625,6087.2998046875,5668295200.0,,,,,
2008-05-30,,,,,,,,,,,,,,,,,,,,,,,,,,,,,,,,,,,,,,,,,,,4.06,17.83,,1.556,1.9793
2008-05-31,25.506772994995117,40.09000015258789,42.77000045776367,39.95000076293945,42.630001068115234,157566900.0,22.007564544677734,30.5,33.939998626708984,30.389999389648438,33.84000015258789,271613500.0,143.4095001220703,200.60000610351562,218.60000610351562,200.0,217.0,42798750.0,15.957048416137695,25.420000076293945,27.540000915527344,25.31999969482422,27.469999313354492,171719800.0,13.440450668334961,18.952070236206055,20.064987182617188,18.94394874572754,20.064987182617188,755852096.0,895.4000244140625,895.4000244140625,901.0,865.4000244140625,887.2999877929688,5393.0,5906.7998046875,5906.7998046875,6074.5,5906.5,6053.5,7030630800.0,,,,,
2008-06-06,,,,,,,,,,,,,,,,,,,,,,,,,,,,,,,,,,,,,,,,,,,3.94,23.56,,1.5731,1.9695
2008-06-07,25.182294845581055,39.58000183105469,40.33000183105469,36.41999816894531,40.31999969482422,273948200.0,21.90899085998535,29.780000686645508,30.850000381469727,28.829999923706055,30.780000686645508,312946700.0,146.41209411621094,204.8000030517578,205.39999389648438,190.8000030517578,201.5,48468840.0,16.37135887145996,26.079999923706055,26.829999923706055,24.809999465942383,25.719999313354492,204739800.0,13.469260215759277,18.99268913269043,19.171405792236328,18.139724731445312,19.057676315307617,1044648020.0,870.2999877929688,870.2999877929688,908.9000244140625,858.2000122070312,900.7000122070312,3029.0,5802.7998046875,5802.7998046875,5938.5,5708.2998046875,5902.89990234375,7801976600.0,,,,,
2008-06-13,,,,,,,,,,,,,,,,,,,,,,,,,,,,,,,,,,,,,,,,,,,4.27,21.22,,1.5368,1.9496
2008-06-14,24.08795928955078,37.86000061035156,40.75,36.81999969482422,39.47999954223633,218202600.0,19.937326431274414,27.100000381469727,30.889999389648438,26.950000762939453,29.670000076293945,357123400.0,137.97621154785156,193.0,214.89999389648438,190.0,204.10000610351562,53389430.0,15.379536628723145,24.5,27.200000762939453,24.0,26.030000686645508,225736800.0,12.777933120727539,18.017871856689453,19.374492645263672,17.757919311523438,18.81397247314453,916580935.0,901.2999877929688,901.2999877929688,907.2999877929688,871.2999877929688,872.5,332.0,5620.7998046875,5620.7998046875,5930.2998046875,5597.0,5802.7998046875,7016972900.0,,,,,
2008-06-20,,,,,,,,,,,,,,,,,,,,,,,,,,,,,,,,,,,,,,,,,,,4.16,22.87,,1.5626,1.9737
2008-06-21,22.30013656616211,35.04999923706055,39.31999969482422,34.20000076293945,37.9900016784668,238610300.0,18.09073257446289,24.59000015258789,27.940000534057617,24.25,27.18000030517578,396506600.0,123.32073211669922,172.5,197.39999389648438,169.10000610351562,194.0,60103550.0,15.08449649810791,24.030000686645508,26.540000915527344,23.6200008392334,24.6299991607666,237408300.0,11.955422401428223,16.709991455078125,18.245328903198242,16.531274795532227,17.92038917541504,1028331852.0,929.2999877929688,929.2999877929688,927.5999755859375,876.4000244140625,903.4000244140625,564.0,5530.0,5530.0,5693.7998046875,5470.89990234375,5620.7998046875,7697423100.0,,,,,
2008-06-27,,,,,,,,,,,,,,,,,,,,,,,,,,,,,,,,,,,,,,,,,,,3.99,23.44,,1.5749,1.9938
2008-06-28,22.465560913085938,35.310001373291016,36.09000015258789,32.33000183105469,34.86000061035156,210191400.0,16.47955322265625,22.399999618530273,25.040000915527344,21.719999313354492,24.739999771118164,307987400.0,120.2467041015625,168.1999969482422,175.8000030517578,162.5,171.89999389648438,41020310.0,15.015453338623047,23.920000076293945,24.780000686645508,23.040000915527344,24.110000610351562,162830700.0,11.589263916015625,16.198213577270508,16.839967727661133,15.89764404296875,16.726238250732422,755580538.0,931.7999877929688,931.7999877929688,945.7999877929688,922.2999877929688,927.7000122070312,425.0,5412.7998046875,5412.7998046875,5625.89990234375,5358.5,5529.89990234375,7696460400.0,,,,,
2008-07-04,,,,,,,,,,,,,,,,,,,,,,,,,,,,,,,,,,,,,,,,,,,3.99,24.79,,1.5708,1.9825
2008-07-05,21.33393096923828,33.15999984741211,36.7400016784668,32.09000015258789,35.5,281264300.0,15.94250202178955,21.670000076293945,24.0,20.84000015258789,22.610000610351562,546687000.0,115.74272918701172,161.89999389648438,177.39999389648438,157.5,170.5,56230400.0,14.437932968139648,23.0,25.170000076293945,22.110000610351562,24.200000762939453,315303100.0,10.856941223144531,15.174654960632324,16.75873374938965,14.85783863067627,16.360681533813477,1489284234.0,959.5,959.5,965.7000122070312,915.4000244140625,931.4000244140625,285.0,5261.60009765625,5261.60009765625,5538.2001953125,5261.60009765625,5412.7998046875,7379945200.0,,,,,
2008-07-11,,,,,,,,,,,,,,,,,,,,,,,,,,,,,,,,,,,,,,,,,,,3.96,27.49,,1.5898,1.9895
2008-07-12,25.747398376464844,40.02000045776367,41.31999969482422,29.239999771118164,34.189998626708984,416570300.0,20.2242488861084,27.489999771118164,27.989999771118164,18.440000534057617,22.799999237060547,827164100.0,138.3336639404297,193.5,204.8000030517578,140.10000610351562,167.60000610351562,87629150.0,17.488733291625977,27.860000610351562,28.729999542236328,20.459999084472656,23.860000610351562,572110900.0,12.013545036315918,16.791227340698242,17.132413864135742,13.62307071685791,15.597076416015625,2283247230.0,957.2999877929688,957.2999877929688,986.2000122070312,955.0,964.7000122070312,107.0,5376.39990234375,5376.39990234375,5376.39990234375,5071.10009765625,5261.60009765625,9594715300.0,,,,,
2008-07-18,,,,,,,,,,,,,,,,,,,,,,,,,,,,,,,,,,,,,,,,,,,4.11,24.05,,1.5855,1.9985
2008-07-19,25.42572784423828,39.52000045776367,43.0,37.61000061035156,40.34000015258789,233446800.0,21.761850357055664,29.579999923706055,34.2599983215332,27.200000762939453,30.309999465942383,673575100.0,134.75917053222656,188.5,222.10000610351562,185.39999389648438,199.39999389648438,63209460.0,18.260841369628906,29.09000015258789,31.969999313354492,26.6299991607666,28.049999237060547,419803700.0,12.129785537719727,16.95369529724121,18.757108688354492,16.16571807861328,17.213647842407227,1684226257.0,926.5999755859375,926.5999755859375,974.9000244140625,920.9000244140625,964.5,290.0,5352.60009765625,5352.60009765625,5467.2001953125,5282.7998046875,5376.39990234375,9060769900.0,,,,,
2008-07-25,,,,,,,,,,,,,,,,,,,,,,,,,,,,,,,,,,,,,,,,,,,4.13,22.91,,1.5687,1.988
2008-07-26,26.22348976135254,40.7599983215332,42.06999969482422,37.18000030517578,39.40999984741211,208322900.0,24.520708084106445,33.33000183105469,34.5,27.799999237060547,29.34000015258789,427001400.0,134.90216064453125,188.6999969482422,196.1999969482422,165.1999969482422,188.1999969482422,54431910.0,19.145957946777344,30.5,31.5,27.729999542236328,29.0,263230600.0,12.571502685546875,17.57107925415039,17.969131469726562,16.043867111206055,16.872461318969727,1292927178.0,909.0,909.0,931.0999755859375,893.2999877929688,928.7999877929688,251481.0,5354.7001953125,5354.7001953125,5456.10009765625,5261.39990234375,5352.60009765625,7152004200.0,,,,,
2008-08-01,,,,,,,,,,,,,,,,,,,,,,,,,,,,,,,,,,,,,,,,,,,3.97,22.57,,1.5567,1.9743
2008-08-02,26.422922134399414,41.06999969482422,42.27000045776367,38.90999984741211,40.13999938964844,176406900.0,23.726154327392578,32.25,34.20000076293945,30.770000457763672,32.599998474121094,328036900.0,141.01869201660156,193.89999389648438,202.3000030517578,179.89999389648438,185.3000030517578,42961410.0,18.938804626464844,30.170000076293945,31.690000534057617,28.549999237060547,30.100000381469727,238002000.0,12.751672744750977,17.822908401489258,18.31031608581543,17.067424774169922,17.408611297607422,1021320569.0,857.7999877929688,857.7999877929688,915.2999877929688,851.0999755859375,912.7000122070312,5173.0,5489.2001953125,5489.2001953125,5539.2998046875,5299.7001953125,5354.7001953125,7230167300.0,,,,,
2008-08-08,,,,,,,,,,,,,,,,,,,,,,,,,,,,,,,,,,,,,,,,,,,3.94,20.66,,1.5047,1.9193
2008-08-09,24.492839813232422,38.06999969482422,42.849998474121094,36.150001525878906,40.790000915527344,226267300.0,22.58583641052246,30.700000762939453,33.97999954223633,28.5,32.18000030517578,340795900.0,134.90965270996094,185.5,205.0,174.3000030517578,192.39999389648438,37943910.0,18.885000228881836,29.760000228881836,32.06999969482422,28.950000762939453,30.200000762939453,247605700.0,12.414570808410645,17.351747512817383,18.489032745361328,16.441917419433594,17.76604461669922,1040679646.0,786.0,786.0,863.4000244140625,780.9000244140625,858.2999877929688,741.0,5454.7998046875,5454.7998046875,5569.2001953125,5432.2001953125,5489.2001953125,5863522900.0,,,,,
2008-08-15,,,,,,,,,,,,,,,,,,,,,,,,,,,,,,,,,,,,,,,,,,,3.84,19.58,,1.4695,1.8651
2008-08-16,24.235498428344727,37.66999816894531,38.25,35.0,37.91999816894531,179269600.0,22.225326538085938,30.209999084472656,30.809999465942383,27.719999313354492,30.709999084472656,299346100.0,131.92767333984375,181.39999389648438,186.5,168.5,186.5,36186890.0,18.631183624267578,29.360000610351562,29.8700008392334,27.170000076293945,29.8700008392334,218563900.0,12.05422592163086,16.84809112548828,17.286758422851562,15.930137634277344,17.286758422851562,967885567.0,827.4000244140625,827.4000244140625,836.5999755859375,789.5999755859375,792.0,277.0,5505.60009765625,5505.60009765625,5505.60009765625,5311.39990234375,5454.7998046875,5010814200.0,,,,,
2008-08-22,,,,,,,,,,,,,,,,,,,,,,,,,,,,,,,,,,,,,,,,,,,3.87,18.81,,1.48,1.8544
2008-08-23,24.7630615234375,38.4900016784668,38.939998626708984,35.869998931884766,37.400001525878906,137755500.0,22.90953254699707,31.139999389648438,31.479999542236328,28.450000762939453,29.940000534057617,229438400.0,138.10955810546875,189.89999389648438,191.5,175.3000030517578,180.0,30143340.0,19.208641052246094,30.270000457763672,30.56999969482422,28.09000015258789,28.920000076293945,155697400.0,12.449451446533203,17.400487899780273,17.497968673706055,16.092607498168945,16.620634078979492,720677870.0,829.2999877929688,829.2999877929688,842.5999755859375,819.7999877929688,819.7999877929688,1228.0,5636.60009765625,5636.60009765625,5649.10009765625,5369.2998046875,5505.60009765625,4050483100.0,,,,,
2008-08-29,,,,,,,,,,,,,,,,,,,,,,,,,,,,,,,,,,,,,,,,,,,3.83,20.65,,1.4669,1.819
2008-08-30,25.47719383239746,39.599998474121094,40.02000045776367,37.349998474121094,39.560001373291016,145665800.0,23.711442947387695,32.22999954223633,33.13999938964844,29.81999969482422,32.72999954223633,297794300.0,138.69140625,190.6999969482422,198.1999969482422,179.3000030517578,196.3000030517578,30800650.0,19.798795700073242,31.200000762939453,31.690000534057617,28.790000915527344,31.219999313354492,174828800.0,12.635433197021484,17.660438537597656,17.969131469726562,16.75873374938965,17.839155197143555,898842348.0,797.5999755859375,797.5999755859375,840.7000122070312,790.7999877929688,829.9000244140625,374.0,5240.7001953125,5240.7001953125,5646.5,5227.60009765625,5636.60009765625,6270537200.0,,,,,
2008-09-05,,,,,,,,,,,,,,,,,,,,,,,,,,,,,,,,,,,,,,,,,,,3.66,23.06,,1.4273,1.7687
2008-09-06,26.487276077270508,41.16999816894531,43.65999984741211,37.91999816894531,42.38999938964844,296595000.0,25.31894302368164,33.7400016784668,35.70000076293945,30.3700008392334,35.2599983215332,531839900.0,130.61862182617188,179.60000610351562,209.5,176.3000030517578,208.39999389648438,62092260.0,21.759645462036133,34.290000915527344,34.5,30.100000381469727,33.2400016784668,364475200.0,12.292526245117188,17.181154251098633,19.090171813964844,16.385053634643555,19.065799713134766,1961681838.0,760.2999877929688,760.2999877929688,813.2000122070312,739.0,811.0,210.0,5416.7001953125,5416.7001953125,5524.7998046875,5240.7001953125,5240.7001953125,7221591100.0,,,,,
2008-09-12,,,,,,,,,,,,,,,,,,,,,,,,,,,,,,,,,,,,,,,,,,,3.74,25.66,,1.4172,1.7896
2008-09-13,30.270244598388672,47.04999923706055,48.0,34.040000915527344,38.38999938964844,508383200.0,28.125490188598633,37.47999954223633,39.5,25.0,28.229999542236328,1019794800.0,150.18238830566406,206.5,225.3000030517578,128.5,163.89999389648438,144634350.0,25.25615692138672,39.79999923706055,44.75,31.0,32.66999816894531,578057300.0,13.007410049438477,18.180341720581055,19.902517318725586,13.939886093139648,16.035743713378906,3345270813.0,860.5999755859375,860.5999755859375,910.9000244140625,764.0,778.0999755859375,218.0,5311.2998046875,5311.2998046875,5416.7001953125,4857.10009765625,5416.7001953125,10673117000.0,,,,,
2008-09-19,,,,,,,,,,,,,,,,,,,,,,,,,,,,,,,,,,,,,,,,,,,3.78,32.07,,1.4384,1.8297
2008-09-20,31.035858154296875,48.2400016784668,49.0,40.060001373291016,45.689998626708984,289437700.0,27.540170669555664,36.70000076293945,37.5,32.0,35.970001220703125,297923600.0,146.54600524902344,201.5,205.60000610351562,181.1999969482422,199.60000610351562,49619910.0,23.676067352294922,37.310001373291016,39.20000076293945,33.0,39.150001525878906,208230800.0,12.551185607910156,17.376117706298828,18.08285903930664,15.800162315368652,18.066612243652344,1063294223.0,882.9000244140625,882.9000244140625,908.0999755859375,879.5,888.7999877929688,14176.0,5088.5,5088.5,5339.2998046875,5057.2998046875,5311.2998046875,6606147300.0,,,,,
2008-09-26,,,,,,,,,,,,,,,,,,,,,,,,,,,,,,,,,,,,,,,,,,,3.85,34.74,,1.4596,1.84
2008-09-27,29.530366897583008,45.900001525878906,50.630001068115234,41.0,46.58000183105469,328523800.0,25.87425422668457,34.47999954223633,38.5,30.25,36.70000076293945,390594200.0,133.45498657226562,183.5,235.0,177.0,195.6999969482422,87584480.0,21.93097496032715,34.560001373291016,38.95000076293945,33.25,36.0,282636500.0,11.019692420959473,15.255889892578125,16.815597534179688,14.93907356262207,16.693744659423828,1407216172.0,828.9000244140625,828.9000244140625,919.0,823.0,871.2999877929688,4816.0,4980.2998046875,4980.2998046875,5088.5,4671.0,5088.5,7696533800.0,,,,,
2008-10-03,,,,,,,,,,,,,,,,,,,,,,,,,,,,,,,,,,,,,,,,,,,3.63,45.14,,1.3816,1.774
2008-10-04,26.996356964111328,41.63999938964844,45.7400016784668,35.02000045776367,43.4900016784668,402915000.0,15.661126136779785,20.8700008392334,33.4900016784668,18.989999771118164,31.780000686645508,959128200.0,102.6185531616211,141.10000610351562,182.0,120.0,172.3000030517578,89316750.0,17.964874267578125,28.309999465942383,35.47999954223633,25.0,33.29999923706055,406624500.0,8.860353469848633,12.266449928283691,15.036556243896484,10.38992691040039,14.638504981994629,2477312286.0,855.4000244140625,855.4000244140625,925.7000122070312,826.0,828.7999877929688,1041.0,3932.10009765625,3932.10009765625,4980.2998046875,3874.0,4980.2998046875,10122719700.0,,,,,
2008-10-10,,,,,,,,,,,,,,,,,,,,,,,,,,,,,,,,,,,,,,,,,,,3.89,69.95,,1.3471,1.7037
2008-10-11,25.49871826171875,39.33000183105469,44.08000183105469,36.310001373291016,43.90999984741211,397777100.0,17.439605712890625,23.239999771118164,27.209999084472656,21.649999618530273,23.780000686645508,748073600.0,108.21859741210938,148.8000030517578,192.5,145.1999969482422,157.0,89894100.0,20.344533920288086,32.060001373291016,35.029998779296875,27.559999465942383,30.649999618530273,401767600.0,9.007046699523926,12.469536781311035,14.516653060913086,11.852152824401855,12.981315612792969,1616797494.0,785.0999755859375,785.0999755859375,861.0999755859375,773.7999877929688,861.0999755859375,443.0,4063.0,4063.0,4534.39990234375,3808.10009765625,3932.10009765625,9709170200.0,,,,,
2008-10-17,,,,,,,,,,,,,,,,,,,,,,,,,,,,,,,,,,,,,,,,,,,3.98,70.33,,1.3462,1.7307
2008-10-18,22.970243453979492,35.43000030517578,41.27000045776367,34.5099983215332,40.0099983215332,273223800.0,15.811203956604004,21.06999969482422,24.920000076293945,20.489999771118164,23.920000076293945,463293900.0,88.29122161865234,121.4000015258789,154.0,119.5,151.8000030517578,68900040.0,19.614770889282227,30.90999984741211,34.0,29.0,32.72999954223633,283317300.0,7.950847148895264,11.00731086730957,13.176279067993164,10.69861888885498,12.794475555419922,1053510728.0,729.0999755859375,729.0999755859375,803.7999877929688,681.0,803.7999877929688,482.0,3883.39990234375,3883.39990234375,4347.7001953125,3715.199951171875,4063.0,7470956300.0,,,,,
2008-10-24,,,,,,,,,,,,,,,,,,,,,,,,,,,,,,,,,,,,,,,,,,,3.76,79.13,,1.2639,1.5631
2008-10-25,26.743505477905273,41.25,41.25,32.52000045776367,35.099998474121094,331939400.0,18.137489318847656,24.170000076293945,24.170000076293945,20.020000457763672,20.8700008392334,506277400.0,99.2730941772461,136.5,139.60000610351562,115.4000015258789,121.0,59635070.0,21.60733985900879,34.04999923706055,34.560001373291016,30.260000228881836,30.420000076293945,302733100.0,9.11266803741455,12.61575984954834,12.640130043029785,10.56052017211914,11.186027526855469,1011254929.0,716.7999877929688,716.7999877929688,774.0,712.0,742.7999877929688,405.0,4377.2998046875,4377.2998046875,4383.89990234375,3665.199951171875,3883.39990234375,7701725400.0,,,,,
2008-10-31,,,,,,,,,,,,,,,,,,,,,,,,,,,,,,,,,,,,,,,,,,,4.01,59.89,,1.2682,1.6165
2008-11-01,24.47435760498047,37.75,42.5,36.470001220703125,41.25,254179800.0,15.375968933105469,20.489999771118164,24.6200008392334,19.950000762939453,23.969999313354492,437693700.0,87.0427017211914,118.19999694824219,148.10000610351562,113.0999984741211,136.5,51115890.0,18.720020294189453,29.5,35.25,27.049999237060547,34.15999984741211,548781600.0,8.343988418579102,11.551584243774414,13.428107261657715,11.26726245880127,12.583266258239746,711037418.0,733.2000122070312,733.2000122070312,760.0,726.0,728.7999877929688,115.0,4365.0,4365.0,4639.5,4260.2998046875,4377.2998046875,6856877200.0,,,,,
2008-11-07,,,,,,,,,,,,,,,,,,,,,,,,,,,,,,,,,,,,,,,,,,,3.83,56.1,,1.2777,1.5788
2008-11-08,22.347843170166016,34.470001220703125,38.47999954223633,33.5,38.279998779296875,290326600.0,12.321784019470215,16.420000076293945,21.139999389648438,14.880000114440918,21.049999237060547,607708300.0,70.10546875,95.19999694824219,122.80000305175781,82.69999694824219,122.0,94968070.0,18.409666061401367,28.729999542236328,30.030000686645508,25.75,29.940000534057617,365246200.0,7.469687461853027,10.341185569763184,11.941511154174805,9.504467964172363,11.835906028747559,1146474125.0,742.4000244140625,742.4000244140625,753.5999755859375,707.0,749.0,1083.0,4233.0,4233.0,4524.89990234375,4079.60009765625,4365.0,6503113000.0,,,,,
2008-11-14,,,,,,,,,,,,,,,,,,,,,,,,,,,,,,,,,,,,,,,,,,,3.72,66.31,,1.2731,1.486
2008-11-15,14.729992866516113,22.719999313354492,34.869998931884766,19.690000534057617,33.81999969482422,570399200.0,8.607243537902832,11.470000267028809,16.280000686645508,10.010000228881836,16.209999084472656,878144900.0,27.762348175048828,37.70000076293945,98.0999984741211,30.5,93.5999984741211,247382600.0,13.943421363830566,21.760000228881836,28.729999542236328,19.889999389648438,28.190000534057617,483242800.0,5.680013656616211,7.863525867462158,10.25182819366455,7.043054103851318,10.162469863891602,1683868405.0,791.7000122070312,791.7000122070312,784.0999755859375,734.0,741.9000244140625,159.0,3781.0,3781.0,4236.39990234375,3734.10009765625,4233.0,6983943100.0,,,,,
2008-11-21,,,,,,,,,,,,,,,,,,,,,,,,,,,,,,,,,,,,,,,,,,,3.2,72.67,,1.2531,1.4816
2008-11-22,20.526046752929688,31.65999984741211,31.93000030517578,22.5,23.920000076293945,321245400.0,12.194215774536133,16.25,16.389999389648438,12.430000305175781,12.59000015258789,515374400.0,61.0477180480957,82.9000015258789,84.80000305175781,52.5,61.20000076293945,189939900.0,18.512197494506836,28.889999389648438,29.010000228881836,22.75,22.979999542236328,262495800.0,7.428613185882568,10.284321784973145,10.373680114746094,8.188465118408203,8.29407024383545,902127025.0,816.2000122070312,816.2000122070312,824.0,806.7999877929688,819.9000244140625,376422.0,4288.0,4288.0,4288.0,3781.0,3781.0,6427208900.0,,,,,
2008-11-28,,,,,,,,,,,,,,,,,,,,,,,,,,,,,,,,,,,,,,,,,,,2.93,55.84,,1.2694,1.5348
2008-11-29,21.621721267700195,33.349998474121094,34.0,24.610000610351562,30.670000076293945,371533500.0,11.436299324035645,15.239999771118164,15.600000381469727,12.770000457763672,15.59000015258789,639654300.0,56.77656936645508,77.0999984741211,83.5999984741211,59.400001525878906,79.0,143065720.0,19.185014724731445,29.940000534057617,30.0,22.56999969482422,28.040000915527344,359859200.0,7.516628742218018,10.406173706054688,10.471161842346191,8.480910301208496,9.886271476745605,1198266849.0,750.5,750.5,817.2999877929688,740.0,817.2000122070312,6117.0,4049.39990234375,4049.39990234375,4288.0,3973.300048828125,4288.0,6216945700.0,,,,,
2008-12-05,,,,,,,,,,,,,,,,,,,,,,,,,,,,,,,,,,,,,,,,,,,2.67,59.93,,1.2654,1.4606
2008-12-06,20.059246063232422,30.940000534057617,37.70000076293945,28.010000228881836,33.970001220703125,329022000.0,11.458842277526855,14.930000305175781,18.0,13.899999618530273,16.190000534057617,595844500.0,56.70294952392578,77.0,90.0,69.69999694824219,82.30000305175781,92398740.0,17.12169647216797,26.719999313354492,32.7599983215332,24.670000076293945,30.639999389648438,302381100.0,7.117618560791016,9.853776931762695,11.226645469665527,9.203899383544922,10.83671760559082,1033094346.0,818.9000244140625,818.9000244140625,832.0999755859375,754.2000122070312,755.0,1351.0,4280.39990234375,4280.39990234375,4430.2998046875,4049.39990234375,4049.39990234375,5602307200.0,,,,,
2008-12-12,,,,,,,,,,,,,,,,,,,,,,,,,,,,,,,,,,,,,,,,,,,2.6,54.28,,1.3349,1.4874
2008-12-13,19.657283782958984,30.31999969482422,32.88999938964844,28.170000076293945,29.34000015258789,287359400.0,10.591562271118164,13.800000190734863,15.390000343322754,13.510000228881836,15.050000190734863,567949000.0,51.695411682128906,70.19999694824219,83.30000305175781,69.0999984741211,77.4000015258789,77449130.0,18.813369750976562,29.360000610351562,31.40999984741211,25.530000686645508,26.979999542236328,311243200.0,7.176295757293701,9.935011863708496,10.706742286682129,9.309503555297852,9.82940673828125,941614796.0,836.4000244140625,836.4000244140625,880.7999877929688,824.0,828.0,1013.0,4286.89990234375,4286.89990234375,4352.7001953125,4200.7001953125,4280.39990234375,5602529500.0,,,,,
2008-12-19,,,,,,,,,,,,,,,,,,,,,,,,,,,,,,,,,,,,,,,,,,,2.13,44.93,,1.3875,1.4854
2008-12-20,19.320152282714844,29.799999237060547,31.190000534057617,28.649999618530273,30.639999389648438,88280300.0,10.25385856628418,13.359999656677246,14.010000228881836,12.720000267028809,13.899999618530273,222777900.0,49.559852600097656,67.30000305175781,72.5,65.0999984741211,71.5,33023030.0,17.627918243408203,27.510000228881836,29.299999237060547,26.860000610351562,29.110000610351562,92928400.0,7.015449523925781,9.569456100463867,10.008123397827148,9.333874702453613,9.959383010864258,280982891.0,870.4000244140625,870.4000244140625,872.4000244140625,835.0,848.5,518.0,4216.60009765625,4216.60009765625,4307.10009765625,4205.2001953125,4286.89990234375,1532915000.0,,,,,
2008-12-26,,,,,,,,,,,,,,,,,,,,,,,,,,,,,,,,,,,,,,,,,,,2.16,43.38,,1.4062,1.47
2008-12-27,20.3250675201416,31.350000381469727,31.940000534057617,28.799999237060547,29.989999771118164,110547000.0,10.998344421386719,14.329999923706055,14.569999694824219,12.65999984741211,13.569999694824219,335570800.0,52.57907485961914,71.4000015258789,71.5999984741211,65.0999984741211,68.30000305175781,33167370.0,19.22346305847168,30.0,30.489999771118164,27.299999237060547,27.889999389648438,131239600.0,7.539523124694824,10.284321784973145,10.406173706054688,9.309503555297852,9.593826293945312,346938639.0,878.7999877929688,878.7999877929688,883.5999755859375,858.4000244140625,882.9000244140625,646.0,4561.7998046875,4561.7998046875,4561.7998046875,4216.60009765625,4216.60009765625,1520648400.0,,,,,
2009-01-02,,,,,,,,,,,,,,,,,,,,,,,,,,,,,,,,,,,,,,,,,,,2.46,39.19,,1.3946,1.452
2009-01-03,17.042463302612305,25.969999313354492,30.770000457763672,25.809999465942383,30.729999542236328,225115500.0,9.96988296508789,12.989999771118164,14.8100004196167,12.949999809265137,14.380000114440918,486223100.0,49.707115173339844,67.5,75.9000015258789,66.5999984741211,71.19999694824219,59154470.0,16.1092586517334,25.139999389648438,29.790000915527344,23.6200008392334,29.739999771118164,246236100.0,6.8844313621521,9.390739440917969,10.414297103881836,9.374491691589355,10.235581398010254,670258819.0,854.2999877929688,854.2999877929688,883.5,837.7000122070312,882.0,627.0,4448.5,4448.5,4675.7001953125,4410.5,4561.7998046875,4834868600.0,,,,,
2009-01-09,,,,,,,,,,,,,,,,,,,,,,,,,,,,,,,,,,,,,,,,,,,2.43,42.82,,1.3495,1.5239
2009-01-10,14.97530746459961,22.81999969482422,27.049999237060547,20.530000686645508,25.920000076293945,500292800.0,5.51068115234375,7.179999828338623,12.899999618530273,7.0,12.859999656677246,1579398100.0,25.774059295654297,35.0,65.5,33.599998474121094,65.4000015258789,214255150.0,11.969805717468262,18.68000030517578,25.31999969482422,17.030000686645508,25.190000534057617,546567900.0,5.76481819152832,7.863525867462158,9.38261604309082,7.5060930252075195,9.358244895935059,1211486557.0,839.2999877929688,839.2999877929688,844.4000244140625,805.5999755859375,844.4000244140625,177.0,4147.10009765625,4147.10009765625,4471.2998046875,4090.89990234375,4448.5,5650987900.0,,,,,
2009-01-16,,,,,,,,,,,,,,,,,,,,,,,,,,,,,,,,,,,,,,,,,,,2.36,46.11,,1.3244,1.4737
2009-01-17,15.933417320251465,24.280000686645508,24.579999923706055,17.700000762939453,21.0,463121800.0,4.789228916168213,6.239999771118164,6.880000114440918,5.050000190734863,6.480000019073486,1515742500.0,25.55314064025879,34.70000076293945,36.70000076293945,28.0,34.5,125673860.0,10.169209480285645,15.869999885559082,17.020000457763672,13.739999771118164,16.770000457763672,571639600.0,5.353896617889404,7.303006172180176,7.546710014343262,6.555645942687988,7.424858093261719,1263615715.0,895.2999877929688,895.2999877929688,899.0999755859375,824.0,838.7000122070312,166.0,4052.5,4052.5,4251.89990234375,3956.699951171875,4147.10009765625,9149706900.0,,,,,
2009-01-23,,,,,,,,,,,,,,,,,,,,,,,,,,,,,,,,,,,,,,,,,,,2.65,47.27,,1.2849,1.3658
2009-01-24,16.740589141845703,25.510000228881836,27.770000457763672,23.739999771118164,25.0,349980200.0,5.050179481506348,6.579999923706055,7.809999942779541,6.0,6.460000038146973,1211635100.0,26.14225959777832,35.5,43.29999923706055,33.0,36.70000076293945,112975750.0,12.110782623291016,18.899999618530273,21.450000762939453,15.4399995803833,16.200000762939453,581094400.0,5.502780914306641,7.5060930252075195,8.537774085998535,7.067424774169922,7.449227809906006,1286493233.0,927.2999877929688,927.2999877929688,930.2999877929688,874.2000122070312,907.2999877929688,214404.0,4149.60009765625,4149.60009765625,4317.60009765625,4039.39990234375,4052.5,7387266600.0,,,,,
2009-01-30,,,,,,,,,,,,,,,,,,,,,,,,,,,,,,,,,,,,,,,,,,,2.87,44.84,,1.2804,1.4413
2009-01-31,18.131811141967773,27.6299991607666,27.799999237060547,22.489999771118164,25.0,329690200.0,4.704802989959717,6.130000114440918,6.659999847412109,3.7699999809265137,6.199999809265137,2740118600.0,28.861873626708984,39.099998474121094,40.70000076293945,31.200000762939453,33.900001525878906,100150980.0,12.264561653137207,19.139999389648438,19.739999771118164,14.670000076293945,18.40999984741211,591541100.0,5.830327987670898,7.952884197235107,8.03411865234375,6.937448978424072,7.311129093170166,1437448671.0,913.9000244140625,913.9000244140625,928.7999877929688,889.7999877929688,924.2999877929688,6240.0,4291.89990234375,4291.89990234375,4330.7001953125,4036.89990234375,4149.60009765625,5840084700.0,,,,,
2009-02-06,,,,,,,,,,,,,,,,,,,,,,,,,,,,,,,,,,,,,,,,,,,3.05,43.37,,1.2874,1.4775
2009-02-07,16.202472686767578,24.690000534057617,27.969999313354492,24.170000076293945,26.649999618530273,350137700.0,4.275001049041748,5.570000171661377,7.050000190734863,5.349999904632568,6.570000171661377,2077201500.0,25.76162338256836,34.900001525878906,41.0,32.599998474121094,40.599998474121094,89646640.0,10.287487030029297,15.760000228881836,19.600000381469727,15.270000457763672,19.15999984741211,518865900.0,5.27052116394043,7.189277172088623,8.196587562561035,7.026806831359863,8.025995254516602,1324879138.0,941.5,941.5,952.7999877929688,891.7999877929688,910.0,2600.0,4189.60009765625,4189.60009765625,4334.0,4135.10009765625,4291.89990234375,6037869000.0,,,,,
2009-02-13,,,,,,,,,,,,,,,,,,,,,,,,,,,,,,,,,,,,,,,,,,,2.89,42.93,,1.2879,1.4422
2009-02-14,13.059103965759277,19.899999618530273,23.200000762939453,18.75,22.799999237060547,376737400.0,2.9088425636291504,3.7899999618530273,5.210000038146973,2.5299999713897705,5.070000171661377,1852894300.0,14.394026756286621,19.5,33.099998474121094,16.100000381469727,32.5,122770630.0,7.121602535247803,10.90999984741211,15.0600004196167,8.8100004196167,14.579999923706055,815021900.0,4.430810928344727,6.043867111206055,6.823720932006836,5.564581871032715,6.7343621253967285,1304210771.0,1001.7999877929688,1001.7999877929688,1004.9000244140625,937.2999877929688,939.5,2482.0,3889.10009765625,3889.10009765625,4189.60009765625,3877.800048828125,4189.60009765625,5743408600.0,,,,,
2009-02-20,,,,,,,,,,,,,,,,,,,,,,,,,,,,,,,,,,,,,,,,,,,2.78,49.3,,1.269,1.4333
2009-02-21,14.99499797821045,22.850000381469727,24.18000030517578,18.959999084472656,20.899999618530273,658701300.0,3.0316436290740967,3.950000047683716,5.889999866485596,3.819999933242798,4.289999961853027,2541500000.0,11.072328567504883,15.0,29.5,14.0,23.600000381469727,331846820.0,7.898386478424072,12.100000381469727,15.039999961853027,10.5600004196167,11.760000228881836,979269000.0,4.526097774505615,6.173841953277588,6.953695774078369,5.832655906677246,6.2632012367248535,1688101445.0,941.5,941.5,996.5,928.0999755859375,995.5999755859375,2894.0,3830.10009765625,3830.10009765625,3960.0,3760.699951171875,3889.10009765625,6998860400.0,,,,,
2009-02-27,,,,,,,,,,,,,,,,,,,,,,,,,,,,,,,,,,,,,,,,,,,3.02,46.35,,1.2662,1.4276
2009-02-28,10.453845977783203,15.930000305175781,22.43000030517578,14.960000038146973,21.700000762939453,634548400.0,2.4099643230438232,3.140000104904175,4.079999923706055,3.0,3.609999895095825,1612161300.0,7.60299825668335,10.300000190734863,16.0,9.699999809265137,15.0,307024050.0,5.620258331298828,8.609999656677246,11.770000457763672,7.800000190734863,10.979999542236328,1087572700.0,3.680431604385376,5.020308971405029,6.043867111206055,4.776604175567627,5.938261985778809,1362194318.0,942.0999755859375,942.0999755859375,963.2000122070312,900.0999755859375,945.0,1440.0,3530.699951171875,3530.699951171875,3830.10009765625,3492.10009765625,3830.10009765625,7434394500.0,,,,,
2009-03-06,,,,,,,,,,,,,,,,,,,,,,,,,,,,,,,,,,,,,,,,,,,2.83,49.33,,1.2674,1.411
2009-03-07,15.585614204406738,23.75,24.329999923706055,15.020000457763672,15.369999885559082,709754000.0,4.432971954345703,5.760000228881836,6.449999809265137,3.200000047683716,3.2200000286102295,2282945600.0,13.13916015625,17.799999237060547,18.899999618530273,9.899999618530273,10.199999809265137,346679040.0,9.099467277526855,13.9399995803833,15.010000228881836,8.5,8.649999618530273,1023982000.0,4.877464294433594,6.653128147125244,6.823720932006836,4.8497161865234375,4.914702892303467,2065542417.0,929.7999877929688,929.7999877929688,940.5,892.0999755859375,940.5,1366.0,3753.699951171875,3753.699951171875,3816.0,3460.699951171875,3530.699951171875,7534549000.0,,,,,
2009-03-13,,,,,,,,,,,,,,,,,,,,,,,,,,,,,,,,,,,,,,,,,,,2.89,42.36,,1.2891,1.3972
2009-03-14,15.191878318786621,23.149999618530273,27.40999984741211,22.270000457763672,24.309999465942383,600835300.0,4.763904571533203,6.190000057220459,8.569999694824219,5.800000190734863,6.21999979019165,2827037200.0,19.339664459228516,26.200000762939453,38.900001525878906,19.200000762939453,19.600000381469727,532258670.0,9.13210391998291,13.989999771118164,17.600000381469727,12.9399995803833,14.40999984741211,904790200.0,4.8476881980896,6.6125102043151855,7.879773139953613,6.393176078796387,6.815597057342529,2022099935.0,955.7999877929688,955.7999877929688,960.7999877929688,885.0,926.4000244140625,690.0,3842.89990234375,3842.89990234375,3912.60009765625,3753.699951171875,3753.699951171875,7732840800.0,,,,,
2009-03-20,,,,,,,,,,,,,,,,,,,,,,,,,,,,,,,,,,,,,,,,,,,2.65,45.89,,1.3566,1.4435
2009-03-21,17.980880737304688,27.399999618530273,29.600000381469727,25.1299991607666,25.299999237060547,671645100.0,5.648961067199707,7.340000152587891,7.989999771118164,6.900000095367432,7.369999885559082,2576882700.0,19.339664459228516,26.200000762939453,33.5,25.399999618530273,33.099998474121094,283988480.0,10.176518440246582,15.59000015258789,17.670000076293945,14.869999885559082,15.899999618530273,865626000.0,5.4978251457214355,7.424858093261719,7.855401992797852,7.034931182861328,7.189277172088623,1818250274.0,923.0,923.0,952.5999755859375,920.7999877929688,950.7000122070312,108556.0,3898.89990234375,3898.89990234375,3992.39990234375,3842.89990234375,3842.89990234375,7077242700.0,,,,,
2009-03-27,,,,,,,,,,,,,,,,,,,,,,,,,,,,,,,,,,,,,,,,,,,2.78,41.04,,1.3306,1.4325
2009-03-28,19.214599609375,29.280000686645508,29.670000076293945,24.780000686645508,25.670000076293945,507975100.0,5.849058628082275,7.599999904632568,7.869999885559082,6.019999980926514,6.699999809265137,2191818400.0,21.037416458129883,28.5,29.899999618530273,22.5,23.700000762939453,194640600.0,10.666089057922363,16.34000015258789,16.34000015258789,13.369999885559082,14.699999809265137,788261700.0,5.828657627105713,7.871648788452148,7.896018981933594,6.718114852905273,7.010560989379883,1305993752.0,895.5999755859375,895.5999755859375,932.5,891.2999877929688,924.5999755859375,74904.0,4029.699951171875,4029.699951171875,4137.89990234375,3762.89990234375,3898.89990234375,7042825200.0,,,,,
2009-04-03,,,,,,,,,,,,,,,,,,,,,,,,,,,,,,,,,,,,,,,,,,,2.91,39.7,,1.3447,1.4801
2009-04-04,21.52998924255371,32.75,33.09000015258789,26.510000228881836,28.270000457763672,360291900.0,7.349806308746338,9.550000190734863,9.850000381469727,6.909999847412109,7.239999771118164,1893466200.0,22.439918518066406,30.399999618530273,30.799999237060547,26.100000381469727,27.899999618530273,133021220.0,12.800617218017578,19.610000610351562,19.950000762939453,14.40999984741211,15.479999542236328,704366300.0,6.394079208374023,8.635255813598633,8.675872802734375,7.319252967834473,7.611698150634766,974551064.0,882.2000122070312,882.2000122070312,895.0,865.0999755859375,895.0,1952.0,3983.699951171875,3983.699951171875,4097.2001953125,3876.10009765625,4029.699951171875,4507316500.0,,,,,
2009-04-10,,,,,,,,,,,,,,,,,,,,,,,,,,,,,,,,,,,,,,,,,,,2.96,36.53,,1.3143,1.4635
2009-04-11,21.865270614624023,33.2599983215332,34.150001525878906,30.270000457763672,32.0099983215332,565725100.0,8.157902717590332,10.600000381469727,11.579999923706055,9.15999984741211,9.399999618530273,2781157300.0,26.94266700744629,36.5,44.79999923706055,31.200000762939453,31.600000381469727,465385770.0,13.224910736083984,20.260000228881836,20.989999771118164,17.600000381469727,18.850000381469727,743873300.0,6.682803153991699,9.025182723999023,9.203899383544922,8.172218322753906,8.464662551879883,1486791706.0,867.4000244140625,867.4000244140625,899.4000244140625,865.0,882.5,2289.0,4092.800048828125,4092.800048828125,4114.2998046875,3939.60009765625,3983.699951171875,5389650900.0,,,,,
2009-04-17,,,,,,,,,,,,,,,,,,,,,,,,,,,,,,,,,,,,,,,,,,,2.98,33.94,,1.303,1.4778
2009-04-18,21.94416046142578,33.380001068115234,34.5,28.8700008392334,31.780000686645508,555546400.0,7.003477573394775,9.100000381469727,9.890000343322754,7.0,9.75,3442212100.0,23.547155380249023,31.899999618530273,34.29999923706055,26.100000381469727,34.099998474121094,272323940.0,13.969048500061035,21.399999618530273,21.969999313354492,16.139999389648438,18.969999313354492,1024252800.0,6.580547332763672,8.887084007263184,9.057677268981934,7.644192218780518,8.602762222290039,1477746441.0,913.5999755859375,913.5999755859375,913.5999755859375,866.0999755859375,868.7999877929688,1887.0,4156.0,4156.0,4156.0,3897.300048828125,4092.800048828125,6353631100.0,,,,,
2009-04-24,,,,,,,,,,,,,,,,,,,,,,,,,,,,,,,,,,,,,,,,,,,3.03,36.82,,1.3277,1.4697
2009-04-25,21.35906982421875,32.4900016784668,35.209999084472656,32.060001373291016,32.529998779296875,381184700.0,6.695632457733154,8.699999809265137,9.289999961853027,8.0,8.65999984741211,1901373100.0,21.92321014404297,29.700000762939453,32.79999923706055,28.5,30.5,127145610.0,12.800617218017578,19.610000610351562,21.959999084472656,19.280000686645508,20.459999084472656,596713200.0,6.4061079025268555,8.65150260925293,9.057677268981934,8.37530517578125,8.635255813598633,868494628.0,887.5999755859375,887.5999755859375,918.0,881.2999877929688,918.0,3014.0,4243.2001953125,4243.2001953125,4293.60009765625,4058.699951171875,4156.0,5186421200.0,,,,,
2009-05-01,,,,,,,,,,,,,,,,,,,,,,,,,,,,,,,,,,,,,,,,,,,3.21,35.3,,1.3267,1.4881
2009-05-02,25.599332809448242,38.939998626708984,38.939998626708984,32.900001525878906,33.060001373291016,490306200.0,10.905421257019043,14.170000076293945,15.069999694824219,8.819999694824219,8.890000343322754,3685892900.0,29.673837661743164,40.20000076293945,44.099998474121094,30.5,30.700000762939453,342163760.0,18.394760131835938,28.18000030517578,28.34000015258789,20.260000228881836,20.440000534057617,1441503800.0,7.831690788269043,10.576766967773438,10.625508308410645,8.757107734680176,8.76523208618164,1510421367.0,914.4000244140625,914.4000244140625,924.0,885.7999877929688,885.7999877929688,402.0,4462.10009765625,4462.10009765625,4520.7998046875,4243.2001953125,4243.2001953125,6428914700.0,,,,,
2009-05-08,,,,,,,,,,,,,,,,,,,,,,,,,,,,,,,,,,,,,,,,,,,3.29,32.05,,1.3494,1.509
2009-05-09,22.949987411499023,34.90999984741211,38.18000030517578,33.68000030517578,37.349998474121094,400182900.0,8.211771011352539,10.670000076293945,13.949999809265137,10.579999923706055,13.600000381469727,1979550700.0,25.687801361083984,34.79999923706055,40.29999923706055,33.400001525878906,39.70000076293945,200442200.0,16.269084930419922,24.8700008392334,28.450000762939453,23.8700008392334,27.190000534057617,730921500.0,6.935439109802246,9.366369247436523,10.365555763244629,9.16328239440918,10.243703842163086,1148412333.0,930.9000244140625,930.9000244140625,931.5999755859375,913.0999755859375,913.0999755859375,143.0,4348.10009765625,4348.10009765625,4470.10009765625,4295.2001953125,4462.10009765625,6090511600.0,,,,,
2009-05-15,,,,,,,,,,,,,,,,,,,,,,,,,,,,,,,,,,,,,,,,,,,3.14,33.12,,1.3539,1.5222
2009-05-16,22.621288299560547,34.40999984741211,37.68000030517578,33.66999816894531,35.709999084472656,312960700.0,8.51961612701416,11.069999694824219,12.239999771118164,10.75,11.550000190734863,3347886200.0,27.09029769897461,36.70000076293945,40.5,35.79999923706055,36.400001525878906,131669480.0,15.902749061584473,24.309999465942383,27.079999923706055,23.440000534057617,26.020000457763672,485383100.0,7.013637065887451,9.47197437286377,10.146223068237305,9.358244895935059,9.634444236755371,1087337870.0,958.5,958.5,958.7000122070312,918.7000122070312,929.5999755859375,292.0,4365.2998046875,4365.2998046875,4512.7001953125,4307.7001953125,4348.10009765625,5888774300.0,,,,,
2009-05-22,,,,,,,,,,,,,,,,,,,,,,,,,,,,,,,,,,,,,,,,,,,3.45,32.63,,1.4005,1.5892
2009-05-23,24.258228302001953,36.900001525878906,37.06999969482422,34.119998931884766,34.119998931884766,269876100.0,8.673541069030762,11.270000457763672,11.539999961853027,10.569999694824219,10.899999618530273,1870113600.0,27.45938491821289,37.20000076293945,38.29999923706055,36.5,36.79999923706055,66695680.0,16.681209564208984,25.5,25.899999618530273,23.219999313354492,24.229999542236328,452946900.0,7.356494426727295,9.935011863708496,10.032493591308594,9.350122451782227,9.358244895935059,857125974.0,978.7999877929688,978.7999877929688,980.4000244140625,944.0,953.0,233216.0,4417.89990234375,4417.89990234375,4469.39990234375,4295.0,4365.2998046875,3917490600.0,,,,,
2009-05-29,,,,,,,,,,,,,,,,,,,,,,,,,,,,,,,,,,,,,,,,,,,3.47,28.92,,1.4126,1.616
2009-05-30,22.71332359313965,34.54999923706055,37.72999954223633,33.650001525878906,37.400001525878906,454240500.0,9.12761116027832,11.859999656677246,12.329999923706055,11.100000381469727,11.40999984741211,1585459000.0,25.5401668548584,34.599998474121094,37.70000076293945,33.20000076293945,37.599998474121094,116408170.0,16.17095947265625,24.719999313354492,26.049999237060547,23.780000686645508,25.760000228881836,461107600.0,7.410633563995361,10.008123397827148,10.292445182800293,9.650690078735352,10.064988136291504,1035125742.0,961.7000122070312,961.7000122070312,990.2999877929688,954.0,978.7999877929688,7729.0,4438.60009765625,4438.60009765625,4517.60009765625,4359.2998046875,4417.89990234375,5781073400.0,,,,,
2009-06-05,,,,,,,,,,,,,,,,,,,,,,,,,,,,,,,,,,,,,,,,,,,3.84,29.62,,1.399,1.6017
2009-06-06,23.094619750976562,35.130001068115234,35.869998931884766,34.369998931884766,34.54999923706055,288501700.0,10.568351745605469,13.720000267028809,13.930000305175781,11.65999984741211,11.770000457763672,1756686800.0,25.61398696899414,34.70000076293945,36.20000076293945,33.70000076293945,33.79999923706055,112121490.0,16.668119430541992,25.479999542236328,25.799999237060547,24.239999771118164,24.600000381469727,337905900.0,7.5128936767578125,10.146223068237305,10.227457046508789,9.878148078918457,9.91064167022705,716125510.0,940.0999755859375,940.0999755859375,966.0,935.7999877929688,958.0,2711.0,4442.0,4442.0,4505.89990234375,4370.60009765625,4438.60009765625,5455701600.0,,,,,
2009-06-12,,,,,,,,,,,,,,,,,,,,,,,,,,,,,,,,,,,,,,,,,,,3.81,28.15,,1.404,1.6523
2009-06-13,23.009157180786133,35.0,35.119998931884766,32.18000030517578,34.880001068115234,318059700.0,10.183209419250488,13.220000267028809,13.6899995803833,12.020000457763672,13.619999885559082,1935431400.0,23.39952850341797,31.700000762939453,34.70000076293945,30.0,34.5,109664190.0,15.824247360229492,24.190000534057617,25.5,21.56999969482422,25.219999313354492,398130400.0,7.242208003997803,9.78066635131836,10.073110580444336,9.350122451782227,10.048741340637207,880763759.0,935.5999755859375,935.5999755859375,942.0,926.9000244140625,938.5,600.0,4345.89990234375,4345.89990234375,4442.0,4239.7001953125,4442.0,6365048700.0,,,,,
2009-06-19,,,,,,,,,,,,,,,,,,,,,,,,,,,,,,,,,,,,,,,,,,,3.79,27.99,,1.3998,1.6537
2009-06-20,22.647579193115234,34.45000076293945,35.0,32.810001373291016,34.689998626708984,283792500.0,9.821175575256348,12.75,13.050000190734863,11.930000305175781,12.880000114440918,1798342500.0,22.366100311279297,30.299999237060547,31.5,29.0,31.399999618530273,83462530.0,15.61491870880127,23.8700008392334,24.190000534057617,22.15999984741211,23.780000686645508,361461200.0,7.207003116607666,9.683183670043945,9.723801612854004,9.179529190063477,9.650690078735352,716390913.0,940.7000122070312,940.7000122070312,946.0,917.2999877929688,925.0,1160.0,4241.0,4241.0,4345.89990234375,4213.39990234375,4345.89990234375,5409356900.0,,,,,
2009-06-26,,,,,,,,,,,,,,,,,,,,,,,,,,,,,,,,,,,,,,,,,,,3.52,25.93,,1.4056,1.6498
2009-06-27,21.214447021484375,32.27000045776367,34.790000915527344,32.27000045776367,34.54999923706055,149201300.0,9.736441612243652,12.640000343322754,13.479999542236328,12.520000457763672,12.789999961853027,1098982000.0,21.258874893188477,28.799999237060547,30.700000762939453,28.799999237060547,30.200000762939453,41793870.0,15.098130226135254,23.079999923706055,24.979999542236328,23.059999465942383,23.959999084472656,245441400.0,6.934927940368652,9.317627906799316,9.837530136108398,9.293257713317871,9.707554817199707,458718855.0,930.7000122070312,930.7000122070312,944.2000122070312,925.2999877929688,940.2000122070312,728.0,4236.2998046875,4236.2998046875,4353.0,4221.2001953125,4241.0,5737271700.0,,,,,
2009-07-03,,,,,,,,,,,,,,,,,,,,,,,,,,,,,,,,,,,,,,,,,,,3.51,27.95,,1.3991,1.6336
2009-07-04,21.291667938232422,32.34000015258789,33.75,31.59000015258789,32.029998779296875,281846500.0,9.151021003723145,11.880000114440918,12.59000015258789,11.270000457763672,12.470000267028809,1709333800.0,19.118223190307617,25.899999618530273,28.700000762939453,25.5,28.600000381469727,81849980.0,14.960750579833984,22.8700008392334,23.84000015258789,22.079999923706055,22.950000762939453,343772500.0,6.711216926574707,9.017059326171875,9.358244895935059,8.797724723815918,9.228269577026367,753910069.0,912.2000122070312,912.2000122070312,933.5,905.5999755859375,933.5,320.0,4127.2001953125,4127.2001953125,4242.10009765625,4123.5,4236.2998046875,4489111600.0,,,,,
2009-07-10,,,,,,,,,,,,,,,,,,,,,,,,,,,,,,,,,,,,,,,,,,,3.32,29.02,,1.3926,1.6185
2009-07-11,24.28724479675293,36.88999938964844,37.20000076293945,32.43000030517578,32.869998931884766,340635700.0,9.92901611328125,12.890000343322754,13.619999885559082,12.270000457763672,12.369999885559082,1801953100.0,22.292287826538086,30.200000762939453,32.099998474121094,26.100000381469727,26.600000381469727,161129910.0,16.354127883911133,25.0,25.469999313354492,23.31999969482422,23.3799991607666,361237300.0,7.340019702911377,9.86190128326416,10.073110580444336,9.16328239440918,9.220146179199219,1017380630.0,937.2000122070312,937.2000122070312,941.0,908.4000244140625,911.5,258.0,4388.7998046875,4388.7998046875,4411.89990234375,4096.10009765625,4127.2001953125,4618878100.0,,,,,
2009-07-17,,,,,,,,,,,,,,,,,,,,,,,,,,,,,,,,,,,,,,,,,,,3.67,24.34,,1.412,1.633
2009-07-18,24.96537208557129,37.91999816894531,38.470001220703125,36.209999084472656,37.02000045776367,219058900.0,9.63630485534668,12.510000228881836,12.880000114440918,11.930000305175781,12.829999923706055,1360349300.0,20.151643753051758,27.299999237060547,30.399999618530273,26.200000762939453,30.200000762939453,143987060.0,15.353251457214355,23.469999313354492,25.979999542236328,23.170000076293945,25.079999923706055,473959000.0,7.5093092918396,10.08935832977295,10.203086853027344,9.658814430236816,9.935011863708496,661524629.0,952.7999877929688,952.7999877929688,954.5,945.7999877929688,954.0999755859375,215.0,4576.60009765625,4576.60009765625,4603.2001953125,4388.7998046875,4388.7998046875,5212732500.0,,,,,
2009-07-24,,,,,,,,,,,,,,,,,,,,,,,,,,,,,,,,,,,,,,,,,,,3.7,23.09,,1.4213,1.6432
2009-07-25,25.445981979370117,38.650001525878906,39.470001220703125,37.439998626708984,37.970001220703125,167063300.0,11.392563819885254,14.789999961853027,14.789999961853027,12.510000228881836,12.5600004196167,1404199600.0,23.39952850341797,31.700000762939453,33.70000076293945,25.600000381469727,27.200000762939453,488077950.0,16.00087547302246,24.459999084472656,25.309999465942383,23.3799991607666,23.520000457763672,282645700.0,7.866032600402832,10.568642616271973,10.584890365600586,10.0812349319458,10.121851921081543,635398624.0,953.7000122070312,953.7000122070312,958.0999755859375,927.2000122070312,955.0999755859375,176472.0,4608.39990234375,4608.39990234375,4646.89990234375,4512.10009765625,4576.60009765625,5016253200.0,,,,,
2009-07-31,,,,,,,,,,,,,,,,,,,,,,,,,,,,,,,,,,,,,,,,,,,3.52,25.92,,1.4279,1.6713
2009-08-01,27.888534545898438,42.36000061035156,43.130001068115234,38.9900016784668,39.119998931884766,269527300.0,12.648130416870117,16.420000076293945,17.350000381469727,14.819999694824219,15.239999771118164,2166068700.0,28.418975830078125,38.5,42.400001525878906,31.100000381469727,32.900001525878906,733928390.0,18.813772201538086,28.760000228881836,29.350000381469727,24.8700008392334,24.899999618530273,393156000.0,8.676218032836914,11.65718936920166,11.860276222229004,10.690496444702148,10.763607025146484,993905584.0,957.2999877929688,957.2999877929688,971.0999755859375,950.7999877929688,952.5999755859375,5093.0,4731.60009765625,4731.60009765625,4743.60009765625,4595.60009765625,4608.39990234375,6370933300.0,,,,,
2009-08-07,,,,,,,,,,,,,,,,,,,,,,,,,,,,,,,,,,,,,,,,,,,3.89,24.76,,1.418,1.6669
2009-08-08,27.947782516479492,42.45000076293945,43.220001220703125,40.939998626708984,42.029998779296875,216275700.0,13.395317077636719,17.389999389648438,17.469999313354492,15.399999618530273,16.309999465942383,1520781100.0,29.82147979736328,40.400001525878906,45.29999923706055,35.70000076293945,40.0,473702250.0,18.174213409423828,27.729999542236328,28.989999771118164,26.049999237060547,28.5,264341100.0,8.609707832336426,11.567831039428711,11.738424301147461,11.137287139892578,11.640941619873047,703010191.0,947.0,947.0,960.0999755859375,942.0999755859375,955.0,848.0,4714.0,4714.0,4790.2001953125,4631.7001953125,4731.60009765625,4839286600.0,,,,,
2009-08-14,,,,,,,,,,,,,,,,,,,,,,,,,,,,,,,,,,,,,,,,,,,3.55,24.27,,1.4216,1.6529
2009-08-15,28.744413375854492,43.65999984741211,43.810001373291016,40.709999084472656,41.209999084472656,170108400.0,13.449227333068848,17.459999084472656,17.600000381469727,16.399999618530273,16.540000915527344,1131863500.0,34.693294525146484,47.0,48.599998474121094,38.0,38.70000076293945,434449310.0,18.311857223510742,27.940000534057617,28.079999923706055,25.829999923706055,26.75,234287200.0,8.797139167785645,11.819659233093262,11.8765230178833,11.06417465209961,11.226645469665527,583047146.0,953.2000122070312,953.2000122070312,957.5999755859375,931.5,947.4000244140625,686.0,4850.89990234375,4850.89990234375,4858.5,4610.2998046875,4714.0,4570363600.0,,,,,
2009-08-21,,,,,,,,,,,,,,,,,,,,,,,,,,,,,,,,,,,,,,,,,,,3.56,25.01,,1.4305,1.6503
2009-08-22,28.25721549987793,42.91999816894531,44.2400016784668,42.5099983215332,43.86000061035156,163368600.0,13.849785804748535,17.979999542236328,18.25,17.329999923706055,17.809999465942383,1123748500.0,38.60551452636719,52.29999923706055,54.29999923706055,45.79999923706055,49.5,547278010.0,17.892398834228516,27.299999237060547,28.540000915527344,27.020000457763672,28.170000076293945,208440700.0,8.918060302734375,11.982128143310547,12.103981018066406,11.697807312011719,11.990251541137695,582498615.0,957.0,957.0,962.2000122070312,940.2999877929688,953.5,844.0,4908.89990234375,4908.89990234375,4944.2001953125,4850.89990234375,4850.89990234375,4835943900.0,,,,,
2009-08-28,,,,,,,,,,,,,,,,,,,,,,,,,,,,,,,,,,,,,,,,,,,3.46,24.76,,1.4358,1.6331
2009-08-29,27.875354766845703,42.34000015258789,43.81999969482422,40.75,42.439998626708984,176524800.0,13.16422176361084,17.09000015258789,17.899999618530273,16.020000457763672,17.56999969482422,1073649600.0,35.80052947998047,48.5,51.099998474121094,43.0,50.29999923706055,438377710.0,17.63679313659668,26.90999984741211,27.770000457763672,25.809999465942383,26.969999313354492,247888100.0,8.597615242004395,11.551584243774414,11.982128143310547,11.161657333374023,11.76279354095459,652899257.0,994.9000244140625,994.9000244140625,995.7999877929688,944.7999877929688,959.5,233.0,4851.7001953125,4851.7001953125,4921.2001953125,4776.5,4908.89990234375,4328667400.0,,,,,
2009-09-04,,,,,,,,,,,,,,,,,,,,,,,,,,,,,,,,,,,,,,,,,,,3.45,25.26,,1.4278,1.6378
2009-09-05,27.98070526123047,42.5,43.38999938964844,41.849998474121094,42.790000915527344,109522900.0,13.079737663269043,16.969999313354492,17.510000228881836,16.700000762939453,17.459999084472656,633874800.0,34.02895736694336,46.099998474121094,49.900001525878906,45.29999923706055,49.79999923706055,334587980.0,17.977596282958984,27.43000030517578,28.09000015258789,26.600000381469727,27.209999084472656,153960900.0,8.785050392150879,11.803412437438965,11.925264358520508,11.535337448120117,11.722176551818848,405398706.0,1004.9000244140625,1004.9000244140625,1011.9000244140625,987.2999877929688,993.5,423.0,5011.5,5011.5,5038.7998046875,4851.7001953125,4851.7001953125,4901927800.0,,,,,
2009-09-11,,,,,,,,,,,,,,,,,,,,,,,,,,,,,,,,,,,,,,,,,,,3.34,24.15,,1.4586,1.6695
2009-09-12,29.59371566772461,44.95000076293945,45.34000015258789,42.0099983215332,42.08000183105469,192850000.0,13.588431358337402,17.6299991607666,17.770000457763672,16.510000228881836,16.68000030517578,888230600.0,31.445417404174805,42.599998474121094,45.70000076293945,41.099998474121094,45.400001525878906,576927780.0,18.672321319580078,28.489999771118164,29.559999465942383,27.100000381469727,27.170000076293945,212109200.0,9.153867721557617,12.298944473266602,12.534524917602539,11.640941619873047,11.649065971374512,621972475.0,1009.2000122070312,1009.2000122070312,1019.7999877929688,994.9000244140625,1002.9000244140625,375.0,5172.89990234375,5172.89990234375,5183.89990234375,4953.7001953125,5011.5,5338978900.0,,,,,
2009-09-18,,,,,,,,,,,,,,,,,,,,,,,,,,,,,,,,,,,,,,,,,,,3.49,23.92,,1.4704,1.6266
2009-09-19,28.737836837768555,43.650001525878906,46.5,43.34000015258789,44.540000915527344,172932800.0,12.794557571411133,16.600000381469727,18.079999923706055,16.5,17.389999389648438,867480100.0,32.33120346069336,43.79999923706055,47.400001525878906,41.400001525878906,42.400001525878906,288180800.0,18.475704193115234,28.190000534057617,29.540000915527344,27.790000915527344,28.389999389648438,198933200.0,8.848662376403809,11.852152824401855,12.542648315429688,11.76279354095459,12.18521499633789,650525520.0,990.2000122070312,990.2000122070312,1019.4000244140625,986.7000122070312,1003.7000122070312,498.0,5082.2001953125,5082.2001953125,5189.89990234375,5073.39990234375,5172.89990234375,4901057100.0,,,,,
2009-09-25,,,,,,,,,,,,,,,,,,,,,,,,,,,,,,,,,,,,,,,,,,,3.34,25.61,,1.4682,1.5967
2009-09-26,27.55934715270996,41.86000061035156,45.20000076293945,40.529998779296875,43.970001220703125,184284500.0,12.594160079956055,16.34000015258789,17.530000686645508,15.619999885559082,16.709999084472656,914452900.0,33.364620208740234,45.20000076293945,48.400001525878906,43.099998474121094,44.599998474121094,271486690.0,17.22389030456543,26.280000686645508,28.969999313354492,25.989999771118164,28.309999465942383,208732000.0,8.666720390319824,11.608448028564453,12.388301849365234,11.34849739074707,11.91714096069336,720262531.0,1003.2000122070312,1003.2000122070312,1009.0,984.7000122070312,993.2000122070312,14594.0,4988.7001953125,4988.7001953125,5190.0,4955.0,5082.2001953125,5494472900.0,,,,,
2009-10-02,,,,,,,,,,,,,,,,,,,,,,,,,,,,,,,,,,,,,,,,,,,3.24,28.68,,1.459,1.5878
2009-10-03,30.222768783569336,45.849998474121094,46.439998626708984,42.349998474121094,42.47999954223633,174936500.0,13.488238334655762,17.5,17.600000381469727,16.549999237060547,16.670000076293945,729447000.0,34.176578521728516,46.29999923706055,48.0,45.5,45.79999923706055,178338330.0,19.144216537475586,29.209999084472656,29.43000030517578,27.34000015258789,27.440000534057617,231568400.0,9.242883682250977,12.380179405212402,12.420796394348145,11.722176551818848,11.754671096801758,585933473.0,1047.800048828125,1047.800048828125,1060.4000244140625,1003.0,1004.0999755859375,875.0,5161.89990234375,5161.89990234375,5172.7998046875,4976.89990234375,4988.7001953125,5016317800.0,,,,,
2009-10-09,,,,,,,,,,,,,,,,,,,,,,,,,,,,,,,,,,,,,,,,,,,3.4,23.12,,1.4715,1.5896
2009-10-10,30.361186981201172,46.060001373291016,47.470001220703125,44.529998779296875,46.369998931884766,213847000.0,13.303260803222656,17.260000228881836,19.100000381469727,17.059999465942383,17.649999618530273,1069259800.0,33.88133239746094,45.900001525878906,50.0,44.20000076293945,46.70000076293945,264817180.0,19.67508888244629,30.020000457763672,31.530000686645508,29.110000610351562,29.5,250592800.0,9.230752944946289,12.363931655883789,12.802599906921387,12.250203132629395,12.437043190002441,589454625.0,1050.699951171875,1050.699951171875,1070.199951171875,1043.699951171875,1049.0,787.0,5190.2001953125,5190.2001953125,5272.89990234375,5154.2001953125,5161.89990234375,5405924700.0,,,,,
2009-10-16,,,,,,,,,,,,,,,,,,,,,,,,,,,,,,,,,,,,,,,,,,,3.43,21.43,,1.4889,1.635
2009-10-17,29.814085006713867,45.22999954223633,46.59000015258789,44.650001525878906,46.41999816894531,154048900.0,12.501668930053711,16.219999313354492,17.530000686645508,16.049999237060547,17.270000457763672,961494800.0,32.92172622680664,44.599998474121094,46.599998474121094,43.900001525878906,46.599998474121094,186364930.0,19.21630859375,29.31999969482422,31.1200008392334,28.610000610351562,30.350000381469727,312065400.0,9.157975196838379,12.266449928283691,12.510153770446777,12.079609870910645,12.412672996520996,608727532.0,1055.5999755859375,1055.5999755859375,1066.199951171875,1047.5,1053.5999755859375,712.0,5242.60009765625,5242.60009765625,5299.60009765625,5166.5,5190.2001953125,5035698200.0,,,,,
2009-10-23,,,,,,,,,,,,,,,,,,,,,,,,,,,,,,,,,,,,,,,,,,,3.51,22.27,,1.5029,1.6351
2009-10-24,27.53336524963379,41.77000045776367,45.209999084472656,41.72999954223633,45.119998931884766,220592100.0,11.237627029418945,14.579999923706055,16.200000762939453,14.5,16.15999984741211,1370794500.0,30.190547943115234,40.900001525878906,45.29999923706055,40.0,45.099998474121094,259480520.0,18.036584854125977,27.520000457763672,29.329999923706055,27.350000381469727,29.309999465942383,276627000.0,8.521163940429688,11.413484573364258,12.298944473266602,11.34849739074707,12.258326530456543,736088022.0,1039.699951171875,1039.699951171875,1055.5999755859375,1028.0,1055.5999755859375,865.0,5044.60009765625,5044.60009765625,5281.10009765625,5024.39990234375,5242.60009765625,6545114300.0,,,,,
2009-10-30,,,,,,,,,,,,,,,,,,,,,,,,,,,,,,,,,,,,,,,,,,,3.41,30.69,,1.4755,1.6479
2009-10-31,28.66054916381836,43.47999954223633,43.93000030517578,41.52000045776367,42.18000030517578,176568000.0,11.59988784790039,15.050000190734863,15.25,14.119999885559082,14.850000381469727,1005286100.0,29.96908950805664,40.599998474121094,41.70000076293945,38.099998474121094,41.0,219926760.0,17.77442169189453,27.1200008392334,28.239999771118164,26.5,27.860000610351562,230531700.0,8.678849220275879,11.62469482421875,11.74654769897461,11.194150924682617,11.502842903137207,721212741.0,1095.0999755859375,1095.0999755859375,1100.0,1043.5,1053.4000244140625,516.0,5142.7001953125,5142.7001953125,5159.0,4985.10009765625,5044.60009765625,5385603700.0,,,,,
2009-11-06,,,,,,,,,,,,,,,,,,,,,,,,,,,,,,,,,,,,,,,,,,,3.54,24.19,,1.4835,1.6586
2009-11-07,28.278228759765625,42.900001525878906,44.9900016784668,42.36000061035156,43.93000030517578,173795300.0,12.316686630249023,15.979999542236328,16.6200008392334,15.140000343322754,15.289999961853027,830731100.0,29.895282745361328,40.5,42.79999923706055,40.29999923706055,41.400001525878906,120214440.0,18.17420196533203,27.68000030517578,29.1299991607666,27.1200008392334,27.5,191029700.0,8.891122817993164,11.909016609191895,12.290820121765137,11.714054107666016,11.787164688110352,538354337.0,1116.0999755859375,1116.0999755859375,1121.300048828125,1098.199951171875,1098.5999755859375,422.0,5296.39990234375,5296.39990234375,5304.89990234375,5142.7001953125,5142.7001953125,4856582300.0,,,,,
2009-11-13,,,,,,,,,,,,,,,,,,,,,,,,,,,,,,,,,,,,,,,,,,,3.43,23.36,,1.4886,1.6657
2009-11-14,27.988201141357422,42.459999084472656,43.61000061035156,42.150001525878906,43.25,142004900.0,12.401472091674805,16.09000015258789,16.469999313354492,15.59000015258789,16.15999984741211,731916700.0,31.00252914428711,42.0,43.099998474121094,41.599998474121094,42.20000076293945,123895020.0,18.29895782470703,27.8700008392334,28.93000030517578,27.65999984741211,27.920000076293945,174470100.0,8.854730606079102,11.860276222229004,12.201461791992188,11.811534881591797,12.0552396774292,472116936.0,1146.4000244140625,1146.4000244140625,1149.4000244140625,1127.199951171875,1138.5999755859375,246.0,5251.39990234375,5251.39990234375,5397.0,5224.0,5296.39990234375,4804807100.0,,,,,
2009-11-20,,,,,,,,,,,,,,,,,,,,,,,,,,,,,,,,,,,,,,,,,,,3.36,22.19,,1.487,1.6529
2009-11-21,27.243331909179688,41.33000183105469,43.63999938964844,40.75,42.95000076293945,114046400.0,11.923601150512695,15.470000267028809,16.469999313354492,15.199999809265137,16.280000686645508,450534800.0,29.96908950805664,40.599998474121094,43.0,39.5,42.599998474121094,87851450.0,17.819652557373047,27.139999389648438,28.350000381469727,26.899999618530273,28.219999313354492,107816700.0,8.660659790039062,11.600324630737305,12.112104415893555,11.535337448120117,11.990251541137695,314085096.0,1174.199951171875,1174.199951171875,1195.0,1130.0999755859375,1164.300048828125,317557.0,5245.7001953125,5245.7001953125,5379.5,5103.7998046875,5251.39990234375,5500362800.0,,,,,
2009-11-27,,,,,,,,,,,,,,,,,,,,,,,,,,,,,,,,,,,,,,,,,,,3.21,24.85,,1.4963,1.6494
2009-11-28,27.51359748840332,41.7400016784668,43.09000015258789,41.220001220703125,41.560001373291016,224770800.0,12.5479154586792,16.280000686645508,16.739999771118164,15.539999961853027,15.59000015258789,2281910500.0,29.96908950805664,40.599998474121094,42.099998474121094,40.20000076293945,40.79999923706055,135080500.0,17.70146942138672,26.959999084472656,28.389999389648438,26.40999984741211,27.280000686645508,235813100.0,8.872929573059082,11.884647369384766,12.136473655700684,11.640941619873047,11.65718936920166,753800142.0,1168.800048828125,1168.800048828125,1226.4000244140625,1147.0,1179.9000244140625,26299.0,5322.39990234375,5322.39990234375,5373.89990234375,5190.7001953125,5245.7001953125,6977076400.0,,,,,
2009-12-04,,,,,,,,,,,,,,,,,,,,,,,,,,,,,,,,,,,,,,,,,,,3.48,21.25,,1.4885,1.6515
2009-12-05,26.999441146850586,40.959999084472656,41.959999084472656,40.599998474121094,41.630001068115234,200318300.0,12.05450439453125,15.630000114440918,16.290000915527344,15.09000015258789,16.25,1252698300.0,29.15713882446289,39.5,41.20000076293945,37.900001525878906,40.900001525878906,180421110.0,16.68377113342285,25.40999984741211,27.309999465942383,25.010000228881836,27.06999969482422,224779800.0,8.727368354797363,11.689682960510254,11.909016609191895,11.519089698791504,11.835906028747559,491752740.0,1119.4000244140625,1119.4000244140625,1169.300048828125,1110.800048828125,1157.5999755859375,7965.0,5261.60009765625,5261.60009765625,5328.7998046875,5175.7001953125,5322.39990234375,5668248200.0,,,,,
2009-12-11,,,,,,,,,,,,,,,,,,,,,,,,,,,,,,,,,,,,,,,,,,,3.55,21.59,,1.4601,1.6236
2009-12-12,26.992855072021484,40.95000076293945,41.93000030517578,40.040000915527344,41.0099983215332,211547600.0,11.591757774353027,15.029999732971191,15.729999542236328,14.829999923706055,15.670000076293945,956931100.0,25.097278594970703,34.0,38.400001525878906,31.299999237060547,38.0,954853510.0,17.583280563354492,26.780000686645508,27.0,25.0,25.399999618530273,612383600.0,8.624265670776367,11.551584243774414,11.76279354095459,11.380990982055664,11.722176551818848,520060324.0,1110.800048828125,1110.800048828125,1141.5,1095.699951171875,1123.300048828125,1503.0,5196.7998046875,5196.7998046875,5335.2998046875,5196.7998046875,5261.60009765625,6096988500.0,,,,,
2009-12-18,,,,,,,,,,,,,,,,,,,,,,,,,,,,,,,,,,,,,,,,,,,3.55,21.68,,1.4281,1.6083
2009-12-19,27.612464904785156,41.88999938964844,42.2400016784668,41.45000076293945,41.54999923706055,93206800.0,11.761433601379395,15.25,15.470000267028809,15.149999618530273,15.210000038146973,396360100.0,24.728199005126953,33.5,34.400001525878906,32.599998474121094,33.900001525878906,162019480.0,17.786821365356445,27.09000015258789,27.489999771118164,26.670000076293945,26.989999771118164,128938500.0,8.844986915588379,11.803412437438965,11.803412437438965,11.600324630737305,11.608448028564453,173753312.0,1104.0999755859375,1104.0999755859375,1119.199951171875,1075.0,1095.4000244140625,1023.0,5402.39990234375,5402.39990234375,5402.39990234375,5196.7998046875,5196.7998046875,2060687500.0,,,,,
2009-12-25,,,,,,,,,,,,,,,,,,,,,,,,,,,,,,,,,,,,,,,,,,,3.82,19.47,,1.4367,1.5941
2009-12-26,27.467456817626953,41.66999816894531,42.130001068115234,41.22999954223633,41.849998474121094,64277800.0,11.614900588989258,15.0600004196167,15.40999984741211,14.970000267028809,15.3100004196167,366883300.0,24.43293571472168,33.099998474121094,34.099998474121094,33.0,33.70000076293945,94765140.0,17.721168518066406,26.989999771118164,27.239999771118164,26.440000534057617,27.079999923706055,86369700.0,8.765853881835938,11.697807312011719,11.852152824401855,11.616572380065918,11.819659233093262,145178600.0,1095.199951171875,1095.199951171875,1111.9000244140625,1086.0,1107.199951171875,1936.0,5412.89990234375,5412.89990234375,5445.2001953125,5390.39990234375,5402.39990234375,907465200.0,,,,,
2010-01-01,,,,,,,,,,,,,,,,,,,,,,,,,,,,,,,,,,,,,,,,,,,3.85,21.68,,1.4332,1.6167
2010-01-02,29.45154571533203,44.68000030517578,45.119998931884766,41.66999816894531,41.790000915527344,182372600.0,12.94143295288086,16.780000686645508,17.190000534057617,15.119999885559082,15.239999771118164,1136597500.0,26.499778747558594,35.900001525878906,37.0,33.400001525878906,33.599998474121094,304629910.0,18.948978424072266,28.860000610351562,29.43000030517578,26.81999969482422,27.020000457763672,225146400.0,9.265021324157715,12.363931655883789,12.510153770446777,11.770917892456055,11.7952880859375,494940415.0,1138.199951171875,1138.199951171875,1139.199951171875,1097.0999755859375,1117.699951171875,710.0,5534.2001953125,5534.2001953125,5551.7001953125,5410.7998046875,5412.89990234375,5067892800.0,,,,,
2010-01-08,,,,,,,,,,,,,,,,,,,,,,,,,,,,,,,,,,,,,,,,,,,3.83,18.13,,1.4357,1.5993
2010-01-09,28.826967239379883,43.68000030517578,45.189998626708984,42.869998931884766,45.119998931884766,226287100.0,12.540384292602539,16.260000228881836,17.139999389648438,16.149999618530273,16.989999771118164,922839600.0,25.24491310119629,34.20000076293945,36.70000076293945,34.0,36.599998474121094,217039340.0,18.43683624267578,28.079999923706055,29.209999084472656,27.5,29.09000015258789,179694700.0,9.094573020935059,12.136473655700684,12.49390697479248,12.095856666564941,12.485783576965332,500104336.0,1130.0999755859375,1130.0999755859375,1161.199951171875,1121.0,1150.699951171875,417.0,5455.39990234375,5455.39990234375,5600.5,5450.39990234375,5534.2001953125,5379993500.0,,,,,
2010-01-15,,,,,,,,,,,,,,,,,,,,,,,,,,,,,,,,,,,,,,,,,,,3.7,17.91,,1.4376,1.624
2010-01-16,25.843952178955078,39.15999984741211,43.75,38.81999969482422,43.400001525878906,325848500.0,11.491497039794922,14.899999618530273,16.65999984741211,14.710000038146973,16.059999465942383,1391263900.0,23.990041732788086,32.5,36.0,32.0,33.400001525878906,290176440.0,17.89845085144043,27.260000228881836,28.649999618530273,27.170000076293945,27.93000030517578,276186500.0,8.63193130493164,11.519089698791504,12.339561462402344,11.4541015625,12.08773422241211,770736978.0,1089.199951171875,1089.199951171875,1139.699951171875,1083.0,1139.699951171875,207.0,5303.0,5303.0,5531.89990234375,5253.0,5455.39990234375,6075140600.0,,,,,
2010-01-22,,,,,,,,,,,,,,,,,,,,,,,,,,,,,,,,,,,,,,,,,,,3.62,27.31,,1.4154,1.612
2010-01-23,25.698759078979492,38.939998626708984,40.040000915527344,38.06999969482422,39.7599983215332,294558200.0,11.707444190979004,15.180000305175781,15.59000015258789,14.680000305175781,15.15999984741211,1141313200.0,24.506744384765625,33.20000076293945,33.400001525878906,31.399999618530273,33.099998474121094,270771280.0,18.666648864746094,28.43000030517578,29.170000076293945,26.8799991607666,27.450000762939453,328877700.0,8.63193130493164,11.519089698791504,11.835906028747559,11.364744186401367,11.681559562683105,1084162627.0,1083.0,1083.0,1097.9000244140625,1073.199951171875,1095.199951171875,319330.0,5188.5,5188.5,5330.60009765625,5145.7001953125,5303.0,5888309600.0,,,,,
2010-01-29,,,,,,,,,,,,,,,,,,,,,,,,,,,,,,,,,,,,,,,,,,,3.63,24.62,,1.387,1.6009
2010-01-30,25.276395797729492,38.29999923706055,41.099998474121094,37.029998779296875,39.099998474121094,253185900.0,11.56862735748291,15.0,15.800000190734863,14.3100004196167,15.260000228881836,1012011700.0,23.768600463867188,32.20000076293945,34.599998474121094,31.5,33.599998474121094,175839230.0,18.00349235534668,27.420000076293945,29.1299991607666,26.6200008392334,28.600000381469727,276858500.0,8.485834121704102,11.324127197265625,11.860276222229004,10.974817276000977,11.592201232910156,1003838768.0,1052.199951171875,1052.199951171875,1124.9000244140625,1045.199951171875,1081.0,10013.0,5060.89990234375,5060.89990234375,5305.39990234375,5033.7998046875,5188.5,6837406900.0,,,,,
2010-02-05,,,,,,,,,,,,,,,,,,,,,,,,,,,,,,,,,,,,,,,,,,,3.59,26.11,,1.3608,1.5619
2010-02-06,25.705373764038086,38.95000076293945,39.5,37.31999969482422,38.290000915527344,214708000.0,11.144439697265625,14.449999809265137,14.960000038146973,14.25,14.9399995803833,939376800.0,23.47333526611328,31.799999237060547,32.400001525878906,31.100000381469727,32.29999923706055,143616020.0,17.679645538330078,26.8799991607666,27.559999465942383,26.3700008392334,27.229999542236328,213531100.0,8.491921424865723,11.332249641418457,11.421607971191406,11.031682014465332,11.34849739074707,695195309.0,1089.5,1089.5,1097.0999755859375,1061.5999755859375,1065.699951171875,3264.0,5142.5,5142.5,5207.7001953125,5033.0,5060.89990234375,6655115700.0,,,,,
2010-02-12,,,,,,,,,,,,,,,,,,,,,,,,,,,,,,,,,,,,,,,,,,,3.69,22.73,,1.3625,1.5669
2010-02-13,26.418115615844727,40.029998779296875,40.70000076293945,38.75,39.33000183105469,153169100.0,12.247316360473633,15.880000114440918,16.040000915527344,14.619999885559082,14.65999984741211,925253700.0,25.24491310119629,34.20000076293945,34.70000076293945,32.099998474121094,32.20000076293945,147488620.0,18.001928329467773,27.3700008392334,27.639999389648438,26.940000534057617,27.190000534057617,148669400.0,8.802382469177246,11.74654769897461,11.787164688110352,11.340373992919922,11.413484573364258,362119577.0,1121.300048828125,1121.300048828125,1127.0,1092.4000244140625,1119.300048828125,3137.0,5358.2001953125,5358.2001953125,5366.10009765625,5142.5,5142.5,5329949000.0,,,,,
2010-02-19,,,,,,,,,,,,,,,,,,,,,,,,,,,,,,,,,,,,,,,,,,,3.78,20.02,,1.3538,1.5437
2010-02-20,27.69843292236328,41.970001220703125,42.310001373291016,39.70000076293945,40.400001525878906,255194200.0,12.848884582519531,16.65999984741211,16.84000015258789,15.789999961853027,15.960000038146973,1206817700.0,25.097278594970703,34.0,34.79999923706055,33.5,34.400001525878906,124767260.0,17.982202529907227,27.34000015258789,28.149999618530273,26.93000030517578,27.479999542236328,201394900.0,8.936297416687012,11.925264358520508,11.96588134765625,11.640941619873047,11.787164688110352,578192576.0,1118.300048828125,1118.300048828125,1127.4000244140625,1088.699951171875,1112.5999755859375,1795.0,5354.5,5354.5,5395.5,5259.7001953125,5358.2001953125,6630964900.0,,,,,
2010-02-26,,,,,,,,,,,,,,,,,,,,,,,,,,,,,,,,,,,,,,,,,,,3.61,19.5,,1.366,1.5239
2010-02-27,28.252809524536133,42.810001373291016,42.869998931884766,41.34000015258789,42.029998779296875,156302400.0,12.879735946655273,16.700000762939453,16.860000610351562,16.030000686645508,16.739999771118164,839145400.0,25.835426330566406,35.0,35.0,33.400001525878906,34.20000076293945,112205340.0,19.172679901123047,29.149999618530273,29.270000457763672,27.149999618530273,27.450000762939453,187251000.0,9.265021324157715,12.363931655883789,12.388301849365234,11.884647369384766,11.96588134765625,371056146.0,1134.800048828125,1134.800048828125,1145.0,1113.5999755859375,1119.300048828125,756.0,5599.7998046875,5599.7998046875,5605.39990234375,5354.5,5354.5,5827717500.0,,,,,
2010-03-05,,,,,,,,,,,,,,,,,,,,,,,,,,,,,,,,,,,,,,,,,,,3.69,17.42,,1.3608,1.5115
2010-03-06,28.47719383239746,43.150001525878906,43.540000915527344,42.04999923706055,42.849998474121094,168022600.0,13.003321647644043,16.850000381469727,17.350000381469727,16.540000915527344,16.75,834953100.0,29.304771423339844,39.70000076293945,42.20000076293945,35.400001525878906,35.400001525878906,525828570.0,19.48839569091797,29.6299991607666,29.940000534057617,28.469999313354492,29.1299991607666,173971500.0,9.459815979003906,12.623883247375488,12.778228759765625,12.282696723937988,12.388301849365234,501073503.0,1101.5,1101.5,1127.0999755859375,1099.9000244140625,1123.5999755859375,246.0,5625.7001953125,5625.7001953125,5646.7001953125,5563.10009765625,5599.7998046875,5011676300.0,,,,,
2010-03-12,,,,,,,,,,,,,,,,,,,,,,,,,,,,,,,,,,,,,,,,,,,3.71,17.58,,1.3753,1.5188
2010-03-13,28.675172805786133,43.45000076293945,44.11000061035156,42.599998474121094,42.91999816894531,153641000.0,12.980170249938965,16.81999969482422,17.31999969482422,16.59000015258789,16.739999771118164,664389500.0,28.788053512573242,39.0,41.70000076293945,38.29999923706055,38.79999923706055,276691740.0,19.9816837310791,30.3799991607666,30.670000076293945,29.260000228881836,29.479999542236328,188056200.0,9.551132202148438,12.745735168457031,12.973193168640137,12.485783576965332,12.550771713256836,495094537.0,1107.4000244140625,1107.4000244140625,1131.4000244140625,1101.4000244140625,1105.0999755859375,256.0,5650.10009765625,5650.10009765625,5691.2001953125,5588.2001953125,5625.7001953125,6035275700.0,,,,,
2010-03-19,,,,,,,,,,,,,,,,,,,,,,,,,,,,,,,,,,,,,,,,,,,3.7,16.97,,1.353,1.5014
2010-03-20,29.7113094329834,45.02000045776367,46.04999923706055,43.040000915527344,43.06999969482422,177588500.0,13.813615798950195,17.899999618530273,18.350000381469727,16.600000381469727,16.6200008392334,1051615200.0,31.814477920532227,43.099998474121094,43.79999923706055,38.79999923706055,38.900001525878906,296805150.0,20.534168243408203,31.219999313354492,31.989999771118164,30.049999237060547,30.09000015258789,187553800.0,9.762040138244629,12.997563362121582,13.257513999938965,12.607636451721191,12.61575984954834,615125038.0,1104.199951171875,1104.199951171875,1104.199951171875,1085.5,1099.300048828125,109.0,5703.0,5703.0,5737.10009765625,5583.5,5650.10009765625,5104542700.0,,,,,
2010-03-26,,,,,,,,,,,,,,,,,,,,,,,,,,,,,,,,,,,,,,,,,,,3.86,17.77,,1.3398,1.4906
2010-03-27,29.81690788269043,45.18000030517578,45.380001068115234,44.25,45.25,123862300.0,13.921656608581543,18.040000915527344,18.200000762939453,17.670000076293945,18.170000076293945,506800800.0,30.854896545410156,41.79999923706055,44.099998474121094,40.099998474121094,43.79999923706055,236310960.0,20.632835388183594,31.3700008392334,31.600000381469727,30.579999923706055,31.350000381469727,113643500.0,9.810848236083984,13.06255054473877,13.111291885375977,12.843216896057129,13.070673942565918,267216247.0,1125.0999755859375,1125.0999755859375,1127.699951171875,1101.0999755859375,1110.300048828125,223912.0,5744.89990234375,5744.89990234375,5744.89990234375,5646.2998046875,5703.0,3859738100.0,,,,,
2010-04-02,,,,,,,,,,,,,,,,,,,,,,,,,,,,,,,,,,,,,,,,,,,3.96,17.47,,1.3487,1.5197
2010-04-03,30.37881851196289,45.97999954223633,46.220001220703125,44.790000915527344,45.279998779296875,130175700.0,14.346089363098145,18.59000015258789,18.860000610351562,18.020000457763672,18.15999984741211,801614300.0,33.586063385009766,45.5,45.70000076293945,42.29999923706055,42.70000076293945,250799940.0,21.244516372680664,32.29999923706055,32.650001525878906,31.260000228881836,31.489999771118164,164146500.0,10.091507911682129,13.436230659484863,13.468725204467773,13.103167533874512,13.135662078857422,361624223.0,1161.0999755859375,1161.0999755859375,1164.800048828125,1119.9000244140625,1122.300048828125,5158.0,5771.0,5771.0,5790.39990234375,5684.5,5744.89990234375,3198537700.0,,,,,
2010-04-09,,,,,,,,,,,,,,,,,,,,,,,,,,,,,,,,,,,,,,,,,,,3.9,16.14,,1.3468,1.5371
2010-04-10,30.094711303710938,45.54999923706055,48.20000076293945,45.13999938964844,46.029998779296875,291783900.0,14.207184791564941,18.40999984741211,19.860000610351562,18.049999237060547,18.68000030517578,1317793300.0,33.65988540649414,45.599998474121094,50.70000076293945,44.099998474121094,46.29999923706055,547183470.0,21.415525436401367,32.560001373291016,33.88999938964844,31.65999984741211,32.400001525878906,255331900.0,9.981684684753418,13.290007591247559,13.907391548156738,13.054427146911621,13.476847648620605,867528784.0,1136.300048828125,1136.300048828125,1169.0,1130.4000244140625,1161.5999755859375,1585.0,5744.0,5744.0,5833.7001953125,5726.39990234375,5771.0,4797455700.0,,,,,
2010-04-16,,,,,,,,,,,,,,,,,,,,,,,,,,,,,,,,,,,,,,,,,,,3.79,18.36,,1.3487,1.5395
2010-04-17,29.69169044494629,44.939998626708984,46.38999938964844,44.029998779296875,45.22999954223633,253428600.0,14.22262954711914,18.43000030517578,18.90999984741211,17.8700008392334,18.100000381469727,1126164800.0,35.87434768676758,48.599998474121094,50.599998474121094,46.400001525878906,46.5,544561510.0,22.0206356048584,33.47999954223633,34.25,32.130001068115234,32.619998931884766,278674700.0,10.237937927246094,13.631194114685059,13.728675842285156,13.119415283203125,13.135662078857422,913796905.0,1153.0999755859375,1153.0999755859375,1153.0999755859375,1124.0,1135.199951171875,546.0,5723.7001953125,5723.7001953125,5797.0,5652.39990234375,5744.0,5262137200.0,,,,,
2010-04-23,,,,,,,,,,,,,,,,,,,,,,,,,,,,,,,,,,,,,,,,,,,3.84,16.62,,1.336,1.5363
2010-04-24,28.1324520111084,42.58000183105469,44.810001373291016,42.22999954223633,44.779998779296875,248405700.0,13.75959587097168,17.829999923706055,18.440000534057617,17.40999984741211,18.40999984741211,1024431900.0,32.257389068603516,43.70000076293945,48.0,43.29999923706055,47.900001525878906,520933850.0,21.777271270751953,33.11000061035156,33.81999969482422,31.649999618530273,33.36000061035156,212355100.0,9.859658241271973,13.127538681030273,13.62307071685791,12.932575225830078,13.62307071685791,973034840.0,1180.0999755859375,1180.0999755859375,1181.300048828125,1148.5999755859375,1160.0999755859375,932.0,5553.2998046875,5553.2998046875,5800.7001953125,5533.60009765625,5723.7001953125,7030603700.0,,,,,
2010-04-30,,,,,,,,,,,,,,,,,,,,,,,,,,,,,,,,,,,,,,,,,,,3.69,22.05,,1.3302,1.5308
2010-05-01,26.929973602294922,40.7599983215332,43.72999954223633,39.290000915527344,42.970001220703125,274477700.0,12.486273765563965,16.18000030517578,18.149999618530273,15.5,17.8799991607666,1382222500.0,29.52620506286621,40.0,44.79999923706055,39.0,44.599998474121094,535644180.0,20.271087646484375,30.81999969482422,34.09000015258789,29.309999465942383,33.220001220703125,282154900.0,9.206822395324707,12.258326530456543,13.411860466003418,11.827781677246094,13.241267204284668,1352355181.0,1210.0,1210.0,1210.800048828125,1159.199951171875,1178.5999755859375,473.0,5123.0,5123.0,5566.0,5045.2998046875,5553.2998046875,8192050600.0,,,,,
2010-05-07,,,,,,,,,,,,,,,,,,,,,,,,,,,,,,,,,,,,,,,,,,,3.45,40.95,,1.2721,1.4739
2010-05-08,26.35517120361328,39.88999938964844,43.29999923706055,39.209999084472656,42.31999969482422,261089700.0,12.609746932983398,16.34000015258789,17.489999771118164,16.1200008392334,17.229999542236328,984202900.0,29.378582000732422,39.79999923706055,43.5,39.099998474121094,43.29999923706055,389148530.0,21.105546951293945,32.040000915527344,33.83000183105469,31.760000228881836,32.25,245876800.0,9.365452766418457,12.469536781311035,13.103167533874512,12.339561462402344,12.891958236694336,781266707.0,1227.4000244140625,1227.4000244140625,1246.5,1189.199951171875,1200.4000244140625,668.0,5262.89990234375,5262.89990234375,5436.0,5123.0,5123.0,7580477800.0,,,,,
2010-05-14,,,,,,,,,,,,,,,,,,,,,,,,,,,,,,,,,,,,,,,,,,,3.44,31.24,,1.239,1.4557
2010-05-15,26.460887908935547,40.04999923706055,40.619998931884766,37.02000045776367,39.93000030517578,348994600.0,12.33964729309082,15.989999771118164,16.75,14.949999809265137,16.389999389648438,1226461000.0,27.680814743041992,37.5,40.099998474121094,35.29999923706055,40.0,525439330.0,19.83420753479004,30.110000610351562,32.349998474121094,28.049999237060547,32.08000183105469,342468100.0,8.99937915802002,11.982128143310547,12.63200569152832,11.332249641418457,12.469536781311035,1264406141.0,1175.699951171875,1175.699951171875,1235.9000244140625,1175.699951171875,1233.300048828125,671.0,5062.89990234375,5062.89990234375,5341.39990234375,4957.10009765625,5262.89990234375,7409611800.0,,,,,
2010-05-21,,,,,,,,,,,,,,,,,,,,,,,,,,,,,,,,,,,,,,,,,,,3.2,40.1,,1.2575,1.4466
2010-05-22,26.150352478027344,39.58000183105469,40.4900016784668,37.349998474121094,40.15999984741211,252770300.0,12.146721839904785,15.739999771118164,16.200000762939453,14.800000190734863,15.979999542236328,984778700.0,29.230953216552734,39.599998474121094,40.70000076293945,35.599998474121094,38.599998474121094,449891680.0,18.898815155029297,28.690000534057617,29.75,27.440000534057617,29.56999969482422,272187400.0,8.956673622131348,11.925264358520508,12.201461791992188,11.242892265319824,12.038992881774902,796550309.0,1212.199951171875,1212.199951171875,1218.5,1193.800048828125,1193.800048828125,359849.0,5188.39990234375,5188.39990234375,5240.2998046875,4898.5,5062.89990234375,7442188100.0,,,,,
2010-05-28,,,,,,,,,,,,,,,,,,,,,,,,,,,,,,,,,,,,,,,,,,,3.31,32.07,,1.2369,1.4492
2010-05-29,24.85538101196289,37.619998931884766,39.959999084472656,37.5,39.31999969482422,161286400.0,11.845754623413086,15.350000381469727,16.06999969482422,15.25,15.579999923706055,525944800.0,27.9760799407959,37.900001525878906,40.29999923706055,37.70000076293945,39.0,290963130.0,18.29937171936035,27.780000686645508,29.479999542236328,27.649999618530273,28.68000030517578,153539700.0,8.633302688598633,11.494720458984375,12.112104415893555,11.437854766845703,11.7952880859375,472363998.0,1216.199951171875,1216.199951171875,1228.199951171875,1196.9000244140625,1224.800048828125,9968.0,5126.0,5126.0,5262.5,5063.2001953125,5188.39990234375,4923286500.0,,,,,
2010-06-04,,,,,,,,,,,,,,,,,,,,,,,,,,,,,,,,,,,,,,,,,,,3.2,35.48,,1.1998,1.4493
2010-06-05,25.165912628173828,38.09000015258789,38.369998931884766,36.54999923706055,37.790000915527344,213582400.0,12.046481132507324,15.600000381469727,15.699999809265137,14.770000457763672,15.359999656677246,716623700.0,28.640439987182617,38.79999923706055,39.599998474121094,36.20000076293945,38.099998474121094,398931670.0,18.33890151977539,27.84000015258789,28.239999771118164,26.65999984741211,28.010000228881836,203173900.0,8.852948188781738,11.787164688110352,11.827781677246094,11.129162788391113,11.543460845947266,667708434.0,1228.9000244140625,1228.9000244140625,1252.0999755859375,1211.0,1239.300048828125,3037.0,5163.7001953125,5163.7001953125,5184.39990234375,4984.7001953125,5126.0,5661401100.0,,,,,
2010-06-11,,,,,,,,,,,,,,,,,,,,,,,,,,,,,,,,,,,,,,,,,,,3.24,28.79,,1.2077,1.4545
2010-06-12,25.886070251464844,39.18000030517578,39.27000045776367,37.22999954223633,37.970001220703125,203260800.0,12.216368675231934,15.819999694824219,16.06999969482422,15.3100004196167,15.699999809265137,594104400.0,29.60001564025879,40.099998474121094,40.29999923706055,38.79999923706055,39.20000076293945,248833910.0,18.490400314331055,28.06999969482422,28.25,27.309999465942383,27.799999237060547,189577800.0,9.048188209533691,12.04711627960205,12.08773422241211,11.722176551818848,11.884647369384766,483930228.0,1257.199951171875,1257.199951171875,1261.5,1217.699951171875,1223.199951171875,1954.0,5250.7998046875,5250.7998046875,5293.7998046875,5149.10009765625,5163.7001953125,5646856400.0,,,,,
2010-06-18,,,,,,,,,,,,,,,,,,,,,,,,,,,,,,,,,,,,,,,,,,,3.24,23.95,,1.236,1.4787
2010-06-19,26.057857513427734,39.439998626708984,39.779998779296875,37.41999816894531,39.54999923706055,265534400.0,11.907485961914062,15.420000076293945,16.100000381469727,14.979999542236328,16.030000686645508,693316900.0,29.083322525024414,39.400001525878906,40.70000076293945,37.70000076293945,40.5,279186430.0,17.818504333496094,27.049999237060547,28.5,26.280000686645508,28.440000534057617,245659000.0,8.951037406921387,11.892769813537598,12.22583293914795,11.527214050292969,12.18521499633789,710120200.0,1255.800048828125,1255.800048828125,1264.800048828125,1226.9000244140625,1257.4000244140625,903.0,5046.5,5046.5,5331.5,5031.7001953125,5250.7998046875,5031544800.0,,,,,
2010-06-25,,,,,,,,,,,,,,,,,,,,,,,,,,,,,,,,,,,,,,,,,,,3.12,28.53,,1.2332,1.4985
2010-06-26,23.672748565673828,35.83000183105469,39.63999938964844,35.15999984741211,39.54999923706055,225428500.0,10.687394142150879,13.84000015258789,15.550000190734863,13.5,15.5,849387500.0,27.9760799407959,37.900001525878906,40.20000076293945,36.20000076293945,39.29999923706055,311800710.0,16.389074325561523,24.8799991607666,27.34000015258789,24.600000381469727,27.239999771118164,215965100.0,8.26626205444336,10.982940673828125,11.93338680267334,10.844841957092285,11.900894165039062,687635370.0,1207.4000244140625,1207.4000244140625,1246.199951171875,1200.800048828125,1238.199951171875,1060.0,4838.10009765625,4838.10009765625,5085.7001953125,4790.0,5046.5,5520675100.0,,,,,
2010-07-02,,,,,,,,,,,,,,,,,,,,,,,,,,,,,,,,,,,,,,,,,,,3.0,30.12,,1.2577,1.5179
2010-07-03,25.70315170288086,38.849998474121094,38.88999938964844,35.86000061035156,36.689998626708984,152477000.0,11.668099403381348,15.109999656677246,15.130000114440918,13.829999923706055,14.130000114440918,489056300.0,29.82147979736328,40.400001525878906,40.5,37.20000076293945,38.70000076293945,187341810.0,17.78557014465332,27.0,27.059999465942383,24.790000915527344,25.459999084472656,149212600.0,8.871554374694824,11.787164688110352,11.811534881591797,10.92607593536377,11.226645469665527,466114210.0,1209.5999755859375,1209.5999755859375,1213.0,1189.300048828125,1207.300048828125,185.0,5132.89990234375,5132.89990234375,5150.60009765625,4821.10009765625,4838.10009765625,4511690000.0,,,,,
2010-07-09,,,,,,,,,,,,,,,,,,,,,,,,,,,,,,,,,,,,,,,,,,,3.07,24.98,,1.2639,1.5095
2010-07-10,25.802400588989258,39.0,40.84000015258789,38.599998474121094,38.86000061035156,251267900.0,10.795501708984375,13.979999542236328,15.720000267028809,13.960000038146973,15.069999694824219,954180800.0,28.788053512573242,39.0,43.0,39.0,40.5,301105420.0,17.28493881225586,26.239999771118164,28.15999984741211,26.15999984741211,26.93000030517578,185309500.0,8.63922119140625,11.478472709655762,12.160844802856445,11.445979118347168,11.770917892456055,558788199.0,1188.0,1188.0,1217.4000244140625,1188.0,1198.5,230.0,5158.89990234375,5158.89990234375,5287.2998046875,5128.60009765625,5132.89990234375,4256067800.0,,,,,
2010-07-16,,,,,,,,,,,,,,,,,,,,,,,,,,,,,,,,,,,,,,,,,,,2.96,26.25,,1.2919,1.5289
2010-07-17,26.35152244567871,39.83000183105469,40.25,38.119998931884766,39.029998779296875,183794100.0,10.610172271728516,13.739999771118164,14.020000457763672,13.300000190734863,13.970000267028809,1017890700.0,29.673837661743164,40.20000076293945,40.900001525878906,38.5,39.29999923706055,237176630.0,18.06222915649414,27.420000076293945,27.600000381469727,25.299999237060547,26.270000457763672,231991300.0,8.90212631225586,11.827781677246094,11.860276222229004,11.242892265319824,11.494720458984375,517028372.0,1187.699951171875,1187.699951171875,1198.5999755859375,1180.0,1181.699951171875,147.0,5312.60009765625,5312.60009765625,5328.5,5090.60009765625,5158.89990234375,4379148000.0,,,,,
2010-07-23,,,,,,,,,,,,,,,,,,,,,,,,,,,,,,,,,,,,,,,,,,,3.02,23.47,,1.2874,1.5425
2010-07-24,26.64924430847168,40.279998779296875,41.2400016784668,39.5,39.79999923706055,151427800.0,10.84183406829834,14.039999961853027,14.649999618530273,13.710000038146973,13.850000381469727,701096900.0,30.26436424255371,41.0,42.70000076293945,40.20000076293945,40.20000076293945,196151230.0,18.26643180847168,27.729999542236328,28.770000457763672,27.229999542236328,27.450000762939453,142607200.0,8.993834495544434,11.949633598327637,12.201461791992188,11.779041290283203,11.844029426574707,432186990.0,1181.699951171875,1181.699951171875,1183.0999755859375,1158.0,1183.0,266744.0,5258.0,5258.0,5411.5,5245.5,5312.60009765625,5398683700.0,,,,,
2010-07-30,,,,,,,,,,,,,,,,,,,,,,,,,,,,,,,,,,,,,,,,,,,2.94,23.5,,1.3069,1.5714
2010-07-31,26.755088806152344,40.439998626708984,41.70000076293945,39.970001220703125,40.97999954223633,143349800.0,10.780058860778809,13.960000038146973,14.470000267028809,13.75,14.380000114440918,604874800.0,29.96908950805664,40.599998474121094,42.0,40.099998474121094,41.900001525878906,126963280.0,18.279617309570312,27.75,28.579999923706055,27.239999771118164,28.290000915527344,147005100.0,9.036636352539062,12.006499290466309,12.258326530456543,11.844029426574707,12.120226860046387,436393193.0,1203.4000244140625,1203.4000244140625,1211.0,1174.699951171875,1183.4000244140625,4731.0,5332.39990234375,5332.39990234375,5416.7998046875,5258.0,5258.0,5191612700.0,,,,,
2010-08-06,,,,,,,,,,,,,,,,,,,,,,,,,,,,,,,,,,,,,,,,,,,2.86,21.74,,1.3282,1.5979
2010-08-07,24.80999755859375,37.5,40.560001373291016,37.220001220703125,40.54999923706055,178110400.0,10.21634292602539,13.229999542236328,14.069999694824219,13.020000457763672,14.0600004196167,690443100.0,28.640439987182617,38.79999923706055,41.20000076293945,38.29999923706055,40.79999923706055,183679880.0,17.051774978637695,25.84000015258789,28.270000457763672,25.809999465942383,27.899999618530273,156099800.0,8.602534294128418,11.429732322692871,12.103981018066406,11.380990982055664,12.063363075256348,401037272.0,1214.9000244140625,1214.9000244140625,1215.5,1191.0,1205.800048828125,2149.0,5275.39990234375,5275.39990234375,5418.60009765625,5210.60009765625,5332.39990234375,4457204100.0,,,,,
2010-08-13,,,,,,,,,,,,,,,,,,,,,,,,,,,,,,,,,,,,,,,,,,,2.68,26.24,,1.2767,1.558
2010-08-14,24.571815490722656,37.13999938964844,38.189998626708984,36.810001373291016,37.31999969482422,155506300.0,9.938350677490234,12.869999885559082,13.5,12.75,13.130000114440918,687283800.0,27.680814743041992,37.5,39.20000076293945,37.099998474121094,38.70000076293945,220071490.0,16.233495712280273,24.600000381469727,26.010000228881836,24.270000457763672,25.670000076293945,203693300.0,8.455799102783203,11.23476791381836,11.616572380065918,11.129162788391113,11.397237777709961,422095498.0,1227.199951171875,1227.199951171875,1237.5999755859375,1218.0,1224.5,787.0,5195.2998046875,5195.2998046875,5351.5,5160.39990234375,5275.39990234375,3612639700.0,,,,,
2010-08-20,,,,,,,,,,,,,,,,,,,,,,,,,,,,,,,,,,,,,,,,,,,2.62,25.49,,1.2687,1.5515
2010-08-21,24.214555740356445,36.599998474121094,37.40999984741211,35.54999923706055,37.209999084472656,184372000.0,9.760740280151367,12.640000343322754,13.100000381469727,12.40999984741211,13.069999694824219,727827600.0,27.754640579223633,37.599998474121094,38.29999923706055,36.400001525878906,37.900001525878906,213938490.0,15.83756160736084,24.0,24.8799991607666,23.020000457763672,24.860000610351562,231291800.0,8.394657135009766,11.153533935546875,11.307880401611328,10.796100616455078,11.291632652282715,468957329.0,1236.0,1236.0,1243.300048828125,1211.5,1226.9000244140625,1331.0,5201.60009765625,5201.60009765625,5268.39990234375,5070.89990234375,5195.2998046875,3788671300.0,,,,,
2010-08-27,,,,,,,,,,,,,,,,,,,,,,,,,,,,,,,,,,,,,,,,,,,2.66,24.45,,1.2765,1.5528
2010-08-28,25.91485595703125,39.16999816894531,39.16999816894531,35.72999954223633,36.400001525878906,164279900.0,10.42484188079834,13.5,13.6899995803833,12.180000305175781,12.539999961853027,800802000.0,28.861873626708984,39.099998474121094,39.79999923706055,36.29999923706055,37.5,237452340.0,17.051774978637695,25.84000015258789,26.1299991607666,23.030000686645508,23.93000030517578,208497900.0,8.877671241760254,11.7952880859375,11.7952880859375,10.828595161437988,11.104792594909668,563938950.0,1249.199951171875,1249.199951171875,1254.300048828125,1233.0,1237.0999755859375,396.0,5428.2001953125,5428.2001953125,5454.0,5129.7001953125,5201.60009765625,3723075700.0,,,,,
2010-09-03,,,,,,,,,,,,,,,,,,,,,,,,,,,,,,,,,,,,,,,,,,,2.72,21.31,,1.2885,1.5452
2010-09-04,26.30519676208496,39.7599983215332,40.31999969482422,38.220001220703125,38.72999954223633,118033900.0,10.471858978271484,13.550000190734863,13.869999885559082,13.199999809265137,13.380000114440918,484589900.0,28.861873626708984,39.099998474121094,39.5,38.20000076293945,38.79999923706055,122123420.0,16.99237632751465,25.75,26.010000228881836,24.90999984741211,25.56999969482422,102296700.0,8.883784294128418,11.803412437438965,11.884647369384766,11.510967254638672,11.681559562683105,282247496.0,1244.5,1244.5,1260.199951171875,1244.0999755859375,1257.300048828125,63.0,5501.60009765625,5501.60009765625,5511.5,5361.39990234375,5428.2001953125,3761159500.0,,,,,
2010-09-10,,,,,,,,,,,,,,,,,,,,,,,,,,,,,,,,,,,,,,,,,,,2.81,21.99,,1.2731,1.5387
2010-09-11,26.503686904907227,40.060001373291016,41.470001220703125,39.9900016784668,40.63999938964844,180942600.0,10.355932235717773,13.399999618530273,14.0600004196167,13.34000015258789,13.9399995803833,692318600.0,29.15713882446289,39.5,40.20000076293945,38.79999923706055,39.599998474121094,202834010.0,17.1639461517334,26.010000228881836,26.790000915527344,25.610000610351562,26.3700008392334,165416400.0,8.932699203491211,11.868399620056152,12.08773422241211,11.819659233093262,11.982128143310547,413401437.0,1275.5999755859375,1275.5999755859375,1279.5999755859375,1245.0999755859375,1245.0999755859375,230.0,5508.5,5508.5,5612.89990234375,5501.60009765625,5501.60009765625,4475417800.0,,,,,
2010-09-17,,,,,,,,,,,,,,,,,,,,,,,,,,,,,,,,,,,,,,,,,,,2.75,22.01,,1.3046,1.5635
2010-09-18,26.2985897064209,39.75,41.5,38.9900016784668,40.2400016784668,163758600.0,10.510496139526367,13.600000381469727,14.0,13.119999885559082,13.460000038146973,735625900.0,28.788053512573242,39.0,40.20000076293945,38.0,39.5,193132760.0,16.886789321899414,25.59000015258789,26.959999084472656,25.040000915527344,26.09000015258789,200793400.0,8.952767372131348,11.868399620056152,12.160844802856445,11.535337448120117,11.884647369384766,504772535.0,1296.0,1296.0,1297.4000244140625,1271.800048828125,1279.0,182.0,5598.5,5598.5,5635.7001953125,5471.7001953125,5508.5,3804665200.0,,,,,
2010-09-24,,,,,,,,,,,,,,,,,,,,,,,,,,,,,,,,,,,,,,,,,,,2.62,21.71,,1.3476,1.5829
2010-09-25,25.67668914794922,38.810001373291016,39.66999816894531,37.959999084472656,39.540000915527344,191193500.0,10.27864933013916,13.300000190734863,13.630000114440918,13.050000190734863,13.609999656677246,722870800.0,30.190547943115234,40.900001525878906,41.0,38.400001525878906,39.0,242086880.0,16.866992950439453,25.559999465942383,25.920000076293945,24.90999984741211,25.719999313354492,174238500.0,8.88536262512207,11.779041290283203,11.884647369384766,11.616572380065918,11.868399620056152,555317642.0,1316.0999755859375,1316.0999755859375,1320.0,1287.5,1296.699951171875,32734.0,5592.89990234375,5592.89990234375,5650.2998046875,5506.10009765625,5598.5,4091055500.0,,,,,
2010-10-01,,,,,,,,,,,,,,,,,,,,,,,,,,,,,,,,,,,,,,,,,,,2.54,22.5,,1.3754,1.5829
2010-10-02,26.007495880126953,39.310001373291016,40.31999969482422,38.709999084472656,38.97999954223633,167927900.0,10.185914039611816,13.180000305175781,13.65999984741211,13.100000381469727,13.270000457763672,761180900.0,30.92869758605957,41.900001525878906,42.0,40.29999923706055,40.79999923706055,238841220.0,17.124361038208008,25.950000762939453,26.579999923706055,25.219999313354492,25.510000228881836,157048800.0,9.007915496826172,11.941511154174805,12.0552396774292,11.640941619873047,11.76279354095459,513962074.0,1344.199951171875,1344.199951171875,1363.0,1312.0,1318.300048828125,848.0,5657.60009765625,5657.60009765625,5707.2998046875,5550.60009765625,5592.89990234375,4185289900.0,,,,,
2010-10-08,,,,,,,,,,,,,,,,,,,,,,,,,,,,,,,,,,,,,,,,,,,2.41,20.71,,1.3923,1.5951
2010-10-09,24.61014175415039,37.150001525878906,40.720001220703125,36.540000915527344,39.52000045776367,351792100.0,9.25851058959961,11.979999542236328,13.640000343322754,11.739999771118164,13.199999809265137,1524821700.0,29.15713882446289,39.5,43.0,39.099998474121094,42.099998474121094,403369700.0,15.560397148132324,23.579999923706055,26.34000015258789,23.3700008392334,25.959999084472656,366211700.0,8.793442726135254,11.65718936920166,12.18521499633789,11.575955390930176,11.949633598327637,642398951.0,1371.0999755859375,1371.0999755859375,1383.9000244140625,1343.5999755859375,1346.699951171875,718.0,5703.39990234375,5703.39990234375,5770.89990234375,5597.5,5657.60009765625,4210248800.0,,,,,
2010-10-15,,,,,,,,,,,,,,,,,,,,,,,,,,,,,,,,,,,,,,,,,,,2.59,19.03,,1.3998,1.6027
2010-10-16,24.974489212036133,37.70000076293945,38.650001525878906,36.209999084472656,37.150001525878906,232278200.0,8.84118366241455,11.4399995803833,12.449999809265137,11.170000076293945,11.960000038146973,2138082500.0,30.33817481994629,41.099998474121094,42.0,39.70000076293945,40.0,289785210.0,17.229938507080078,26.110000610351562,26.40999984741211,23.639999389648438,23.690000534057617,319508000.0,8.946640968322754,11.860276222229004,12.006499290466309,11.616572380065918,11.616572380065918,537330146.0,1324.4000244140625,1324.4000244140625,1372.5999755859375,1317.5,1358.0,710.0,5741.39990234375,5741.39990234375,5786.7001953125,5670.10009765625,5703.39990234375,3739774100.0,,,,,
2010-10-22,,,,,,,,,,,,,,,,,,,,,,,,,,,,,,,,,,,,,,,,,,,2.59,18.78,,1.3904,1.5677
2010-10-23,24.928117752075195,37.630001068115234,38.06999969482422,36.779998779296875,37.970001220703125,158277000.0,8.848915100097656,11.449999809265137,11.720000267028809,11.029999732971191,11.5600004196167,1142693300.0,30.78106689453125,41.70000076293945,42.29999923706055,41.400001525878906,42.20000076293945,190541840.0,17.196949005126953,26.059999465942383,26.420000076293945,25.479999542236328,26.3700008392334,150721700.0,8.922127723693848,11.827781677246094,11.982128143310547,11.74654769897461,11.96588134765625,312184432.0,1357.0999755859375,1357.0999755859375,1358.699951171875,1321.0999755859375,1333.5999755859375,761.0,5675.2001953125,5675.2001953125,5794.2998046875,5630.89990234375,5741.39990234375,3976482800.0,,,,,
2010-10-29,,,,,,,,,,,,,,,,,,,,,,,,,,,,,,,,,,,,,,,,,,,2.63,21.2,,1.3894,1.602
2010-10-30,27.12083625793457,40.939998626708984,41.34000015258789,36.83000183105469,37.61000061035156,265408800.0,9.552188873291016,12.359999656677246,12.710000038146973,11.300000190734863,11.5,1221290500.0,33.14316177368164,44.900001525878906,45.099998474121094,41.0,41.79999923706055,253661950.0,19.282222747802734,29.219999313354492,29.360000610351562,25.600000381469727,26.030000686645508,219381400.0,9.547167778015137,12.656376838684082,12.737611770629883,11.714054107666016,11.852152824401855,690100939.0,1397.300048828125,1397.300048828125,1398.0,1327.5,1360.300048828125,410.0,5875.39990234375,5875.39990234375,5899.39990234375,5667.39990234375,5675.2001953125,4458792800.0,,,,,
2010-11-05,,,,,,,,,,,,,,,,,,,,,,,,,,,,,,,,,,,,,,,,,,,2.58,18.26,,1.4033,1.6211
2010-11-06,26.239776611328125,39.61000061035156,41.20000076293945,39.380001068115234,40.86000061035156,160359500.0,9.366705894470215,12.119999885559082,12.739999771118164,12.029999732971191,12.619999885559082,965861100.0,31.666873931884766,42.900001525878906,45.20000076293945,42.29999923706055,45.20000076293945,234985670.0,18.208660125732422,27.540000915527344,29.280000686645508,27.399999618530273,28.90999984741211,160484100.0,9.154985427856445,12.136473655700684,12.648253440856934,12.103981018066406,12.640130043029785,593967472.0,1365.4000244140625,1365.4000244140625,1423.199951171875,1360.0999755859375,1390.5,433.0,5796.89990234375,5796.89990234375,5902.10009765625,5711.7001953125,5875.39990234375,4739484300.0,,,,,
2010-11-12,,,,,,,,,,,,,,,,,,,,,,,,,,,,,,,,,,,,,,,,,,,2.76,20.61,,1.37,1.6172
2010-11-13,26.107288360595703,39.40999984741211,40.63999938964844,38.97999954223633,39.81999969482422,164352600.0,9.011209487915039,11.65999984741211,12.289999961853027,11.529999732971191,12.220000267028809,745399700.0,31.519235610961914,42.70000076293945,43.70000076293945,41.5,43.29999923706055,202488170.0,18.175594329833984,27.489999771118164,28.209999084472656,26.760000228881836,27.6200008392334,155929000.0,9.105963706970215,12.071487426757812,12.347684860229492,11.8765230178833,12.217708587646484,524746987.0,1352.199951171875,1352.199951171875,1372.5999755859375,1329.5,1363.699951171875,187.0,5732.7998046875,5732.7998046875,5832.89990234375,5659.7001953125,5796.89990234375,3715966500.0,,,,,
2010-11-19,,,,,,,,,,,,,,,,,,,,,,,,,,,,,,,,,,,,,,,,,,,2.88,18.04,,1.3654,1.5961
2010-11-20,24.841999053955078,37.5,39.099998474121094,37.5,39.060001373291016,105657300.0,8.593879699707031,11.119999885559082,11.59000015258789,11.0600004196167,11.5600004196167,586228400.0,30.33817481994629,41.099998474121094,42.5,41.0,42.5,121719300.0,17.62021255493164,26.649999618530273,27.360000610351562,26.530000686645508,27.260000228881836,86269500.0,8.836338996887207,11.714054107666016,11.998374938964844,11.697807312011719,11.990251541137695,335489969.0,1362.300048828125,1362.300048828125,1377.800048828125,1357.699951171875,1357.699951171875,138441.0,5668.7001953125,5668.7001953125,5783.10009765625,5573.2998046875,5732.7998046875,4128502900.0,,,,,
2010-11-26,,,,,,,,,,,,,,,,,,,,,,,,,,,,,,,,,,,,,,,,,,,2.87,22.22,,1.3243,1.5616
2010-11-27,26.239776611328125,39.61000061035156,39.66999816894531,37.11000061035156,37.470001220703125,169381500.0,9.165770530700684,11.859999656677246,11.880000114440918,10.90999984741211,11.140000343322754,1149896800.0,32.84790802001953,44.5,44.599998474121094,41.0,41.20000076293945,232523360.0,19.2070255279541,29.049999237060547,29.1299991607666,26.510000228881836,26.579999923706055,179635100.0,9.302055358886719,12.331438064575195,12.35580825805664,11.665312767028809,11.689682960510254,549495381.0,1405.4000244140625,1405.4000244140625,1415.0999755859375,1352.5999755859375,1364.0,114506.0,5745.2998046875,5745.2998046875,5784.2998046875,5519.2001953125,5668.7001953125,5298833700.0,,,,,
2010-12-03,,,,,,,,,,,,,,,,,,,,,,,,,,,,,,,,,,,,,,,,,,,3.03,18.01,,1.3367,1.5723
2010-12-04,27.445438385009766,41.43000030517578,41.5,39.060001373291016,39.47999954223633,175839500.0,9.901274681091309,12.800000190734863,12.850000381469727,11.5,11.779999732971191,1135775200.0,35.21001052856445,47.70000076293945,47.70000076293945,44.29999923706055,44.5,615172050.0,20.01365089416504,30.270000457763672,30.559999465942383,28.420000076293945,28.860000610351562,174686000.0,9.657464981079102,12.802599906921387,12.810723304748535,12.250203132629395,12.298944473266602,481982170.0,1384.300048828125,1384.300048828125,1431.0999755859375,1372.0,1414.0,4802.0,5813.0,5813.0,5850.39990234375,5728.5,5745.2998046875,3993887200.0,,,,,
2010-12-10,,,,,,,,,,,,,,,,,,,,,,,,,,,,,,,,,,,,,,,,,,,3.32,17.61,,1.3242,1.5809
2010-12-11,26.279523849487305,39.66999816894531,41.9900016784668,39.529998779296875,41.56999969482422,189133200.0,9.723358154296875,12.569999694824219,12.880000114440918,12.279999732971191,12.859999656677246,975002400.0,34.693294525146484,47.0,48.5,45.400001525878906,48.0,340790980.0,19.80868911743164,29.959999084472656,30.56999969482422,29.649999618530273,30.489999771118164,166157500.0,9.516531944274902,12.61575984954834,12.883833885192871,12.502031326293945,12.859463691711426,433981418.0,1378.5999755859375,1378.5999755859375,1407.300048828125,1362.5,1384.5,1169.0,5871.7998046875,5871.7998046875,5907.10009765625,5812.89990234375,5813.0,4076019700.0,,,,,
2010-12-17,,,,,,,,,,,,,,,,,,,,,,,,,,,,,,,,,,,,,,,,,,,3.33,16.11,,1.3155,1.548
2010-12-18,27.876041412353516,42.08000183105469,42.540000915527344,39.689998626708984,39.83000183105469,119944300.0,10.102395057678223,13.0600004196167,13.449999809265137,12.569999694824219,12.59000015258789,701403400.0,34.54566955566406,46.79999923706055,47.70000076293945,46.70000076293945,47.29999923706055,153693720.0,20.48969841003418,30.989999771118164,31.610000610351562,29.850000381469727,30.020000457763672,93789800.0,9.76013469696045,12.891958236694336,13.013810157775879,12.583266258239746,12.640130043029785,233264284.0,1380.0,1380.0,1389.5,1373.699951171875,1383.199951171875,397.0,6008.89990234375,6008.89990234375,6008.89990234375,5865.5,5871.7998046875,1986167000.0,,,,,
2010-12-24,,,,,,,,,,,,,,,,,,,,,,,,,,,,,,,,,,,,,,,,,,,3.41,16.47,,1.3101,1.54
2010-12-25,28.101261138916016,42.41999816894531,43.119998931884766,41.79999923706055,41.81999969482422,76328800.0,10.318989753723145,13.34000015258789,13.489999771118164,12.960000038146973,12.979999542236328,461513200.0,34.91474151611328,47.29999923706055,48.0,46.5,46.599998474121094,95462810.0,20.48969841003418,30.989999771118164,31.34000015258789,30.65999984741211,30.90999984741211,64751800.0,9.80933666229248,12.95694637298584,13.046303749084473,12.818845748901367,12.826970100402832,175247869.0,1421.0999755859375,1421.0999755859375,1421.0999755859375,1373.5,1373.5,1493.0,5899.89990234375,5899.89990234375,6021.5,5899.89990234375,6008.89990234375,778885800.0,,,,,
2010-12-31,,,,,,,,,,,,,,,,,,,,,,,,,,,,,,,,,,,,,,,,,,,3.3,17.75,,1.3269,1.5392
2011-01-01,28.90945816040039,43.63999938964844,44.95000076293945,42.650001525878906,43.0,234533400.0,11.022903442382812,14.25,14.6899995803833,13.800000190734863,13.850000381469727,1453438900.0,36.464866638183594,49.400001525878906,50.5,47.79999923706055,47.79999923706055,330412380.0,20.826892852783203,31.5,32.5,30.639999389648438,31.299999237060547,222056100.0,9.975391387939453,13.176279067993164,13.411860466003418,13.013810157775879,13.135662078857422,600646631.0,1368.5,1368.5,1423.9000244140625,1355.5,1415.5999755859375,708.0,5984.2998046875,5984.2998046875,6090.5,5899.89990234375,5899.89990234375,3458750100.0,,,,,
2011-01-07,,,,,,,,,,,,,,,,,,,,,,,,,,,,,,,,,,,,,,,,,,,3.34,17.14,,1.2944,1.556
2011-01-08,29.784944534301758,44.90999984741211,45.939998626708984,43.0,43.27000045776367,231578900.0,11.7964448928833,15.25,15.3100004196167,14.09000015258789,14.170000076293945,1043121000.0,37.86737060546875,51.29999923706055,51.5,48.70000076293945,49.20000076293945,308851080.0,21.653356552124023,32.75,32.810001373291016,30.969999313354492,31.170000076293945,146173400.0,10.282891273498535,13.582452774047852,13.614947319030762,13.021932601928711,13.103167533874512,457508660.0,1360.4000244140625,1360.4000244140625,1392.5,1356.699951171875,1369.0,716.0,6002.10009765625,6002.10009765625,6055.5,5939.89990234375,5984.2998046875,4319169200.0,,,,,
2011-01-14,,,,,,,,,,,,,,,,,,,,,,,,,,,,,,,,,,,,,,,,,,,3.35,15.46,,1.3328,1.5874
2011-01-15,30.03697967529297,45.290000915527344,45.540000915527344,43.599998474121094,45.02000045776367,182972000.0,11.022903442382812,14.25,15.15999984741211,13.9399995803833,15.079999923706055,982445900.0,36.09580612182617,48.900001525878906,49.5,47.20000076293945,49.29999923706055,380564110.0,21.49467658996582,32.5099983215332,32.9900016784668,31.6200008392334,32.779998779296875,157126500.0,10.1229887008667,13.37124252319336,13.566205978393555,13.151908874511719,13.549959182739258,428841009.0,1341.0,1341.0,1376.199951171875,1338.5999755859375,1365.0999755859375,176.0,5896.2998046875,5896.2998046875,6077.10009765625,5867.2998046875,6002.10009765625,4511384400.0,,,,,
2011-01-21,,,,,,,,,,,,,,,,,,,,,,,,,,,,,,,,,,,,,,,,,,,3.44,18.47,,1.3581,1.5997
2011-01-22,29.539569854736328,44.540000915527344,45.880001068115234,44.2599983215332,45.209999084472656,154823400.0,10.520102500915527,13.600000381469727,14.260000228881836,13.399999618530273,14.25,1054415700.0,34.84093475341797,47.20000076293945,49.20000076293945,47.20000076293945,49.099998474121094,215508540.0,21.05168914794922,31.84000015258789,32.83000183105469,31.790000915527344,32.5,134993500.0,9.99383544921875,13.200650215148926,13.54183578491211,13.168155670166016,13.395612716674805,435515490.0,1340.699951171875,1340.699951171875,1352.300048828125,1307.699951171875,1352.300048828125,284122.0,5881.39990234375,5881.39990234375,6003.2998046875,5877.89990234375,5896.2998046875,4620406000.0,,,,,
2011-01-28,,,,,,,,,,,,,,,,,,,,,,,,,,,,,,,,,,,,,,,,,,,3.36,20.04,,1.3607,1.5838
2011-01-29,29.572717666625977,44.59000015258789,46.0,44.29999923706055,44.40999984741211,137430200.0,11.05384635925293,14.289999961853027,14.470000267028809,13.640000343322754,13.710000038146973,757192400.0,35.57908248901367,48.20000076293945,49.099998474121094,47.29999923706055,47.400001525878906,186292560.0,21.65996742248535,32.7599983215332,33.4900016784668,31.729999542236328,31.979999542236328,116958600.0,10.215240478515625,13.493095397949219,13.639318466186523,13.225020408630371,13.225020408630371,354126326.0,1348.300048828125,1348.300048828125,1360.0,1323.300048828125,1339.0,20656.0,5997.39990234375,5997.39990234375,6023.39990234375,5815.39990234375,5881.39990234375,4570220700.0,,,,,
2011-02-04,,,,,,,,,,,,,,,,,,,,,,,,,,,,,,,,,,,,,,,,,,,3.68,15.93,,1.3584,1.6089
2011-02-05,30.885879516601562,46.56999969482422,46.88999938964844,44.650001525878906,44.75,162432800.0,11.425145149230957,14.770000457763672,14.869999885559082,14.350000381469727,14.510000228881836,746465200.0,36.02196502685547,48.79999923706055,49.099998474121094,47.599998474121094,48.400001525878906,194571490.0,22.35456657409668,33.7599983215332,34.25,32.650001525878906,33.0,204768300.0,10.504294395446777,13.874897956848145,13.915515899658203,13.533712387084961,13.54183578491211,335043116.0,1359.9000244140625,1359.9000244140625,1368.800048828125,1343.800048828125,1345.800048828125,4486.0,6062.89990234375,6062.89990234375,6091.2998046875,5973.39990234375,5997.39990234375,4121267100.0,,,,,
2011-02-11,,,,,,,,,,,,,,,,,,,,,,,,,,,,,,,,,,,,,,,,,,,3.64,15.69,,1.352,1.5986
2011-02-12,31.83428192138672,48.0,48.36000061035156,46.470001220703125,46.599998474121094,155776800.0,11.409676551818848,14.75,14.949999809265137,14.670000076293945,14.779999732971191,556789700.0,36.243404388427734,49.099998474121094,49.599998474121094,48.599998474121094,48.900001525878906,163666940.0,21.612943649291992,32.63999938964844,34.189998626708984,32.34000015258789,33.630001068115234,199054300.0,10.565794944763184,13.956132888793945,13.972379684448242,13.818034172058105,13.866774559020996,231184631.0,1388.199951171875,1388.199951171875,1391.800048828125,1356.5999755859375,1357.800048828125,869.0,6083.0,6083.0,6101.39990234375,6023.7998046875,6062.89990234375,4191133800.0,,,,,
2011-02-18,,,,,,,,,,,,,,,,,,,,,,,,,,,,,,,,,,,,,,,,,,,3.59,16.43,,1.3673,1.6245
2011-02-19,30.95883560180664,46.68000030517578,47.27000045776367,45.209999084472656,47.20000076293945,139535700.0,10.984230995178223,14.199999809265137,14.520000457763672,13.789999961853027,14.380000114440918,712444800.0,34.693294525146484,47.0,48.400001525878906,45.70000076293945,48.400001525878906,270403160.0,21.454029083251953,32.400001525878906,32.7400016784668,30.799999237060547,31.969999313354492,179790000.0,10.313641548156738,13.62307071685791,13.809910774230957,13.273760795593262,13.736799240112305,428273763.0,1408.699951171875,1408.699951171875,1415.300048828125,1395.0999755859375,1395.0999755859375,1909.0,6001.2001953125,6001.2001953125,6105.7998046875,5861.0,6083.0,4070818400.0,,,,,
2011-02-25,,,,,,,,,,,,,,,,,,,,,,,,,,,,,,,,,,,,,,,,,,,3.42,19.22,,1.3757,1.6078
2011-02-26,30.189498901367188,45.52000045776367,47.18000030517578,45.06999969482422,46.810001373291016,139028400.0,10.922348022460938,14.119999885559082,14.479999542236328,13.8100004196167,14.270000457763672,699610600.0,33.51224899291992,45.400001525878906,47.5,45.20000076293945,47.29999923706055,249453650.0,21.129562377929688,31.90999984741211,32.66999816894531,29.81999969482422,32.52000045776367,167649200.0,10.159891128540039,13.419983863830566,13.761170387268066,13.26563835144043,13.71242904663086,513814845.0,1428.199951171875,1428.199951171875,1440.5,1407.699951171875,1410.699951171875,2225.0,5990.39990234375,5990.39990234375,6052.10009765625,5865.89990234375,6001.2001953125,4281964800.0,,,,,
2011-03-04,,,,,,,,,,,,,,,,,,,,,,,,,,,,,,,,,,,,,,,,,,,3.49,19.06,,1.3983,1.625
2011-03-05,30.335420608520508,45.7400016784668,47.099998474121094,44.7599983215332,45.619998931884766,140348300.0,11.131455421447754,14.380000114440918,14.699999809265137,13.920000076293945,14.180000305175781,804351600.0,33.73369598388672,45.70000076293945,46.70000076293945,45.0,45.400001525878906,196680450.0,21.440776824951172,32.380001068115234,32.970001220703125,31.610000610351562,32.189998626708984,134919100.0,10.172187805175781,13.436230659484863,13.688057899475098,13.26563835144043,13.452478408813477,492527531.0,1421.5,1421.5,1445.0,1403.800048828125,1434.5,955.0,5828.7001953125,5828.7001953125,6043.10009765625,5796.39990234375,5990.39990234375,3922797100.0,,,,,
2011-03-11,,,,,,,,,,,,,,,,,,,,,,,,,,,,,,,,,,,,,,,,,,,3.4,20.08,,1.3864,1.6033
2011-03-12,30.335420608520508,45.7400016784668,46.18000030517578,43.400001525878906,45.41999816894531,226240600.0,10.868267059326172,14.039999961853027,14.350000381469727,13.65999984741211,14.260000228881836,789562200.0,33.216983795166016,45.0,45.5,43.70000076293945,45.20000076293945,243209190.0,21.076597213745117,31.829999923706055,32.380001068115234,30.6299991607666,31.989999771118164,232120100.0,10.00613784790039,13.216897010803223,13.37124252319336,12.826970100402832,13.330625534057617,754935739.0,1415.9000244140625,1415.9000244140625,1427.699951171875,1385.5,1420.0,149.0,5718.10009765625,5718.10009765625,5842.0,5591.60009765625,5828.7001953125,5535719300.0,,,,,
2011-03-18,,,,,,,,,,,,,,,,,,,,,,,,,,,,,,,,,,,,,,,,,,,3.28,24.44,,1.4141,1.6187
2011-03-19,30.415006637573242,45.86000061035156,46.380001068115234,44.77000045776367,46.279998779296875,117889300.0,10.32640266418457,13.34000015258789,14.220000267028809,13.319999694824219,14.199999809265137,717388300.0,32.92172622680664,44.599998474121094,46.20000076293945,43.400001525878906,46.099998474121094,234435670.0,21.149431228637695,31.940000534057617,32.25,30.920000076293945,32.2400016784668,126920300.0,10.075489044189453,13.273760795593262,13.37124252319336,13.013810157775879,13.363119125366211,364975866.0,1426.0999755859375,1426.0999755859375,1446.9000244140625,1430.4000244140625,1433.5,175.0,5900.7998046875,5900.7998046875,5918.7001953125,5718.10009765625,5718.10009765625,3848949700.0,,,,,
2011-03-25,,,,,,,,,,,,,,,,,,,,,,,,,,,,,,,,,,,,,,,,,,,3.46,17.91,,1.4144,1.6086
2011-03-26,30.739973068237305,46.349998474121094,46.880001068115234,45.52000045776367,46.099998474121094,112509600.0,10.349621772766113,13.369999885559082,13.609999656677246,13.15999984741211,13.420000076293945,498658100.0,32.84790802001953,44.5,45.20000076293945,43.79999923706055,44.599998474121094,141726680.0,21.276247024536133,32.060001373291016,32.27000045776367,31.260000228881836,32.029998779296875,105136100.0,10.192646980285645,13.428107261657715,13.48497200012207,13.127538681030273,13.281885147094727,303474984.0,1428.0999755859375,1428.0999755859375,1440.0,1412.0,1413.199951171875,196357.0,6009.89990234375,6009.89990234375,6014.7998046875,5879.89990234375,5900.7998046875,4022533400.0,,,,,
2011-04-01,,,,,,,,,,,,,,,,,,,,,,,,,,,,,,,,,,,,,,,,,,,3.46,17.4,,1.4215,1.6132
2011-04-02,31.064952850341797,46.84000015258789,47.79999923706055,46.04999923706055,46.119998931884766,121749700.0,10.434769630432129,13.479999542236328,13.880000114440918,13.369999885559082,13.399999618530273,479032700.0,33.65988540649414,45.599998474121094,46.900001525878906,43.900001525878906,44.599998474121094,230931860.0,20.98424530029297,31.6200008392334,32.630001068115234,31.520000457763672,31.979999542236328,138292200.0,10.149482727050781,13.37124252319336,13.606823921203613,13.338748931884766,13.428107261657715,310332145.0,1473.4000244140625,1473.4000244140625,1475.5,1428.800048828125,1429.0999755859375,5829.0,6055.7998046875,6055.7998046875,6066.39990234375,5987.7001953125,6009.89990234375,3525272600.0,,,,,
2011-04-08,,,,,,,,,,,,,,,,,,,,,,,,,,,,,,,,,,,,,,,,,,,3.59,17.87,,1.4437,1.6341
2011-04-09,29.933130264282227,44.88999938964844,47.369998931884766,44.83000183105469,47.0,185946400.0,9.923870086669922,12.819999694824219,13.640000343322754,12.819999694824219,13.5,670312800.0,32.62646484375,44.20000076293945,46.0,43.900001525878906,45.79999923706055,190863730.0,19.836153030395508,29.889999389648438,31.809999465942383,29.860000610351562,31.6200008392334,207077100.0,9.952167510986328,13.111291885375977,13.468725204467773,13.038180351257324,13.387490272521973,359712480.0,1485.300048828125,1485.300048828125,1487.5,1444.4000244140625,1476.0,1748.0,5996.0,5996.0,6070.7998046875,5943.7998046875,6055.7998046875,3559421900.0,,,,,
2011-04-15,,,,,,,,,,,,,,,,,,,,,,,,,,,,,,,,,,,,,,,,,,,3.43,15.32,,1.4443,1.6325
2011-04-16,29.793109893798828,44.68000030517578,44.970001220703125,43.529998779296875,44.27000045776367,137574700.0,9.529083251953125,12.3100004196167,12.600000381469727,12.149999618530273,12.59000015258789,725435400.0,33.586063385009766,45.5,46.0,43.5,44.20000076293945,196254670.0,18.940242767333984,28.540000915527344,30.149999618530273,28.209999084472656,29.5,295468700.0,9.92750358581543,13.078798294067383,13.103167533874512,12.851340293884277,12.965068817138672,307684635.0,1503.199951171875,1503.199951171875,1508.300048828125,1477.5,1486.300048828125,1441.0,6018.2998046875,6018.2998046875,6049.39990234375,5858.2998046875,5996.0,2941685600.0,,,,,
2011-04-22,,,,,,,,,,,,,,,,,,,,,,,,,,,,,,,,,,,,,,,,,,,3.42,14.69,,1.4545,1.6517
2011-04-23,30.426572799682617,45.630001068115234,46.02000045776367,44.380001068115234,44.650001525878906,107338100.0,9.505864143371582,12.279999732971191,12.600000381469727,12.229999542236328,12.329999923706055,557502900.0,33.88133239746094,45.900001525878906,46.0,44.70000076293945,45.400001525878906,160425600.0,19.31850814819336,29.110000610351562,29.420000076293945,28.420000076293945,28.5,163257400.0,10.100152015686035,13.306255340576172,13.354995727539062,13.046303749084473,13.054427146911621,252869558.0,1556.0,1556.0,1568.699951171875,1495.0,1513.300048828125,1465.0,6069.89990234375,6069.89990234375,6091.7998046875,6007.0,6018.2998046875,2001741300.0,,,,,
2011-04-29,,,,,,,,,,,,,,,,,,,,,,,,,,,,,,,,,,,,,,,,,,,3.32,14.75,,1.4821,1.6691
2011-04-30,30.033164978027344,45.040000915527344,46.06999969482422,44.7599983215332,45.939998626708984,131143700.0,9.529083251953125,12.3100004196167,12.710000038146973,12.199999809265137,12.359999656677246,576950000.0,33.364620208740234,45.20000076293945,46.0,44.599998474121094,46.0,132251200.0,18.747785568237305,28.25,29.549999237060547,27.770000457763672,29.34000015258789,192351600.0,9.933669090270996,13.086920738220215,13.37124252319336,12.981315612792969,13.354995727539062,454136089.0,1491.199951171875,1491.199951171875,1576.5999755859375,1471.0,1572.9000244140625,995.0,5976.7998046875,5976.7998046875,6103.7001953125,5871.60009765625,6069.89990234375,4570770000.0,,,,,
2011-05-06,,,,,,,,,,,,,,,,,,,,,,,,,,,,,,,,,,,,,,,,,,,3.19,18.4,,1.4495,1.6417
2011-05-07,28.77288818359375,43.150001525878906,45.5,42.97999954223633,44.75,136963700.0,9.234929084777832,11.930000305175781,12.430000305175781,11.90999984741211,12.279999732971191,623762300.0,30.655574798583984,41.529998779296875,45.119998931884766,41.41999816894531,44.88999938964844,249597500.0,18.61110496520996,27.93000030517578,28.6200008392334,27.700000762939453,28.06999969482422,135022100.0,9.724020004272461,12.810723304748535,13.200650215148926,12.794475555419922,13.046303749084473,375167071.0,1493.4000244140625,1493.4000244140625,1524.0999755859375,1484.800048828125,1501.5,114.0,5925.89990234375,5925.89990234375,6040.2001953125,5882.39990234375,5976.7998046875,4035680900.0,,,,,
2011-05-13,,,,,,,,,,,,,,,,,,,,,,,,,,,,,,,,,,,,,,,,,,,3.18,17.07,,1.4141,1.6179
2011-05-14,28.759546279907227,43.130001068115234,44.349998474121094,42.650001525878906,42.970001220703125,145065000.0,8.963994979858398,11.579999923706055,12.109999656677246,11.529999732971191,11.890000343322754,658908700.0,30.279130935668945,41.02000045776367,41.97999954223633,40.939998626708984,41.08000183105469,174412100.0,18.657743453979492,28.0,29.079999923706055,27.75,27.81999969482422,150837100.0,9.693187713623047,12.770106315612793,13.005685806274414,12.729488372802734,12.75385856628418,402118953.0,1508.800048828125,1508.800048828125,1512.699951171875,1473.0,1489.300048828125,227.0,5948.5,5948.5,6017.60009765625,5860.7001953125,5925.89990234375,3893664000.0,,,,,
2011-05-20,,,,,,,,,,,,,,,,,,,,,,,,,,,,,,,,,,,,,,,,,,,3.15,17.43,,1.4172,1.6222
2011-05-21,28.532838821411133,42.790000915527344,43.150001525878906,41.689998626708984,42.400001525878906,144541600.0,9.04914379119873,11.6899995803833,11.779999732971191,11.289999961853027,11.470000267028809,586673500.0,30.24222183227539,40.970001220703125,41.060001373291016,39.40999984741211,40.310001373291016,195797700.0,18.75102996826172,28.139999389648438,28.479999542236328,27.3799991607666,27.59000015258789,112782800.0,9.668525695800781,12.737611770629883,12.794475555419922,12.502031326293945,12.61575984954834,405439575.0,1536.300048828125,1536.300048828125,1538.5,1507.0,1510.5,263761.0,5938.89990234375,5938.89990234375,5951.39990234375,5810.5,5948.5,4417565300.0,,,,,
2011-05-27,,,,,,,,,,,,,,,,,,,,,,,,,,,,,,,,,,,,,,,,,,,3.07,15.98,,1.4287,1.6494
2011-05-28,27.719331741333008,41.56999969482422,43.380001068115234,40.83000183105469,43.2400016784668,145172100.0,8.731770515441895,11.279999732971191,11.920000076293945,11.079999923706055,11.869999885559082,596420700.0,29.42274284362793,39.849998474121094,41.59000015258789,39.099998474121094,41.38999938964844,145083400.0,17.898103713989258,26.860000610351562,28.56999969482422,26.3700008392334,28.399999618530273,159595800.0,9.384879112243652,12.363931655883789,12.908205032348633,12.290820121765137,12.875711441040039,514582990.0,1541.699951171875,1541.699951171875,1550.5999755859375,1520.0,1536.699951171875,12393.0,5855.0,5855.0,6010.0,5802.7001953125,5938.89990234375,3618215300.0,,,,,
2011-06-03,,,,,,,,,,,,,,,,,,,,,,,,,,,,,,,,,,,,,,,,,,,2.99,17.95,,1.4604,1.6397
2011-06-04,27.372587203979492,41.04999923706055,41.5,40.099998474121094,41.099998474121094,194726600.0,8.36732292175293,10.800000190734863,11.199999809265137,10.40999984741211,11.180000305175781,873228000.0,27.997766494750977,37.91999816894531,39.599998474121094,36.7599983215332,39.54999923706055,291927800.0,17.511627197265625,26.280000686645508,26.75,25.260000228881836,26.3700008392334,232041700.0,9.144399642944336,12.04711627960205,12.331438064575195,11.8765230178833,12.307066917419434,600325094.0,1528.5999755859375,1528.5999755859375,1553.9000244140625,1526.4000244140625,1542.9000244140625,4630.0,5765.7998046875,5765.7998046875,5890.60009765625,5758.2998046875,5855.0,3932684800.0,,,,,
2011-06-10,,,,,,,,,,,,,,,,,,,,,,,,,,,,,,,,,,,,,,,,,,,2.99,18.86,,1.4365,1.6254
2011-06-11,27.205886840820312,40.79999923706055,42.439998626708984,39.70000076293945,41.290000915527344,183523200.0,8.274354934692383,10.680000305175781,11.119999885559082,10.399999618530273,10.890000343322754,889049500.0,28.2783260345459,38.29999923706055,39.54999923706055,37.0099983215332,38.060001373291016,237623500.0,18.211288452148438,27.329999923706055,27.6200008392334,26.09000015258789,26.639999389648438,213247000.0,9.181400299072266,12.095856666564941,12.339561462402344,11.884647369384766,12.095856666564941,677661561.0,1538.5999755859375,1538.5999755859375,1541.5999755859375,1511.300048828125,1528.0999755859375,2041.0,5714.89990234375,5714.89990234375,5822.60009765625,5644.39990234375,5765.7998046875,4516652100.0,,,,,
2011-06-17,,,,,,,,,,,,,,,,,,,,,,,,,,,,,,,,,,,,,,,,,,,2.94,21.85,,1.4326,1.6186
2011-06-18,26.33236312866211,39.4900016784668,41.529998779296875,39.439998626708984,40.5,167557100.0,8.150395393371582,10.520000457763672,10.9399995803833,10.489999771118164,10.59000015258789,603058300.0,29.23078155517578,39.59000015258789,40.16999816894531,37.810001373291016,37.95000076293945,216575900.0,18.164648056030273,27.260000228881836,27.920000076293945,26.59000015258789,27.170000076293945,183187000.0,9.133925437927246,11.990251541137695,12.339561462402344,11.91714096069336,12.038992881774902,486552381.0,1500.5,1500.5,1558.5,1498.5,1536.0,1003.0,5697.7001953125,5697.7001953125,5789.10009765625,5647.2001953125,5714.89990234375,4167618200.0,,,,,
2011-06-24,,,,,,,,,,,,,,,,,,,,,,,,,,,,,,,,,,,,,,,,,,,2.88,21.1,,1.4189,1.5985
2011-06-25,27.725997924804688,41.58000183105469,41.720001220703125,39.2400016784668,39.400001525878906,177104200.0,8.592004776000977,11.09000015258789,11.25,10.520000457763672,10.520000457763672,1010951800.0,31.659915924072266,42.880001068115234,43.060001373291016,39.43000030517578,39.439998626708984,173688900.0,19.104188919067383,28.670000076293945,28.75,27.18000030517578,27.190000534057617,164446000.0,9.672307968139648,12.696993827819824,12.721364974975586,11.974004745483398,11.974004745483398,401962863.0,1482.300048828125,1482.300048828125,1514.0,1480.0,1503.5,1178.0,5989.7998046875,5989.7998046875,5999.0,5679.60009765625,5697.7001953125,4635466000.0,,,,,
2011-07-01,,,,,,,,,,,,,,,,,,,,,,,,,,,,,,,,,,,,,,,,,,,3.22,15.87,,1.4508,1.607
2011-07-02,27.33277702331543,40.7400016784668,41.790000915527344,40.18000030517578,41.5099983215332,96902300.0,8.289848327636719,10.699999809265137,11.069999694824219,10.609999656677246,11.0600004196167,499171300.0,31.032316207885742,42.029998779296875,43.0,41.369998931884766,42.88999938964844,106754200.0,18.857646942138672,28.299999237060547,28.940000534057617,27.639999389648438,28.520000457763672,113758300.0,9.56710433959961,12.558895111083984,12.75385856628418,12.420796394348145,12.66450023651123,299725480.0,1541.199951171875,1541.199951171875,1542.5999755859375,1490.300048828125,1490.4000244140625,328.0,5990.60009765625,5990.60009765625,6084.10009765625,5973.7998046875,5989.7998046875,3553461600.0,,,,,
2011-07-08,,,,,,,,,,,,,,,,,,,,,,,,,,,,,,,,,,,,,,,,,,,3.03,15.95,,1.4251,1.603
2011-07-09,26.822906494140625,39.97999954223633,41.2400016784668,39.2400016784668,40.189998626708984,218029200.0,7.747525691986084,10.0,10.550000190734863,9.880000114440918,10.529999732971191,787197600.0,28.337400436401367,38.380001068115234,41.400001525878906,38.119998931884766,41.279998779296875,225910300.0,18.111324310302734,27.18000030517578,28.100000381469727,26.940000534057617,27.850000381469727,144098300.0,9.189620971679688,12.063363075256348,12.3964262008667,11.96588134765625,12.388301849365234,576581935.0,1589.800048828125,1589.800048828125,1592.800048828125,1542.0,1550.0,78.0,5843.7001953125,5843.7001953125,5998.60009765625,5793.0,5990.60009765625,4176628800.0,,,,,
2011-07-15,,,,,,,,,,,,,,,,,,,,,,,,,,,,,,,,,,,,,,,,,,,2.94,19.53,,1.4156,1.6149
2011-07-16,28.30559539794922,42.189998626708984,42.54999923706055,38.93000030517578,39.790000915527344,179229800.0,7.848243713378906,10.130000114440918,10.279999732971191,9.399999618530273,9.880000114440918,1176054500.0,29.7254638671875,40.2599983215332,40.5,36.91999816894531,38.20000076293945,191493700.0,19.41737937927246,29.139999389648438,29.6299991607666,26.3700008392334,27.030000686645508,230315700.0,9.48047161102295,12.44516658782959,12.518278121948242,11.76279354095459,11.998374938964844,639806341.0,1601.300048828125,1601.300048828125,1608.800048828125,1582.4000244140625,1592.800048828125,121.0,5935.0,5935.0,5966.7998046875,5752.7998046875,5843.7001953125,4586674900.0,,,,,
2011-07-22,,,,,,,,,,,,,,,,,,,,,,,,,,,,,,,,,,,,,,,,,,,2.99,17.52,,1.4366,1.6319
2011-07-23,27.138216018676758,40.45000076293945,41.90999984741211,39.900001525878906,41.52000045776367,140397600.0,7.522843360900879,9.710000038146973,10.09000015258789,9.600000381469727,9.970000267028809,704793100.0,28.3078556060791,38.34000015258789,40.09000015258789,37.63999938964844,39.689998626708984,132702800.0,18.617759704589844,27.940000534057617,29.270000457763672,27.780000686645508,28.860000610351562,155655900.0,9.158679962158203,12.022746086120605,12.404548645019531,11.884647369384766,12.32331371307373,521668132.0,1628.300048828125,1628.300048828125,1634.9000244140625,1602.800048828125,1610.0,309339.0,5815.2001953125,5815.2001953125,5951.2998046875,5772.39990234375,5935.0,3822545300.0,,,,,
2011-07-29,,,,,,,,,,,,,,,,,,,,,,,,,,,,,,,,,,,,,,,,,,,2.82,25.25,,1.4388,1.6455
2011-07-30,25.22612762451172,37.599998474121094,41.369998931884766,36.720001220703125,41.15999984741211,262707300.0,6.329725742340088,8.170000076293945,10.050000190734863,8.029999732971191,10.039999961853027,1361371400.0,24.69646453857422,33.439998626708984,39.380001068115234,31.809999465942383,39.34000015258789,267330800.0,16.798629760742188,25.209999084472656,28.440000534057617,24.90999984741211,28.3700008392334,210212000.0,8.310883522033691,10.909829139709473,12.209586143493652,10.69861888885498,12.209586143493652,833733896.0,1648.800048828125,1648.800048828125,1681.800048828125,1607.0,1623.0,10130.0,5247.0,5247.0,5913.5,5202.60009765625,5815.2001953125,6426802800.0,,,,,
2011-08-05,,,,,,,,,,,,,,,,,,,,,,,,,,,,,,,,,,,,,,,,,,,2.58,32.0,,1.4158,1.6362
2011-08-06,24.0922908782959,35.90999984741211,37.849998474121094,33.689998626708984,36.22999954223633,384268000.0,5.570467472076416,7.190000057220459,7.710000038146973,6.309999942779541,7.400000095367432,2315210700.0,22.045133590698242,29.850000381469727,32.90999984741211,26.25,31.549999237060547,489260500.0,16.150283813476562,24.1299991607666,25.540000915527344,22.579999923706055,24.700000762939453,421427900.0,7.908645153045654,10.381802558898926,10.820470809936523,9.78066635131836,10.552395820617676,1366236061.0,1740.199951171875,1740.199951171875,1813.5,1678.0999755859375,1679.0999755859375,7384.0,5320.0,5320.0,5320.0,4791.0,5247.0,7744852600.0,,,,,
2011-08-12,,,,,,,,,,,,,,,,,,,,,,,,,,,,,,,,,,,,,,,,,,,2.24,36.36,,1.4239,1.6284
2011-08-13,23.04568099975586,34.349998474121094,37.2599983215332,34.2599983215332,36.529998779296875,217317000.0,5.400022983551025,6.96999979019165,7.840000152587891,6.75,7.460000038146973,1328137300.0,19.770463943481445,26.770000457763672,31.31999969482422,26.75,30.59000015258789,265463000.0,15.634917259216309,23.360000610351562,25.229999542236328,23.020000457763672,24.559999465942383,215864600.0,7.506402969360352,9.853776931762695,10.722989082336426,9.82940673828125,10.511778831481934,750429295.0,1848.9000244140625,1848.9000244140625,1874.4000244140625,1730.5,1734.9000244140625,2681.0,5040.7998046875,5040.7998046875,5377.2001953125,4929.60009765625,5320.0,4813438700.0,,,,,
2011-08-19,,,,,,,,,,,,,,,,,,,,,,,,,,,,,,,,,,,,,,,,,,,2.07,43.05,,1.4408,1.6544
2011-08-20,24.29357147216797,36.209999084472656,38.56999969482422,32.310001373291016,35.119998931884766,239240900.0,6.012078285217285,7.760000228881836,8.800000190734863,6.010000228881836,7.199999809265137,2849157600.0,22.03774642944336,29.84000015258789,31.579999923706055,25.399999618530273,27.719999313354492,330430400.0,16.458152770996094,24.59000015258789,25.8799991607666,22.639999389648438,24.09000015258789,236063400.0,7.902455806732178,10.373680114746094,10.828595161437988,9.593826293945312,10.113728523254395,815730768.0,1794.0999755859375,1794.0999755859375,1909.300048828125,1707.300048828125,1868.5999755859375,3690.0,5129.89990234375,5129.89990234375,5254.2001953125,4993.2998046875,5040.7998046875,4836768500.0,,,,,
2011-08-26,,,,,,,,,,,,,,,,,,,,,,,,,,,,,,,,,,,,,,,,,,,2.19,35.59,,1.4463,1.6321
2011-08-27,23.23354148864746,34.630001068115234,38.029998779296875,34.5099983215332,36.81999969482422,165353300.0,5.616953372955322,7.25,8.40999984741211,7.170000076293945,8.100000381469727,1492442600.0,20.974262237548828,28.399999618530273,31.540000915527344,28.260000228881836,30.56999969482422,168434700.0,16.197132110595703,24.200000762939453,26.239999771118164,24.049999237060547,24.90999984741211,179026400.0,7.760123252868652,10.186840057373047,10.950447082519531,10.162469863891602,10.56052017211914,589012204.0,1873.699951171875,1873.699951171875,1884.199951171875,1783.0999755859375,1817.9000244140625,2467.0,5292.0,5292.0,5449.7001953125,5129.89990234375,5129.89990234375,3887719400.0,,,,,
2011-09-02,,,,,,,,,,,,,,,,,,,,,,,,,,,,,,,,,,,,,,,,,,,2.02,33.92,,1.4203,1.619
2011-09-03,21.522720336914062,32.08000183105469,34.97999954223633,31.93000030517578,33.11000061035156,205219800.0,5.4144368171691895,6.980000019073486,7.519999980926514,6.800000190734863,6.909999847412109,1000776000.0,19.748300552368164,26.739999771118164,29.200000762939453,26.600000381469727,27.040000915527344,164477000.0,15.7420072555542,23.520000457763672,25.020000457763672,23.270000457763672,23.40999984741211,156730600.0,7.568286418914795,9.935011863708496,10.503656387329102,9.821284294128418,9.82940673828125,543175180.0,1856.4000244140625,1856.4000244140625,1911.5999755859375,1792.800048828125,1886.300048828125,1336.0,5214.7001953125,5214.7001953125,5369.7998046875,5086.7998046875,5292.0,4544089000.0,,,,,
2011-09-09,,,,,,,,,,,,,,,,,,,,,,,,,,,,,,,,,,,,,,,,,,,1.93,38.52,,1.3666,1.587
2011-09-10,22.428436279296875,33.43000030517578,34.27000045776367,31.209999084472656,31.350000381469727,236489300.0,5.6083664894104,7.230000019073486,7.389999866485596,6.809999942779541,6.849999904632568,1191277100.0,21.409997940063477,28.989999771118164,29.280000686645508,26.049999237060547,26.25,203404600.0,16.699111938476562,24.950000762939453,25.40999984741211,23.0,23.09000015258789,190976200.0,7.989090919494629,10.487408638000488,10.593013763427734,9.74817180633545,9.764418601989746,616966860.0,1812.0999755859375,1812.0999755859375,1852.4000244140625,1768.5,1852.4000244140625,644.0,5368.39990234375,5368.39990234375,5406.10009765625,5059.2001953125,5214.7001953125,5599856000.0,,,,,
2011-09-16,,,,,,,,,,,,,,,,,,,,,,,,,,,,,,,,,,,,,,,,,,,2.08,30.98,,1.3783,1.5802
2011-09-17,19.8521671295166,29.59000015258789,32.88999938964844,28.530000686645508,32.689998626708984,262646000.0,4.894715785980225,6.309999942779541,7.070000171661377,6.0,7.059999942779541,1612033500.0,18.448486328125,24.979999542236328,28.079999923706055,23.190000534057617,28.06999969482422,289641100.0,15.855781555175781,23.690000534057617,25.170000076293945,22.700000762939453,24.34000015258789,245534900.0,7.256008625030518,9.488221168518066,10.341185569763184,9.21202278137207,10.268074989318848,741657681.0,1637.5,1637.5,1818.9000244140625,1636.300048828125,1814.699951171875,225.0,5066.7998046875,5066.7998046875,5377.39990234375,4928.10009765625,5368.39990234375,4406257100.0,,,,,
2011-09-23,,,,,,,,,,,,,,,,,,,,,,,,,,,,,,,,,,,,,,,,,,,1.84,41.25,,1.3518,1.5475
2011-09-24,20.207740783691406,30.1200008392334,33.130001068115234,29.959999084472656,30.059999465942383,249099600.0,4.747331619262695,6.119999885559082,6.849999904632568,6.110000133514404,6.480000019073486,1081680800.0,18.921152114868164,25.6200008392334,28.31999969482422,25.3700008392334,25.440000534057617,248535400.0,16.143587112426758,24.1200008392334,26.0,23.75,23.959999084472656,220083600.0,7.336769104003906,9.593826293945312,10.235581398010254,9.536961555480957,9.618197441101074,681541304.0,1620.4000244140625,1620.4000244140625,1665.4000244140625,1562.4000244140625,1646.4000244140625,28938.0,5128.5,5128.5,5314.2998046875,4974.0,5066.7998046875,4353174000.0,,,,,
2011-09-30,,,,,,,,,,,,,,,,,,,,,,,,,,,,,,,,,,,,,,,,,,,1.92,42.96,,1.3449,1.5624
2011-10-01,20.596874237060547,30.700000762939453,32.61000061035156,27.850000381469727,30.030000686645508,274454500.0,4.5766754150390625,5.900000095367432,6.329999923706055,5.130000114440918,6.079999923706055,1731106500.0,18.19000816345215,24.6299991607666,26.420000076293945,21.399999618530273,25.15999984741211,342678300.0,16.42469596862793,24.540000915527344,25.520000457763672,22.610000610351562,24.049999237060547,231017600.0,7.349193572998047,9.61007308959961,10.024370193481445,8.895207405090332,9.52071475982666,982944021.0,1634.5,1634.5,1678.0999755859375,1596.5999755859375,1627.800048828125,478.0,5303.39990234375,5303.39990234375,5370.89990234375,4868.60009765625,5128.5,4888290100.0,,,,,
2011-10-07,,,,,,,,,,,,,,,,,,,,,,,,,,,,,,,,,,,,,,,,,,,2.1,36.2,,1.3512,1.5628
2011-10-08,21.583576202392578,31.889999389648438,33.869998931884766,30.920000076293945,31.600000381469727,261678600.0,4.801630020141602,6.190000057220459,6.739999771118164,6.119999885559082,6.139999866485596,1148055300.0,20.974262237548828,28.399999618530273,29.969999313354492,25.40999984741211,25.440000534057617,327796300.0,17.85031509399414,26.670000076293945,27.540000915527344,25.229999542236328,25.290000915527344,208482300.0,7.827546119689941,10.235581398010254,10.52802562713623,9.837530136108398,9.845653533935547,688786970.0,1681.800048828125,1681.800048828125,1691.0,1645.5999755859375,1645.5999755859375,448.0,5466.39990234375,5466.39990234375,5501.39990234375,5303.39990234375,5303.39990234375,3650163300.0,,,,,
2011-10-14,,,,,,,,,,,,,,,,,,,,,,,,,,,,,,,,,,,,,,,,,,,2.26,28.24,,1.3861,1.5808
2011-10-15,22.619102478027344,33.41999816894531,34.040000915527344,30.969999313354492,31.639999389648438,245479500.0,5.011071681976318,6.460000038146973,6.860000133514404,6.03000020980835,6.179999828338623,1498508400.0,22.377470016479492,30.299999237060547,31.329999923706055,27.8799991607666,28.81999969482422,357430400.0,17.609363555908203,26.309999465942383,26.479999542236328,24.299999237060547,25.239999771118164,275102800.0,8.156797409057617,10.666125297546387,10.682372093200684,9.894394874572754,10.154346466064453,860617458.0,1635.0999755859375,1635.0999755859375,1693.5,1608.699951171875,1683.5999755859375,272.0,5488.7001953125,5488.7001953125,5543.7001953125,5348.60009765625,5466.39990234375,3725230800.0,,,,,
2011-10-21,,,,,,,,,,,,,,,,,,,,,,,,,,,,,,,,,,,,,,,,,,,2.23,31.32,,1.3873,1.5945
2011-10-22,24.83228874206543,36.689998626708984,37.540000915527344,33.36000061035156,33.61000061035156,237056700.0,5.701450824737549,7.349999904632568,7.429999828338623,6.440000057220459,6.590000152587891,1308194500.0,25.228206634521484,34.15999984741211,34.400001525878906,30.270000457763672,30.479999542236328,348191000.0,18.124723434448242,27.079999923706055,27.5,25.3799991607666,26.020000457763672,232676300.0,8.7283353805542,11.413484573364258,11.510967254638672,10.503656387329102,10.69861888885498,916464237.0,1746.199951171875,1746.199951171875,1752.0,1645.0,1646.199951171875,1455.0,5702.2001953125,5702.2001953125,5747.2998046875,5465.5,5488.7001953125,4611525400.0,,,,,
2011-10-28,,,,,,,,,,,,,,,,,,,,,,,,,,,,,,,,,,,,,,,,,,,2.34,24.53,,1.4164,1.613
2011-10-29,22.991357803344727,33.970001220703125,36.0,31.84000015258789,35.93000030517578,225751500.0,5.0343403816223145,6.489999771118164,7.159999847412109,6.320000171661377,7.090000152587891,1351467500.0,22.407014846801758,30.34000015258789,33.20000076293945,28.399999618530273,33.060001373291016,308657600.0,17.000293731689453,25.399999618530273,26.65999984741211,24.540000915527344,26.3700008392334,191526000.0,8.256197929382324,10.796100616455078,11.210397720336914,10.4224214553833,11.137287139892578,793414337.0,1755.300048828125,1755.300048828125,1766.0,1682.5,1741.9000244140625,939.0,5527.2001953125,5527.2001953125,5702.2001953125,5338.39990234375,5702.2001953125,5864233500.0,,,,,
2011-11-04,,,,,,,,,,,,,,,,,,,,,,,,,,,,,,,,,,,,,,,,,,,2.06,30.16,,1.3761,1.6026
2011-11-05,22.524356842041016,33.279998779296875,35.18000030517578,32.279998779296875,34.029998779296875,169520200.0,4.817143440246582,6.210000038146973,6.590000152587891,6.010000228881836,6.440000057220459,1211987000.0,21.668367385864258,29.329999923706055,31.549999237060547,28.219999313354492,30.34000015258789,236202100.0,17.251195907592773,25.649999618530273,26.6299991607666,24.829999923706055,25.399999618530273,170546100.0,8.225131034851074,10.75548267364502,11.088545799255371,10.4224214553833,10.763607025146484,675190082.0,1787.5,1787.5,1798.4000244140625,1754.800048828125,1755.300048828125,99.0,5545.39990234375,5545.39990234375,5616.0,5360.2001953125,5527.2001953125,4205558800.0,,,,,
2011-11-11,,,,,,,,,,,,,,,,,,,,,,,,,,,,,,,,,,,,,,,,,,,2.04,30.04,,1.36,1.5935
2011-11-12,20.724029541015625,30.6200008392334,33.11000061035156,30.329999923706055,32.95000076293945,193778600.0,4.483590126037598,5.78000020980835,6.239999771118164,5.75,6.159999847412109,1299133100.0,19.415090560913086,26.280000686645508,29.139999389648438,25.799999237060547,29.110000610351562,264709100.0,16.605539321899414,24.690000534057617,25.56999969482422,24.469999313354492,25.530000686645508,164838300.0,7.765420436859131,10.154346466064453,10.682372093200684,10.048741340637207,10.666125297546387,584130796.0,1724.699951171875,1724.699951171875,1783.0999755859375,1714.0,1779.0,175.0,5362.89990234375,5362.89990234375,5575.2001953125,5347.89990234375,5545.39990234375,4356108300.0,,,,,
2011-11-18,,,,,,,,,,,,,,,,,,,,,,,,,,,,,,,,,,,,,,,,,,,2.01,32.0,,1.3521,1.5783
2011-11-19,19.275651931762695,28.479999542236328,30.190000534057617,28.280000686645508,30.020000457763672,142016000.0,4.010408401489258,5.170000076293945,5.679999828338623,5.119999885559082,5.659999847412109,944020900.0,17.457324981689453,23.6299991607666,25.65999984741211,23.299999237060547,25.639999389648438,195958900.0,15.81191349029541,23.510000228881836,24.459999084472656,23.190000534057617,24.18000030517578,119980400.0,7.3181376457214355,9.569456100463867,9.983753204345703,9.528838157653809,9.959383010864258,342578068.0,1685.5,1685.5,1704.5999755859375,1674.4000244140625,1704.5999755859375,84.0,5164.7001953125,5164.7001953125,5362.89990234375,5075.2001953125,5362.89990234375,4466949500.0,,,,,
2011-11-25,,,,,,,,,,,,,,,,,,,,,,,,,,,,,,,,,,,,,,,,,,,1.97,34.47,,1.3244,1.5467
2011-11-26,21.88138198852539,32.33000183105469,33.27000045776367,28.479999542236328,29.709999084472656,275502200.0,4.374989986419678,5.639999866485596,5.880000114440918,5.03000020980835,5.5,1714184200.0,20.811382293701172,28.170000076293945,28.700000762939453,24.600000381469727,25.229999542236328,300730000.0,17.533666610717773,26.06999969482422,26.469999313354492,23.8799991607666,24.579999923706055,174185900.0,8.020127296447754,10.487408638000488,10.682372093200684,9.74817180633545,9.943136215209961,573496679.0,1747.0,1747.0,1762.9000244140625,1699.9000244140625,1710.800048828125,258191.0,5552.2998046875,5552.2998046875,5595.5,5164.7001953125,5164.7001953125,5262876500.0,,,,,
2011-12-02,,,,,,,,,,,,,,,,,,,,,,,,,,,,,,,,,,,,,,,,,,,2.05,27.52,,1.3386,1.5592
2011-12-03,22.456674575805664,33.18000030517578,34.189998626708984,32.08000183105469,33.63999938964844,222606800.0,4.445798397064209,5.71999979019165,5.949999809265137,5.53000020980835,5.860000133514404,1373150200.0,21.254640579223633,28.770000457763672,30.139999389648438,27.40999984741211,29.020000457763672,316564300.0,18.09862518310547,26.90999984741211,27.209999084472656,26.059999465942383,26.420000076293945,142967600.0,8.138162612915039,10.641755104064941,10.86921215057373,10.381802558898926,10.682372093200684,577681096.0,1712.800048828125,1712.800048828125,1752.5999755859375,1703.0,1748.9000244140625,3214.0,5529.2001953125,5529.2001953125,5631.89990234375,5440.89990234375,5552.2998046875,4438996100.0,,,,,
2011-12-09,,,,,,,,,,,,,,,,,,,,,,,,,,,,,,,,,,,,,,,,,,,2.07,26.38,,1.3368,1.5642
2011-12-10,21.583576202392578,31.889999389648438,32.630001068115234,30.829999923706055,32.54999923706055,212798600.0,4.041635513305664,5.199999809265137,5.599999904632568,5.159999847412109,5.590000152587891,1068944700.0,19.230396270751953,26.030000686645508,27.899999618530273,25.700000762939453,27.8700008392334,268705400.0,17.47313690185547,25.979999542236328,26.68000030517578,25.389999389648438,26.6299991607666,166557200.0,7.790270805358887,10.186840057373047,10.519903182983398,10.113728523254395,10.487408638000488,585704876.0,1595.5999755859375,1595.5999755859375,1708.199951171875,1565.5999755859375,1707.5,2704.0,5387.2998046875,5387.2998046875,5529.2001953125,5366.7998046875,5529.2001953125,4496270800.0,,,,,
2011-12-16,,,,,,,,,,,,,,,,,,,,,,,,,,,,,,,,,,,,,,,,,,,1.86,24.29,,1.3025,1.5514
2011-12-17,22.72063446044922,33.56999969482422,33.70000076293945,30.420000076293945,31.8700008392334,184874600.0,4.352531433105469,5.599999904632568,5.630000114440918,4.920000076293945,5.199999809265137,1281073500.0,20.2868595123291,27.459999084472656,27.940000534057617,24.399999618530273,26.049999237060547,285176500.0,18.690475463867188,27.790000915527344,27.969999313354492,25.18000030517578,26.139999389648438,161596000.0,8.221549987792969,10.682372093200684,10.69861888885498,9.9187650680542,10.211210250854492,424302804.0,1604.699951171875,1604.699951171875,1635.0,1589.699951171875,1596.4000244140625,1006.0,5512.7001953125,5512.7001953125,5516.60009765625,5328.7001953125,5387.2998046875,3031435400.0,,,,,
2011-12-23,,,,,,,,,,,,,,,,,,,,,,,,,,,,,,,,,,,,,,,,,,,2.03,20.73,,1.304,1.5615
2011-12-24,22.504051208496094,33.25,33.689998626708984,32.56999969482422,33.220001220703125,74123200.0,4.321441173553467,5.559999942779541,5.579999923706055,5.269999980926514,5.550000190734863,649219400.0,19.437255859375,26.309999465942383,27.760000228881836,26.020000457763672,27.09000015258789,108435700.0,18.535783767700195,27.559999465942383,27.889999389648438,27.079999923706055,27.709999084472656,67590200.0,8.127764701843262,10.56052017211914,10.73111343383789,10.44679069519043,10.641755104064941,166652164.0,1565.800048828125,1565.800048828125,1599.0,1525.0,1599.0,1970.0,5572.2998046875,5572.2998046875,5588.39990234375,5491.0,5512.7001953125,963699500.0,,,,,
2011-12-30,,,,,,,,,,,,,,,,,,,,,,,,,,,,,,,,,,,,,,,,,,,1.89,23.4,,1.2973,1.5537
2011-12-31,23.932125091552734,35.36000061035156,35.91999816894531,34.0099983215332,34.060001373291016,152216000.0,4.803326606750488,6.179999828338623,6.349999904632568,5.619999885559082,5.75,1337415000.0,21.092113494873047,28.549999237060547,29.18000030517578,27.1299991607666,27.1299991607666,214644700.0,19.463916778564453,28.940000534057617,29.579999923706055,27.940000534057617,27.940000534057617,148329000.0,8.377850532531738,10.885458946228027,11.00731086730957,10.658001899719238,10.78797721862793,347009791.0,1616.0999755859375,1616.0999755859375,1627.800048828125,1566.0,1568.9000244140625,783.0,5649.7001953125,5649.7001953125,5719.7998046875,5572.2998046875,5572.2998046875,2974764500.0,,,,,
2012-01-06,,,,,,,,,,,,,,,,,,,,,,,,,,,,,,,,,,,,,,,,,,,1.98,20.63,,1.2723,1.5431
2012-01-07,24.48614501953125,35.91999816894531,37.04999923706055,34.9900016784668,35.439998626708984,189819700.0,5.137539863586426,6.610000133514404,7.019999980926514,6.190000057220459,6.260000228881836,1648094100.0,22.710044860839844,30.739999771118164,32.09000015258789,28.649999618530273,28.719999313354492,279250800.0,19.914539337158203,29.610000610351562,29.940000534057617,28.850000381469727,29.149999618530273,158715900.0,8.64044189453125,11.226645469665527,11.372867584228516,10.86921215057373,10.92607593536377,425279725.0,1630.4000244140625,1630.4000244140625,1656.0999755859375,1607.5,1614.300048828125,572.0,5636.60009765625,5636.60009765625,5711.89990234375,5583.5,5649.7001953125,5244771100.0,,,,,
2012-01-13,,,,,,,,,,,,,,,,,,,,,,,,,,,,,,,,,,,,,,,,,,,1.89,20.91,,1.2682,1.5301
2012-01-14,25.4677677154541,37.36000061035156,37.400001525878906,34.5,34.849998474121094,182334100.0,5.495068073272705,7.070000171661377,7.289999961853027,6.440000057220459,6.630000114440918,1324333000.0,21.897384643554688,29.639999389648438,30.040000915527344,27.65999984741211,29.18000030517578,313652500.0,20.540021896362305,30.540000915527344,30.690000534057617,29.5,29.969999313354492,162844800.0,8.8405122756958,11.48659610748291,11.502842903137207,11.06417465209961,11.23476791381836,453698099.0,1663.699951171875,1663.699951171875,1664.4000244140625,1642.0999755859375,1643.699951171875,93.0,5728.60009765625,5728.60009765625,5749.7998046875,5609.89990234375,5636.60009765625,5416768600.0,,,,,
2012-01-20,,,,,,,,,,,,,,,,,,,,,,,,,,,,,,,,,,,,,,,,,,,2.05,18.28,,1.2948,1.554
2012-01-21,25.365522384643555,37.209999084472656,38.099998474121094,36.79999923706055,37.310001373291016,143722900.0,5.666062831878662,7.289999961853027,7.5,7.059999942779541,7.130000114440918,1314945400.0,22.80608558654785,30.8700008392334,30.950000762939453,28.899999618530273,29.579999923706055,203967700.0,19.907812118530273,29.600000381469727,31.040000915527344,28.770000457763672,30.540000915527344,183510100.0,8.834256172180176,11.478472709655762,11.649065971374512,11.356620788574219,11.494720458984375,491495830.0,1731.800048828125,1731.800048828125,1734.0999755859375,1664.199951171875,1676.9000244140625,175293.0,5733.5,5733.5,5806.2001953125,5694.10009765625,5728.60009765625,4317629600.0,,,,,
2012-01-27,,,,,,,,,,,,,,,,,,,,,,,,,,,,,,,,,,,,,,,,,,,1.93,18.53,,1.3192,1.5716
2012-01-28,26.09491729736328,38.279998779296875,38.5,36.36000061035156,36.65999984741211,163889500.0,6.093542575836182,7.840000152587891,7.889999866485596,7.019999980926514,7.130000114440918,1359408500.0,24.778615951538086,33.540000915527344,33.599998474121094,30.079999923706055,30.43000030517578,236766500.0,20.600549697875977,30.6299991607666,30.709999084472656,28.979999542236328,29.25,159732900.0,9.215638160705566,11.974004745483398,11.974004745483398,11.275385856628418,11.34849739074707,414702111.0,1737.9000244140625,1737.9000244140625,1761.300048828125,1715.699951171875,1737.199951171875,65599.0,5901.10009765625,5901.10009765625,5901.10009765625,5651.60009765625,5733.5,4905829000.0,,,,,
2012-02-03,,,,,,,,,,,,,,,,,,,,,,,,,,,,,,,,,,,,,,,,,,,1.97,17.1,,1.3106,1.5779
2012-02-04,25.63819122314453,37.61000061035156,38.68000030517578,37.11000061035156,38.060001373291016,118684000.0,6.272307872772217,8.069999694824219,8.350000381469727,7.769999980926514,7.789999961853027,1661077400.0,24.33566665649414,32.93000030517578,34.7400016784668,32.650001525878906,33.18000030517578,209252800.0,20.435657501220703,30.260000228881836,30.850000381469727,30.0,30.40999984741211,130157100.0,9.109352111816406,11.835906028747559,12.071487426757812,11.770917892456055,11.900894165039062,353033689.0,1723.300048828125,1723.300048828125,1751.5,1706.4000244140625,1728.0,2320.0,5852.39990234375,5852.39990234375,5916.2998046875,5839.89990234375,5901.10009765625,4345325600.0,,,,,
2012-02-10,,,,,,,,,,,,,,,,,,,,,,,,,,,,,,,,,,,,,,,,,,,1.96,20.79,,1.3187,1.5748
2012-02-11,26.224443435668945,38.470001220703125,38.63999938964844,37.04999923706055,38.08000183105469,128543700.0,6.2334465980529785,8.020000457763672,8.3100004196167,7.659999847412109,8.270000457763672,1758731800.0,24.32827377319336,32.91999816894531,33.59000015258789,31.06999969482422,33.470001220703125,241727200.0,20.996183395385742,31.09000015258789,31.1299991607666,29.950000762939453,30.600000381469727,134802700.0,9.246895790100098,12.01462173461914,12.030868530273438,11.689682960510254,11.96588134765625,422383183.0,1724.5,1724.5,1737.0,1707.0,1725.0,426.0,5905.10009765625,5905.10009765625,5923.7998046875,5829.39990234375,5852.39990234375,4128851900.0,,,,,
2012-02-17,,,,,,,,,,,,,,,,,,,,,,,,,,,,,,,,,,,,,,,,,,,2.01,17.78,,1.3149,1.5813
2012-02-18,26.09491729736328,38.279998779296875,38.970001220703125,37.75,38.650001525878906,95168900.0,6.124632358551025,7.880000114440918,8.199999809265137,7.880000114440918,8.029999732971191,869635500.0,23.90704345703125,32.349998474121094,33.529998779296875,32.08000183105469,32.970001220703125,145087000.0,20.381629943847656,30.18000030517578,31.469999313354492,30.020000457763672,31.139999389648438,103340100.0,9.171873092651367,11.91714096069336,12.079609870910645,11.811534881591797,12.022746086120605,297432866.0,1775.0999755859375,1775.0999755859375,1786.0,1733.5999755859375,1736.0999755859375,703.0,5935.10009765625,5935.10009765625,5964.0,5894.60009765625,5905.10009765625,4524333200.0,,,,,
2012-02-24,,,,,,,,,,,,,,,,,,,,,,,,,,,,,,,,,,,,,,,,,,,1.98,17.31,,1.3463,1.5869
2012-02-25,27.696889877319336,40.630001068115234,40.880001068115234,37.790000915527344,38.06999969482422,192393600.0,6.318941116333008,8.130000114440918,8.239999771118164,7.670000076293945,7.789999961853027,1100832100.0,25.200313568115234,34.099998474121094,34.47999954223633,31.93000030517578,32.04999923706055,197524500.0,21.12449836730957,31.280000686645508,31.899999618530273,29.989999771118164,30.049999237060547,150568000.0,9.296915054321289,12.079609870910645,12.160844802856445,11.76279354095459,11.811534881591797,396640018.0,1708.800048828125,1708.800048828125,1790.4000244140625,1669.0,1773.5999755859375,1855.0,5911.10009765625,5911.10009765625,5944.7998046875,5858.89990234375,5935.10009765625,4609808800.0,,,,,
2012-03-02,,,,,,,,,,,,,,,,,,,,,,,,,,,,,,,,,,,,,,,,,,,1.99,17.29,,1.3202,1.5852
2012-03-03,27.969552993774414,41.029998779296875,41.439998626708984,39.119998931884766,40.70000076293945,143156000.0,6.2644782066345215,8.050000190734863,8.1899995803833,7.659999847412109,8.09000015258789,1143094800.0,25.274215698242188,34.20000076293945,34.88999938964844,31.770000457763672,33.939998626708984,195858900.0,21.381122589111328,31.65999984741211,31.899999618530273,29.989999771118164,31.149999618530273,127799800.0,9.309418678283691,12.095856666564941,12.160844802856445,11.697807312011719,12.04711627960205,437285052.0,1710.9000244140625,1710.9000244140625,1710.9000244140625,1666.0,1705.5,1010.0,5887.5,5887.5,5911.10009765625,5755.7001953125,5911.10009765625,4406148400.0,,,,,
2012-03-09,,,,,,,,,,,,,,,,,,,,,,,,,,,,,,,,,,,,,,,,,,,2.04,17.11,,1.3108,1.5677
2012-03-10,30.38273811340332,44.56999969482422,44.91999816894531,40.20000076293945,40.86000061035156,282032300.0,7.626319408416748,9.800000190734863,9.800000190734863,7.909999847412109,8.010000228881836,2111247100.0,27.11435317993164,36.689998626708984,36.79999923706055,33.540000915527344,33.91999816894531,351025200.0,22.887121200561523,33.88999938964844,34.130001068115234,31.079999923706055,31.600000381469727,224182000.0,9.82834529876709,12.770106315612793,12.802599906921387,11.974004745483398,12.095856666564941,721455371.0,1655.5,1655.5,1708.0999755859375,1637.4000244140625,1708.0999755859375,1068.0,5965.60009765625,5965.60009765625,5989.10009765625,5860.39990234375,5887.5,5592424400.0,,,,,
2012-03-16,,,,,,,,,,,,,,,,,,,,,,,,,,,,,,,,,,,,,,,,,,,2.31,14.47,,1.3171,1.5845
2012-03-17,30.78492546081543,45.15999984741211,45.66999816894531,44.209999084472656,44.439998626708984,161669900.0,7.665233612060547,9.850000381469727,10.100000381469727,9.399999618530273,9.779999732971191,1994899000.0,27.43950653076172,37.130001068115234,38.400001525878906,36.540000915527344,36.779998779296875,262304600.0,22.644001007080078,33.529998779296875,34.59000015258789,33.22999954223633,33.7400016784668,155698100.0,9.866000175476074,12.778228759765625,12.973193168640137,12.56701946258545,12.770106315612793,562643198.0,1662.300048828125,1662.300048828125,1668.0,1633.800048828125,1661.199951171875,1655.0,5854.89990234375,5854.89990234375,5968.89990234375,5801.7001953125,5965.60009765625,4568494500.0,,,,,
2012-03-23,,,,,,,,,,,,,,,,,,,,,,,,,,,,,,,,,,,,,,,,,,,2.25,14.82,,1.3263,1.5864
2012-03-24,31.343894958496094,45.97999954223633,46.4900016784668,45.27000045776367,45.47999954223633,154519700.0,7.447335720062256,9.569999694824219,10.039999961853027,9.350000381469727,10.010000228881836,1229557100.0,27.01089096069336,36.54999923706055,37.720001220703125,35.93000030517578,37.599998474121094,151997600.0,23.12393569946289,34.13999938964844,34.470001220703125,33.540000915527344,33.90999984741211,139918300.0,9.909900665283203,12.835092544555664,13.005685806274414,12.648253440856934,12.900080680847168,529548503.0,1669.300048828125,1669.300048828125,1692.9000244140625,1644.300048828125,1665.0,250458.0,5768.5,5768.5,5941.89990234375,5726.5,5854.89990234375,4985996500.0,,,,,
2012-03-30,,,,,,,,,,,,,,,,,,,,,,,,,,,,,,,,,,,,,,,,,,,2.23,15.5,,1.3334,1.5985
2012-03-31,30.22594451904297,44.34000015258789,46.349998474121094,43.810001373291016,45.75,128880900.0,7.182749271392822,9.229999542236328,9.779999732971191,9.109999656677246,9.539999961853027,779111100.0,25.71022605895996,34.790000915527344,37.13999938964844,34.529998779296875,36.400001525878906,131788700.0,22.84623146057129,33.72999954223633,34.59000015258789,33.619998931884766,33.83000183105469,96833800.0,9.746827125549316,12.623883247375488,12.989439010620117,12.56701946258545,12.778228759765625,415113264.0,1628.5,1628.5,1682.800048828125,1612.300048828125,1670.4000244140625,5107.0,5723.7001953125,5723.7001953125,5890.2001953125,5663.2998046875,5768.5,3862567700.0,,,,,
2012-04-06,,,,,,,,,,,,,,,,,,,,,,,,,,,,,,,,,,,,,,,,,,,2.07,16.7,,1.3089,1.5877
2012-04-07,29.64847183227539,43.209999084472656,44.9900016784668,42.65999984741211,43.189998626708984,192174600.0,6.754741668701172,8.680000305175781,9.180000305175781,8.5,9.039999961853027,1347545800.0,24.690385818481445,33.40999984741211,34.869998931884766,32.70000076293945,34.0,201635300.0,22.24340057373047,32.84000015258789,34.15999984741211,32.79999923706055,33.060001373291016,160641500.0,9.489676475524902,12.290820121765137,12.599513053894043,12.144598007202148,12.380179405212402,567858945.0,1659.0999755859375,1659.0999755859375,1680.0999755859375,1636.199951171875,1645.300048828125,2463.0,5651.7998046875,5651.7998046875,5727.89990234375,5576.39990234375,5723.7001953125,4086694300.0,,,,,
2012-04-13,,,,,,,,,,,,,,,,,,,,,,,,,,,,,,,,,,,,,,,,,,,2.02,19.55,,1.3082,1.5851
2012-04-14,29.312244415283203,42.720001220703125,44.0,42.709999084472656,43.380001068115234,139657400.0,6.505716323852539,8.359999656677246,9.170000076293945,8.329999923706055,8.869999885559082,1197542800.0,25.04511260986328,33.88999938964844,35.9900016784668,33.7599983215332,34.16999816894531,231150400.0,22.351770401000977,33.0,33.779998779296875,32.66999816894531,33.18000030517578,122439300.0,9.527304649353027,12.339561462402344,12.591388702392578,12.274574279785156,12.404548645019531,485506400.0,1642.0999755859375,1642.0999755859375,1656.800048828125,1632.0,1650.800048828125,1190.0,5772.2001953125,5772.2001953125,5792.10009765625,5641.10009765625,5651.7998046875,4638548100.0,,,,,
2012-04-20,,,,,,,,,,,,,,,,,,,,,,,,,,,,,,,,,,,,,,,,,,,1.99,17.44,,1.3212,1.6123
2012-04-21,29.737648010253906,43.34000015258789,43.9900016784668,41.79999923706055,41.91999816894531,132993900.0,6.4201178550720215,8.25,8.399999618530273,7.949999809265137,8.020000457763672,865954600.0,24.75690460205078,33.5,34.13999938964844,32.459999084472656,32.84000015258789,160209200.0,22.87331199645996,33.77000045776367,33.97999954223633,32.43000030517578,32.650001525878906,110974500.0,9.734284400939941,12.607636451721191,12.66450023651123,12.120226860046387,12.144598007202148,376760846.0,1664.0,1664.0,1666.9000244140625,1625.0999755859375,1642.4000244140625,947.0,5777.10009765625,5777.10009765625,5789.0,5637.7001953125,5772.2001953125,4136423700.0,,,,,
2012-04-27,,,,,,,,,,,,,,,,,,,,,,,,,,,,,,,,,,,,,,,,,,,1.96,16.32,,1.3248,1.6239
2012-04-28,28.646677017211914,41.75,44.2400016784668,41.709999084472656,43.33000183105469,123156200.0,6.0232367515563965,7.739999771118164,8.399999618530273,7.699999809265137,8.220000267028809,851026300.0,23.352779388427734,31.600000381469727,33.90999984741211,31.56999969482422,33.349998474121094,160693300.0,22.37209701538086,33.029998779296875,34.29999923706055,32.7599983215332,33.75,111290300.0,9.470855712890625,12.266449928283691,12.761981964111328,12.217708587646484,12.558895111083984,443857854.0,1644.699951171875,1644.699951171875,1670.5,1629.4000244140625,1663.0,257.0,5655.10009765625,5655.10009765625,5819.89990234375,5639.7998046875,5777.10009765625,4202651500.0,,,,,
2012-05-04,,,,,,,,,,,,,,,,,,,,,,,,,,,,,,,,,,,,,,,,,,,1.91,19.16,,1.3091,1.6148
2012-05-05,25.360023498535156,36.959999084472656,42.400001525878906,36.619998931884766,41.43000030517578,345851000.0,5.875380516052246,7.550000190734863,8.0,7.409999847412109,7.710000038146973,925353700.0,21.69664192199707,29.350000381469727,31.979999542236328,29.1200008392334,31.139999389648438,208637100.0,22.708293914794922,33.310001373291016,33.650001525878906,32.459999084472656,32.790000915527344,144119800.0,9.28896427154541,12.030868530273438,12.380179405212402,11.892769813537598,12.18521499633789,521898084.0,1583.5999755859375,1583.5999755859375,1640.0,1583.5999755859375,1637.9000244140625,217.0,5575.5,5575.5,5668.10009765625,5464.39990234375,5655.10009765625,3679418200.0,,,,,
2012-05-11,,,,,,,,,,,,,,,,,,,,,,,,,,,,,,,,,,,,,,,,,,,1.84,19.89,,1.2937,1.608
2012-05-12,22.979089736938477,33.4900016784668,37.27000045776367,32.970001220703125,36.099998474121094,433201100.0,5.462939262390137,7.019999980926514,7.550000190734863,6.889999866485596,7.369999885559082,1053449600.0,19.227584838867188,26.010000228881836,29.170000076293945,25.829999923706055,28.889999389648438,295965000.0,21.092607498168945,30.940000534057617,32.95000076293945,30.649999618530273,32.880001068115234,186256600.0,8.636667251586914,11.186027526855469,11.91714096069336,11.14540958404541,11.860276222229004,719640508.0,1591.5999755859375,1591.5999755859375,1591.5999755859375,1528.5,1563.0,136.0,5267.60009765625,5267.60009765625,5575.7001953125,5256.60009765625,5575.5,4906879300.0,,,,,
2012-05-18,,,,,,,,,,,,,,,,,,,,,,,,,,,,,,,,,,,,,,,,,,,1.71,25.1,,1.2721,1.5788
2012-05-19,22.98594856262207,33.5,34.58000183105469,32.2599983215332,33.52000045776367,303428900.0,5.564100742340088,7.150000095367432,7.329999923706055,6.71999979019165,7.03000020980835,960676500.0,19.56763458251953,26.469999313354492,27.700000762939453,25.75,26.200000762939453,213273500.0,21.719797134399414,31.860000610351562,32.45000076293945,30.520000457763672,30.93000030517578,134367400.0,8.793473243713379,11.389115333557129,11.567831039428711,11.129162788391113,11.23476791381836,516272906.0,1568.800048828125,1568.800048828125,1594.0999755859375,1534.4000244140625,1591.9000244140625,95.0,5351.5,5351.5,5408.7001953125,5253.89990234375,5267.60009765625,4315651500.0,,,,,
2012-05-25,,,,,,,,,,,,,,,,,,,,,,,,,,,,,,,,,,,,,,,,,,,1.75,21.76,,1.2518,1.5648
2012-05-26,21.908700942993164,31.93000030517578,34.0,31.770000457763672,33.97999954223633,162655900.0,5.462939262390137,7.019999980926514,7.449999809265137,6.940000057220459,7.28000020980835,810800000.0,18.76926040649414,25.389999389648438,27.06999969482422,25.25,26.84000015258789,139405600.0,20.560867309570312,30.15999984741211,32.36000061035156,30.0,32.099998474121094,131279100.0,8.461047172546387,10.958569526672363,11.559707641601562,10.950447082519531,11.502842903137207,429543047.0,1620.5,1620.5,1630.0,1530.4000244140625,1574.699951171875,347658.0,5260.2001953125,5260.2001953125,5413.7998046875,5229.7998046875,5351.5,4558367000.0,,,,,
2012-06-01,,,,,,,,,,,,,,,,,,,,,,,,,,,,,,,,,,,,,,,,,,,1.47,26.66,,1.242,1.5383
2012-06-02,23.109455108642578,33.68000030517578,33.83000183105469,30.829999923706055,32.15999984741211,243102700.0,5.891079425811768,7.559999942779541,7.900000095367432,6.849999904632568,7.099999904632568,1178746500.0,20.52863883972168,27.770000457763672,27.950000762939453,24.610000610351562,25.459999084472656,203101300.0,21.426652908325195,31.43000030517578,31.579999923706055,29.799999237060547,30.399999618530273,163979800.0,8.86873722076416,11.48659610748291,11.567831039428711,10.804224014282227,11.00731086730957,529832864.0,1590.0999755859375,1590.0999755859375,1639.699951171875,1566.5,1623.0,4514.0,5435.10009765625,5435.10009765625,5494.5,5260.2001953125,5260.2001953125,3044875300.0,,,,,
2012-06-08,,,,,,,,,,,,,,,,,,,,,,,,,,,,,,,,,,,,,,,,,,,1.65,21.23,,1.2482,1.5433
2012-06-09,24.03575897216797,35.029998779296875,35.06999969482422,32.5099983215332,34.369998931884766,247541000.0,6.156022548675537,7.900000095367432,7.900000095367432,7.21999979019165,7.71999979019165,884501000.0,20.927831649780273,28.309999465942383,28.5,26.420000076293945,28.43000030517578,253712100.0,22.122020721435547,32.45000076293945,32.54999923706055,30.34000015258789,31.649999618530273,159898200.0,8.994175910949707,11.649065971374512,11.65718936920166,11.202275276184082,11.632819175720215,582586506.0,1627.0,1627.0,1630.0,1583.0,1608.0,2815.0,5478.7998046875,5478.7998046875,5536.2998046875,5414.60009765625,5435.10009765625,5964997600.0,,,,,
2012-06-15,,,,,,,,,,,,,,,,,,,,,,,,,,,,,,,,,,,,,,,,,,,1.6,21.11,,1.2633,1.5654
2012-06-16,24.6944637298584,35.9900016784668,37.029998779296875,34.5,34.709999084472656,264553600.0,6.187191486358643,7.940000057220459,8.220000267028809,7.730000019073486,7.769999980926514,972051100.0,20.691272735595703,27.989999771118164,29.309999465942383,27.5,27.979999542236328,192913300.0,22.367433547973633,32.810001373291016,33.220001220703125,32.20000076293945,32.33000183105469,147838900.0,9.037423133850098,11.649065971374512,11.884647369384766,11.519089698791504,11.575955390930176,415793886.0,1566.0,1566.0,1630.699951171875,1560.0,1622.5999755859375,463.0,5513.7001953125,5513.7001953125,5623.89990234375,5461.10009765625,5478.7998046875,4062928600.0,,,,,
2012-06-22,,,,,,,,,,,,,,,,,,,,,,,,,,,,,,,,,,,,,,,,,,,1.69,18.11,,1.2545,1.5582
2012-06-23,24.51605796813965,35.72999954223633,36.81999969482422,34.63999938964844,35.2599983215332,228294200.0,6.374210834503174,8.180000305175781,8.199999809265137,7.480000019073486,7.739999771118164,784914300.0,20.26251983642578,27.40999984741211,27.59000015258789,25.6299991607666,27.260000228881836,230054000.0,22.79691505432129,33.439998626708984,33.439998626708984,31.90999984741211,32.459999084472656,116285100.0,9.226490020751953,11.892769813537598,11.900894165039062,11.34849739074707,11.478472709655762,360251289.0,1603.5,1603.5,1603.5,1548.4000244140625,1574.9000244140625,550.0,5571.2001953125,5571.2001953125,5619.7001953125,5435.5,5513.7001953125,4115852600.0,,,,,
2012-06-29,,,,,,,,,,,,,,,,,,,,,,,,,,,,,,,,,,,,,,,,,,,1.67,17.08,,1.2668,1.5686
2012-06-30,23.26041030883789,33.900001525878906,36.36000061035156,33.72999954223633,36.27000045776367,151557800.0,5.969003677368164,7.659999847412109,8.210000038146973,7.650000095367432,8.199999809265137,447384900.0,19.486312866210938,26.360000610351562,27.93000030517578,26.100000381469727,27.469999313354492,104326300.0,22.531051635742188,33.04999923706055,33.72999954223633,32.619998931884766,33.66999816894531,73071400.0,9.119352340698242,11.754671096801758,12.063363075256348,11.689682960510254,11.949633598327637,224529107.0,1578.4000244140625,1578.4000244140625,1624.0,1578.4000244140625,1597.0999755859375,121.0,5662.60009765625,5662.60009765625,5727.5,5571.2001953125,5571.2001953125,3307244500.0,,,,,
2012-07-06,,,,,,,,,,,,,,,,,,,,,,,,,,,,,,,,,,,,,,,,,,,1.57,17.1,,1.2283,1.548
2012-07-07,24.95571517944336,36.06999969482422,36.20000076293945,33.540000915527344,33.810001373291016,221167300.0,6.093683242797852,7.820000171661377,7.829999923706055,7.400000095367432,7.630000114440918,602247500.0,19.700695037841797,26.649999618530273,26.969999313354492,25.149999618530273,26.209999084472656,179002100.0,23.11733055114746,33.90999984741211,33.959999084472656,32.63999938964844,33.040000915527344,134358800.0,9.270607948303223,11.949633598327637,11.96588134765625,11.575955390930176,11.722176551818848,385864090.0,1591.5999755859375,1591.5999755859375,1599.800048828125,1557.199951171875,1582.0999755859375,99.0,5666.10009765625,5666.10009765625,5688.7001953125,5588.7998046875,5662.60009765625,3173309400.0,,,,,
2012-07-13,,,,,,,,,,,,,,,,,,,,,,,,,,,,,,,,,,,,,,,,,,,1.52,16.74,,1.2232,1.555
2012-07-14,23.45435905456543,33.900001525878906,35.849998474121094,33.900001525878906,35.7599983215332,195997400.0,5.509249687194824,7.070000171661377,7.960000038146973,7.059999942779541,7.929999828338623,912470000.0,19.124088287353516,25.8700008392334,27.530000686645508,25.850000381469727,27.450000762939453,196136700.0,23.04916000366211,33.810001373291016,34.349998474121094,33.599998474121094,33.91999816894531,122332300.0,9.062633514404297,11.681559562683105,12.006499290466309,11.665312767028809,11.957757949829102,337671056.0,1582.5,1582.5,1596.0,1569.9000244140625,1586.199951171875,129.0,5651.7998046875,5651.7998046875,5718.60009765625,5621.2001953125,5666.10009765625,3515325200.0,,,,,
2012-07-20,,,,,,,,,,,,,,,,,,,,,,,,,,,,,,,,,,,,,,,,,,,1.49,16.27,,1.2176,1.563
2012-07-21,25.523040771484375,36.88999938964844,37.20000076293945,33.099998474121094,33.2400016784668,195833100.0,5.696269989013672,7.309999942779541,7.400000095367432,6.900000095367432,6.940000057220459,691498400.0,20.18120765686035,27.299999237060547,27.600000381469727,24.90999984741211,25.100000381469727,193938200.0,23.28094482421875,34.150001525878906,34.380001068115234,32.95000076293945,33.220001220703125,125928300.0,9.302119255065918,11.990251541137695,12.063363075256348,11.445979118347168,11.462225914001465,338438585.0,1617.9000244140625,1617.9000244140625,1617.9000244140625,1569.800048828125,1571.699951171875,198008.0,5627.2001953125,5627.2001953125,5651.7998046875,5478.0,5651.7998046875,3414672800.0,,,,,
2012-07-27,,,,,,,,,,,,,,,,,,,,,,,,,,,,,,,,,,,,,,,,,,,1.58,16.7,,1.237,1.5728
2012-07-28,24.969547271728516,36.09000015258789,36.52000045776367,34.7599983215332,36.5,133751300.0,5.789777755737305,7.429999828338623,7.489999771118164,7.099999904632568,7.28000020980835,501063600.0,20.255115509033203,27.399999618530273,27.68000030517578,26.0,27.25,161189400.0,23.41047477722168,34.34000015258789,34.79999923706055,32.84000015258789,34.150001525878906,136135300.0,9.339932441711426,12.038992881774902,12.103981018066406,11.649065971374512,11.96588134765625,379298059.0,1606.0,1606.0,1627.5,1583.0999755859375,1622.9000244140625,64310.0,5787.2998046875,5787.2998046875,5794.0,5625.7001953125,5627.2001953125,3402376400.0,,,,,
2012-08-03,,,,,,,,,,,,,,,,,,,,,,,,,,,,,,,,,,,,,,,,,,,1.6,15.64,,1.239,1.565
2012-08-04,25.578393936157227,36.970001220703125,37.869998931884766,36.11000061035156,36.2400016784668,113776800.0,6.03134298324585,7.739999771118164,7.849999904632568,7.440000057220459,7.449999809265137,415703000.0,21.371965408325195,28.899999618530273,29.389999389648438,27.40999984741211,27.579999923706055,143898200.0,23.062793731689453,33.83000183105469,34.560001373291016,33.47999954223633,34.45000076293945,70672400.0,9.415558815002441,12.136473655700684,12.233956336975098,12.0552396774292,12.112104415893555,181439429.0,1619.699951171875,1619.699951171875,1624.0999755859375,1603.0,1604.699951171875,3104.0,5847.10009765625,5847.10009765625,5860.2001953125,5767.10009765625,5787.2998046875,3189622200.0,,,,,
2012-08-10,,,,,,,,,,,,,,,,,,,,,,,,,,,,,,,,,,,,,,,,,,,1.65,14.74,,1.2298,1.5679
2012-08-11,25.585311889648438,36.97999954223633,37.63999938964844,36.650001525878906,36.869998931884766,83013800.0,6.233946800231934,8.0,8.119999885559082,7.679999828338623,7.71999979019165,453033300.0,21.468107223510742,29.030000686645508,29.190000534057617,28.309999465942383,28.84000015258789,117194300.0,23.35040855407715,34.029998779296875,34.29999923706055,33.59000015258789,33.65999984741211,74879700.0,9.535303115844727,12.290820121765137,12.298944473266602,12.063363075256348,12.112104415893555,142984959.0,1616.300048828125,1616.300048828125,1623.699951171875,1591.199951171875,1622.0,2040.0,5852.39990234375,5852.39990234375,5876.2001953125,5811.2998046875,5847.10009765625,2917320300.0,,,,,
2012-08-17,,,,,,,,,,,,,,,,,,,,,,,,,,,,,,,,,,,,,,,,,,,1.81,13.45,,1.2315,1.5697
2012-08-18,25.716760635375977,37.16999816894531,38.86000061035156,36.66999816894531,36.91999816894531,108150900.0,6.358625888824463,8.15999984741211,8.399999618530273,7.980000019073486,7.980000019073486,619119800.0,22.05970573425293,29.829999923706055,31.1200008392334,28.860000610351562,28.959999084472656,188313300.0,23.357276916503906,34.040000915527344,34.7599983215332,33.7599983215332,34.029998779296875,96509000.0,9.535303115844727,12.290820121765137,12.49390697479248,12.160844802856445,12.282696723937988,224477528.0,1669.800048828125,1669.800048828125,1672.699951171875,1611.5999755859375,1614.0,528.0,5776.60009765625,5776.60009765625,5872.60009765625,5739.39990234375,5852.39990234375,2853747800.0,,,,,
2012-08-24,,,,,,,,,,,,,,,,,,,,,,,,,,,,,,,,,,,,,,,,,,,1.68,15.18,,1.2533,1.5815
2012-08-25,25.69600486755371,37.13999938964844,37.4900016784668,36.709999084472656,37.310001373291016,79822900.0,6.22615385055542,7.989999771118164,8.199999809265137,7.829999923706055,8.199999809265137,482964000.0,21.97096061706543,29.709999084472656,30.190000534057617,29.200000762939453,29.899999618530273,119130300.0,23.35040855407715,34.029998779296875,34.279998779296875,33.810001373291016,34.09000015258789,74433800.0,9.554211616516113,12.315191268920898,12.347684860229492,12.160844802856445,12.331438064575195,169680302.0,1684.5999755859375,1684.5999755859375,1690.0,1646.199951171875,1674.9000244140625,972.0,5711.5,5711.5,5779.5,5705.7001953125,5776.60009765625,2378807000.0,,,,,
2012-08-31,,,,,,,,,,,,,,,,,,,,,,,,,,,,,,,,,,,,,,,,,,,1.57,17.47,,1.2578,1.5864
2012-09-01,27.19044303894043,39.29999923706055,39.529998779296875,36.779998779296875,36.97999954223633,96598100.0,6.857341766357422,8.800000190734863,8.800000190734863,7.929999828338623,8.0,570644600.0,23.716222763061523,32.06999969482422,32.45000076293945,29.530000686645508,29.530000686645508,152855900.0,24.01599884033203,35.0,35.189998626708984,33.72999954223633,34.040000915527344,89755700.0,9.881925582885742,12.737611770629883,12.761981964111328,12.242079734802246,12.290820121765137,191292477.0,1737.5,1737.5,1738.199951171875,1687.699951171875,1689.0999755859375,273.0,5794.7998046875,5794.7998046875,5807.60009765625,5634.89990234375,5711.5,4129383300.0,,,,,
2012-09-07,,,,,,,,,,,,,,,,,,,,,,,,,,,,,,,,,,,,,,,,,,,1.67,14.38,,1.2796,1.6016
2012-09-08,28.760995864868164,41.56999969482422,42.09000015258789,38.72999954223633,39.22999954223633,163604800.0,7.45108699798584,9.550000190734863,9.789999961853027,8.529999732971191,8.84000015258789,1256222100.0,25.727703094482422,34.790000915527344,35.25,31.31999969482422,32.130001068115234,233082600.0,24.791372299194336,36.130001068115234,36.599998474121094,34.099998474121094,34.869998931884766,143255400.0,10.26006031036377,13.225020408630371,13.354995727539062,12.607636451721191,12.721364974975586,508891092.0,1769.800048828125,1769.800048828125,1774.5,1727.199951171875,1733.0999755859375,89.0,5915.60009765625,5915.60009765625,5932.60009765625,5757.60009765625,5794.7998046875,4880279500.0,,,,,
2012-09-14,,,,,,,,,,,,,,,,,,,,,,,,,,,,,,,,,,,,,,,,,,,1.88,14.51,,1.3142,1.6244
2012-09-15,28.283597946166992,40.880001068115234,41.7599983215332,40.54999923706055,41.0,117098700.0,7.107789993286133,9.109999656677246,9.489999771118164,9.079999923706055,9.390000343322754,685492600.0,24.89944839477539,33.66999816894531,34.720001220703125,33.2599983215332,34.470001220703125,175747600.0,23.995407104492188,34.970001220703125,35.9900016784668,34.79999923706055,35.66999816894531,174009500.0,9.976460456848145,12.859463691711426,13.225020408630371,12.843216896057129,13.176279067993164,346070538.0,1775.5,1775.5,1785.300048828125,1753.800048828125,1774.800048828125,121.0,5852.60009765625,5852.60009765625,5915.7001953125,5824.39990234375,5915.60009765625,4057391800.0,,,,,
2012-09-21,,,,,,,,,,,,,,,,,,,,,,,,,,,,,,,,,,,,,,,,,,,1.77,13.98,,1.299,1.6251
2012-09-22,28.006858825683594,40.47999954223633,41.54999923706055,39.70000076293945,40.61000061035156,108494500.0,6.8893303871154785,8.829999923706055,9.210000038146973,8.699999809265137,8.989999771118164,656712800.0,24.1969051361084,32.720001220703125,33.900001525878906,31.8799991607666,33.27000045776367,172775100.0,23.69348907470703,34.529998779296875,35.619998931884766,34.290000915527344,34.77000045776367,121796700.0,9.866029739379883,12.66450023651123,12.940698623657227,12.550771713256836,12.770106315612793,313771682.0,1771.0999755859375,1771.0999755859375,1782.199951171875,1743.0,1762.0999755859375,25074.0,5742.10009765625,5742.10009765625,5869.2001953125,5740.5,5852.60009765625,3450462700.0,,,,,
2012-09-28,,,,,,,,,,,,,,,,,,,,,,,,,,,,,,,,,,,,,,,,,,,1.65,15.73,,1.2856,1.6132
2012-09-29,28.85785484313965,41.709999084472656,42.439998626708984,40.41999816894531,40.880001068115234,118422500.0,7.271639347076416,9.319999694824219,9.649999618530273,8.850000381469727,8.869999885559082,723208300.0,25.712913513183594,34.77000045776367,35.7400016784668,32.70000076293945,33.0,175111400.0,24.592378616333008,35.84000015258789,36.34000015258789,34.540000915527344,34.779998779296875,125160400.0,10.163467407226562,13.046303749084473,13.184403419494629,12.688871383666992,12.75385856628418,360107630.0,1778.5999755859375,1778.5999755859375,1794.800048828125,1763.300048828125,1766.0,1500.0,5871.0,5871.0,5885.60009765625,5738.60009765625,5742.10009765625,3701623000.0,,,,,
2012-10-05,,,,,,,,,,,,,,,,,,,,,,,,,,,,,,,,,,,,,,,,,,,1.75,14.33,,1.3059,1.6196
2012-10-06,29.008251190185547,41.619998931884766,42.63999938964844,41.11000061035156,41.33000183105469,136695400.0,7.115591526031494,9.119999885559082,9.420000076293945,9.039999961853027,9.15999984741211,627109500.0,25.698118209838867,34.75,36.15999984741211,34.22999954223633,34.22999954223633,165814200.0,23.501367568969727,34.25,35.95000076293945,33.650001525878906,35.689998626708984,160386000.0,10.005254745483398,12.843216896057129,13.103167533874512,12.802599906921387,12.981315612792969,370064697.0,1758.0,1758.0,1778.0,1753.5999755859375,1778.0,200.0,5793.2998046875,5793.2998046875,5871.0,5766.7001953125,5871.0,3329752500.0,,,,,
2012-10-12,,,,,,,,,,,,,,,,,,,,,,,,,,,,,,,,,,,,,,,,,,,1.69,16.14,,1.2946,1.6075
2012-10-13,29.496137619018555,42.31999969482422,43.540000915527344,41.72999954223633,41.90999984741211,134411500.0,7.365263938903809,9.4399995803833,9.600000381469727,9.15999984741211,9.239999771118164,876045900.0,27.4803466796875,37.15999984741211,38.720001220703125,35.20000076293945,35.400001525878906,376680400.0,23.563121795654297,34.34000015258789,34.84000015258789,33.5,34.09000015258789,175855200.0,10.195111274719238,13.086920738220215,13.31437873840332,12.835092544555664,12.891958236694336,372740399.0,1722.800048828125,1722.800048828125,1751.5,1721.0,1750.0,256.0,5896.2001953125,5896.2001953125,5928.2998046875,5786.0,5793.2998046875,4175773500.0,,,,,
2012-10-19,,,,,,,,,,,,,,,,,,,,,,,,,,,,,,,,,,,,,,,,,,,1.79,17.06,,1.3022,1.6003
2012-10-20,28.68763542175293,41.15999984741211,42.52000045776367,40.869998931884766,42.25,109012700.0,7.115591526031494,9.119999885559082,9.5600004196167,9.050000190734863,9.470000267028809,660579600.0,27.066213607788086,36.599998474121094,37.84000015258789,36.47999954223633,37.209999084472656,187336100.0,23.30923843383789,33.970001220703125,34.540000915527344,33.59000015258789,34.29999923706055,119438800.0,9.99892520904541,12.835092544555664,13.119415283203125,12.745735168457031,13.070673942565918,408311252.0,1710.9000244140625,1710.9000244140625,1728.300048828125,1698.5999755859375,1715.0,224.0,5806.7001953125,5806.7001953125,5911.0,5753.2998046875,5896.2001953125,3425419600.0,,,,,
2012-10-26,,,,,,,,,,,,,,,,,,,,,,,,,,,,,,,,,,,,,,,,,,,1.78,17.81,,1.2938,1.6098
2012-10-27,29.565828323364258,42.41999816894531,43.06999969482422,41.150001525878906,41.45000076293945,59778100.0,7.685152053833008,9.850000381469727,9.970000267028809,9.149999618530273,9.199999809265137,521618800.0,27.805740356445312,37.599998474121094,38.15999984741211,36.7400016784668,36.97999954223633,94894700.0,23.151418685913086,33.7400016784668,34.40999984741211,33.58000183105469,34.189998626708984,70231300.0,10.125500679016113,12.997563362121582,13.160032272338867,12.826970100402832,12.883833885192871,191163467.0,1674.0999755859375,1674.0999755859375,1725.0999755859375,1674.0999755859375,1712.0,635.0,5868.60009765625,5868.60009765625,5890.10009765625,5763.5,5806.7001953125,3609265700.0,,,,,
2012-11-02,,,,,,,,,,,,,,,,,,,,,,,,,,,,,,,,,,,,,,,,,,,1.75,17.59,,1.2848,1.6036
2012-11-03,28.3112735748291,40.619998931884766,43.04999923706055,39.86000061035156,42.33000183105469,133458700.0,7.357463359832764,9.430000305175781,9.970000267028809,9.220000267028809,9.829999923706055,904782300.0,26.57785415649414,35.93000030517578,38.5,35.400001525878906,37.29999923706055,211896600.0,22.197641372680664,32.349998474121094,34.400001525878906,32.25,33.560001373291016,118206500.0,9.809077262878418,12.591388702392578,13.160032272338867,12.502031326293945,12.95694637298584,456935629.0,1730.300048828125,1730.300048828125,1734.0999755859375,1674.300048828125,1682.800048828125,136.0,5769.7001953125,5769.7001953125,5921.7998046875,5715.2001953125,5868.60009765625,3701388500.0,,,,,
2012-11-09,,,,,,,,,,,,,,,,,,,,,,,,,,,,,,,,,,,,,,,,,,,1.61,18.61,,1.2715,1.5912
2012-11-10,27.551570892333984,39.529998779296875,40.90999984741211,38.83000183105469,40.849998474121094,120912800.0,7.115591526031494,9.119999885559082,9.550000190734863,8.920000076293945,9.5,709085700.0,25.8751277923584,34.97999954223633,36.77000045776367,34.16999816894531,36.119998931884766,192757000.0,22.057708740234375,31.940000534057617,32.560001373291016,31.25,32.45000076293945,115054900.0,9.66985034942627,12.412672996520996,12.696993827819824,12.233956336975098,12.648253440856934,353531136.0,1714.300048828125,1714.300048828125,1733.4000244140625,1706.300048828125,1733.199951171875,55.0,5605.60009765625,5605.60009765625,5795.2998046875,5605.60009765625,5769.7001953125,4209251900.0,,,,,
2012-11-16,,,,,,,,,,,,,,,,,,,,,,,,,,,,,,,,,,,,,,,,,,,1.58,16.41,,1.2715,1.5866
2012-11-17,28.638856887817383,41.09000015258789,41.220001220703125,40.09000015258789,40.09000015258789,67504000.0,7.724165439605713,9.899999618530273,9.899999618530273,9.319999694824219,9.359999656677246,488487500.0,26.651823043823242,36.029998779296875,36.41999816894531,35.58000183105469,35.72999954223633,104740100.0,22.9278621673584,33.20000076293945,33.220001220703125,32.150001525878906,32.47999954223633,71190300.0,10.02424144744873,12.867587089538574,12.875711441040039,12.575141906738281,12.591388702392578,171702219.0,1751.300048828125,1751.300048828125,1751.300048828125,1721.800048828125,1721.800048828125,56.0,5819.10009765625,5819.10009765625,5830.5,5605.60009765625,5605.60009765625,3127883300.0,,,,,
2012-11-23,,,,,,,,,,,,,,,,,,,,,,,,,,,,,,,,,,,,,,,,,,,1.7,15.14,,1.2959,1.6032
2012-11-24,28.63188934326172,41.08000183105469,41.349998474121094,39.880001068115234,40.790000915527344,105340100.0,7.692953109741211,9.859999656677246,9.949999809265137,9.380000114440918,9.819999694824219,637006500.0,25.57185173034668,34.56999969482422,35.84000015258789,34.040000915527344,35.83000183105469,178808800.0,22.796640396118164,33.0099983215332,33.33000183105469,32.119998931884766,33.029998779296875,94923500.0,9.973615646362305,12.802599906921387,12.867587089538574,12.534524917602539,12.802599906921387,242557348.0,1710.9000244140625,1710.9000244140625,1750.5,1708.4000244140625,1750.300048828125,345456.0,5866.7998046875,5866.7998046875,5904.39990234375,5755.2001953125,5819.10009765625,3223342000.0,,,,,
2012-11-30,,,,,,,,,,,,,,,,,,,,,,,,,,,,,,,,,,,,,,,,,,,1.62,15.87,,1.301,1.6027
2012-12-01,29.663408279418945,42.560001373291016,42.56999969482422,40.20000076293945,41.27000045776367,123596800.0,8.301529884338379,10.640000343322754,10.680000305175781,9.770000457763672,9.930000305175781,1076151300.0,27.84276580810547,37.63999938964844,37.75,34.06999969482422,34.959999084472656,243045900.0,22.948577880859375,33.22999954223633,33.349998474121094,32.40999984741211,33.18000030517578,104510600.0,10.144478797912598,13.021932601928711,13.021932601928711,12.656376838684082,12.843216896057129,255695073.0,1704.0,1704.0,1721.9000244140625,1684.0,1714.9000244140625,4622.0,5914.39990234375,5914.39990234375,5923.89990234375,5852.89990234375,5866.7998046875,2939790600.0,,,,,
2012-12-07,,,,,,,,,,,,,,,,,,,,,,,,,,,,,,,,,,,,,,,,,,,1.64,15.9,,1.2942,1.6031
2012-12-08,29.837657928466797,42.810001373291016,43.380001068115234,42.0099983215332,42.540000915527344,102125700.0,8.26305103302002,10.579999923706055,10.710000038146973,10.460000038146973,10.600000381469727,671945100.0,27.81317710876465,37.599998474121094,37.81999969482422,36.83000183105469,37.349998474121094,153759000.0,22.893329620361328,33.150001525878906,33.91999816894531,33.02000045776367,33.119998931884766,102961100.0,10.125500679016113,12.997563362121582,13.225020408630371,12.940698623657227,12.981315612792969,280433371.0,1695.800048828125,1695.800048828125,1722.300048828125,1689.9000244140625,1704.199951171875,683.0,5921.7998046875,5921.7998046875,5948.5,5891.2998046875,5914.39990234375,2695701000.0,,,,,
2012-12-14,,,,,,,,,,,,,,,,,,,,,,,,,,,,,,,,,,,,,,,,,,,1.72,17.0,,1.3134,1.6139
2012-12-15,30.667070388793945,44.0,44.540000915527344,42.810001373291016,43.0,156075300.0,8.8175687789917,11.289999961853027,11.520000457763672,10.640000343322754,10.649999618530273,1047681100.0,29.211240768432617,39.4900016784668,40.18000030517578,37.7599983215332,37.77000045776367,246273900.0,23.811826705932617,34.47999954223633,35.189998626708984,33.25,33.25,174353000.0,10.378633499145508,13.322502136230469,13.566205978393555,13.070673942565918,13.078798294067383,410904969.0,1659.0999755859375,1659.0999755859375,1702.800048828125,1635.800048828125,1690.5,878.0,5940.0,5940.0,5977.7998046875,5881.0,5921.7998046875,3470574300.0,,,,,
2012-12-21,,,,,,,,,,,,,,,,,,,,,,,,,,,,,,,,,,,,,,,,,,,1.77,17.84,,1.3166,1.6167
2012-12-22,30.137361526489258,43.2400016784668,44.18000030517578,42.900001525878906,43.720001220703125,55088300.0,8.872237205505371,11.359999656677246,11.6899995803833,11.210000038146973,11.270000457763672,539038600.0,28.856176376342773,39.0099983215332,39.880001068115234,38.59000015258789,39.34000015258789,83868600.0,23.418180465698242,33.90999984741211,35.0,33.65999984741211,34.400001525878906,57343400.0,10.30357551574707,13.143786430358887,13.346872329711914,13.070673942565918,13.257513999938965,160327410.0,1654.9000244140625,1654.9000244140625,1666.699951171875,1653.699951171875,1657.699951171875,789.0,5925.39990234375,5925.39990234375,5997.0,5915.2998046875,5940.0,797490900.0,,,,,
2012-12-28,,,,,,,,,,,,,,,,,,,,,,,,,,,,,,,,,,,,,,,,,,,1.73,22.72,,1.322,1.6157
2012-12-29,31.614961624145508,45.36000061035156,45.43000030517578,43.04999923706055,43.099998474121094,104338000.0,9.457992553710938,12.109999656677246,12.149999618530273,11.300000190734863,11.369999885559082,696610500.0,31.38599395751953,42.43000030517578,42.540000915527344,38.650001525878906,38.939998626708984,167474700.0,24.129499435424805,34.939998626708984,35.06999969482422,33.709999084472656,33.7400016784668,113936000.0,10.857600212097168,13.8505277633667,13.874897956848145,13.09504508972168,13.127538681030273,273550850.0,1648.0999755859375,1648.0999755859375,1693.800048828125,1625.699951171875,1655.4000244140625,463.0,6089.7998046875,6089.7998046875,6089.7998046875,5873.39990234375,5925.39990234375,1836891000.0,,,,,
2013-01-04,,,,,,,,,,,,,,,,,,,,,,,,,,,,,,,,,,,,,,,,,,,1.93,13.83,,1.3047,1.6036
2013-01-05,32.3795280456543,46.13999938964844,46.20000076293945,44.959999084472656,45.09000015258789,113139200.0,9.083111763000488,11.630000114440918,12.199999809265137,11.329999923706055,12.149999618530273,1051658200.0,31.31940269470215,42.34000015258789,43.25,41.810001373291016,42.540000915527344,194085300.0,24.239992141723633,35.099998474121094,35.400001525878906,34.43000030517578,34.90999984741211,154529300.0,10.895809173583984,13.899269104003906,13.948010444641113,13.71242904663086,13.826157569885254,283734175.0,1660.0,1660.0,1677.300048828125,1643.800048828125,1656.5,231.0,6121.60009765625,6121.60009765625,6121.60009765625,6053.60009765625,6089.7998046875,3497268200.0,,,,,
2013-01-11,,,,,,,,,,,,,,,,,,,,,,,,,,,,,,,,,,,,,,,,,,,1.89,13.36,,1.3353,1.6128
2013-01-12,32.60407638549805,46.459999084472656,46.869998931884766,45.349998474121094,45.88999938964844,162197000.0,8.700417518615723,11.140000343322754,11.789999961853027,11.020000457763672,11.609999656677246,904264500.0,30.81639862060547,41.65999984741211,42.849998474121094,40.900001525878906,42.36000061035156,213072100.0,24.12259292602539,34.93000030517578,35.290000915527344,34.5,34.9900016784668,119093400.0,10.921281814575195,13.9317626953125,13.96425724029541,13.769292831420898,13.88302230834961,310361568.0,1686.5999755859375,1686.5999755859375,1694.5999755859375,1664.0999755859375,1665.4000244140625,136.0,6154.39990234375,6154.39990234375,6172.5,6076.10009765625,6121.60009765625,3484190400.0,,,,,
2013-01-18,,,,,,,,,,,,,,,,,,,,,,,,,,,,,,,,,,,,,,,,,,,1.87,12.46,,1.3303,1.5876
2013-01-19,33.09532165527344,47.15999984741211,47.15999984741211,45.91999816894531,46.25,89379700.0,9.075296401977539,11.619999885559082,11.720000267028809,11.09000015258789,11.119999885559082,486923300.0,31.741052627563477,42.90999984741211,43.34000015258789,40.81999969482422,41.349998474121094,135545000.0,24.26762580871582,35.13999938964844,35.459999084472656,34.709999084472656,34.79999923706055,80633600.0,11.1250581741333,14.1917142868042,14.207961082458496,13.907391548156738,13.907391548156738,237131347.0,1656.4000244140625,1656.4000244140625,1694.699951171875,1656.4000244140625,1690.300048828125,100.0,6284.5,6284.5,6284.5,6149.2001953125,6154.39990234375,2885859600.0,,,,,
2013-01-25,,,,,,,,,,,,,,,,,,,,,,,,,,,,,,,,,,,,,,,,,,,1.98,12.89,,1.3456,1.5799
2013-01-26,33.57954406738281,47.849998474121094,48.0,46.25,46.84000015258789,102301500.0,9.145591735839844,11.710000038146973,11.729999542236328,11.220000267028809,11.640000343322754,535424500.0,31.822399139404297,43.02000045776367,43.20000076293945,41.619998931884766,42.97999954223633,132335800.0,24.260713577270508,35.130001068115234,35.33000183105469,34.72999954223633,35.20000076293945,104486500.0,11.214211463928223,14.305442810058594,14.346059799194336,14.053614616394043,14.207961082458496,239238203.0,1669.4000244140625,1669.4000244140625,1683.0,1651.5999755859375,1651.5999755859375,200132.0,6347.2001953125,6347.2001953125,6354.5,6275.5,6284.5,3362488800.0,,,,,
2013-02-01,,,,,,,,,,,,,,,,,,,,,,,,,,,,,,,,,,,,,,,,,,,2.04,12.9,,1.3692,1.5744
2013-02-02,34.12691879272461,48.630001068115234,48.83000183105469,47.380001068115234,47.540000915527344,113820600.0,9.184638977050781,11.760000228881836,11.979999542236328,11.460000038146973,11.579999923706055,819676700.0,31.57843589782715,42.68000030517578,43.4900016784668,42.16999816894531,42.369998931884766,118798200.0,24.260026931762695,34.880001068115234,35.099998474121094,34.54999923706055,34.93000030517578,109383500.0,11.207845687866211,14.297319412231445,14.3541841506958,14.110479354858398,14.207961082458496,273774646.0,1666.0,1666.0,1683.4000244140625,1661.5999755859375,1668.0,1943.0,6263.89990234375,6263.89990234375,6347.2998046875,6216.7001953125,6347.2001953125,3363022300.0,,,,,
2013-02-08,,,,,,,,,,,,,,,,,,,,,,,,,,,,,,,,,,,,,,,,,,,1.99,13.02,,1.3366,1.5814
2013-02-09,34.302364349365234,48.880001068115234,49.459999084472656,48.369998931884766,48.5099983215332,89993500.0,9.395512580871582,12.029999732971191,12.420000076293945,11.670000076293945,11.729999542236328,830774700.0,32.436702728271484,43.84000015258789,44.68000030517578,42.4900016784668,42.65999984741211,132506800.0,24.45477294921875,35.15999984741211,35.54999923706055,34.90999984741211,34.95000076293945,108503400.0,11.309732437133789,14.427294731140137,14.532899856567383,14.27294921875,14.297319412231445,270072292.0,1608.800048828125,1608.800048828125,1668.0,1599.5,1666.5,1868.0,6328.2998046875,6328.2998046875,6384.7001953125,6252.2998046875,6263.89990234375,3368129500.0,,,,,
2013-02-15,,,,,,,,,,,,,,,,,,,,,,,,,,,,,,,,,,,,,,,,,,,2.01,12.46,,1.3362,1.5518
2013-02-16,34.32341003417969,48.90999984741211,49.68000030517578,47.83000183105469,49.119998931884766,93254400.0,8.934715270996094,11.4399995803833,12.3100004196167,11.260000228881836,12.100000381469727,779050400.0,31.659833908081055,42.790000915527344,44.709999084472656,41.88999938964844,43.9900016784668,111532500.0,24.913822174072266,35.81999969482422,35.83000183105469,35.02000045776367,35.16999816894531,111504500.0,11.296995162963867,14.41104793548584,14.573516845703125,14.175466537475586,14.476036071777344,240536908.0,1572.4000244140625,1572.4000244140625,1617.0,1555.199951171875,1610.0,2645.0,6335.7001953125,6335.7001953125,6412.39990234375,6278.0,6328.2998046875,3325025900.0,,,,,
2013-02-22,,,,,,,,,,,,,,,,,,,,,,,,,,,,,,,,,,,,,,,,,,,1.97,14.17,,1.3166,1.5256
2013-02-23,34.32341003417969,48.90999984741211,49.54999923706055,46.849998474121094,49.099998474121094,154733000.0,8.856616973876953,11.34000015258789,11.609999656677246,10.979999542236328,11.600000381469727,859676300.0,31.156696319580078,42.11000061035156,43.369998931884766,40.279998779296875,43.119998931884766,169141800.0,24.614748001098633,35.38999938964844,35.95000076293945,34.52000045776367,35.84000015258789,131518500.0,11.233315467834473,14.329813003540039,14.500406265258789,13.939886093139648,14.500406265258789,397033446.0,1571.9000244140625,1571.9000244140625,1615.199951171875,1566.0,1579.4000244140625,2146.0,6378.60009765625,6378.60009765625,6391.7001953125,6258.60009765625,6335.7001953125,4491052300.0,,,,,
2013-03-01,,,,,,,,,,,,,,,,,,,,,,,,,,,,,,,,,,,,,,,,,,,1.86,15.36,,1.2988,1.5033
2013-03-02,35.22869110107422,50.20000076293945,50.86000061035156,48.33000183105469,48.72999954223633,119821500.0,9.435232162475586,12.069999694824219,12.4399995803833,11.220000267028809,11.270000457763672,857044100.0,34.537986755371094,46.68000030517578,46.70000076293945,41.970001220703125,41.9900016784668,210400500.0,25.386783599853516,36.5,36.619998931884766,35.33000183105469,35.369998931884766,104236100.0,11.615405082702637,14.817221641540527,14.882209777832031,14.27294921875,14.289196014404297,342142048.0,1576.5999755859375,1576.5999755859375,1585.5,1561.800048828125,1580.800048828125,355.0,6483.60009765625,6483.60009765625,6489.5,6333.2001953125,6378.60009765625,4253840700.0,,,,,
2013-03-08,,,,,,,,,,,,,,,,,,,,,,,,,,,,,,,,,,,,,,,,,,,2.06,12.59,,1.2992,1.4926
2013-03-09,35.10237121582031,50.02000045776367,51.0,49.150001525878906,50.22999954223633,141416100.0,9.826083183288574,12.569999694824219,12.65999984741211,11.90999984741211,12.079999923706055,755238400.0,34.96711730957031,47.2599983215332,47.91999816894531,46.33000183105469,46.810001373291016,189424500.0,26.569169998168945,38.20000076293945,38.20000076293945,36.529998779296875,36.58000183105469,135411400.0,11.749130249023438,14.987814903259277,15.012185096740723,14.784728050231934,14.825345039367676,275286438.0,1592.5,1592.5,1596.0,1575.699951171875,1576.0,1818.0,6489.7001953125,6489.7001953125,6534.0,6437.60009765625,6483.60009765625,3962012800.0,,,,,
2013-03-15,,,,,,,,,,,,,,,,,,,,,,,,,,,,,,,,,,,,,,,,,,,2.01,11.3,,1.3076,1.5124
2013-03-16,34.23218536376953,48.779998779296875,49.9900016784668,48.34000015258789,49.189998626708984,118135600.0,9.818266868591309,12.5600004196167,12.9399995803833,12.260000228881836,12.289999961853027,908348400.0,33.465152740478516,45.22999954223633,46.95000076293945,44.95000076293945,46.040000915527344,167040900.0,25.8736515045166,37.20000076293945,37.93000030517578,37.099998474121094,37.70000076293945,112183900.0,11.616230010986328,14.768481254577637,14.922826766967773,14.670998573303223,14.792851448059082,333187876.0,1606.199951171875,1606.199951171875,1613.800048828125,1601.5999755859375,1605.9000244140625,928.0,6392.7998046875,6392.7998046875,6489.7001953125,6364.0,6489.7001953125,3563575900.0,,,,,
2013-03-22,,,,,,,,,,,,,,,,,,,,,,,,,,,,,,,,,,,,,,,,,,,1.93,13.57,,1.2996,1.5239
2013-03-23,33.30584716796875,47.459999084472656,49.31999969482422,47.279998779296875,49.040000915527344,94035700.0,9.521218299865723,12.180000305175781,12.720000267028809,12.109999656677246,12.680000305175781,489166000.0,32.7326545715332,44.2400016784668,45.81999969482422,44.04999923706055,45.7599983215332,109389700.0,25.72757911682129,36.9900016784668,37.45000076293945,36.79999923706055,37.349998474121094,70748300.0,11.635397911071777,14.792851448059082,14.865962982177734,14.646629333496094,14.825345039367676,191736991.0,1594.800048828125,1594.800048828125,1608.0999755859375,1590.300048828125,1607.0999755859375,220678.0,6411.7001953125,6411.7001953125,6458.5,6344.2001953125,6392.7998046875,2905409400.0,,,,,
2013-03-29,,,,,,,,,,,,,,,,,,,,,,,,,,,,,,,,,,,,,,,,,,,1.87,12.7,,1.2816,1.5193
2013-03-30,33.621639251708984,47.90999984741211,48.380001068115234,46.529998779296875,47.54999923706055,112658800.0,9.357056617736816,11.970000267028809,12.279999732971191,11.640000343322754,12.149999618530273,647566700.0,31.82261085510254,43.0099983215332,44.709999084472656,41.599998474121094,44.31999969482422,163825900.0,25.838865280151367,37.150001525878906,37.47999954223633,36.54999923706055,37.02000045776367,102899000.0,11.520383834838867,14.646629333496094,14.841591835021973,14.435418128967285,14.784728050231934,327403530.0,1575.4000244140625,1575.4000244140625,1602.5999755859375,1539.0999755859375,1596.800048828125,7161.0,6249.7998046875,6249.7998046875,6501.7998046875,6214.39990234375,6411.7001953125,2938418900.0,,,,,
2013-04-05,,,,,,,,,,,,,,,,,,,,,,,,,,,,,,,,,,,,,,,,,,,1.72,13.92,,1.3027,1.5336
2013-04-06,34.6086311340332,49.0099983215332,49.599998474121094,47.59000015258789,47.880001068115234,119518500.0,9.51340103149414,12.170000076293945,12.399999618530273,11.90999984741211,12.0,528072500.0,33.13220977783203,44.779998779296875,45.54999923706055,42.540000915527344,43.060001373291016,131732400.0,25.880603790283203,37.209999084472656,37.90999984741211,36.599998474121094,37.11000061035156,132125600.0,11.801526069641113,15.004061698913574,15.150283813476562,14.573516845703125,14.63038158416748,313420602.0,1501.0,1501.0,1589.300048828125,1480.199951171875,1575.800048828125,2626.0,6384.39990234375,6384.39990234375,6423.60009765625,6249.7998046875,6249.7998046875,3020356500.0,,,,,
2013-04-12,,,,,,,,,,,,,,,,,,,,,,,,,,,,,,,,,,,,,,,,,,,1.75,12.06,,1.3094,1.5373
2013-04-13,33.351688385009766,47.22999954223633,49.34000015258789,46.04999923706055,48.38999938964844,144712000.0,9.114728927612305,11.65999984741211,12.359999656677246,11.229999542236328,12.1899995803833,999637300.0,33.31718063354492,45.029998779296875,46.779998779296875,44.83000183105469,46.099998474121094,186776100.0,25.518930435180664,36.689998626708984,37.41999816894531,36.189998626708984,37.02000045776367,112664100.0,11.552335739135742,14.687246322631836,15.052803039550781,14.419171333312988,14.979690551757812,384019437.0,1395.300048828125,1395.300048828125,1487.4000244140625,1323.0,1478.199951171875,2318.0,6286.60009765625,6286.60009765625,6384.39990234375,6225.2001953125,6384.39990234375,3287047000.0,,,,,
2013-04-19,,,,,,,,,,,,,,,,,,,,,,,,,,,,,,,,,,,,,,,,,,,1.73,14.97,,1.3066,1.5254
2013-04-20,34.516849517822266,48.880001068115234,49.630001068115234,46.869998931884766,47.400001525878906,85245700.0,9.708827018737793,12.420000076293945,12.539999961853027,11.569999694824219,11.680000305175781,587761000.0,34.71556854248047,46.91999816894531,47.68000030517578,44.52000045776367,45.15999984741211,112940900.0,26.346607208251953,37.880001068115234,37.880001068115234,36.400001525878906,36.810001373291016,83731600.0,11.865424156188965,15.085296630859375,15.239643096923828,14.557271003723145,14.71973991394043,266296076.0,1453.5999755859375,1453.5999755859375,1476.199951171875,1405.800048828125,1406.800048828125,1740.0,6426.39990234375,6426.39990234375,6467.10009765625,6259.0,6286.60009765625,3357593500.0,,,,,
2013-04-26,,,,,,,,,,,,,,,,,,,,,,,,,,,,,,,,,,,,,,,,,,,1.7,13.61,,1.3024,1.5479
2013-04-27,33.59176254272461,47.56999969482422,49.25,46.97999954223633,49.08000183105469,103772500.0,9.568120002746582,12.239999771118164,12.479999542236328,12.050000190734863,12.449999809265137,414065400.0,34.75255584716797,46.970001220703125,47.5,45.4900016784668,47.189998626708984,94596500.0,26.249235153198242,37.7400016784668,38.040000915527344,37.290000915527344,37.95000076293945,83324800.0,12.044327735900879,15.312753677368164,15.385865211486816,15.012185096740723,15.150283813476562,241797206.0,1464.300048828125,1464.300048828125,1487.0999755859375,1440.0,1462.699951171875,1246.0,6521.5,6521.5,6541.7001953125,6409.7998046875,6426.39990234375,3638650800.0,,,,,
2013-05-03,,,,,,,,,,,,,,,,,,,,,,,,,,,,,,,,,,,,,,,,,,,1.78,12.85,,1.3112,1.5563
2013-05-04,34.57331848144531,48.959999084472656,49.9900016784668,47.56999969482422,47.709999084472656,102983100.0,10.17785358428955,13.020000457763672,13.180000305175781,12.359999656677246,12.390000343322754,833643700.0,36.077415466308594,48.75,49.459999084472656,46.88999938964844,46.91999816894531,136409300.0,26.450929641723633,38.029998779296875,38.66999816894531,37.7400016784668,37.86000061035156,100400400.0,12.299911499023438,15.637693405151367,15.702680587768555,15.345248222351074,15.353370666503906,268073516.0,1436.800048828125,1436.800048828125,1477.199951171875,1423.0,1468.0999755859375,801.0,6625.0,6625.0,6637.7998046875,6521.39990234375,6521.5,3056900300.0,,,,,
2013-05-10,,,,,,,,,,,,,,,,,,,,,,,,,,,,,,,,,,,,,,,,,,,1.9,12.59,,1.2955,1.5334
2013-05-11,36.931888580322266,52.29999923706055,52.33000183105469,48.61000061035156,48.84000015258789,123104700.0,10.498353958129883,13.430000305175781,13.550000190734863,12.949999809265137,12.979999542236328,613464600.0,38.0755615234375,51.45000076293945,51.5,48.400001525878906,48.5,142820000.0,27.95606803894043,39.880001068115234,39.90999984741211,37.83000183105469,38.040000915527344,107552000.0,12.747183799743652,16.206335067749023,16.214460372924805,15.572705268859863,15.613323211669922,244096714.0,1364.9000244140625,1364.9000244140625,1444.4000244140625,1359.0999755859375,1440.0,868.0,6723.10009765625,6723.10009765625,6726.89990234375,6602.7998046875,6625.0,3491297000.0,,,,,
2013-05-17,,,,,,,,,,,,,,,,,,,,,,,,,,,,,,,,,,,,,,,,,,,1.95,12.45,,1.2818,1.5173
2013-05-18,37.89225769042969,53.65999984741211,54.959999084472656,51.90999984741211,52.279998779296875,149737400.0,10.34982967376709,13.239999771118164,13.729999542236328,12.819999694824219,13.390000343322754,649258100.0,37.3873176574707,50.52000045776367,52.88999938964844,49.18000030517578,51.459999084472656,162218400.0,28.208444595336914,40.2400016784668,41.099998474121094,39.400001525878906,39.900001525878906,114228400.0,12.60661506652832,16.027620315551758,16.531274795532227,15.832655906677246,16.190088272094727,338964713.0,1386.800048828125,1386.800048828125,1395.699951171875,1342.9000244140625,1342.9000244140625,146.0,6654.2998046875,6654.2998046875,6875.60009765625,6640.10009765625,6723.10009765625,4239406300.0,,,,,
2013-05-24,,,,,,,,,,,,,,,,,,,,,,,,,,,,,,,,,,,,,,,,,,,2.01,13.99,,1.292,1.5126
2013-05-25,38.548980712890625,54.59000015258789,55.900001525878906,53.90999984741211,54.560001373291016,97525800.0,10.678146362304688,13.65999984741211,13.989999771118164,13.270000457763672,13.489999771118164,573509800.0,38.47520446777344,51.9900016784668,53.560001373291016,51.08000183105469,51.310001373291016,123144200.0,28.425748825073242,40.54999923706055,41.59000015258789,40.209999084472656,40.79999923706055,92768700.0,12.676898956298828,16.11697769165039,16.441917419433594,16.0682373046875,16.2469539642334,260531056.0,1392.5999755859375,1392.5999755859375,1421.0999755859375,1379.0999755859375,1380.800048828125,219850.0,6583.10009765625,6583.10009765625,6790.7001953125,6577.7998046875,6654.2998046875,3048904800.0,,,,,
2013-05-31,,,,,,,,,,,,,,,,,,,,,,,,,,,,,,,,,,,,,,,,,,,2.16,16.3,,1.2988,1.5185
2013-06-01,38.32301330566406,54.27000045776367,55.38999938964844,52.27000045776367,54.599998474121094,120260100.0,10.459269523620605,13.380000114440918,13.729999542236328,12.850000381469727,13.6899995803833,776421700.0,38.18656921386719,51.599998474121094,52.619998931884766,49.630001068115234,52.060001373291016,167427100.0,28.916458129882812,41.25,41.380001068115234,39.599998474121094,40.83000183105469,111627200.0,12.759961128234863,16.222583770751953,16.2469539642334,15.613323211669922,16.18196678161621,462454571.0,1383.0,1383.0,1422.699951171875,1377.9000244140625,1389.0999755859375,5982.0,6412.0,6412.0,6583.10009765625,6313.60009765625,6583.10009765625,3855075900.0,,,,,
2013-06-07,,,,,,,,,,,,,,,,,,,,,,,,,,,,,,,,,,,,,,,,,,,2.17,15.14,,1.3242,1.5558
2013-06-08,37.51799774169922,53.130001068115234,54.84000015258789,52.90999984741211,54.63999938964844,86362400.0,10.224593162536621,13.069999694824219,13.550000190734863,12.970000267028809,13.489999771118164,533324100.0,36.42525100708008,49.220001220703125,52.119998931884766,48.79999923706055,52.0,174014400.0,28.15235137939453,40.15999984741211,41.689998626708984,40.099998474121094,41.5,89882600.0,12.491602897644043,15.881397247314453,16.320064544677734,15.743297576904297,16.303817749023438,387781742.0,1387.300048828125,1387.300048828125,1393.5,1366.0,1378.800048828125,1911.0,6308.2998046875,6308.2998046875,6421.2001953125,6205.7001953125,6412.0,3585903500.0,,,,,
2013-06-14,,,,,,,,,,,,,,,,,,,,,,,,,,,,,,,,,,,,,,,,,,,2.14,17.15,,1.333,1.5686
2013-06-15,36.6917839050293,51.959999084472656,54.5099983215332,51.689998626708984,53.70000076293945,127225000.0,9.92732048034668,12.6899995803833,13.399999618530273,12.390000343322754,13.170000076293945,668294900.0,34.686134338378906,46.869998931884766,50.38999938964844,45.5099983215332,49.810001373291016,209642800.0,28.713157653808594,40.959999084472656,41.20000076293945,39.97999954223633,40.59000015258789,120327400.0,12.21684741973877,15.532088279724121,16.18196678161621,15.345248222351074,16.00324821472168,406488387.0,1291.5999755859375,1291.5999755859375,1390.5,1268.9000244140625,1390.300048828125,1826.0,6116.2001953125,6116.2001953125,6397.2998046875,6116.2001953125,6308.2998046875,4335864900.0,,,,,
2013-06-21,,,,,,,,,,,,,,,,,,,,,,,,,,,,,,,,,,,,,,,,,,,2.52,18.9,,1.3113,1.5373
2013-06-22,37.27790451049805,52.790000915527344,53.4900016784668,50.11000061035156,50.880001068115234,106369500.0,10.060311317443848,12.859999656677246,13.029999732971191,12.130000114440918,12.399999618530273,612802400.0,35.50017547607422,47.970001220703125,48.689998626708984,45.060001373291016,45.77000045776367,177645000.0,28.930465698242188,41.27000045776367,41.7400016784668,39.400001525878906,40.47999954223633,111766500.0,12.477798461914062,15.800162315368652,15.922015190124512,15.093420028686523,15.33712387084961,375671164.0,1223.800048828125,1223.800048828125,1297.300048828125,1183.199951171875,1297.300048828125,3020.0,6215.5,6215.5,6271.7998046875,6023.39990234375,6116.2001953125,4129948200.0,,,,,
2013-06-28,,,,,,,,,,,,,,,,,,,,,,,,,,,,,,,,,,,,,,,,,,,2.52,16.86,,1.301,1.521
2013-06-29,38.12528610229492,53.9900016784668,54.0,52.119998931884766,53.220001220703125,74958900.0,10.216767311096191,13.0600004196167,13.100000381469727,12.729999542236328,12.949999809265137,285585100.0,35.91461181640625,48.529998779296875,49.20000076293945,46.70000076293945,48.5,90769600.0,29.491268157958984,42.06999969482422,42.06999969482422,40.790000915527344,41.560001373291016,54744000.0,12.715161323547363,16.100730895996094,16.2469539642334,15.710803985595703,15.913890838623047,225194462.0,1212.9000244140625,1212.9000244140625,1266.300048828125,1208.9000244140625,1234.699951171875,348.0,6375.5,6375.5,6498.60009765625,6185.2001953125,6215.5,3430776400.0,,,,,
2013-07-05,,,,,,,,,,,,,,,,,,,,,,,,,,,,,,,,,,,,,,,,,,,2.73,14.89,,1.2831,1.491
2013-07-06,39.10037612915039,54.970001220703125,55.869998931884766,54.04999923706055,54.540000915527344,113102400.0,10.780023574829102,13.779999732971191,13.800000190734863,13.079999923706055,13.109999656677246,535576800.0,37.601932525634766,50.810001373291016,50.84000015258789,48.79999923706055,48.91999816894531,137668600.0,29.883838653564453,42.630001068115234,43.08000183105469,41.439998626708984,42.36000061035156,138816700.0,13.055179595947266,16.531274795532227,16.539398193359375,16.16571807861328,16.206335067749023,350333859.0,1277.800048828125,1277.800048828125,1285.0,1215.4000244140625,1218.800048828125,173.0,6544.89990234375,6544.89990234375,6585.7001953125,6375.5,6375.5,3128709200.0,,,,,
2013-07-12,,,,,,,,,,,,,,,,,,,,,,,,,,,,,,,,,,,,,,,,,,,2.61,13.84,,1.3048,1.5108
2013-07-13,39.94683074951172,56.15999984741211,56.560001373291016,54.599998474121094,55.4900016784668,109007000.0,11.538847923278809,14.75,14.850000381469727,13.760000228881836,13.930000305175781,844474600.0,38.741607666015625,52.349998474121094,52.70000076293945,51.0099983215332,52.040000915527344,180216700.0,31.159658432006836,44.45000076293945,44.7599983215332,42.849998474121094,42.97999954223633,110062900.0,13.298961639404297,16.839967727661133,16.839967727661133,16.46628761291504,16.63688087463379,221571631.0,1293.300048828125,1293.300048828125,1294.4000244140625,1272.9000244140625,1292.0999755859375,78.0,6630.7001953125,6630.7001953125,6657.39990234375,6517.39990234375,6544.89990234375,3439590000.0,,,,,
2013-07-19,,,,,,,,,,,,,,,,,,,,,,,,,,,,,,,,,,,,,,,,,,,2.5,12.54,,1.3142,1.526
2013-07-20,39.86859130859375,56.04999923706055,56.93000030517578,55.599998474121094,56.16999816894531,73874300.0,11.523197174072266,14.729999542236328,15.029999732971191,14.539999961853027,14.739999771118164,506945000.0,38.63800811767578,52.209999084472656,53.29999923706055,51.400001525878906,52.380001068115234,101518900.0,30.50071144104004,43.5099983215332,44.790000915527344,43.20000076293945,44.47999954223633,97759900.0,13.241223335266113,16.766855239868164,17.002437591552734,16.596263885498047,16.84809112548828,199252123.0,1321.699951171875,1321.699951171875,1343.5,1317.0,1317.0,191.0,6554.7998046875,6554.7998046875,6662.2001953125,6535.2001953125,6630.7001953125,2732435400.0,,,,,
2013-07-26,,,,,,,,,,,,,,,,,,,,,,,,,,,,,,,,,,,,,,,,,,,2.58,12.72,,1.3269,1.5368
2013-07-27,40.18156433105469,56.4900016784668,56.779998779296875,55.08000183105469,55.97999954223633,70648100.0,11.609251976013184,14.84000015258789,14.970000267028809,14.449999809265137,14.649999618530273,480396000.0,39.22263717651367,53.0,53.20000076293945,51.29999923706055,51.900001525878906,96311300.0,31.187700271606445,44.4900016784668,44.7400016784668,43.189998626708984,43.40999984741211,89798900.0,13.3502836227417,16.90495491027832,16.929325103759766,16.580015182495117,16.73436164855957,202127492.0,1310.5999755859375,1310.5999755859375,1338.4000244140625,1283.0,1328.4000244140625,188393.0,6647.89990234375,6647.89990234375,6696.60009765625,6544.10009765625,6554.7998046875,3572916500.0,,,,,
2013-08-02,,,,,,,,,,,,,,,,,,,,,,,,,,,,,,,,,,,,,,,,,,,2.63,11.98,,1.3268,1.5277
2013-08-03,38.78030014038086,54.52000045776367,56.58000183105469,54.130001068115234,56.33000183105469,64026800.0,11.304161071777344,14.449999809265137,14.84000015258789,14.25,14.770000457763672,436097300.0,37.98664474487305,51.31999969482422,53.11000061035156,50.79999923706055,52.93000030517578,87242500.0,30.304443359375,43.22999954223633,44.54999923706055,42.9900016784668,44.470001220703125,75949100.0,13.100085258483887,16.5881404876709,16.929325103759766,16.523151397705078,16.888708114624023,183324705.0,1312.9000244140625,1312.9000244140625,1318.300048828125,1274.0,1311.199951171875,4138.0,6583.39990234375,6583.39990234375,6685.0,6507.2001953125,6647.89990234375,3142821000.0,,,,,
2013-08-09,,,,,,,,,,,,,,,,,,,,,,,,,,,,,,,,,,,,,,,,,,,2.57,13.41,,1.3338,1.5507
2013-08-10,37.905391693115234,53.290000915527344,54.849998474121094,52.88999938964844,54.040000915527344,80069100.0,11.280688285827637,14.420000076293945,14.75,14.210000038146973,14.359999656677246,419397000.0,37.26865768432617,50.349998474121094,52.439998626708984,50.220001220703125,51.0,108196000.0,30.173538208007812,42.75,43.529998779296875,42.63999938964844,43.04999923706055,71580300.0,12.843473434448242,16.263200759887695,16.661251068115234,16.2307071685791,16.51502799987793,224861600.0,1371.699951171875,1371.699951171875,1378.9000244140625,1317.199951171875,1317.199951171875,1264.0,6500.0,6500.0,6628.0,6460.10009765625,6583.39990234375,3030645900.0,,,,,
2013-08-16,,,,,,,,,,,,,,,,,,,,,,,,,,,,,,,,,,,,,,,,,,,2.84,14.37,,1.3321,1.5621
2013-08-17,37.21543502807617,52.31999969482422,52.95000076293945,50.65999984741211,52.88999938964844,84416300.0,11.398035049438477,14.569999694824219,14.6899995803833,13.979999542236328,14.369999885559082,448445200.0,36.88375473022461,49.83000183105469,50.33000183105469,48.77000045776367,50.060001373291016,120656400.0,30.180604934692383,42.7599983215332,42.97999954223633,42.130001068115234,42.959999084472656,71772800.0,12.869133949279785,16.29569435119629,16.328187942504883,16.01949691772461,16.2307071685791,227992279.0,1395.699951171875,1395.699951171875,1398.199951171875,1355.0,1379.0,628.0,6492.10009765625,6492.10009765625,6516.7001953125,6386.7001953125,6500.0,2682958800.0,,,,,
2013-08-23,,,,,,,,,,,,,,,,,,,,,,,,,,,,,,,,,,,,,,,,,,,2.82,13.98,,1.3392,1.5578
2013-08-24,35.942195892333984,50.529998779296875,52.540000915527344,50.130001068115234,52.15999984741211,88332400.0,11.046001434326172,14.119999885559082,14.699999809265137,13.989999771118164,14.529999732971191,437871600.0,35.773468017578125,48.33000183105469,50.34000015258789,47.63999938964844,49.79999923706055,118270700.0,28.994836807250977,41.08000183105469,42.83000183105469,40.91999816894531,42.70000076293945,68808400.0,12.471382141113281,15.792038917541504,16.360681533813477,15.718928337097168,16.320064544677734,255603855.0,1396.0999755859375,1396.0999755859375,1428.0,1391.300048828125,1398.5999755859375,1464.0,6412.89990234375,6412.89990234375,6502.2001953125,6393.7001953125,6492.10009765625,3182296600.0,,,,,
2013-08-30,,,,,,,,,,,,,,,,,,,,,,,,,,,,,,,,,,,,,,,,,,,2.78,17.01,,1.3196,1.5468
2013-08-31,37.38614273071289,52.560001373291016,52.709999084472656,50.83000183105469,51.25,71454100.0,11.23375415802002,14.359999656677246,14.550000190734863,14.180000305175781,14.300000190734863,292503500.0,36.4322395324707,49.220001220703125,50.20000076293945,48.36000061035156,49.369998931884766,90249500.0,29.24186134338379,41.43000030517578,42.02000045776367,41.060001373291016,41.650001525878906,54294000.0,12.702333450317383,16.084484100341797,16.18196678161621,15.832655906677246,15.97887897491455,176576487.0,1386.699951171875,1386.699951171875,1414.4000244140625,1367.0999755859375,1393.0,332.0,6547.2998046875,6547.2998046875,6568.2001953125,6412.89990234375,6412.89990234375,3416178100.0,,,,,
2013-09-06,,,,,,,,,,,,,,,,,,,,,,,,,,,,,,,,,,,,,,,,,,,2.94,15.85,,1.3166,1.5633
2013-09-07,37.407474517822266,52.59000015258789,53.93000030517578,52.08000183105469,52.779998779296875,90117800.0,11.34341049194336,14.489999771118164,14.6899995803833,14.369999885559082,14.40999984741211,347875800.0,37.372283935546875,50.4900016784668,51.529998779296875,49.36000061035156,49.4900016784668,103397000.0,29.778297424316406,42.189998626708984,42.65999984741211,40.88999938964844,41.52000045776367,85314800.0,12.95894718170166,16.409423828125,16.490657806396484,16.108854293823242,16.149471282958984,204081951.0,1308.4000244140625,1308.4000244140625,1389.800048828125,1305.300048828125,1389.800048828125,283.0,6583.7998046875,6583.7998046875,6606.10009765625,6508.7998046875,6547.2998046875,3137620200.0,,,,,
2013-09-13,,,,,,,,,,,,,,,,,,,,,,,,,,,,,,,,,,,,,,,,,,,2.9,14.16,,1.3276,1.5861
2013-09-14,37.556854248046875,52.79999923706055,53.869998931884766,52.529998779296875,53.45000076293945,104351200.0,11.304266929626465,14.4399995803833,14.829999923706055,14.399999618530273,14.609999656677246,490940700.0,37.90522003173828,51.209999084472656,52.880001068115234,50.7400016784668,51.189998626708984,120265900.0,30.244129180908203,42.849998474121094,43.83000183105469,42.5,42.77000045776367,108073700.0,13.106501579284668,16.596263885498047,16.91307830810547,16.555646896362305,16.604387283325195,257822363.0,1332.5,1332.5,1373.0,1292.0999755859375,1328.4000244140625,197.0,6596.39990234375,6596.39990234375,6659.10009765625,6532.5,6583.7998046875,4893425700.0,,,,,
2013-09-20,,,,,,,,,,,,,,,,,,,,,,,,,,,,,,,,,,,,,,,,,,,2.75,13.12,,1.3522,1.6021
2013-09-21,37.15852355957031,52.2400016784668,52.560001373291016,50.060001373291016,52.08000183105469,147596600.0,10.881529808044434,13.899999618530273,14.319999694824219,13.880000114440918,14.3100004196167,479250900.0,36.187965393066406,48.88999938964844,50.16999816894531,48.5,49.95000076293945,131655300.0,29.354793548583984,41.59000015258789,42.52000045776367,41.290000915527344,42.41999816894531,98584400.0,12.913442611694336,16.28757095336914,16.51502799987793,16.198213577270508,16.498781204223633,256134908.0,1338.4000244140625,1338.4000244140625,1343.800048828125,1309.4000244140625,1327.0999755859375,16350.0,6512.7001953125,6512.7001953125,6601.5,6487.2998046875,6596.39990234375,3193996000.0,,,,,
2013-09-27,,,,,,,,,,,,,,,,,,,,,,,,,,,,,,,,,,,,,,,,,,,2.64,15.46,,1.3537,1.6135
2013-09-28,37.464385986328125,52.66999816894531,52.68000030517578,51.290000915527344,51.72999954223633,100401500.0,10.998958587646484,14.050000190734863,14.100000381469727,13.600000381469727,13.6899995803833,410021600.0,36.37302780151367,49.13999938964844,49.189998626708984,47.83000183105469,48.27000045776367,108847300.0,29.150115966796875,41.29999923706055,41.56999969482422,40.63999938964844,41.060001373291016,82291400.0,12.913442611694336,16.28757095336914,16.320064544677734,16.027620315551758,16.092607498168945,240442490.0,1309.699951171875,1309.699951171875,1350.9000244140625,1280.0,1345.800048828125,1819.0,6453.89990234375,6453.89990234375,6512.7001953125,6386.2001953125,6512.7001953125,2988395200.0,,,,,
2013-10-04,,,,,,,,,,,,,,,,,,,,,,,,,,,,,,,,,,,,,,,,,,,2.66,16.74,,1.3582,1.6069
2013-10-05,37.62575149536133,52.5099983215332,53.349998474121094,50.25,52.290000915527344,117244000.0,11.10855770111084,14.1899995803833,14.279999732971191,13.680000305175781,13.90999984741211,439309500.0,36.4322395324707,49.220001220703125,49.369998931884766,47.599998474121094,48.619998931884766,113376900.0,29.24186134338379,41.43000030517578,41.5099983215332,40.06999969482422,40.790000915527344,124192700.0,13.080901145935059,16.498781204223633,16.51502799987793,15.824533462524414,16.149471282958984,365212588.0,1268.0,1268.0,1330.0,1263.800048828125,1313.800048828125,580.0,6487.2001953125,6487.2001953125,6489.2001953125,6316.89990234375,6453.89990234375,2984369700.0,,,,,
2013-10-11,,,,,,,,,,,,,,,,,,,,,,,,,,,,,,,,,,,,,,,,,,,2.7,15.72,,1.3559,1.5945
2013-10-12,38.908363342285156,54.29999923706055,54.58000183105469,51.7599983215332,51.939998626708984,103899700.0,11.453009605407715,14.630000114440918,14.720000267028809,14.050000190734863,14.0600004196167,525025000.0,37.86080551147461,51.150001525878906,51.369998931884766,48.54999923706055,48.83000183105469,168235500.0,30.124141693115234,42.68000030517578,42.939998626708984,41.099998474121094,41.13999938964844,96779600.0,13.467340469360352,16.986190795898438,17.02680778503418,16.368806838989258,16.39317512512207,312731118.0,1314.4000244140625,1314.4000244140625,1326.0,1254.0999755859375,1275.800048828125,492.0,6622.60009765625,6622.60009765625,6622.7001953125,6464.39990234375,6487.2001953125,3082224700.0,,,,,
2013-10-18,,,,,,,,,,,,,,,,,,,,,,,,,,,,,,,,,,,,,,,,,,,2.6,13.04,,1.3693,1.6184
2013-10-19,37.812034606933594,52.77000045776367,54.849998474121094,52.06999969482422,54.27000045776367,103975600.0,11.163355827331543,14.260000228881836,14.630000114440918,14.069999694824219,14.529999732971191,453804800.0,37.05400848388672,50.060001373291016,51.56999969482422,49.77000045776367,51.189998626708984,102821700.0,30.251171112060547,42.86000061035156,43.04999923706055,42.52000045776367,42.63999938964844,82512500.0,13.435140609741211,16.945573806762695,17.091794967651367,16.791227340698242,16.994314193725586,187703742.0,1352.4000244140625,1352.4000244140625,1353.0,1313.9000244140625,1316.800048828125,132.0,6721.2998046875,6721.2998046875,6729.7001953125,6617.7998046875,6622.60009765625,2884382600.0,,,,,
2013-10-25,,,,,,,,,,,,,,,,,,,,,,,,,,,,,,,,,,,,,,,,,,,2.53,13.09,,1.3794,1.6158
2013-10-26,37.62575149536133,52.5099983215332,53.2400016784668,51.29999923706055,52.88999938964844,103889500.0,10.975472450256348,14.020000457763672,14.319999694824219,13.960000038146973,14.289999961853027,399839100.0,36.07695007324219,48.7400016784668,50.5,48.61000061035156,50.0099983215332,98449600.0,30.117069244384766,42.66999816894531,43.400001525878906,42.56999969482422,42.83000183105469,76148800.0,13.280563354492188,16.750608444213867,17.002437591552734,16.661251068115234,16.937448501586914,198390299.0,1313.0999755859375,1313.0999755859375,1359.699951171875,1308.0,1351.4000244140625,318.0,6734.7001953125,6734.7001953125,6819.89990234375,6704.2001953125,6721.2998046875,3446136700.0,,,,,
2013-11-01,,,,,,,,,,,,,,,,,,,,,,,,,,,,,,,,,,,,,,,,,,,2.65,13.28,,1.3488,1.5922
2013-11-02,38.66473388671875,53.959999084472656,53.970001220703125,51.58000183105469,52.7400016784668,95968500.0,11.210329055786133,14.319999694824219,14.319999694824219,13.800000190734863,14.09000015258789,430588100.0,36.97257995605469,49.939998626708984,50.16999816894531,48.22999954223633,48.84000015258789,114618900.0,30.145313262939453,42.709999084472656,42.959999084472656,41.709999084472656,42.75,89170600.0,13.435140609741211,16.945573806762695,16.945573806762695,16.555646896362305,16.774980545043945,224015534.0,1284.5,1284.5,1323.5999755859375,1281.300048828125,1314.5999755859375,299.0,6708.39990234375,6708.39990234375,6780.10009765625,6643.89990234375,6734.7001953125,3110778600.0,,,,,
2013-11-08,,,,,,,,,,,,,,,,,,,,,,,,,,,,,,,,,,,,,,,,,,,2.77,12.9,,1.3357,1.5995
2013-11-09,39.31679153442383,54.869998931884766,54.959999084472656,53.150001525878906,53.90999984741211,88313600.0,11.680034637451172,14.920000076293945,14.949999809265137,14.199999809265137,14.270000457763672,498348900.0,37.313148498535156,50.400001525878906,50.779998779296875,49.02000045776367,49.790000915527344,105970800.0,30.948928833007812,43.540000915527344,43.63999938964844,41.79999923706055,42.689998626708984,90436000.0,13.609038352966309,17.164907455444336,17.181154251098633,16.693744659423828,16.945573806762695,205441959.0,1287.300048828125,1287.300048828125,1293.300048828125,1268.300048828125,1281.5999755859375,70.0,6693.39990234375,6693.39990234375,6744.7998046875,6614.0,6708.39990234375,3158195800.0,,,,,
2013-11-15,,,,,,,,,,,,,,,,,,,,,,,,,,,,,,,,,,,,,,,,,,,2.71,12.19,,1.348,1.6107
2013-11-16,41.17265701293945,57.459999084472656,57.52000045776367,55.29999923706055,55.4900016784668,102555700.0,12.243680000305176,15.640000343322754,15.789999961853027,14.859999656677246,14.979999542236328,666619600.0,38.80122375488281,52.40999984741211,52.540000915527344,50.56999969482422,50.79999923706055,113734100.0,31.53180503845215,44.36000061035156,44.38999938964844,43.36000061035156,43.58000183105469,71084400.0,13.84089183807373,17.457351684570312,17.46547508239746,17.07554817199707,17.229894638061523,207496252.0,1244.0,1244.0,1284.800048828125,1236.5,1284.699951171875,307.0,6674.2998046875,6674.2998046875,6732.10009765625,6643.5,6693.39990234375,2608461000.0,,,,,
2013-11-22,,,,,,,,,,,,,,,,,,,,,,,,,,,,,,,,,,,,,,,,,,,2.75,12.26,,1.3547,1.6211
2013-11-23,41.000667572021484,57.220001220703125,58.13999938964844,57.16999816894531,57.5,53280600.0,12.384591102600098,15.819999694824219,15.979999542236328,15.65999984741211,15.670000076293945,388391200.0,39.178810119628906,52.91999816894531,53.68000030517578,52.47999954223633,52.4900016784668,74298300.0,31.290122985839844,44.02000045776367,44.75,43.959999084472656,44.47999954223633,49219800.0,13.834456443786621,17.449228286743164,17.579204559326172,17.441104888916016,17.51421546936035,102834909.0,1250.5999755859375,1250.5999755859375,1254.800048828125,1229.0,1231.0999755859375,269970.0,6650.60009765625,6650.60009765625,6709.10009765625,6635.7001953125,6674.2998046875,3030423200.0,,,,,
2013-11-29,,,,,,,,,,,,,,,,,,,,,,,,,,,,,,,,,,,,,,,,,,,2.75,13.7,,1.3606,1.6373
2013-11-30,40.16947555541992,56.060001373291016,57.75,55.619998931884766,57.099998474121094,93165400.0,12.18105411529541,15.5600004196167,15.970000267028809,15.359999656677246,15.84000015258789,483549400.0,38.1201171875,51.4900016784668,53.40999984741211,50.95000076293945,52.959999084472656,115869800.0,31.354097366333008,44.11000061035156,44.47999954223633,43.209999084472656,44.11000061035156,93112800.0,13.776484489440918,17.376117706298828,17.57107925415039,17.12428855895996,17.47359848022461,208438705.0,1230.300048828125,1230.300048828125,1251.5,1212.9000244140625,1251.4000244140625,10212.0,6552.0,6552.0,6657.39990234375,6479.7001953125,6650.60009765625,3147558500.0,,,,,
2013-12-06,,,,,,,,,,,,,,,,,,,,,,,,,,,,,,,,,,,,,,,,,,,2.88,13.79,,1.369,1.6327
2013-12-07,40.24829864501953,56.16999816894531,57.06999969482422,55.90999984741211,56.279998779296875,71880400.0,11.891222953796387,15.180000305175781,15.680000305175781,15.119999885559082,15.619999885559082,372908000.0,37.735145568847656,50.970001220703125,52.61000061035156,50.27000045776367,51.939998626708984,105263600.0,31.0839900970459,43.72999954223633,44.47999954223633,43.470001220703125,44.13999938964844,74435200.0,13.609038352966309,17.164907455444336,17.489845275878906,17.108041763305664,17.432981491088867,282364441.0,1235.699951171875,1235.699951171875,1267.0,1222.199951171875,1230.199951171875,2436.0,6440.0,6440.0,6571.89990234375,6433.5,6552.0,2942372900.0,,,,,
2013-12-13,,,,,,,,,,,,,,,,,,,,,,,,,,,,,,,,,,,,,,,,,,,2.88,15.76,,1.3724,1.6294
2013-12-14,41.344600677490234,57.70000076293945,58.0,55.400001525878906,56.34000015258789,111195300.0,12.220230102539062,15.600000381469727,15.869999885559082,15.0600004196167,15.220000267028809,528375700.0,38.653160095214844,52.209999084472656,52.439998626708984,50.33000183105469,51.38999938964844,119183400.0,31.95828628540039,44.959999084472656,45.20000076293945,43.4900016784668,43.970001220703125,101753700.0,13.918180465698242,17.554832458496094,17.603574752807617,17.059301376342773,17.238018035888672,376745458.0,1205.0999755859375,1205.0999755859375,1250.5999755859375,1188.699951171875,1238.4000244140625,706.0,6606.60009765625,6606.60009765625,6616.7998046875,6422.2001953125,6440.0,3512646900.0,,,,,
2013-12-20,,,,,,,,,,,,,,,,,,,,,,,,,,,,,,,,,,,,,,,,,,,2.89,13.79,,1.3673,1.6355
2013-12-21,41.65988540649414,58.13999938964844,58.459999084472656,57.79999923706055,57.970001220703125,34143900.0,12.275065422058105,15.670000076293945,15.789999961853027,15.579999923706055,15.720000267028809,163189100.0,38.690162658691406,52.2599983215332,52.689998626708984,52.08000183105469,52.4900016784668,39627500.0,32.34212875366211,45.5,45.63999938964844,45.099998474121094,45.119998931884766,31546300.0,14.10010814666748,17.7010555267334,17.725425720214844,17.611698150634766,17.63606834411621,78590610.0,1216.0999755859375,1216.0999755859375,1218.5,1195.9000244140625,1205.199951171875,725.0,6750.89990234375,6750.89990234375,6754.10009765625,6606.2001953125,6606.60009765625,744931100.0,,,,,
2013-12-27,,,,,,,,,,,,,,,,,,,,,,,,,,,,,,,,,,,,,,,,,,,3.02,12.46,,1.3766,1.6491
2013-12-28,42.03249740600586,58.65999984741211,58.95000076293945,57.709999084472656,58.13999938964844,49674900.0,12.854743957519531,16.40999984741211,16.5,15.510000228881836,15.640000343322754,392039400.0,39.5341682434082,53.400001525878906,53.470001220703125,51.810001373291016,52.25,65577400.0,32.2284049987793,45.34000015258789,45.61000061035156,44.90999984741211,45.56999969482422,56591800.0,14.164813041687012,17.782291412353516,17.839155197143555,17.611698150634766,17.7010555267334,116788417.0,1238.4000244140625,1238.4000244140625,1239.0,1182.0,1215.0,826.0,6730.7001953125,6730.7001953125,6768.39990234375,6699.2998046875,6750.89990234375,1283176400.0,,,,,
2014-01-03,,,,,,,,,,,,,,,,,,,,,,,,,,,,,,,,,,,,,,,,,,,3.01,13.76,,1.3606,1.6424
2014-01-04,42.18480682373047,58.4900016784668,59.470001220703125,58.11000061035156,59.15999984741211,76026700.0,13.136747360229492,16.770000457763672,16.93000030517578,16.450000762939453,16.6299991607666,514474100.0,40.51141357421875,54.720001220703125,55.279998779296875,53.43000030517578,53.619998931884766,127622900.0,32.65489959716797,45.939998626708984,46.20000076293945,45.220001220703125,45.529998779296875,85803200.0,14.255403518676758,17.896018981933594,17.952884674072266,17.749797821044922,17.87164878845215,226244012.0,1246.699951171875,1246.699951171875,1247.0,1218.5999755859375,1232.800048828125,454.0,6739.89990234375,6739.89990234375,6769.89990234375,6679.2998046875,6730.7001953125,3511296200.0,,,,,
2014-01-10,,,,,,,,,,,,,,,,,,,,,,,,,,,,,,,,,,,,,,,,,,,2.88,12.14,,1.3664,1.647
2014-01-11,41.910736083984375,58.11000061035156,59.81999969482422,57.529998779296875,58.5099983215332,128857900.0,13.324751853942871,17.010000228881836,17.420000076293945,16.399999618530273,16.790000915527344,776990400.0,38.697566986083984,52.27000045776367,55.16999816894531,52.130001068115234,54.459999084472656,169450700.0,32.974754333496094,46.38999938964844,46.7400016784668,44.91999816894531,45.959999084472656,104893700.0,14.190703392028809,17.81478500366211,18.001625061035156,17.59545135498047,17.87164878845215,295540696.0,1251.699951171875,1251.699951171875,1254.300048828125,1238.0999755859375,1250.5999755859375,300.0,6829.2998046875,6829.2998046875,6840.5,6694.10009765625,6739.89990234375,3573986600.0,,,,,
2014-01-17,,,,,,,,,,,,,,,,,,,,,,,,,,,,,,,,,,,,,,,,,,,2.84,12.44,,1.3554,1.6429
2014-01-18,39.73262023925781,55.09000015258789,58.439998626708984,55.09000015258789,58.09000015258789,88049500.0,12.88608169555664,16.450000762939453,17.15999984741211,16.450000762939453,17.079999923706055,423048800.0,36.520965576171875,49.33000183105469,53.0,49.08000183105469,52.5,142297800.0,32.32793045043945,45.47999954223633,46.84000015258789,45.47999954223633,46.5099983215332,67291800.0,13.660086631774902,17.14866065979004,17.928512573242188,17.14866065979004,17.91226577758789,224852737.0,1264.5,1264.5,1269.4000244140625,1235.199951171875,1256.4000244140625,360.0,6663.7001953125,6663.7001953125,6867.39990234375,6654.89990234375,6829.2998046875,3105240300.0,,,,,
2014-01-24,,,,,,,,,,,,,,,,,,,,,,,,,,,,,,,,,,,,,,,,,,,2.75,18.14,,1.368,1.6491
2014-01-25,39.927337646484375,55.36000061035156,56.38999938964844,54.689998626708984,55.08000183105469,102640100.0,13.12108325958252,16.75,16.989999771118164,16.059999465942383,16.3700008392334,588251100.0,35.11432647705078,47.43000030517578,49.86000061035156,47.290000915527344,49.099998474121094,191840100.0,32.2284049987793,45.34000015258789,46.2400016784668,45.22999954223633,45.529998779296875,97744500.0,13.627726554870605,17.108041763305664,17.3436222076416,16.945573806762695,17.173030853271484,324805012.0,1240.0999755859375,1240.0999755859375,1267.699951171875,1237.5,1259.800048828125,188236.0,6510.39990234375,6510.39990234375,6665.39990234375,6421.2998046875,6663.7001953125,4158309700.0,,,,,
2014-01-31,,,,,,,,,,,,,,,,,,,,,,,,,,,,,,,,,,,,,,,,,,,2.67,18.41,,1.35,1.645
2014-02-01,40.836082458496094,56.619998931884766,56.93000030517578,54.20000076293945,55.5,113020900.0,13.175915718078613,16.81999969482422,16.8799991607666,16.149999618530273,16.770000457763672,628494600.0,36.53596878051758,49.34000015258789,49.38999938964844,46.189998626708984,47.84000015258789,178581300.0,32.249717712402344,45.369998931884766,45.619998931884766,44.16999816894531,45.310001373291016,110099900.0,13.776562690734863,17.29488182067871,17.311128616333008,16.653127670288086,17.091794967651367,367742416.0,1263.300048828125,1263.300048828125,1273.699951171875,1241.199951171875,1242.4000244140625,6985.0,6571.7001953125,6571.7001953125,6596.2998046875,6416.7001953125,6510.39990234375,4086566900.0,,,,,
2014-02-07,,,,,,,,,,,,,,,,,,,,,,,,,,,,,,,,,,,,,,,,,,,2.71,15.29,,1.3614,1.6395
2014-02-08,41.9395751953125,58.150001525878906,58.22999954223633,56.38999938964844,56.77000045776367,76600000.0,13.081911087036133,16.700000762939453,16.920000076293945,16.600000381469727,16.709999084472656,481800100.0,36.66926193237305,49.52000045776367,50.150001525878906,48.83000183105469,49.54999923706055,105659600.0,33.01115036010742,46.130001068115234,46.279998779296875,45.220001220703125,45.38999938964844,64001000.0,14.003046989440918,17.579204559326172,17.59545135498047,17.213647842407227,17.30300521850586,224456478.0,1319.0,1319.0,1320.699951171875,1265.699951171875,1269.5999755859375,2629.0,6663.60009765625,6663.60009765625,6708.2001953125,6565.2998046875,6571.7001953125,4432450500.0,,,,,
2014-02-14,,,,,,,,,,,,,,,,,,,,,,,,,,,,,,,,,,,,,,,,,,,2.75,13.57,,1.369,1.6736
2014-02-15,41.550113677978516,57.61000061035156,58.650001525878906,57.220001220703125,58.02000045776367,62900800.0,12.76074504852295,16.290000915527344,16.739999771118164,16.18000030517578,16.700000762939453,473175900.0,35.736244201660156,48.2599983215332,49.90999984741211,47.88999938964844,49.540000915527344,98628000.0,32.63187789916992,45.599998474121094,46.33000183105469,45.25,46.290000915527344,57107900.0,13.899514198303223,17.449228286743164,17.660438537597656,17.286758422851562,17.59545135498047,197342471.0,1323.9000244140625,1323.9000244140625,1330.5999755859375,1309.0999755859375,1322.9000244140625,853.0,6838.10009765625,6838.10009765625,6859.89990234375,6661.5,6663.60009765625,4023576200.0,,,,,
2014-02-21,,,,,,,,,,,,,,,,,,,,,,,,,,,,,,,,,,,,,,,,,,,2.73,14.68,,1.3722,1.663
2014-02-22,40.9803352355957,56.81999969482422,58.22999954223633,56.13999938964844,57.619998931884766,92681400.0,12.94874382019043,16.530000686645508,16.649999618530273,16.1299991607666,16.299999237060547,471764800.0,36.01023864746094,48.630001068115234,49.47999954223633,47.68000030517578,48.33000183105469,123521900.0,33.21867752075195,46.41999816894531,46.650001525878906,45.61000061035156,45.72999954223633,71916000.0,14.04186725616455,17.627944946289062,17.725425720214844,17.35987091064453,17.457351684570312,270502525.0,1321.4000244140625,1321.4000244140625,1343.9000244140625,1321.0999755859375,1324.300048828125,1476.0,6809.7001953125,6809.7001953125,6866.39990234375,6733.5,6838.10009765625,4756244100.0,,,,,
2014-02-28,,,,,,,,,,,,,,,,,,,,,,,,,,,,,,,,,,,,,,,,,,,2.66,14.0,,1.3806,1.675
2014-03-01,42.84111785888672,59.400001525878906,59.79999923706055,55.689998626708984,56.29999923706055,92092300.0,13.575422286987305,17.329999923706055,17.6299991607666,16.190000534057617,16.299999237060547,643182700.0,36.74332046508789,49.619998931884766,50.40999984741211,47.54999923706055,47.79999923706055,128981700.0,34.31356430053711,47.95000076293945,48.47999954223633,45.959999084472656,46.11000061035156,79811100.0,14.475415229797363,18.172218322753906,18.269699096679688,17.376117706298828,17.46547508239746,316292525.0,1338.0999755859375,1338.0999755859375,1354.0999755859375,1329.199951171875,1335.9000244140625,500.0,6712.7001953125,6712.7001953125,6827.2001953125,6671.89990234375,6809.7001953125,3653294300.0,,,,,
2014-03-07,,,,,,,,,,,,,,,,,,,,,,,,,,,,,,,,,,,,,,,,,,,2.8,14.11,,1.3868,1.6725
2014-03-08,40.965911865234375,56.79999923706055,59.47999954223633,56.619998931884766,59.13999938964844,90125600.0,13.168118476867676,16.799999237060547,17.520000457763672,16.760000228881836,17.270000457763672,487398200.0,34.71437454223633,46.880001068115234,49.81999969482422,46.790000915527344,49.15999984741211,139525100.0,33.91998291015625,47.400001525878906,48.36000061035156,47.27000045776367,47.900001525878906,68842400.0,14.10658073425293,17.70918083190918,18.277822494506836,17.69293212890625,18.13159942626953,248518958.0,1379.0,1379.0,1386.5999755859375,1330.5,1336.0,322.0,6527.89990234375,6527.89990234375,6757.0,6500.39990234375,6712.7001953125,4324426200.0,,,,,
2014-03-14,,,,,,,,,,,,,,,,,,,,,,,,,,,,,,,,,,,,,,,,,,,2.65,17.82,,1.3924,1.663
2014-03-15,43.396453857421875,60.16999816894531,61.20000076293945,57.04999923706055,57.209999084472656,116467500.0,13.76381778717041,17.559999465942383,18.030000686645508,16.969999313354492,16.979999542236328,575120800.0,37.083946228027344,50.08000183105469,51.0,47.310001373291016,47.470001220703125,141028400.0,35.15083694458008,49.119998931884766,49.970001220703125,47.47999954223633,47.70000076293945,105343600.0,14.494833946228027,18.19658851623535,18.399675369262695,17.839155197143555,17.85540199279785,355384530.0,1336.0,1336.0,1391.4000244140625,1325.800048828125,1386.0999755859375,196.0,6557.2001953125,6557.2001953125,6628.2001953125,6492.60009765625,6527.89990234375,4764183100.0,,,,,
2014-03-21,,,,,,,,,,,,,,,,,,,,,,,,,,,,,,,,,,,,,,,,,,,2.75,15.0,,1.3783,1.6498
2014-03-22,43.30270767211914,60.040000915527344,61.47999954223633,59.02000045776367,60.369998931884766,111950500.0,13.309206008911133,16.979999542236328,17.649999618530273,16.829999923706055,17.6200008392334,569471300.0,34.98835754394531,47.25,50.650001525878906,47.029998779296875,50.20000076293945,227836200.0,35.27247619628906,49.290000915527344,49.790000915527344,48.459999084472656,49.47999954223633,95819900.0,14.360191345214844,17.96100616455078,18.30219268798828,17.790414810180664,18.25345230102539,303030470.0,1293.800048828125,1293.800048828125,1333.0,1285.9000244140625,1333.0,250655.0,6615.60009765625,6615.60009765625,6643.60009765625,6506.39990234375,6557.2001953125,4718452200.0,,,,,
2014-03-28,,,,,,,,,,,,,,,,,,,,,,,,,,,,,,,,,,,,,,,,,,,2.73,14.41,,1.3753,1.6637
2014-03-29,43.13682556152344,59.810001373291016,61.290000915527344,59.79999923706055,60.83000183105469,72705400.0,13.105414390563965,16.719999313354492,17.399999618530273,16.700000762939453,17.149999618530273,351832700.0,34.884674072265625,47.11000061035156,48.36000061035156,46.849998474121094,47.529998779296875,137062800.0,35.4656982421875,49.560001373291016,50.4900016784668,49.459999084472656,49.75,75636900.0,14.399163246154785,18.009748458862305,18.32656478881836,17.993501663208008,18.09098243713379,244094744.0,1303.199951171875,1303.199951171875,1306.0999755859375,1277.300048828125,1294.300048828125,7855.0,6695.60009765625,6695.60009765625,6706.2998046875,6583.10009765625,6615.60009765625,4246883600.0,,,,,
2014-04-04,,,,,,,,,,,,,,,,,,,,,,,,,,,,,,,,,,,,,,,,,,,2.74,13.96,,1.3704,1.6594
2014-04-05,40.13543701171875,55.29999923706055,60.0,54.54999923706055,59.689998626708984,128169100.0,12.360785484313965,15.770000457763672,16.700000762939453,15.619999885559082,16.690000534057617,520479000.0,33.82576370239258,45.68000030517578,47.27000045776367,45.18000030517578,47.119998931884766,137626600.0,34.406593322753906,48.08000183105469,49.66999816894531,46.720001220703125,49.58000183105469,116006200.0,13.821115493774414,17.286758422851562,18.001625061035156,17.213647842407227,17.993501663208008,366604479.0,1318.699951171875,1318.699951171875,1323.800048828125,1296.300048828125,1301.4000244140625,1019.0,6561.7001953125,6561.7001953125,6695.60009765625,6538.7998046875,6695.60009765625,3972467500.0,,,,,
2014-04-11,,,,,,,,,,,,,,,,,,,,,,,,,,,,,,,,,,,,,,,,,,,2.63,17.03,,1.3898,1.6736
2014-04-12,40.07738494873047,55.220001220703125,55.939998626708984,54.349998474121094,55.849998474121094,102777700.0,12.658639907836914,16.149999618530273,16.40999984741211,15.779999732971191,16.049999237060547,511920400.0,35.706634521484375,48.220001220703125,48.619998931884766,46.97999954223633,47.400001525878906,134489300.0,35.01486587524414,48.93000030517578,49.290000915527344,47.439998626708984,48.369998931884766,83336900.0,14.197821617126465,17.757919311523438,17.798538208007812,17.24614143371582,17.489845275878906,281421864.0,1293.4000244140625,1293.4000244140625,1330.0,1291.5,1320.0999755859375,867.0,6625.2998046875,6625.2998046875,6627.2998046875,6507.10009765625,6561.7001953125,3370775300.0,,,,,
2014-04-18,,,,,,,,,,,,,,,,,,,,,,,,,,,,,,,,,,,,,,,,,,,2.73,13.36,,1.3816,1.6792
2014-04-19,40.42574691772461,55.70000076293945,56.349998474121094,54.939998626708984,55.2599983215332,71319700.0,12.501873016357422,15.949999809265137,16.5,15.930000305175781,16.149999618530273,340123600.0,35.358585357666016,47.75,48.58000183105469,47.68000030517578,48.18000030517578,81943900.0,35.10074234008789,49.04999923706055,49.7400016784668,48.900001525878906,49.08000183105469,68883300.0,14.191329002380371,17.749797821044922,17.98537826538086,17.7010555267334,17.76604461669922,175038598.0,1300.699951171875,1300.699951171875,1304.5999755859375,1272.4000244140625,1290.0,1172.0,6685.7001953125,6685.7001953125,6724.60009765625,6625.2998046875,6625.2998046875,2676654100.0,,,,,
2014-04-25,,,,,,,,,,,,,,,,,,,,,,,,,,,,,,,,,,,,,,,,,,,2.68,14.06,,1.3838,1.681
2014-04-26,40.33867645263672,55.58000183105469,56.369998931884766,54.68000030517578,55.630001068115234,77134000.0,11.953203201293945,15.25,15.40999984741211,14.859999656677246,15.329999923706055,724721100.0,35.34378433227539,47.72999954223633,48.33000183105469,47.04999923706055,47.63999938964844,86089900.0,35.480018615722656,49.58000183105469,50.0099983215332,48.529998779296875,49.27000045776367,73361000.0,14.282252311706543,17.863525390625,18.0259952545166,17.47359848022461,17.749797821044922,203241178.0,1302.5999755859375,1302.5999755859375,1305.4000244140625,1276.699951171875,1305.4000244140625,1588.0,6822.39990234375,6822.39990234375,6838.2001953125,6682.89990234375,6685.7001953125,3496171400.0,,,,,
2014-05-02,,,,,,,,,,,,,,,,,,,,,,,,,,,,,,,,,,,,,,,,,,,2.6,12.91,,1.3864,1.6865
2014-05-03,39.199188232421875,54.0099983215332,54.7400016784668,53.2400016784668,53.880001068115234,97519600.0,11.553458213806152,14.739999771118164,15.130000114440918,14.670000076293945,15.079999923706055,391654700.0,34.8030891418457,46.9900016784668,47.4900016784668,46.31999969482422,47.20000076293945,87386000.0,35.1222038269043,49.08000183105469,49.63999938964844,48.869998931884766,49.279998779296875,68920900.0,14.243289947509766,17.81478500366211,17.92038917541504,17.53858757019043,17.7010555267334,212755208.0,1287.300048828125,1287.300048828125,1314.199951171875,1285.5,1305.5999755859375,134.0,6814.60009765625,6814.60009765625,6840.39990234375,6766.7998046875,6822.39990234375,2937674300.0,,,,,
2014-05-09,,,,,,,,,,,,,,,,,,,,,,,,,,,,,,,,,,,,,,,,,,,2.62,12.92,,1.3763,1.6849
2014-05-10,38.69115447998047,53.310001373291016,54.83000183105469,52.970001220703125,54.27000045776367,75217400.0,11.37317943572998,14.510000228881836,15.100000381469727,14.369999885559082,14.789999961853027,366240000.0,34.395729064941406,46.439998626708984,47.5099983215332,46.150001525878906,47.220001220703125,76687700.0,35.37443161010742,49.08000183105469,49.959999084472656,48.65999984741211,49.380001068115234,70714400.0,14.126375198364258,17.668561935424805,18.050365447998047,17.51421546936035,17.904142379760742,176279569.0,1293.300048828125,1293.300048828125,1306.9000244140625,1281.199951171875,1282.0999755859375,99.0,6855.7998046875,6855.7998046875,6894.89990234375,6813.5,6814.60009765625,3610063200.0,,,,,
2014-05-16,,,,,,,,,,,,,,,,,,,,,,,,,,,,,,,,,,,,,,,,,,,2.52,12.44,,1.3708,1.6827
2014-05-17,39.57660675048828,54.529998779296875,54.599998474121094,53.060001373291016,53.08000183105469,64844700.0,11.5377779006958,14.720000267028809,14.8100004196167,14.380000114440918,14.430000305175781,279529800.0,35.02527618408203,47.290000915527344,47.400001525878906,46.08000183105469,46.099998474121094,60517100.0,36.1528205871582,50.15999984741211,50.22999954223633,48.81999969482422,48.84000015258789,63888900.0,14.314729690551758,17.904142379760742,17.91226577758789,17.587326049804688,17.619821548461914,130669789.0,1291.5999755859375,1291.5999755859375,1295.0,1287.4000244140625,1293.699951171875,61.0,6815.7998046875,6815.7998046875,6862.2001953125,6782.7998046875,6855.7998046875,3210920500.0,,,,,
2014-05-23,,,,,,,,,,,,,,,,,,,,,,,,,,,,,,,,,,,,,,,,,,,2.54,11.36,,1.3628,1.6822
2014-05-24,40.33140182495117,55.56999969482422,55.91999816894531,54.689998626708984,54.75,49611500.0,11.866982460021973,15.140000343322754,15.3100004196167,14.979999542236328,15.0,283090700.0,35.232662200927734,47.56999969482422,48.349998474121094,47.150001525878906,47.619998931884766,65773400.0,36.59968948364258,50.779998779296875,50.81999969482422,50.150001525878906,50.29999923706055,54296400.0,14.477103233337402,18.107229232788086,18.13159942626953,17.944759368896484,17.944759368896484,120775995.0,1245.5999755859375,1245.5999755859375,1291.9000244140625,1241.800048828125,1291.9000244140625,210734.0,6844.5,6844.5,6882.10009765625,6815.39990234375,6815.7998046875,2740354100.0,,,,,
2014-05-30,,,,,,,,,,,,,,,,,,,,,,,,,,,,,,,,,,,,,,,,,,,2.48,11.4,,1.364,1.6764
2014-05-31,41.347496032714844,56.970001220703125,57.130001068115234,55.02000045776367,55.650001525878906,60502500.0,12.219698905944824,15.59000015258789,15.649999618530273,15.050000190734863,15.15999984741211,269387700.0,36.23994827270508,48.93000030517578,49.20000076293945,47.43000030517578,47.599998474121094,77266300.0,37.464599609375,51.97999954223633,52.02000045776367,50.75,50.939998626708984,56266300.0,14.808341979980469,18.521526336669922,18.5458984375,18.03411865234375,18.123477935791016,143328286.0,1252.0999755859375,1252.0999755859375,1256.5999755859375,1240.5,1250.0,3730.0,6858.2001953125,6858.2001953125,6874.39990234375,6795.2998046875,6844.5,3056561100.0,,,,,
2014-06-06,,,,,,,,,,,,,,,,,,,,,,,,,,,,,,,,,,,,,,,,,,,2.6,10.73,,1.3639,1.6794
2014-06-07,41.398319244384766,57.040000915527344,57.939998626708984,56.869998931884766,56.90999984741211,61552100.0,12.102128982543945,15.4399995803833,15.9399995803833,15.329999923706055,15.600000381469727,329991400.0,35.247474670410156,47.59000015258789,49.59000015258789,47.119998931884766,48.9900016784668,91458100.0,37.40693283081055,51.900001525878906,52.630001068115234,51.650001525878906,51.900001525878906,59649200.0,14.684943199157715,18.3671817779541,18.627132415771484,18.31031608581543,18.529651641845703,163033271.0,1273.699951171875,1273.699951171875,1274.699951171875,1251.0,1252.699951171875,1506.0,6777.89990234375,6777.89990234375,6879.0,6758.2001953125,6858.2001953125,2768055600.0,,,,,
2014-06-13,,,,,,,,,,,,,,,,,,,,,,,,,,,,,,,,,,,,,,,,,,,2.6,12.18,,1.3522,1.6953
2014-06-14,41.76845169067383,57.54999923706055,57.810001373291016,56.33000183105469,56.849998474121094,64878200.0,12.109967231750488,15.449999809265137,15.6899995803833,15.180000305175781,15.300000190734863,279376500.0,35.06231689453125,47.34000015258789,48.04999923706055,47.040000915527344,47.470001220703125,75786500.0,38.1204719543457,52.88999938964844,52.90999984741211,50.939998626708984,51.880001068115234,96029900.0,14.827831268310547,18.5458984375,18.60276222229004,18.229082107543945,18.334686279296875,169072679.0,1316.199951171875,1316.199951171875,1321.4000244140625,1260.9000244140625,1279.800048828125,2151.0,6825.2001953125,6825.2001953125,6840.60009765625,6736.10009765625,6777.89990234375,3277660000.0,,,,,
2014-06-20,,,,,,,,,,,,,,,,,,,,,,,,,,,,,,,,,,,,,,,,,,,2.63,10.85,,1.3586,1.7014
2014-06-21,41.753929138183594,57.529998779296875,58.220001220703125,56.599998474121094,57.540000915527344,65200200.0,12.023638725280762,15.329999923706055,15.699999809265137,15.270000457763672,15.470000267028809,330189900.0,34.9141731262207,47.13999938964844,48.47999954223633,46.91999816894531,47.130001068115234,86090100.0,38.127689361572266,52.900001525878906,53.04999923706055,52.0,52.70000076293945,66574500.0,14.840866088867188,18.489032745361328,18.627132415771484,18.277822494506836,18.5458984375,138262351.0,1319.0,1319.0,1325.5999755859375,1312.0,1312.300048828125,2488.0,6757.7998046875,6757.7998046875,6829.7998046875,6701.60009765625,6825.2001953125,3041852200.0,,,,,
2014-06-27,,,,,,,,,,,,,,,,,,,,,,,,,,,,,,,,,,,,,,,,,,,2.54,11.26,,1.3631,1.7016
2014-06-28,41.40555953979492,57.04999923706055,57.9900016784668,56.81999969482422,57.439998626708984,57810900.0,12.57266902923584,16.030000686645508,16.229999542236328,15.289999961853027,15.3100004196167,279736100.0,35.72890853881836,48.2400016784668,48.709999084472656,47.0099983215332,47.15999984741211,59407900.0,38.19976043701172,53.0,53.08000183105469,52.400001525878906,52.7400016784668,48574700.0,15.02344799041748,18.71649169921875,18.740861892700195,18.42404556274414,18.448415756225586,129849204.0,1320.4000244140625,1320.4000244140625,1331.4000244140625,1311.800048828125,1315.300048828125,1061.0,6866.10009765625,6866.10009765625,6875.2998046875,6730.5,6757.7998046875,2461501800.0,,,,,
2014-07-04,,,,,,,,,,,,,,,,,,,,,,,,,,,,,,,,,,,,,,,,,,,2.65,10.32,,1.361,1.7152
2014-07-05,40.78144836425781,55.79999923706055,56.9900016784668,54.959999084472656,56.88999938964844,65840400.0,12.062858581542969,15.380000114440918,16.0,15.25,15.989999771118164,300504200.0,34.81049346923828,47.0,48.11000061035156,46.54999923706055,48.04999923706055,73933700.0,37.111427307128906,51.4900016784668,52.97999954223633,50.81999969482422,52.900001525878906,97009000.0,14.795225143432617,18.43216896057129,18.692119598388672,18.245328903198242,18.692119598388672,154461080.0,1337.0,1337.0,1343.699951171875,1313.199951171875,1318.699951171875,255.0,6690.2001953125,6690.2001953125,6866.39990234375,6643.60009765625,6866.10009765625,2950043600.0,,,,,
2014-07-11,,,,,,,,,,,,,,,,,,,,,,,,,,,,,,,,,,,,,,,,,,,2.53,12.08,,1.3598,1.7108
2014-07-12,42.557411193847656,58.22999954223633,58.97999954223633,56.20000076293945,56.529998779296875,100506700.0,12.14913272857666,15.489999771118164,15.850000381469727,15.130000114440918,15.619999885559082,472539200.0,36.70656204223633,49.560001373291016,49.97999954223633,48.349998474121094,48.66999816894531,133460700.0,36.96006774902344,51.279998779296875,51.84000015258789,50.61000061035156,51.40999984741211,102030300.0,14.938678741455078,18.610885620117188,18.71649169921875,18.3834285736084,18.610885620117188,163281318.0,1309.199951171875,1309.199951171875,1332.800048828125,1294.0999755859375,1332.800048828125,548.0,6749.5,6749.5,6792.60009765625,6690.2001953125,6690.2001953125,2900851300.0,,,,,
2014-07-18,,,,,,,,,,,,,,,,,,,,,,,,,,,,,,,,,,,,,,,,,,,2.5,12.06,,1.3515,1.7069
2014-07-19,43.127464294433594,59.0099983215332,59.349998474121094,57.900001525878906,58.119998931884766,50983400.0,12.227561950683594,15.59000015258789,15.640000343322754,15.359999656677246,15.420000076293945,249563600.0,37.05466079711914,50.029998779296875,50.59000015258789,49.06999969482422,49.15999984741211,67510400.0,37.19071578979492,51.599998474121094,51.77000045776367,50.849998474121094,51.0,56246500.0,14.92563533782959,18.59463882446289,18.732738494873047,18.48090934753418,18.513404846191406,121715001.0,1303.0999755859375,1303.0999755859375,1315.5,1290.5999755859375,1311.0,29.0,6791.60009765625,6791.60009765625,6830.7998046875,6715.7998046875,6749.5,2801589200.0,,,,,
2014-07-25,,,,,,,,,,,,,,,,,,,,,,,,,,,,,,,,,,,,,,,,,,,2.48,12.69,,1.3431,1.6972
2014-07-26,41.2784309387207,56.47999954223633,59.279998779296875,55.970001220703125,58.939998626708984,77568600.0,11.749127388000488,14.979999542236328,15.670000076293945,14.84000015258789,15.59000015258789,360692800.0,35.625205993652344,48.099998474121094,50.27000045776367,47.900001525878906,49.95000076293945,85937400.0,36.28976821899414,50.349998474121094,52.29999923706055,50.22999954223633,51.310001373291016,77872000.0,14.48875617980957,18.050365447998047,18.675872802734375,17.969131469726562,18.578392028808594,258764570.0,1293.5999755859375,1293.5999755859375,1310.9000244140625,1279.699951171875,1307.4000244140625,225443.0,6679.2001953125,6679.2001953125,6833.7001953125,6624.7001953125,6791.60009765625,3364375100.0,,,,,
2014-08-01,,,,,,,,,,,,,,,,,,,,,,,,,,,,,,,,,,,,,,,,,,,2.52,17.03,,1.3436,1.6832
2014-08-02,41.17610549926758,56.34000015258789,56.97999954223633,55.599998474121094,56.90999984741211,66554800.0,11.92167854309082,15.199999809265137,15.4399995803833,14.899999618530273,15.069999694824219,347557400.0,35.89162063598633,48.45000076293945,48.630001068115234,47.650001525878906,48.45000076293945,67606500.0,36.03750991821289,50.0,51.029998779296875,49.470001220703125,50.54999923706055,70089900.0,14.593086242675781,18.180341720581055,18.220958709716797,17.93663787841797,18.115352630615234,238980186.0,1308.9000244140625,1308.9000244140625,1321.4000244140625,1282.5999755859375,1294.4000244140625,3259.0,6567.39990234375,6567.39990234375,6715.60009765625,6528.7001953125,6679.2001953125,3050537200.0,,,,,
2014-08-08,,,,,,,,,,,,,,,,,,,,,,,,,,,,,,,,,,,,,,,,,,,2.44,15.77,,1.3412,1.6778
2014-08-09,41.47575378417969,56.75,57.5,56.130001068115234,56.540000915527344,48372300.0,11.937365531921387,15.220000267028809,15.40999984741211,15.140000343322754,15.260000228881836,201084200.0,36.091617584228516,48.720001220703125,49.47999954223633,48.04999923706055,48.54999923706055,52879900.0,36.44192886352539,50.209999084472656,50.619998931884766,49.75,50.08000183105469,67370900.0,14.72349739074707,18.342811584472656,18.513404846191406,18.139724731445312,18.21283531188965,158932072.0,1304.5,1304.5,1316.4000244140625,1292.0,1308.4000244140625,1389.0,6689.10009765625,6689.10009765625,6742.7998046875,6567.39990234375,6567.39990234375,2528592600.0,,,,,
2014-08-15,,,,,,,,,,,,,,,,,,,,,,,,,,,,,,,,,,,,,,,,,,,2.34,13.15,,1.3392,1.6686
2014-08-16,42.747440338134766,58.4900016784668,59.08000183105469,56.7599983215332,56.86000061035156,49017400.0,12.65109634399414,16.1299991607666,16.290000915527344,15.270000457763672,15.279999732971191,442555300.0,37.72878646850586,50.93000030517578,51.66999816894531,48.970001220703125,49.04999923706055,79477800.0,37.14596176147461,51.18000030517578,51.59000015258789,50.400001525878906,50.470001220703125,46347600.0,15.07560920715332,18.781478881835938,18.895206451416016,18.42404556274414,18.43216896057129,164837917.0,1278.5999755859375,1278.5999755859375,1302.0999755859375,1272.0,1301.4000244140625,959.0,6775.2998046875,6775.2998046875,6784.60009765625,6689.10009765625,6689.10009765625,2337755000.0,,,,,
2014-08-22,,,,,,,,,,,,,,,,,,,,,,,,,,,,,,,,,,,,,,,,,,,2.4,11.47,,1.3237,1.6574
2014-08-23,43.44904327392578,59.45000076293945,59.95000076293945,58.810001373291016,58.97999954223633,53682800.0,12.61972427368164,16.09000015258789,16.459999084472656,15.989999771118164,16.270000457763672,338058700.0,38.26216506958008,51.650001525878906,52.38999938964844,51.279998779296875,51.279998779296875,68523200.0,37.334651947021484,51.439998626708984,51.75,51.0,51.47999954223633,40585300.0,15.23209285736084,18.976442337036133,19.04142951965332,18.81397247314453,18.87083625793457,126547292.0,1285.800048828125,1285.800048828125,1293.699951171875,1273.699951171875,1277.300048828125,2041.0,6819.7998046875,6819.7998046875,6831.2001953125,6775.2998046875,6775.2998046875,2238599700.0,,,,,
2014-08-29,,,,,,,,,,,,,,,,,,,,,,,,,,,,,,,,,,,,,,,,,,,2.35,11.98,,1.315,1.6585
2014-08-30,43.785247802734375,59.90999984741211,60.369998931884766,59.150001525878906,59.459999084472656,39875700.0,12.564821243286133,16.020000457763672,16.280000686645508,15.899999618530273,16.139999389648438,264172800.0,38.74367141723633,52.29999923706055,52.880001068115234,51.439998626708984,51.779998779296875,59748600.0,37.487064361572266,51.650001525878906,52.029998779296875,51.15999984741211,51.709999084472656,38134500.0,15.297308921813965,19.057676315307617,19.1551570892334,18.895206451416016,19.033306121826172,121658254.0,1265.800048828125,1265.800048828125,1286.4000244140625,1260.4000244140625,1284.5,972.0,6855.10009765625,6855.10009765625,6904.89990234375,6798.2998046875,6819.7998046875,3184991500.0,,,,,
2014-09-05,,,,,,,,,,,,,,,,,,,,,,,,,,,,,,,,,,,,,,,,,,,2.46,12.09,,1.2956,1.6312
2014-09-06,43.8729362487793,60.029998779296875,60.40999984741211,58.779998779296875,59.84000015258789,57938600.0,13.209342002868652,16.790000915527344,16.829999923706055,16.100000381469727,16.190000534057617,480401100.0,38.802947998046875,52.380001068115234,52.86000061035156,51.119998931884766,52.15999984741211,73569000.0,37.52336883544922,51.70000076293945,52.029998779296875,51.0,51.47999954223633,51378900.0,15.251665115356445,19.000812530517578,19.1389102935791,18.838342666625977,19.04142951965332,183373083.0,1229.9000244140625,1229.9000244140625,1268.4000244140625,1227.0,1268.4000244140625,144.0,6807.0,6807.0,6857.5,6764.89990234375,6855.10009765625,3121528500.0,,,,,
2014-09-12,,,,,,,,,,,,,,,,,,,,,,,,,,,,,,,,,,,,,,,,,,,2.62,13.31,,1.2955,1.6243
2014-09-13,44.662261962890625,61.11000061035156,61.849998474121094,59.45000076293945,59.779998779296875,72438300.0,13.335224151611328,16.950000762939453,17.170000076293945,16.6200008392334,16.799999237060547,435605000.0,39.61781692504883,53.47999954223633,54.130001068115234,51.90999984741211,52.369998931884766,95867100.0,38.728172302246094,53.36000061035156,53.79999923706055,51.65999984741211,51.72999954223633,76800600.0,15.421205520629883,19.21202278137207,19.398862838745117,18.93582534790039,19.000812530517578,245780352.0,1215.300048828125,1215.300048828125,1238.300048828125,1215.300048828125,1226.699951171875,43.0,6837.89990234375,6837.89990234375,6876.0,6748.10009765625,6807.0,3915084100.0,,,,,
2014-09-19,,,,,,,,,,,,,,,,,,,,,,,,,,,,,,,,,,,,,,,,,,,2.59,12.11,,1.2835,1.6314
2014-09-20,44.26028060913086,60.560001373291016,61.63999938964844,60.150001525878906,60.939998626708984,69571200.0,13.398164749145508,17.030000686645508,17.200000762939453,16.850000381469727,17.09000015258789,458903100.0,38.88443374633789,52.4900016784668,53.7400016784668,51.959999084472656,53.439998626708984,76583600.0,37.64674377441406,51.869998931884766,53.5,51.349998474121094,53.2599983215332,79725700.0,15.249224662780762,18.919578552246094,19.22014617919922,18.740861892700195,19.171405792236328,239820589.0,1214.0999755859375,1214.0999755859375,1221.199951171875,1209.5,1214.9000244140625,19522.0,6649.39990234375,6649.39990234375,6838.39990234375,6615.10009765625,6837.89990234375,3748657500.0,,,,,
2014-09-26,,,,,,,,,,,,,,,,,,,,,,,,,,,,,,,,,,,,,,,,,,,2.54,14.85,,1.2686,1.6254
2014-09-27,44.070281982421875,60.29999923706055,60.7400016784668,58.61000061035156,60.029998779296875,86947300.0,13.602718353271484,17.290000915527344,17.299999237060547,16.6299991607666,16.90999984741211,470351000.0,38.75849533081055,52.31999969482422,52.4900016784668,50.65999984741211,51.75,91661800.0,37.81367111206055,52.099998474121094,52.20000076293945,50.88999938964844,51.66999816894531,72645400.0,15.242673873901367,18.911453247070312,18.94394874572754,18.47278594970703,18.732738494873047,282775595.0,1192.199951171875,1192.199951171875,1222.199951171875,1191.0,1216.300048828125,7877.0,6527.89990234375,6527.89990234375,6658.89990234375,6446.39990234375,6649.39990234375,3794470700.0,,,,,
2014-10-03,,,,,,,,,,,,,,,,,,,,,,,,,,,,,,,,,,,,,,,,,,,2.45,14.55,,1.2517,1.5962
2014-10-04,43.057518005371094,58.52000045776367,60.79999923706055,58.5099983215332,60.779998779296875,77833000.0,12.965453147888184,16.479999542236328,17.40999984741211,16.360000610351562,17.3700008392334,509791000.0,37.12133026123047,50.11000061035156,52.66999816894531,50.11000061035156,52.56999969482422,103056700.0,36.75402069091797,50.63999938964844,52.459999084472656,50.61000061035156,52.2599983215332,76976400.0,14.78434944152832,18.342811584472656,19.04142951965332,18.334686279296875,19.04142951965332,362731753.0,1221.0,1221.0,1229.0,1182.800048828125,1187.699951171875,901.0,6340.0,6340.0,6588.2998046875,6328.39990234375,6527.89990234375,4165386600.0,,,,,
2014-10-10,,,,,,,,,,,,,,,,,,,,,,,,,,,,,,,,,,,,,,,,,,,2.31,21.24,,1.2636,1.6049
2014-10-11,41.35052490234375,56.20000076293945,59.150001525878906,54.2599983215332,58.5,136281600.0,12.753030776977539,16.209999084472656,16.670000076293945,15.430000305175781,16.479999542236328,649256400.0,37.09170913696289,50.06999969482422,51.630001068115234,48.11000061035156,50.13999938964844,173057700.0,35.33872604370117,48.689998626708984,50.97999954223633,46.439998626708984,50.61000061035156,160908400.0,14.614108085632324,18.13159942626953,18.464662551879883,17.506092071533203,18.350933074951172,450278135.0,1238.300048828125,1238.300048828125,1247.0,1227.0,1229.800048828125,788.0,6310.2998046875,6310.2998046875,6405.0,6072.7001953125,6340.0,5618399600.0,,,,,
2014-10-17,,,,,,,,,,,,,,,,,,,,,,,,,,,,,,,,,,,,,,,,,,,2.22,21.99,,1.2755,1.6086
2014-10-18,43.21937942504883,58.7400016784668,58.779998779296875,56.06999969482422,56.099998474121094,64978600.0,13.154271125793457,16.719999313354492,16.729999542236328,16.15999984741211,16.200000762939453,350385800.0,38.37327575683594,51.79999923706055,51.900001525878906,49.959999084472656,50.029998779296875,76711400.0,37.16046905517578,51.20000076293945,51.25,48.61000061035156,48.68000030517578,78040000.0,15.124823570251465,18.76523208618164,18.77335548400879,18.09098243713379,18.09098243713379,313146828.0,1231.199951171875,1231.199951171875,1251.0,1227.9000244140625,1237.300048828125,228.0,6388.7001953125,6388.7001953125,6430.2998046875,6229.39990234375,6310.2998046875,3865361300.0,,,,,
2014-10-24,,,,,,,,,,,,,,,,,,,,,,,,,,,,,,,,,,,,,,,,,,,2.29,16.11,,1.2675,1.6098
2014-10-25,44.499629974365234,60.47999954223633,60.540000915527344,58.25,58.45000076293945,74481600.0,13.500434875488281,17.15999984741211,17.219999313354492,16.5,16.68000030517578,378594500.0,39.65485382080078,53.529998779296875,53.900001525878906,51.16999816894531,51.47999954223633,93653100.0,38.53221130371094,53.09000015258789,53.16999816894531,51.0099983215332,51.310001373291016,76702500.0,15.609334945678711,19.366369247436523,19.39073944091797,18.667749404907227,18.700244903564453,216360929.0,1171.0999755859375,1171.0999755859375,1231.0,1161.4000244140625,1230.199951171875,1740.0,6546.5,6546.5,6553.39990234375,6336.10009765625,6388.7001953125,4161856300.0,,,,,
2014-10-31,,,,,,,,,,,,,,,,,,,,,,,,,,,,,,,,,,,,,,,,,,,2.35,14.03,,1.253,1.5999
2014-11-01,45.22804260253906,61.470001220703125,61.54999923706055,59.41999816894531,60.790000915527344,64007000.0,13.657782554626465,17.360000610351562,17.399999618530273,17.020000457763672,17.18000030517578,287421300.0,39.82540512084961,53.75,54.29999923706055,52.630001068115234,53.41999816894531,71387700.0,39.0765495300293,53.84000015258789,54.25,52.90999984741211,53.220001220703125,72418700.0,15.812312126159668,19.618196487426758,19.66693687438965,19.293258666992188,19.415109634399414,196551555.0,1169.5999755859375,1169.5999755859375,1172.300048828125,1133.0,1166.4000244140625,491.0,6567.2001953125,6567.2001953125,6608.2001953125,6444.89990234375,6546.5,3863485800.0,,,,,
2014-11-07,,,,,,,,,,,,,,,,,,,,,,,,,,,,,,,,,,,,,,,,,,,2.32,13.12,,1.2422,1.5844
2014-11-08,44.35247802734375,60.279998779296875,61.93000030517578,59.9900016784668,61.25,59604200.0,13.484701156616211,17.139999389648438,17.459999084472656,17.06999969482422,17.360000610351562,256897100.0,39.5512580871582,53.380001068115234,54.09000015258789,52.97999954223633,53.56999969482422,55045500.0,38.977012634277344,53.349998474121094,54.099998474121094,53.119998931884766,53.68000030517578,58028500.0,15.753387451171875,19.545085906982422,19.748172760009766,19.520715713500977,19.618196487426758,158687965.0,1185.0,1185.0,1191.0,1148.0,1171.0,1612.0,6654.39990234375,6654.39990234375,6654.39990234375,6566.7998046875,6567.2001953125,3392328400.0,,,,,
2014-11-14,,,,,,,,,,,,,,,,,,,,,,,,,,,,,,,,,,,,,,,,,,,2.32,13.31,,1.2494,1.5657
2014-11-15,44.47755813598633,60.45000076293945,61.06999969482422,59.75,60.0,50383300.0,13.468969345092773,17.1200008392334,17.219999313354492,16.829999923706055,17.059999465942383,244977700.0,39.75872039794922,53.65999984741211,54.349998474121094,53.04999923706055,53.060001373291016,56628600.0,39.313072204589844,53.810001373291016,54.09000015258789,52.869998931884766,53.099998474121094,59562300.0,15.851597785949707,19.66693687438965,19.788789749145508,19.43947982788086,19.48822021484375,107611312.0,1197.5,1197.5,1202.4000244140625,1180.5999755859375,1183.0999755859375,65.0,6750.7998046875,6750.7998046875,6773.10009765625,6616.10009765625,6654.39990234375,3479360200.0,,,,,
2014-11-21,,,,,,,,,,,,,,,,,,,,,,,,,,,,,,,,,,,,,,,,,,,2.31,12.9,,1.2394,1.5672
2014-11-22,44.26417541503906,60.15999984741211,61.310001373291016,59.95000076293945,60.70000076293945,37523800.0,13.406023979187012,17.040000915527344,17.280000686645508,17.030000686645508,17.15999984741211,152717200.0,39.9884033203125,53.970001220703125,54.52000045776367,53.7599983215332,53.939998626708984,41527000.0,39.80257034301758,54.47999954223633,54.7400016784668,53.79999923706055,54.060001373291016,48265200.0,15.97599983215332,19.8212833404541,19.910642623901367,19.71567726135254,19.731924057006836,72293429.0,1175.199951171875,1175.199951171875,1201.0,1163.800048828125,1197.699951171875,297242.0,6722.60009765625,6722.60009765625,6765.0,6667.10009765625,6750.7998046875,3531183900.0,,,,,
2014-11-28,,,,,,,,,,,,,,,,,,,,,,,,,,,,,,,,,,,,,,,,,,,2.18,13.33,,1.2438,1.5638
2014-11-29,46.133052825927734,62.70000076293945,63.060001373291016,59.54999923706055,59.97999954223633,69020000.0,13.909537315368652,17.68000030517578,17.709999084472656,16.729999542236328,16.920000076293945,375459300.0,41.55178451538086,56.08000183105469,56.4900016784668,53.04999923706055,53.79999923706055,86364800.0,40.20439147949219,55.029998779296875,55.349998474121094,53.70000076293945,54.41999816894531,68136500.0,16.25099754333496,20.1624698638916,20.235580444335938,19.634443283081055,19.71567726135254,136371658.0,1190.0999755859375,1190.0999755859375,1220.4000244140625,1141.699951171875,1160.0,8118.0,6742.7998046875,6742.7998046875,6753.2001953125,6637.39990234375,6722.60009765625,3468365200.0,,,,,
2014-12-05,,,,,,,,,,,,,,,,,,,,,,,,,,,,,,,,,,,,,,,,,,,2.31,11.82,,1.2304,1.56
2014-12-06,44.175880432128906,60.040000915527344,63.15999984741211,59.959999084472656,62.599998474121094,99116800.0,13.516240119934082,17.1299991607666,17.8700008392334,17.1299991607666,17.65999984741211,469645500.0,39.56606674194336,53.400001525878906,56.95000076293945,53.22999954223633,55.97999954223633,114304900.0,39.232704162597656,53.70000076293945,55.18000030517578,53.65999984741211,54.95000076293945,90945200.0,15.805764198303223,19.61007308959961,20.365556716918945,19.585702896118164,20.138099670410156,292281623.0,1222.0,1222.0,1238.0,1187.199951171875,1190.5999755859375,1270.0,6300.60009765625,6300.60009765625,6742.7998046875,6297.39990234375,6742.7998046875,3708750400.0,,,,,
2014-12-12,,,,,,,,,,,,,,,,,,,,,,,,,,,,,,,,,,,,,,,,,,,2.1,21.08,,1.2484,1.5728
2014-12-13,45.56650161743164,61.93000030517578,62.349998474121094,58.11000061035156,60.7400016784668,98705800.0,13.902872085571289,17.6200008392334,17.700000762939453,16.59000015258789,17.299999237060547,474503600.0,40.018043518066406,54.0099983215332,54.47999954223633,51.11000061035156,54.08000183105469,129084500.0,39.78065872192383,54.45000076293945,55.41999816894531,52.72999954223633,54.0099983215332,126469500.0,16.159330368041992,20.04874038696289,20.154346466064453,19.236392974853516,19.72380256652832,240597719.0,1195.9000244140625,1195.9000244140625,1223.0999755859375,1184.0,1223.0999755859375,687.0,6545.2998046875,6545.2998046875,6566.89990234375,6144.7001953125,6300.60009765625,4881099700.0,,,,,
2014-12-19,,,,,,,,,,,,,,,,,,,,,,,,,,,,,,,,,,,,,,,,,,,2.17,16.49,,1.2235,1.5609
2014-12-20,46.02268981933594,62.54999923706055,62.970001220703125,61.61000061035156,62.15999984741211,44125000.0,14.18692398071289,17.979999542236328,18.100000381469727,17.549999237060547,17.649999618530273,234828300.0,40.3292350769043,54.43000030517578,54.900001525878906,53.52000045776367,54.040000915527344,36671800.0,40.38704299926758,55.279998779296875,55.7400016784668,54.34000015258789,54.459999084472656,40724200.0,16.419574737548828,20.268075942993164,20.373680114746094,20.05686378479004,20.10560417175293,70325922.0,1195.300048828125,1195.300048828125,1198.0,1172.699951171875,1198.0,602.0,6609.89990234375,6609.89990234375,6621.0,6545.2998046875,6545.2998046875,1117396100.0,,,,,
2014-12-26,,,,,,,,,,,,,,,,,,,,,,,,,,,,,,,,,,,,,,,,,,,2.25,14.5,,1.2188,1.5549
2014-12-27,45.978538513183594,62.4900016784668,63.4900016784668,62.06999969482422,62.41999816894531,49248700.0,14.123804092407227,17.899999618530273,18.209999084472656,17.68000030517578,17.969999313354492,206575100.0,40.203285217285156,54.2599983215332,55.08000183105469,53.790000915527344,54.13999938964844,39406900.0,39.96330642700195,54.70000076293945,55.95000076293945,54.189998626708984,55.08000183105469,41926700.0,16.274791717529297,20.089357376098633,20.422420501708984,19.935012817382812,20.251827239990234,112806377.0,1186.0,1186.0,1210.300048828125,1169.5,1186.5,601.0,6547.7998046875,6547.7998046875,6652.0,6510.60009765625,6609.89990234375,1181420000.0,,,,,
2015-01-02,,,,,,,,,,,,,,,,,,,,,,,,,,,,,,,,,,,,,,,,,,,2.12,17.79,,1.2015,1.5361
2015-01-03,43.941707611083984,59.34000015258789,62.279998779296875,58.349998474121094,62.060001373291016,105385200.0,13.397882461547852,16.979999542236328,17.809999465942383,16.780000686645508,17.790000915527344,512654800.0,37.62480926513672,50.779998779296875,53.959999084472656,50.529998779296875,53.90999984741211,118472900.0,38.487510681152344,52.68000030517578,54.36000061035156,51.849998474121094,54.13999938964844,82198800.0,15.873346328735352,19.593826293945312,20.0,19.27701187133789,19.959383010864258,218808527.0,1216.0,1216.0,1220.199951171875,1180.0999755859375,1180.300048828125,731.0,6501.10009765625,6501.10009765625,6580.7998046875,6328.60009765625,6547.7998046875,3806904400.0,,,,,
2015-01-09,,,,,,,,,,,,,,,,,,,,,,,,,,,,,,,,,,,,,,,,,,,1.98,17.55,,1.183,1.5151
2015-01-10,41.41659164428711,55.93000030517578,59.70000076293945,54.5,59.279998779296875,158529200.0,12.135422706604004,15.380000114440918,17.030000686645508,14.970000267028809,17.020000457763672,701431000.0,35.27604293823242,47.61000061035156,51.22999954223633,46.599998474121094,50.81999969482422,171664800.0,37.72768783569336,51.63999938964844,52.689998626708984,50.41999816894531,52.58000183105469,134958100.0,15.458747863769531,19.082046508789062,19.691307067871094,18.732738494873047,19.593826293945312,303035886.0,1276.9000244140625,1276.9000244140625,1279.699951171875,1219.0999755859375,1224.199951171875,315.0,6550.2998046875,6550.2998046875,6558.7998046875,6298.2001953125,6501.10009765625,4032934400.0,,,,,
2015-01-16,,,,,,,,,,,,,,,,,,,,,,,,,,,,,,,,,,,,,,,,,,,1.83,20.95,,1.1517,1.5132
2015-01-17,41.97195816040039,56.68000030517578,57.869998931884766,55.189998626708984,56.040000915527344,92201900.0,12.411585807800293,15.729999542236328,16.190000534057617,15.149999618530273,15.59000015258789,510876000.0,36.02438735961914,48.619998931884766,49.7599983215332,47.150001525878906,47.97999954223633,97071600.0,38.911251068115234,53.2599983215332,53.97999954223633,51.70000076293945,51.97999954223633,74887700.0,15.643014907836914,19.30950355529785,19.545085906982422,18.87083625793457,19.1389102935791,219997302.0,1292.5999755859375,1292.5999755859375,1303.5,1273.800048828125,1278.9000244140625,389.0,6832.7998046875,6832.7998046875,6841.7001953125,6548.0,6550.2998046875,3827894900.0,,,,,
2015-01-23,,,,,,,,,,,,,,,,,,,,,,,,,,,,,,,,,,,,,,,,,,,1.81,16.66,,1.1279,1.5022
2015-01-24,40.268795013427734,54.380001068115234,56.9900016784668,54.369998931884766,56.40999984741211,99489600.0,11.953943252563477,15.149999618530273,15.930000305175781,15.149999618530273,15.720000267028809,437453700.0,34.78702926635742,46.95000076293945,49.029998779296875,46.83000183105469,48.47999954223633,99879500.0,37.9322624206543,51.91999816894531,53.599998474121094,51.900001525878906,52.90999984741211,85010900.0,15.142858505249023,18.692119598388672,19.415109634399414,18.683996200561523,19.27701187133789,263121572.0,1278.5,1278.5,1291.699951171875,1251.0,1289.5,257042.0,6749.39990234375,6749.39990234375,6865.0,6749.39990234375,6832.7998046875,3609300200.0,,,,,
2015-01-30,,,,,,,,,,,,,,,,,,,,,,,,,,,,,,,,,,,,,,,,,,,1.68,20.97,,1.129,1.5026
2015-01-31,42.867977142333984,57.88999938964844,58.72999954223633,54.27000045776367,54.529998779296875,90563400.0,13.011255264282227,16.489999771118164,16.75,15.119999885559082,15.270000457763672,543691200.0,36.41741180419922,49.13999938964844,49.95000076293945,46.900001525878906,47.20000076293945,105343600.0,39.78065872192383,54.45000076293945,55.08000183105469,51.9900016784668,52.189998626708984,85007900.0,15.886513710021973,19.61007308959961,19.805036544799805,18.59463882446289,18.740861892700195,280166369.0,1233.9000244140625,1233.9000244140625,1284.699951171875,1228.0,1284.0999755859375,5267.0,6853.39990234375,6853.39990234375,6886.2998046875,6732.0,6749.39990234375,3810842800.0,,,,,
2015-02-06,,,,,,,,,,,,,,,,,,,,,,,,,,,,,,,,,,,,,,,,,,,1.95,17.29,,1.133,1.5247
2015-02-07,44.18608474731445,59.66999816894531,60.220001220703125,57.22999954223633,57.41999816894531,83492000.0,13.105941772460938,16.610000610351562,16.790000915527344,16.209999084472656,16.350000381469727,505806900.0,37.94406509399414,51.20000076293945,51.4900016784668,48.439998626708984,48.86000061035156,93043400.0,40.69001388549805,55.33000183105469,55.560001373291016,53.65999984741211,54.27000045776367,79347000.0,16.077363967895508,19.845653533935547,19.926889419555664,19.463851928710938,19.520715713500977,177082428.0,1226.5,1226.5,1245.0,1217.9000244140625,1237.5,816.0,6873.5,6873.5,6887.60009765625,6778.0,6853.39990234375,3561798900.0,,,,,
2015-02-13,,,,,,,,,,,,,,,,,,,,,,,,,,,,,,,,,,,,,,,,,,,2.02,14.69,,1.1408,1.5394
2015-02-14,44.2823600769043,59.79999923706055,60.13999938964844,58.349998474121094,59.36000061035156,56222400.0,12.924458503723145,16.3799991607666,16.68000030517578,16.010000228881836,16.520000457763672,350775900.0,38.37389373779297,51.779998779296875,51.90999984741211,50.36000061035156,50.95000076293945,62937600.0,40.32231521606445,54.83000183105469,55.459999084472656,54.029998779296875,55.310001373291016,50973900.0,16.08394432067871,19.853776931762695,19.959383010864258,19.55320930480957,19.813159942626953,116013502.0,1204.4000244140625,1204.4000244140625,1234.0,1197.800048828125,1227.699951171875,467.0,6915.2001953125,6915.2001953125,6921.2998046875,6819.7998046875,6873.5,3112105700.0,,,,,
2015-02-20,,,,,,,,,,,,,,,,,,,,,,,,,,,,,,,,,,,,,,,,,,,2.13,14.3,,1.1372,1.5385
2015-02-21,45.37830352783203,61.279998779296875,61.91999816894531,58.79999923706055,59.5,88730300.0,12.474712371826172,15.8100004196167,16.549999237060547,15.619999885559082,16.31999969482422,510483200.0,38.84819412231445,52.41999816894531,52.869998931884766,50.75,51.529998779296875,81146000.0,40.29289627075195,54.790000915527344,55.58000183105469,54.27000045776367,54.68000030517578,62705800.0,16.024709701538086,19.78066635131836,19.983753204345703,19.699430465698242,19.82940673828125,152653356.0,1212.5999755859375,1212.5999755859375,1219.0,1191.5999755859375,1201.300048828125,1744.0,6946.7001953125,6946.7001953125,6967.2001953125,6885.89990234375,6915.2001953125,3873816500.0,,,,,
2015-02-27,,,,,,,,,,,,,,,,,,,,,,,,,,,,,,,,,,,,,,,,,,,2.0,13.34,,1.1197,1.5439
2015-02-28,45.08949661254883,60.88999938964844,62.869998931884766,60.79999923706055,61.279998779296875,77030200.0,12.798215866088867,16.219999313354492,16.6200008392334,15.720000267028809,15.789999961853027,448251000.0,39.32249450683594,53.060001373291016,54.0099983215332,52.04999923706055,52.41999816894531,112514600.0,40.145816802978516,54.59000015258789,55.58000183105469,54.5099983215332,54.790000915527344,68275900.0,15.945738792419434,19.683183670043945,20.032493591308594,19.65069007873535,19.788789749145508,206011912.0,1164.0999755859375,1164.0999755859375,1222.699951171875,1163.699951171875,1214.300048828125,399.0,6911.7998046875,6911.7998046875,6974.2998046875,6862.89990234375,6946.7001953125,3851129900.0,,,,,
2015-03-06,,,,,,,,,,,,,,,,,,,,,,,,,,,,,,,,,,,,,,,,,,,2.24,15.2,,1.0855,1.5063
2015-03-07,45.17095184326172,61.0,61.86000061035156,59.959999084472656,60.84000015258789,77040600.0,12.735339164733887,16.09000015258789,16.329999923706055,15.789999961853027,16.309999465942383,459414600.0,39.67822265625,53.540000915527344,54.720001220703125,51.22999954223633,52.880001068115234,150019300.0,40.69736862182617,55.34000015258789,55.650001525878906,53.290000915527344,54.779998779296875,91132300.0,16.004972457885742,19.756296157836914,19.910642623901367,19.350122451782227,19.699430465698242,204185601.0,1152.5999755859375,1152.5999755859375,1174.199951171875,1147.699951171875,1169.4000244140625,320.0,6740.60009765625,6740.60009765625,6911.7998046875,6693.7998046875,6911.7998046875,3860933400.0,,,,,
2015-03-13,,,,,,,,,,,,,,,,,,,,,,,,,,,,,,,,,,,,,,,,,,,2.13,16.0,,1.0524,1.4755
2015-03-14,45.72633743286133,61.75,62.099998474121094,60.7599983215332,61.5,72491200.0,12.537463188171387,15.84000015258789,16.219999313354492,15.609999656677246,16.110000610351562,426146000.0,39.2631950378418,52.97999954223633,54.040000915527344,52.20000076293945,53.7400016784668,92934400.0,41.19009780883789,56.0099983215332,56.279998779296875,55.2400016784668,55.5,89941700.0,16.261627197265625,20.073110580444336,20.129976272583008,19.788789749145508,19.8375301361084,210776622.0,1184.800048828125,1184.800048828125,1185.4000244140625,1144.300048828125,1159.699951171875,332.0,7022.5,7022.5,7024.2001953125,6740.60009765625,6740.60009765625,4444323200.0,,,,,
2015-03-20,,,,,,,,,,,,,,,,,,,,,,,,,,,,,,,,,,,,,,,,,,,1.93,13.02,,1.0792,1.4923
2015-03-21,44.097232818603516,59.54999923706055,62.08000183105469,58.869998931884766,61.75,67987900.0,12.117962837219238,15.3100004196167,15.880000114440918,15.260000228881836,15.819999694824219,389208300.0,37.79584884643555,51.0,53.04999923706055,50.470001220703125,53.029998779296875,79346800.0,39.80017852783203,54.119998931884766,56.290000915527344,53.959999084472656,56.029998779296875,74457400.0,15.807095527648926,19.43947982788086,20.129976272583008,19.317628860473633,20.032493591308594,159996395.0,1199.800048828125,1199.800048828125,1213.699951171875,1181.199951171875,1181.5999755859375,172755.0,6855.0,6855.0,7065.10009765625,6839.89990234375,7022.5,3695265300.0,,,,,
2015-03-27,,,,,,,,,,,,,,,,,,,,,,,,,,,,,,,,,,,,,,,,,,,1.95,15.07,,1.0891,1.4878
2015-03-28,44.81550598144531,60.52000045776367,61.459999084472656,59.72999954223633,60.880001068115234,68801600.0,12.30001163482666,15.539999961853027,15.619999885559082,15.25,15.420000076293945,255814400.0,38.43317794799805,51.86000061035156,52.220001220703125,51.0099983215332,51.33000183105469,62762700.0,39.9840202331543,54.369998931884766,55.02000045776367,53.779998779296875,54.38999938964844,53948700.0,15.992053031921387,19.66693687438965,19.77254295349121,19.43135643005371,19.585702896118164,128849386.0,1200.9000244140625,1200.9000244140625,1208.199951171875,1178.199951171875,1198.0,44715.0,6833.5,6833.5,6914.60009765625,6765.10009765625,6855.0,2916106600.0,,,,,
2015-04-03,,,,,,,,,,,,,,,,,,,,,,,,,,,,,,,,,,,,,,,,,,,1.85,14.67,,1.099,1.4916
2015-04-04,45.993003845214844,61.70000076293945,61.779998779296875,59.650001525878906,59.91999816894531,56862900.0,12.44248104095459,15.720000267028809,15.789999961853027,15.34000015258789,15.390000343322754,261733100.0,38.85562515258789,52.43000030517578,52.68000030517578,50.97999954223633,51.15999984741211,63209900.0,39.947261810302734,54.31999969482422,54.47999954223633,53.560001373291016,53.81999969482422,51279400.0,16.01186180114746,19.691307067871094,19.756296157836914,19.463851928710938,19.50446891784668,108317660.0,1204.5999755859375,1204.5999755859375,1224.199951171875,1193.0,1209.9000244140625,1708.0,7089.7998046875,7089.7998046875,7095.39990234375,6833.5,6833.5,3070155600.0,,,,,
2015-04-10,,,,,,,,,,,,,,,,,,,,,,,,,,,,,,,,,,,,,,,,,,,1.96,12.58,,1.0598,1.4648
2015-04-11,46.84278869628906,62.84000015258789,64.4800033569336,61.5,61.63999938964844,114838000.0,12.315841674804688,15.5600004196167,15.949999809265137,15.5,15.779999732971191,452641000.0,39.32991027832031,53.06999969482422,54.459999084472656,52.380001068115234,52.47999954223633,105917800.0,39.74869155883789,54.04999923706055,55.06999969482422,53.56999969482422,54.33000183105469,94334000.0,15.939207077026367,19.60194969177246,19.935012817382812,19.528837203979492,19.6588134765625,193277588.0,1202.9000244140625,1202.9000244140625,1208.5,1184.0999755859375,1208.0999755859375,1386.0,6994.60009765625,6994.60009765625,7119.39990234375,6979.2998046875,7089.7998046875,3512575600.0,,,,,
2015-04-17,,,,,,,,,,,,,,,,,,,,,,,,,,,,,,,,,,,,,,,,,,,1.87,13.89,,1.078,1.4942
2015-04-18,46.663875579833984,62.599998474121094,63.599998474121094,62.029998779296875,63.220001220703125,64673900.0,12.37916088104248,15.640000343322754,15.829999923706055,15.430000305175781,15.619999885559082,281833600.0,39.20392990112305,52.900001525878906,53.56999969482422,52.25,53.29999923706055,72357900.0,40.22671890258789,54.70000076293945,55.119998931884766,54.15999984741211,54.34000015258789,67771100.0,16.03829002380371,19.72380256652832,19.805036544799805,19.536962509155273,19.675060272216797,121652467.0,1175.199951171875,1175.199951171875,1206.9000244140625,1174.5999755859375,1205.699951171875,576.0,7070.7001953125,7070.7001953125,7105.10009765625,6994.60009765625,6994.60009765625,3536160500.0,,,,,
2015-04-24,,,,,,,,,,,,,,,,,,,,,,,,,,,,,,,,,,,,,,,,,,,1.93,12.29,,1.0876,1.5176
2015-04-25,47.41675567626953,63.61000061035156,63.88999938964844,61.77000045776367,62.70000076293945,69536400.0,12.751167297363281,16.110000610351562,16.149999618530273,15.5,15.630000114440918,422588200.0,39.841251373291016,53.7599983215332,53.9900016784668,52.25,52.880001068115234,84858100.0,40.58706283569336,55.189998626708984,55.7599983215332,54.709999084472656,54.790000915527344,79672400.0,16.077919006347656,19.77254295349121,19.845653533935547,19.528837203979492,19.748172760009766,176532787.0,1174.5,1174.5,1214.0,1170.0,1182.300048828125,875.0,6986.0,6986.0,7122.7001953125,6906.2001953125,7070.7001953125,3987781300.0,,,,,
2015-05-01,,,,,,,,,,,,,,,,,,,,,,,,,,,,,,,,,,,,,,,,,,,2.12,12.7,,1.1194,1.5137
2015-05-02,48.81816101074219,65.48999786376953,65.6500015258789,63.25,63.68000030517578,82595300.0,13.020277976989746,16.450000762939453,16.610000610351562,16.079999923706055,16.139999389648438,439296000.0,40.0339469909668,54.02000045776367,54.29999923706055,52.349998474121094,53.849998474121094,88041700.0,41.219505310058594,56.04999923706055,56.20000076293945,54.45000076293945,55.27000045776367,74921200.0,16.35535430908203,20.11372947692871,20.11372947692871,19.55320930480957,19.853776931762695,181716896.0,1189.0999755859375,1189.0999755859375,1198.699951171875,1177.5,1177.5,195.0,7046.7998046875,7046.7998046875,7053.2001953125,6810.10009765625,6986.0,4234741300.0,,,,,
2015-05-08,,,,,,,,,,,,,,,,,,,,,,,,,,,,,,,,,,,,,,,,,,,2.16,12.86,,1.1241,1.5455
2015-05-09,49.108882904052734,65.87999725341797,66.18000030517578,64.76000213623047,65.26000213623047,61442700.0,12.941130638122559,16.350000381469727,16.59000015258789,16.299999237060547,16.450000762939453,273537200.0,40.23508834838867,54.2400016784668,54.72999954223633,53.22999954223633,53.91999816894531,67672100.0,41.10639572143555,55.52000045776367,56.130001068115234,55.0,55.91999816894531,60424700.0,16.315725326538086,20.064987182617188,20.17059326171875,19.805036544799805,20.11372947692871,171486056.0,1225.5,1225.5,1225.5999755859375,1179.300048828125,1189.699951171875,117.0,6960.5,6960.5,7083.7001953125,6884.60009765625,7046.7998046875,3735276500.0,,,,,
2015-05-15,,,,,,,,,,,,,,,,,,,,,,,,,,,,,,,,,,,,,,,,,,,2.14,12.38,,1.1428,1.5772
2015-05-16,49.54869842529297,66.47000122070312,67.19000244140625,65.80000305175781,65.80000305175781,59471000.0,13.257730484008789,16.75,16.850000381469727,16.309999465942383,16.309999465942383,306948900.0,40.77659606933594,54.970001220703125,55.369998931884766,54.16999816894531,54.189998626708984,68330800.0,41.46177291870117,56.0,56.70000076293945,55.54999923706055,55.58000183105469,63158900.0,16.421411514282227,20.194963455200195,20.357433319091797,20.04874038696289,20.073110580444336,129109126.0,1204.300048828125,1204.300048828125,1228.0999755859375,1203.699951171875,1224.5,79.0,7031.7001953125,7031.7001953125,7061.7001953125,6931.60009765625,6960.5,3404795900.0,,,,,
2015-05-22,,,,,,,,,,,,,,,,,,,,,,,,,,,,,,,,,,,,,,,,,,,2.21,12.13,,1.1033,1.5484
2015-05-23,49.034339904785156,65.77999877929688,66.6500015258789,65.30999755859375,66.19999694824219,52643100.0,13.059855461120605,16.5,16.75,16.43000030517578,16.729999542236328,305311100.0,40.116390228271484,54.08000183105469,54.97999954223633,53.869998931884766,54.75,57486200.0,41.432167053222656,55.959999084472656,56.310001373291016,55.459999084472656,55.970001220703125,56025400.0,16.249670028686523,19.983753204345703,20.211210250854492,19.935012817382812,20.1624698638916,140027604.0,1189.4000244140625,1189.4000244140625,1193.5999755859375,1179.5999755859375,1193.5999755859375,257709.0,6984.39990234375,6984.39990234375,7069.89990234375,6930.2998046875,7031.7001953125,3105414800.0,,,,,
2015-05-29,,,,,,,,,,,,,,,,,,,,,,,,,,,,,,,,,,,,,,,,,,,2.12,13.84,,1.0994,1.5286
2015-05-30,50.2568359375,67.41999816894531,67.83999633789062,65.58000183105469,65.98999786376953,72275200.0,13.60599422454834,17.190000534057617,17.350000381469727,16.469999313354492,16.579999923706055,398182600.0,41.71866989135742,56.2400016784668,56.58000183105469,54.130001068115234,54.68000030517578,102180200.0,41.913414001464844,56.61000061035156,57.220001220703125,55.7400016784668,56.2400016784668,79610000.0,16.37516975402832,20.138099670410156,20.268075942993164,19.902517318725586,20.089357376098633,180261732.0,1167.800048828125,1167.800048828125,1204.0,1164.0,1190.5999755859375,3706.0,6804.60009765625,6804.60009765625,7037.60009765625,6785.2001953125,6984.39990234375,3798858000.0,,,,,
2015-06-05,,,,,,,,,,,,,,,,,,,,,,,,,,,,,,,,,,,,,,,,,,,2.41,14.21,,1.1108,1.5267
2015-06-06,50.87555694580078,68.25,68.68000030517578,66.47000122070312,67.45999908447266,70845700.0,13.884971618652344,17.489999771118164,17.68000030517578,17.0,17.270000457763672,384838500.0,42.36402893066406,57.11000061035156,57.5,55.220001220703125,56.25,84478000.0,42.268795013427734,57.09000015258789,57.56999969482422,56.0,56.939998626708984,74923000.0,16.54030990600586,20.3411865234375,20.471162796020508,19.95125961303711,20.17059326171875,215643995.0,1178.800048828125,1178.800048828125,1190.0999755859375,1169.0999755859375,1169.5,822.0,6784.89990234375,6784.89990234375,6870.2001953125,6734.2001953125,6804.60009765625,3310882900.0,,,,,
2015-06-12,,,,,,,,,,,,,,,,,,,,,,,,,,,,,,,,,,,,,,,,,,,2.39,13.78,,1.1278,1.5587
2015-06-13,50.74884796142578,68.08000183105469,68.81999969482422,67.30000305175781,67.58000183105469,78663000.0,13.630928993225098,17.170000076293945,17.600000381469727,17.1200008392334,17.329999923706055,385052000.0,41.71126174926758,56.22999954223633,57.150001525878906,55.97999954223633,56.619998931884766,86643900.0,42.23919677734375,57.04999923706055,57.84000015258789,56.47999954223633,56.650001525878906,95435400.0,16.342144012451172,20.097482681274414,20.56052017211914,20.097482681274414,20.211210250854492,249563091.0,1201.5,1201.5,1203.0999755859375,1172.699951171875,1179.9000244140625,571.0,6710.5,6710.5,6784.89990234375,6625.2001953125,6784.89990234375,4007150200.0,,,,,
2015-06-19,,,,,,,,,,,,,,,,,,,,,,,,,,,,,,,,,,,,,,,,,,,2.26,13.96,,1.1335,1.5881
2015-06-20,51.39735412597656,68.94999694824219,69.81999969482422,68.63999938964844,68.87000274658203,74842100.0,13.821456909179688,17.40999984741211,17.719999313354492,17.350000381469727,17.360000610351562,304275900.0,41.7928466796875,56.34000015258789,57.63999938964844,56.099998474121094,56.86000061035156,72787700.0,42.52793884277344,57.439998626708984,58.2599983215332,57.130001068115234,57.58000183105469,75661500.0,16.513111114501953,20.21933364868164,20.51177978515625,20.138099670410156,20.38992691040039,175210692.0,1172.9000244140625,1172.9000244140625,1197.800048828125,1170.5,1197.800048828125,756.0,6753.7001953125,6753.7001953125,6873.39990234375,6710.5,6710.5,3250491500.0,,,,,
2015-06-26,,,,,,,,,,,,,,,,,,,,,,,,,,,,,,,,,,,,,,,,,,,2.49,14.02,,1.1156,1.5739
2015-06-27,50.331390380859375,67.5199966430664,68.38999938964844,67.16000366210938,67.68000030517578,67399100.0,13.51978588104248,17.030000686645508,17.309999465942383,16.850000381469727,17.1299991607666,314697900.0,41.073307037353516,55.369998931884766,56.0099983215332,54.810001373291016,55.040000915527344,69666700.0,42.00967025756836,56.7400016784668,57.20000076293945,55.9900016784668,56.79999923706055,58908500.0,16.347248077392578,20.016246795654297,20.154346466064453,19.72380256652832,20.0,206752236.0,1163.0,1163.0,1186.0,1155.5,1185.0999755859375,1168.0,6585.7998046875,6585.7998046875,6753.7001953125,6521.0,6753.7001953125,3474003300.0,,,,,
2015-07-03,,,,,,,,,,,,,,,,,,,,,,,,,,,,,,,,,,,,,,,,,,,2.4,16.79,,1.109,1.5614
2015-07-04,50.30773162841797,67.05000305175781,67.45999908447266,65.20999908447266,66.87999725341797,80996600.0,13.257803916931152,16.700000762939453,17.010000228881836,16.219999313354492,16.780000686645508,411710100.0,40.47246170043945,54.560001373291016,55.25,52.77000045776367,54.790000915527344,111005900.0,41.52101135253906,56.08000183105469,56.529998779296875,55.08000183105469,56.099998474121094,67313300.0,16.347248077392578,20.016246795654297,20.064987182617188,19.593826293945312,19.788789749145508,220448096.0,1157.699951171875,1157.699951171875,1173.0,1146.4000244140625,1171.0999755859375,1260.0,6673.39990234375,6673.39990234375,6687.60009765625,6430.39990234375,6585.7998046875,3755896200.0,,,,,
2015-07-10,,,,,,,,,,,,,,,,,,,,,,,,,,,,,,,,,,,,,,,,,,,2.42,16.83,,1.115,1.5503
2015-07-11,51.928375244140625,69.20999908447266,69.94999694824219,67.68000030517578,67.88999938964844,85328700.0,14.369232177734375,18.100000381469727,18.15999984741211,16.860000610351562,16.969999313354492,524983200.0,43.580589294433594,58.75,58.88999938964844,55.040000915527344,55.040000915527344,119588600.0,42.898128509521484,57.939998626708984,58.349998474121094,56.38999938964844,56.560001373291016,78905900.0,16.84482765197754,20.625507354736328,20.69049644470215,20.146223068237305,20.186840057373047,193112264.0,1131.800048828125,1131.800048828125,1159.0,1130.199951171875,1159.0,202.0,6775.10009765625,6775.10009765625,6805.10009765625,6673.39990234375,6673.39990234375,2959723700.0,,,,,
2015-07-17,,,,,,,,,,,,,,,,,,,,,,,,,,,,,,,,,,,,,,,,,,,2.34,11.95,,1.0848,1.5624
2015-07-18,51.70328903198242,68.91000366210938,70.61000061035156,68.68000030517578,69.5,65411500.0,14.21046257019043,17.899999618530273,18.479999542236328,17.84000015258789,18.149999618530273,436054300.0,43.543495178222656,58.70000076293945,60.95000076293945,58.33000183105469,58.959999084472656,121907600.0,42.77968215942383,57.779998779296875,58.77000045776367,57.70000076293945,57.9900016784668,64199800.0,16.665699005126953,20.406173706054688,20.812347412109375,20.373680114746094,20.682371139526367,154914703.0,1085.5999755859375,1085.5999755859375,1130.699951171875,1078.5999755859375,1130.4000244140625,469.0,6579.7998046875,6579.7998046875,6813.39990234375,6574.0,6775.10009765625,2946394200.0,,,,,
2015-07-24,,,,,,,,,,,,,,,,,,,,,,,,,,,,,,,,,,,,,,,,,,,2.27,13.74,,1.0976,1.5514
2015-07-25,51.418174743652344,68.52999877929688,69.44999694824219,67.56999969482422,68.1500015258789,66902200.0,14.194581985473633,17.8799991607666,18.290000915527344,17.5,17.65999984741211,404632100.0,43.36545944213867,58.459999084472656,59.150001525878906,57.43000030517578,57.900001525878906,71137300.0,42.846309661865234,57.869998931884766,58.25,57.15999984741211,57.47999954223633,68178900.0,16.72541046142578,20.479284286499023,20.56864356994629,20.186840057373047,20.268075942993164,142309140.0,1094.9000244140625,1094.9000244140625,1102.800048828125,1079.0999755859375,1100.0,214190.0,6696.2998046875,6696.2998046875,6705.39990234375,6495.7001953125,6579.7998046875,3944110100.0,,,,,
2015-07-31,,,,,,,,,,,,,,,,,,,,,,,,,,,,,,,,,,,,,,,,,,,2.2,12.12,,1.1028,1.5634
2015-08-01,51.05803298950195,68.05000305175781,69.41999816894531,67.55000305175781,68.58999633789062,54504200.0,14.091378211975098,17.75,18.06999969482422,17.600000381469727,17.90999984741211,315962300.0,42.99395751953125,57.90999984741211,59.25,57.439998626708984,58.619998931884766,58765600.0,42.550140380859375,57.470001220703125,58.15999984741211,57.040000915527344,58.06999969482422,63595900.0,16.718780517578125,20.471162796020508,20.625507354736328,20.300569534301758,20.479284286499023,152070970.0,1094.0999755859375,1094.0999755859375,1098.300048828125,1080.5,1095.5,5647.0,6718.5,6718.5,6764.7998046875,6644.7001953125,6696.2998046875,4213785600.0,,,,,
2015-08-07,,,,,,,,,,,,,,,,,,,,,,,,,,,,,,,,,,,,,,,,,,,2.18,13.39,,1.0958,1.5467
2015-08-08,50.93796920776367,67.88999938964844,69.01000213623047,66.06999969482422,68.22000122070312,71710100.0,14.051685333251953,17.700000762939453,18.049999237060547,17.020000457763672,17.8700008392334,393426400.0,42.756385803222656,57.59000015258789,58.84000015258789,55.310001373291016,58.2599983215332,81840400.0,42.72359085083008,57.33000183105469,57.97999954223633,56.20000076293945,57.79999923706055,71097300.0,16.751949310302734,20.51177978515625,20.67424964904785,19.983753204345703,20.60926055908203,234274196.0,1112.9000244140625,1112.9000244140625,1124.5,1089.5,1093.199951171875,4043.0,6550.7001953125,6550.7001953125,6751.5,6536.39990234375,6718.5,3825117800.0,,,,,
2015-08-14,,,,,,,,,,,,,,,,,,,,,,,,,,,,,,,,,,,,,,,,,,,2.2,12.83,,1.111,1.5625
2015-08-15,47.719173431396484,63.599998474121094,68.36000061035156,63.56999969482422,67.62000274658203,85350000.0,12.781477928161621,16.100000381469727,17.899999618530273,16.100000381469727,17.610000610351562,469270900.0,39.794097900390625,53.599998474121094,57.91999816894531,53.58000183105469,57.15999984741211,102298600.0,40.21963882446289,53.970001220703125,57.720001220703125,53.959999084472656,57.02000045776367,88600700.0,15.683806419372559,19.203899383544922,20.584890365600586,19.203899383544922,20.422420501708984,301846248.0,1159.5999755859375,1159.5999755859375,1166.5,1110.0,1113.800048828125,1892.0,6187.7001953125,6187.7001953125,6585.89990234375,6187.7001953125,6550.7001953125,3244881700.0,,,,,
2015-08-21,,,,,,,,,,,,,,,,,,,,,,,,,,,,,,,,,,,,,,,,,,,2.05,28.03,,1.1356,1.5698
2015-08-22,48.1168212890625,64.12999725341797,64.7300033569336,50.06999969482422,59.290000915527344,147421400.0,12.987884521484375,16.360000610351562,16.450000762939453,14.600000381469727,15.020000457763672,783319700.0,39.55651092529297,53.279998779296875,53.619998931884766,47.099998474121094,49.130001068115234,139970800.0,39.899192810058594,53.540000915527344,54.099998474121094,47.75,49.20000076293945,146270400.0,15.67717170715332,19.195775985717773,19.32575035095215,15.044678688049316,18.0259952545166,511213004.0,1133.0999755859375,1133.0999755859375,1169.0,1118.4000244140625,1164.0,1475.0,6247.89990234375,6247.89990234375,6247.89990234375,5768.2001953125,6187.7001953125,5882021800.0,,,,,
2015-08-28,,,,,,,,,,,,,,,,,,,,,,,,,,,,,,,,,,,,,,,,,,,2.19,26.05,,1.1172,1.5362
2015-08-29,46.14353942871094,61.5,64.3499984741211,60.75,63.61000061035156,92873000.0,12.424227714538574,15.649999618530273,16.3799991607666,15.460000038146973,16.329999923706055,442294900.0,37.559391021728516,50.59000015258789,53.65999984741211,50.119998931884766,53.130001068115234,101529600.0,38.222450256347656,51.290000915527344,53.560001373291016,50.529998779296875,53.400001525878906,100816300.0,15.026995658874512,18.399675369262695,19.1551570892334,18.277822494506836,19.073923110961914,312156857.0,1120.5999755859375,1120.5999755859375,1144.699951171875,1116.199951171875,1131.0999755859375,943.0,6042.89990234375,6042.89990234375,6247.89990234375,6021.39990234375,6247.89990234375,3249202300.0,,,,,
2015-09-04,,,,,,,,,,,,,,,,,,,,,,,,,,,,,,,,,,,,,,,,,,,2.13,27.8,,1.1117,1.5195
2015-09-05,46.93885803222656,62.560001373291016,64.33999633789062,61.45000076293945,62.77000045776367,55792400.0,12.774839401245117,16.040000915527344,16.459999084472656,15.8100004196167,15.960000038146973,269824200.0,37.938026428222656,51.099998474121094,52.619998931884766,50.290000915527344,51.400001525878906,63559900.0,39.213584899902344,52.619998931884766,53.70000076293945,51.79999923706055,52.650001525878906,66452500.0,15.338815689086914,18.781478881835938,19.122665405273438,18.53777313232422,18.757108688354492,163931409.0,1103.5,1103.5,1124.300048828125,1098.199951171875,1119.800048828125,425.0,6117.7998046875,6117.7998046875,6284.2001953125,6042.89990234375,6042.89990234375,3197763800.0,,,,,
2015-09-11,,,,,,,,,,,,,,,,,,,,,,,,,,,,,,,,,,,,,,,,,,,2.2,23.2,,1.1338,1.5426
2015-09-12,45.72336959838867,60.939998626708984,64.63999938964844,60.779998779296875,62.63999938964844,88719400.0,12.392550468444824,15.5600004196167,16.479999542236328,15.5,15.970000267028809,452363800.0,37.3366584777832,50.290000915527344,53.0,50.11000061035156,51.08000183105469,104135200.0,38.036128997802734,51.040000915527344,53.90999984741211,50.70000076293945,52.630001068115234,110337000.0,15.033632278442383,18.407798767089844,19.244516372680664,18.37530517578125,18.740861892700195,261406298.0,1138.0999755859375,1138.0999755859375,1141.199951171875,1102.800048828125,1107.800048828125,131.0,6104.10009765625,6104.10009765625,6244.89990234375,6019.89990234375,6117.7998046875,4469193900.0,,,,,
2015-09-18,,,,,,,,,,,,,,,,,,,,,,,,,,,,,,,,,,,,,,,,,,,2.13,22.28,,1.1358,1.5573
2015-09-19,46.12104415893555,61.470001220703125,61.90999984741211,59.459999084472656,61.52000045776367,75338200.0,12.65537166595459,15.890000343322754,16.020000457763672,15.399999618530273,15.670000076293945,437624000.0,37.529685974121094,50.54999923706055,51.099998474121094,48.75,50.81999969482422,102810200.0,38.364036560058594,51.47999954223633,51.869998931884766,49.79999923706055,51.52000045776367,86414900.0,15.2071533203125,18.529651641845703,18.692119598388672,18.099105834960938,18.529651641845703,254011681.0,1146.0,1146.0,1155.9000244140625,1122.5,1137.5999755859375,186.0,6109.0,6109.0,6168.7001953125,5933.2001953125,6104.10009765625,4069910800.0,,,,,
2015-09-25,,,,,,,,,,,,,,,,,,,,,,,,,,,,,,,,,,,,,,,,,,,2.17,23.62,,1.1192,1.5172
2015-09-26,45.62583923339844,60.810001373291016,61.869998931884766,58.529998779296875,60.91999816894531,92829200.0,12.249192237854004,15.380000114440918,15.819999694824219,14.630000114440918,15.789999961853027,495856000.0,37.032264709472656,49.880001068115234,50.70000076293945,47.709999084472656,50.630001068115234,99645700.0,38.2000846862793,51.2599983215332,51.86000061035156,49.5099983215332,51.06999969482422,96166000.0,15.133819580078125,18.440292358398438,18.489032745361328,17.85540199279785,18.399675369262695,279632975.0,1137.0999755859375,1137.0999755859375,1141.199951171875,1105.800048828125,1133.199951171875,9132.0,6130.0,6130.0,6176.2001953125,5877.10009765625,6109.0,4696540500.0,,,,,
2015-10-02,,,,,,,,,,,,,,,,,,,,,,,,,,,,,,,,,,,,,,,,,,,1.99,20.94,,1.1276,1.5216
2015-10-03,46.80144119262695,61.93000030517578,63.029998779296875,61.220001220703125,61.2400016784668,64455600.0,12.408475875854492,15.579999923706055,15.930000305175781,15.4399995803833,15.449999809265137,365168600.0,38.145904541015625,51.380001068115234,52.02000045776367,50.34000015258789,50.400001525878906,75299500.0,38.85588455200195,52.13999938964844,53.06999969482422,51.5,51.709999084472656,75962100.0,15.49382495880127,18.87895965576172,19.057676315307617,18.562145233154297,18.570268630981445,218833639.0,1156.300048828125,1156.300048828125,1157.199951171875,1132.5,1137.0999755859375,635.0,6416.2001953125,6416.2001953125,6453.2001953125,6130.0,6130.0,4051961100.0,,,,,
2015-10-09,,,,,,,,,,,,,,,,,,,,,,,,,,,,,,,,,,,,,,,,,,,2.12,17.08,,1.1363,1.5315
2015-10-10,47.17930603027344,62.43000030517578,62.650001525878906,59.540000915527344,61.84000015258789,91073200.0,12.838554382324219,16.1200008392334,16.290000915527344,15.399999618530273,15.600000381469727,440706300.0,39.11848068237305,52.689998626708984,53.36000061035156,50.380001068115234,51.36000061035156,95405200.0,39.40736389160156,52.880001068115234,53.189998626708984,50.7400016784668,52.119998931884766,86849000.0,15.700501441955566,19.130788803100586,19.16328239440918,18.570268630981445,18.87083625793457,204722809.0,1183.5999755859375,1183.5999755859375,1189.0,1154.9000244140625,1155.9000244140625,701.0,6378.0,6378.0,6416.2001953125,6268.2998046875,6416.2001953125,3112580000.0,,,,,
2015-10-16,,,,,,,,,,,,,,,,,,,,,,,,,,,,,,,,,,,,,,,,,,,2.04,15.05,,1.136,1.5441
2015-10-17,48.267539978027344,63.869998931884766,64.19000244140625,61.90999984741211,62.0,70449800.0,13.157127380371094,16.520000457763672,16.549999237060547,15.899999618530273,16.0,334594100.0,39.82380294799805,53.63999938964844,53.66999816894531,51.790000915527344,52.36000061035156,82637400.0,40.8009147644043,54.75,54.79999923706055,52.45000076293945,52.7599983215332,81953700.0,16.09384536743164,19.61007308959961,19.618196487426758,19.000812530517578,19.008935928344727,192954819.0,1163.300048828125,1163.300048828125,1179.0999755859375,1163.300048828125,1176.5,208.0,6444.10009765625,6444.10009765625,6487.89990234375,6316.2998046875,6378.0,3116069800.0,,,,,
2015-10-23,,,,,,,,,,,,,,,,,,,,,,,,,,,,,,,,,,,,,,,,,,,2.09,14.46,,1.1016,1.534
2015-10-24,48.55470657348633,64.25,65.83000183105469,63.310001373291016,63.84000015258789,69159200.0,13.364202499389648,16.780000686645508,17.440000534057617,16.299999237060547,16.520000457763672,454770300.0,39.474853515625,53.16999816894531,55.060001373291016,52.2400016784668,53.22999954223633,92751100.0,40.34632873535156,54.13999938964844,55.56999969482422,53.81999969482422,54.7599983215332,71572300.0,16.053844451904297,19.56133270263672,19.94313621520996,19.350122451782227,19.61007308959961,276555474.0,1141.5,1141.5,1182.699951171875,1139.199951171875,1165.0999755859375,1273.0,6361.10009765625,6361.10009765625,6453.0,6337.7001953125,6444.10009765625,3368080800.0,,,,,
2015-10-30,,,,,,,,,,,,,,,,,,,,,,,,,,,,,,,,,,,,,,,,,,,2.16,15.07,,1.1042,1.5445
2015-10-31,51.73627471923828,68.45999908447266,69.02999877929688,64.38999938964844,64.44999694824219,74139800.0,14.296032905578613,17.950000762939453,18.09000015258789,16.8700008392334,16.899999618530273,445346700.0,41.51734161376953,55.869998931884766,56.459999084472656,53.34000015258789,53.45000076293945,77790100.0,41.62065124511719,55.849998474121094,56.34000015258789,54.130001068115234,54.209999084472656,69165700.0,16.487192153930664,20.089357376098633,20.28432273864746,19.60194969177246,19.61007308959961,286904123.0,1087.5999755859375,1087.5999755859375,1138.699951171875,1084.800048828125,1137.9000244140625,668.0,6353.7998046875,6353.7998046875,6459.5,6317.2998046875,6361.10009765625,3309048300.0,,,,,
2015-11-06,,,,,,,,,,,,,,,,,,,,,,,,,,,,,,,,,,,,,,,,,,,2.34,14.33,,1.0746,1.5071
2015-11-07,49.544700622558594,65.55999755859375,68.72000122070312,65.2300033569336,68.69999694824219,64311300.0,13.698705673217773,17.200000762939453,18.079999923706055,17.09000015258789,18.030000686645508,430487300.0,39.510955810546875,53.16999816894531,56.189998626708984,52.66999816894531,55.91999816894531,87977000.0,40.946311950683594,54.56999969482422,56.220001220703125,54.33000183105469,56.08000183105469,75996500.0,15.947176933288574,19.43135643005371,20.1624698638916,19.374492645263672,20.11372947692871,248340340.0,1080.800048828125,1080.800048828125,1091.4000244140625,1080.800048828125,1088.5999755859375,65.0,6118.2998046875,6118.2998046875,6380.39990234375,6088.7998046875,6353.7998046875,3510932000.0,,,,,
2015-11-13,,,,,,,,,,,,,,,,,,,,,,,,,,,,,,,,,,,,,,,,,,,2.28,20.08,,1.0722,1.5208
2015-11-14,51.041015625,67.54000091552734,68.11000061035156,65.16999816894531,65.45999908447266,60356400.0,14.057101249694824,17.649999618530273,17.8700008392334,17.010000228881836,17.1299991607666,334699200.0,40.68505096435547,54.75,55.369998931884766,52.4900016784668,52.959999084472656,75735700.0,41.884239196777344,55.81999969482422,56.2599983215332,54.400001525878906,54.47999954223633,68331600.0,16.44719123840332,20.040616989135742,20.12185287475586,19.33387565612793,19.374492645263672,262948986.0,1076.4000244140625,1076.4000244140625,1092.4000244140625,1064.0,1092.0,37.0,6334.60009765625,6334.60009765625,6366.89990234375,6079.7998046875,6118.2998046875,3476355100.0,,,,,
2015-11-20,,,,,,,,,,,,,,,,,,,,,,,,,,,,,,,,,,,,,,,,,,,2.26,15.47,,1.066,1.5199
2015-11-21,50.761375427246094,67.16999816894531,67.58000183105469,66.04000091552734,67.30999755859375,34073500.0,13.921706199645996,17.479999542236328,17.729999542236328,17.25,17.6200008392334,166963600.0,40.28377151489258,54.209999084472656,54.84000015258789,53.709999084472656,54.66999816894531,42840700.0,41.561588287353516,55.38999938964844,56.040000915527344,54.88999938964844,55.900001525878906,38743000.0,16.387191772460938,19.967506408691406,20.097482681274414,19.731924057006836,20.032493591308594,115162881.0,1056.199951171875,1056.199951171875,1079.4000244140625,1051.0999755859375,1070.0,201074.0,6375.2001953125,6375.2001953125,6395.2998046875,6221.2998046875,6334.60009765625,3038196800.0,,,,,
2015-11-27,,,,,,,,,,,,,,,,,,,,,,,,,,,,,,,,,,,,,,,,,,,2.22,15.12,,1.0596,1.504
2015-11-28,51.30551528930664,67.88999938964844,68.0,65.58000183105469,67.27999877929688,73710100.0,14.176569938659668,17.799999237060547,17.889999389648438,17.25,17.479999542236328,411996300.0,40.937713623046875,55.09000015258789,55.33000183105469,53.349998474121094,54.34000015258789,82962000.0,41.77168273925781,55.66999816894531,55.880001068115234,54.029998779296875,55.459999084472656,79380000.0,16.52052879333496,20.129976272583008,20.21933364868164,19.545085906982422,20.032493591308594,224332147.0,1084.5,1084.5,1088.800048828125,1046.199951171875,1056.5,10595.0,6238.2998046875,6238.2998046875,6447.2998046875,6219.5,6375.2001953125,3641447500.0,,,,,
2015-12-04,,,,,,,,,,,,,,,,,,,,,,,,,,,,,,,,,,,,,,,,,,,2.28,14.81,,1.0884,1.51
2015-12-05,48.41867446899414,64.06999969482422,67.75,63.5099983215332,67.66000366210938,72269000.0,13.361889839172363,16.729999542236328,17.799999237060547,16.639999389648438,17.790000915527344,408823800.0,37.98015213012695,51.11000061035156,54.880001068115234,50.66999816894531,54.77000045776367,90193800.0,40.00088882446289,53.310001373291016,55.560001373291016,52.9900016784668,55.45000076293945,88331700.0,15.633835792541504,19.04955291748047,20.12185287475586,18.94394874572754,20.10560417175293,281407092.0,1076.9000244140625,1076.9000244140625,1086.5,1064.4000244140625,1084.9000244140625,1984.0,5952.7998046875,5952.7998046875,6287.2001953125,5949.7998046875,6238.2998046875,3728761400.0,,,,,
2015-12-11,,,,,,,,,,,,,,,,,,,,,,,,,,,,,,,,,,,,,,,,,,,2.13,24.39,,1.1002,1.5213
2015-12-12,48.66806411743164,64.4000015258789,68.0,63.599998474121094,64.2300033569336,99426500.0,13.385857582092285,16.760000228881836,17.829999923706055,16.5,16.760000228881836,626438600.0,38.05445098876953,51.209999084472656,54.20000076293945,50.5,51.13999938964844,111963100.0,40.36104965209961,53.790000915527344,56.2400016784668,52.75,53.31999969482422,112467700.0,15.533829689025879,18.927701950073242,19.926889419555664,18.87895965576172,19.065799713134766,451999319.0,1066.199951171875,1066.199951171875,1078.699951171875,1050.5,1074.0,1119.0,6052.39990234375,6052.39990234375,6160.7998046875,5871.89990234375,5952.7998046875,4303007800.0,,,,,
2015-12-18,,,,,,,,,,,,,,,,,,,,,,,,,,,,,,,,,,,,,,,,,,,2.19,20.7,,1.0847,1.4914
2015-12-19,50.33063888549805,66.5999984741211,66.88999938964844,64.83000183105469,65.0199966430664,48011500.0,13.793180465698242,17.270000457763672,17.3799991607666,16.770000457763672,16.979999542236328,216463900.0,39.16910934448242,52.709999084472656,52.970001220703125,51.08000183105469,51.709999084472656,49791700.0,41.1338996887207,54.81999969482422,55.09000015258789,53.54999923706055,54.29999923706055,41344500.0,16.107471466064453,19.50446891784668,19.61007308959961,18.94394874572754,19.082046508789062,162288516.0,1077.199951171875,1077.199951171875,1081.9000244140625,1069.4000244140625,1070.199951171875,358.0,6254.60009765625,6254.60009765625,6259.89990234375,6031.7998046875,6052.39990234375,1656806600.0,,,,,
2015-12-25,,,,,,,,,,,,,,,,,,,,,,,,,,,,,,,,,,,,,,,,,,,2.25,15.74,,1.0955,1.4943
2015-12-26,49.899871826171875,66.02999877929688,67.30000305175781,65.70999908447266,66.29000091552734,38276400.0,13.441762924194336,16.829999923706055,17.350000381469727,16.829999923706055,17.219999313354492,169667300.0,38.45573043823242,51.75,53.220001220703125,51.75,52.56999969482422,38961900.0,40.78873825073242,54.36000061035156,55.349998474121094,54.16999816894531,54.54999923706055,35130400.0,15.986719131469727,19.358245849609375,19.71567726135254,19.317628860473633,19.423233032226562,133281108.0,1060.300048828125,1060.300048828125,1098.800048828125,1058.5,1077.9000244140625,694.0,6242.2998046875,6242.2998046875,6314.60009765625,6233.0,6254.60009765625,937686300.0,,,,,
2016-01-01,,,,,,,,,,,,,,,,,,,,,,,,,,,,,,,,,,,,,,,,,,,2.27,18.21,,1.0859,1.4746
2016-01-02,44.52674865722656,58.91999816894531,64.12999725341797,58.849998474121094,63.95000076293945,114925600.0,12.139914512634277,15.199999809265137,16.59000015258789,15.15999984741211,16.450000762939453,525357100.0,34.27947235107422,46.130001068115234,51.61000061035156,46.029998779296875,50.75,131932800.0,37.18708419799805,49.560001373291016,53.27000045776367,49.459999084472656,53.09000015258789,114178400.0,14.82612133026123,17.952884674072266,19.114540100097656,17.91226577758789,18.960195541381836,397767738.0,1097.800048828125,1097.800048828125,1111.0999755859375,1063.199951171875,1063.4000244140625,497.0,5912.39990234375,5912.39990234375,6242.2998046875,5888.0,6242.2998046875,3874540900.0,,,,,
2016-01-08,,,,,,,,,,,,,,,,,,,,,,,,,,,,,,,,,,,,,,,,,,,2.13,27.01,,1.0885,1.4523
2016-01-09,43.39516830444336,57.040000915527344,59.68000030517578,56.220001220703125,58.83000183105469,142133200.0,11.548893928527832,14.460000038146973,15.579999923706055,14.130000114440918,15.260000228881836,622264300.0,31.559707641601562,42.470001220703125,47.5,41.849998474121094,46.560001373291016,163102500.0,36.6318359375,48.81999969482422,51.79999923706055,48.130001068115234,50.18000030517578,135681600.0,14.36993408203125,17.400487899780273,18.269699096679688,17.164907455444336,18.050365447998047,466771935.0,1091.5,1091.5,1107.9000244140625,1073.699951171875,1105.699951171875,283.0,5804.10009765625,5804.10009765625,6011.10009765625,5769.2001953125,5912.39990234375,4584969800.0,,,,,
2016-01-15,,,,,,,,,,,,,,,,,,,,,,,,,,,,,,,,,,,,,,,,,,,2.03,27.02,,1.0964,1.4289
2016-01-16,43.326690673828125,56.95000076293945,57.970001220703125,54.65999984741211,57.72999954223633,111498300.0,10.830082893371582,13.5600004196167,14.789999961853027,13.25,14.6899995803833,795240800.0,30.511938095092773,41.060001373291016,43.119998931884766,39.439998626708984,42.849998474121094,154102000.0,36.781898498535156,49.02000045776367,49.540000915527344,46.880001068115234,49.25,112731200.0,14.27601146697998,17.286758422851562,17.652315139770508,16.67749786376953,17.587326049804688,342290629.0,1097.199951171875,1097.199951171875,1109.800048828125,1084.9000244140625,1089.800048828125,67.0,5900.0,5900.0,5926.89990234375,5639.89990234375,5804.10009765625,4531933500.0,,,,,
2016-01-22,,,,,,,,,,,,,,,,,,,,,,,,,,,,,,,,,,,,,,,,,,,2.07,22.34,,1.0814,1.4308
2016-01-23,45.266693115234375,59.5,59.540000915527344,55.599998474121094,56.47999954223633,101700200.0,11.293315887451172,14.140000343322754,14.149999618530273,12.9399995803833,13.539999961853027,705742100.0,31.641456604003906,42.58000183105469,42.59000015258789,39.45000076293945,40.810001373291016,143027600.0,37.68981170654297,50.22999954223633,50.25,47.619998931884766,48.90999984741211,109442300.0,14.571191787719727,17.64419174194336,17.652315139770508,16.896831512451172,17.213647842407227,400587834.0,1116.4000244140625,1116.4000244140625,1125.699951171875,1099.300048828125,1099.300048828125,228711.0,6083.7998046875,6083.7998046875,6083.7998046875,5771.39990234375,5900.0,4411689400.0,,,,,
2016-01-29,,,,,,,,,,,,,,,,,,,,,,,,,,,,,,,,,,,,,,,,,,,1.94,20.2,,1.0832,1.4184
2016-01-30,43.93532180786133,57.75,59.650001525878906,55.02000045776367,59.15999984741211,114451900.0,10.342888832092285,12.949999809265137,14.09000015258789,12.520000457763672,14.050000190734863,815742400.0,29.65676498413086,39.86000061035156,42.83000183105469,38.040000915527344,42.36000061035156,148333800.0,35.911502838134766,47.86000061035156,50.18000030517578,46.5099983215332,50.119998931884766,144713700.0,14.054624557495117,17.01868438720703,17.660438537597656,16.612510681152344,17.562957763671875,501167059.0,1157.800048828125,1157.800048828125,1174.800048828125,1115.300048828125,1116.699951171875,6190.0,5848.10009765625,5848.10009765625,6115.10009765625,5791.0,6083.7998046875,4767633100.0,,,,,
2016-02-05,,,,,,,,,,,,,,,,,,,,,,,,,,,,,,,,,,,,,,,,,,,1.86,23.38,,1.1131,1.4468
2016-02-06,43.737525939941406,57.4900016784668,57.56999969482422,52.5,56.689998626708984,158303300.0,9.544210433959961,11.949999809265137,12.699999809265137,10.989999771118164,12.670000076293945,1316719700.0,27.930639266967773,37.540000915527344,39.18000030517578,34.52000045776367,39.13999938964844,195460300.0,35.77354431152344,47.310001373291016,47.38999938964844,44.5,47.11000061035156,142058600.0,13.746026992797852,16.645004272460938,16.880584716796875,15.865150451660156,16.774980545043945,657151501.0,1239.0999755859375,1239.0999755859375,1260.800048828125,1165.0,1173.5,3547.0,5707.60009765625,5707.60009765625,5882.39990234375,5499.5,5848.10009765625,5289284700.0,,,,,
2016-02-12,,,,,,,,,,,,,,,,,,,,,,,,,,,,,,,,,,,,,,,,,,,1.74,25.4,,1.1235,1.446
2016-02-13,43.98858642578125,57.81999969482422,59.25,57.08000183105469,58.22999954223633,78006800.0,9.687971115112305,12.130000114440918,12.739999771118164,11.979999542236328,12.380000114440918,698751100.0,29.00946807861328,38.9900016784668,40.290000915527344,38.060001373291016,38.59000015258789,107469700.0,36.36333465576172,48.09000015258789,48.959999084472656,47.34000015258789,48.04999923706055,73868800.0,14.074751853942871,17.043054580688477,17.221771240234375,16.75873374938965,16.929325103759766,348316374.0,1230.4000244140625,1230.4000244140625,1239.199951171875,1193.5999755859375,1233.0999755859375,866.0,5950.2001953125,5950.2001953125,6036.5,5707.60009765625,5707.60009765625,3947273000.0,,,,,
2016-02-19,,,,,,,,,,,,,,,,,,,,,,,,,,,,,,,,,,,,,,,,,,,1.76,20.53,,1.1127,1.4343
2016-02-20,43.77555847167969,57.540000915527344,58.880001068115234,54.33000183105469,58.5099983215332,107636200.0,10.143219947814941,12.699999809265137,12.949999809265137,11.649999618530273,12.130000114440918,616286000.0,29.388914108276367,39.5,40.02000045776367,36.61000061035156,39.66999816894531,117822100.0,36.34822463989258,48.06999969482422,49.34000015258789,46.560001373291016,48.09000015258789,88365000.0,14.30284309387207,17.31925392150879,17.47359848022461,16.612510681152344,17.24614143371582,400794766.0,1219.800048828125,1219.800048828125,1250.0999755859375,1203.0,1226.0999755859375,2747.0,6096.0,6096.0,6115.39990234375,5845.60009765625,5950.2001953125,4263070200.0,,,,,
2016-02-26,,,,,,,,,,,,,,,,,,,,,,,,,,,,,,,,,,,,,,,,,,,1.76,19.81,,1.0932,1.3867
2016-02-27,45.68513870239258,60.04999923706055,60.54999923706055,56.290000915527344,57.40999984741211,98704900.0,10.814109802246094,13.539999961853027,13.890000343322754,12.510000228881836,12.699999809265137,693335400.0,31.86651039123535,42.83000183105469,43.59000015258789,38.849998474121094,39.43000030517578,131165500.0,37.89076232910156,50.11000061035156,50.4900016784668,46.90999984741211,48.029998779296875,100398000.0,14.946874618530273,18.099105834960938,18.188465118408203,17.12428855895996,17.30300521850586,408285525.0,1269.9000244140625,1269.9000244140625,1279.9000244140625,1218.5999755859375,1218.5999755859375,1715.0,6199.39990234375,6199.39990234375,6204.10009765625,6033.2001953125,6096.0,4548775700.0,,,,,
2016-03-04,,,,,,,,,,,,,,,,,,,,,,,,,,,,,,,,,,,,,,,,,,,1.88,16.86,,1.101,1.4226
2016-03-05,45.14496994018555,59.34000015258789,60.04999923706055,57.810001373291016,59.540000915527344,82398300.0,11.05568790435791,13.789999961853027,13.84000015258789,13.0,13.449999809265137,559215700.0,31.985563278198242,42.9900016784668,43.0099983215332,40.61000061035156,42.36000061035156,109181800.0,37.86052322387695,50.06999969482422,50.15999984741211,47.959999084472656,49.77000045776367,87265500.0,15.087759971618652,18.269699096679688,18.294069290161133,17.59545135498047,17.97725486755371,376873851.0,1258.699951171875,1258.699951171875,1280.699951171875,1237.5,1259.800048828125,395.0,6139.7998046875,6139.7998046875,6216.10009765625,6036.7001953125,6199.39990234375,4267754800.0,,,,,
2016-03-11,,,,,,,,,,,,,,,,,,,,,,,,,,,,,,,,,,,,,,,,,,,1.98,16.5,,1.118,1.4426
2016-03-12,46.01226806640625,60.47999954223633,60.970001220703125,57.9900016784668,59.150001525878906,90746400.0,11.05568790435791,13.789999961853027,13.880000114440918,13.050000190734863,13.720000267028809,586624700.0,32.394771575927734,43.540000915527344,43.970001220703125,41.380001068115234,42.65999984741211,107163100.0,38.21589660644531,50.540000915527344,50.70000076293945,48.84000015258789,49.970001220703125,94194100.0,15.248763084411621,18.464662551879883,18.53777313232422,18.0259952545166,18.21283531188965,334317689.0,1253.800048828125,1253.800048828125,1270.0999755859375,1228.0,1256.0,709.0,6189.60009765625,6189.60009765625,6237.0,6114.7998046875,6139.7998046875,4051469400.0,,,,,
2016-03-18,,,,,,,,,,,,,,,,,,,,,,,,,,,,,,,,,,,,,,,,,,,1.88,14.02,,1.1292,1.4514
2016-03-19,45.25149917602539,59.47999954223633,60.81999969482422,58.869998931884766,60.220001220703125,49307000.0,10.967496871948242,13.680000305175781,14.029999732971191,13.270000457763672,13.800000190734863,378574000.0,31.20433235168457,41.939998626708984,44.2599983215332,41.029998779296875,43.43000030517578,77824100.0,36.975826263427734,48.900001525878906,50.75,48.52000045776367,50.5,61969400.0,15.03343391418457,18.123477935791016,18.55402183532715,17.952884674072266,18.407798767089844,195379766.0,1221.4000244140625,1221.4000244140625,1256.199951171875,1214.199951171875,1256.199951171875,1122.0,6106.5,6106.5,6216.7998046875,6090.0,6189.60009765625,2517835800.0,,,,,
2016-03-25,,,,,,,,,,,,,,,,,,,,,,,,,,,,,,,,,,,,,,,,,,,1.91,14.74,,1.1164,1.4131
2016-03-26,45.54818344116211,59.869998931884766,60.22999954223633,58.529998779296875,59.529998779296875,70722400.0,10.871293067932129,13.5600004196167,13.739999771118164,13.260000228881836,13.729999542236328,394725300.0,31.598661422729492,42.470001220703125,42.599998474121094,41.13999938964844,42.099998474121094,79396900.0,36.63555145263672,48.45000076293945,49.15999984741211,47.779998779296875,49.040000915527344,90450800.0,15.296233177185059,18.440292358398438,18.464662551879883,18.001625061035156,18.147846221923828,203894962.0,1222.199951171875,1222.199951171875,1245.0,1209.199951171875,1211.5,242992.0,6146.10009765625,6146.10009765625,6221.7998046875,6070.7998046875,6106.5,2894015100.0,,,,,
2016-04-01,,,,,,,,,,,,,,,,,,,,,,,,,,,,,,,,,,,,,,,,,,,1.79,13.1,,1.1385,1.4204
2016-04-02,43.92772674560547,57.7400016784668,59.56999969482422,57.06999969482422,59.439998626708984,70134000.0,10.32612419128418,12.880000114440918,13.649999618530273,12.75,13.539999961853027,382966600.0,30.110626220703125,40.470001220703125,42.70000076293945,39.95000076293945,42.36000061035156,85708100.0,35.59206771850586,47.06999969482422,48.66999816894531,46.619998931884766,48.41999816894531,77451900.0,14.858232498168945,17.91226577758789,18.464662551879883,17.749797821044922,18.42404556274414,245590656.0,1242.5,1242.5,1242.9000244140625,1215.0,1221.699951171875,3547.0,6204.39990234375,6204.39990234375,6216.2998046875,6061.89990234375,6146.10009765625,3495226700.0,,,,,
2016-04-08,,,,,,,,,,,,,,,,,,,,,,,,,,,,,,,,,,,,,,,,,,,1.72,15.36,,1.1406,1.4105
2016-04-09,47.418243408203125,61.869998931884766,62.90999984741211,57.90999984741211,57.90999984741211,116464400.0,11.224045753479004,14.0,14.289999961853027,12.880000114440918,12.920000076293945,586192300.0,33.4215202331543,44.91999816894531,46.560001373291016,40.709999084472656,40.7400016784668,140161500.0,36.48432159423828,48.25,49.29999923706055,46.95000076293945,47.11000061035156,115151100.0,15.430997848510742,18.60276222229004,18.76523208618164,17.969131469726562,17.993501663208008,269255399.0,1233.0999755859375,1233.0999755859375,1261.699951171875,1224.5,1241.5,1186.0,6343.7998046875,6343.7998046875,6373.89990234375,6165.5,6204.39990234375,3833808400.0,,,,,
2016-04-15,,,,,,,,,,,,,,,,,,,,,,,,,,,,,,,,,,,,,,,,,,,1.76,13.62,2080.73,1.1295,1.4217
2016-04-16,49.02772903442383,63.970001220703125,64.66000366210938,61.529998779296875,61.63999938964844,75503600.0,12.1139554977417,15.109999656677246,15.140000343322754,13.819999694824219,13.850000381469727,509826100.0,34.946773529052734,46.970001220703125,47.349998474121094,44.209999084472656,44.41999816894531,102373400.0,38.276390075683594,50.619998931884766,50.779998779296875,47.90999984741211,48.25,96168000.0,15.869000434875488,19.130788803100586,19.195775985717773,18.497156143188477,18.513404846191406,294511457.0,1228.699951171875,1228.699951171875,1270.5999755859375,1228.0,1238.699951171875,1182.0,6310.39990234375,6310.39990234375,6427.2998046875,6261.7001953125,6343.7998046875,3725767100.0,,,,,
2016-04-22,,,,,,,,,,,,,,,,,,,,,,,,,,,,,,,,,,,,,,,,,,,1.89,13.22,2091.58,1.1239,1.439
2016-04-23,48.437583923339844,63.20000076293945,64.63999938964844,62.70000076293945,63.599998474121094,67248200.0,11.673009872436523,14.5600004196167,15.300000190734863,14.430000305175781,15.020000457763672,471858300.0,34.43339157104492,46.279998779296875,47.84000015258789,46.060001373291016,46.630001068115234,90821000.0,37.79246520996094,49.97999954223633,51.40999984741211,49.68000030517578,50.310001373291016,73758600.0,15.707280158996582,18.93582534790039,19.30950355529785,18.76523208618164,19.04955291748047,271939594.0,1289.199951171875,1289.199951171875,1295.5,1231.5999755859375,1231.5999755859375,2437.0,6241.89990234375,6241.89990234375,6324.60009765625,6224.5,6310.39990234375,4015176600.0,,,,,
2016-04-29,,,,,,,,,,,,,,,,,,,,,,,,,,,,,,,,,,,,,,,,,,,1.83,15.7,2065.3,1.1441,1.4625
2016-04-30,47.21132278442383,61.599998474121094,64.0,60.59000015258789,63.689998626708984,71489600.0,11.312238693237305,14.109999656677246,14.779999732971191,13.800000190734863,14.579999923706055,428442500.0,33.077022552490234,44.40999984741211,46.83000183105469,43.720001220703125,46.540000915527344,91843700.0,37.066551208496094,49.02000045776367,50.70000076293945,48.650001525878906,50.279998779296875,83572400.0,15.585988998413086,18.789602279663086,19.130788803100586,18.570268630981445,18.952070236206055,220180599.0,1292.9000244140625,1292.9000244140625,1304.4000244140625,1270.800048828125,1292.0999755859375,1087.0,6125.7001953125,6125.7001953125,6270.0,6054.7001953125,6241.89990234375,3057007800.0,,,,,
2016-05-06,,,,,,,,,,,,,,,,,,,,,,,,,,,,,,,,,,,,,,,,,,,1.79,14.72,2057.14,1.1421,1.4439
2016-05-07,46.904747009277344,61.20000076293945,62.599998474121094,61.02000045776367,61.369998931884766,60542300.0,11.127840995788574,13.880000114440918,14.5,13.869999885559082,14.079999923706055,342120000.0,32.108760833740234,43.11000061035156,45.380001068115234,43.0,44.310001373291016,78843700.0,36.75611877441406,48.2400016784668,49.720001220703125,48.209999084472656,49.02000045776367,84297000.0,15.41752815246582,18.586515426635742,19.017059326171875,18.55402183532715,18.757108688354492,182293373.0,1271.9000244140625,1271.9000244140625,1286.5,1258.699951171875,1286.5,581.0,6138.5,6138.5,6193.2001953125,6060.10009765625,6125.7001953125,3240674400.0,,,,,
2016-05-13,,,,,,,,,,,,,,,,,,,,,,,,,,,,,,,,,,,,,,,,,,,1.71,15.04,2046.61,1.1294,1.4369
2016-05-14,48.675174713134766,63.5099983215332,64.22000122070312,61.0,61.209999084472656,75077500.0,11.640938758850098,14.520000457763672,14.869999885559082,13.800000190734863,13.819999694824219,472241800.0,33.44197463989258,44.900001525878906,46.13999938964844,42.810001373291016,43.11000061035156,117392900.0,37.14469528198242,48.75,49.209999084472656,47.54999923706055,48.119998931884766,98006000.0,15.639892578125,18.854589462280273,18.960195541381836,18.497156143188477,18.586515426635742,278121676.0,1252.4000244140625,1252.4000244140625,1287.800048828125,1247.5,1272.800048828125,190.0,6156.2998046875,6156.2998046875,6215.89990234375,6050.2001953125,6138.5,3808746900.0,,,,,
2016-05-20,,,,,,,,,,,,,,,,,,,,,,,,,,,,,,,,,,,,,,,,,,,1.85,15.2,2052.32,1.1207,1.4513
2016-05-21,50.146697998046875,65.43000030517578,66.19999694824219,63.15999984741211,63.45000076293945,61666500.0,11.929558753967285,14.880000114440918,15.149999618530273,14.399999618530273,14.539999961853027,413753500.0,34.693260192871094,46.58000183105469,47.599998474121094,44.56999969482422,44.849998474121094,88782700.0,38.74477767944336,50.849998474121094,50.86000061035156,48.349998474121094,48.7599983215332,78134100.0,16.044198989868164,19.341997146606445,19.423233032226562,18.757108688354492,18.81397247314453,210691066.0,1213.800048828125,1213.800048828125,1251.5999755859375,1206.4000244140625,1251.5999755859375,263598.0,6270.7998046875,6270.7998046875,6281.7001953125,6109.60009765625,6156.2998046875,3582620100.0,,,,,
2016-05-27,,,,,,,,,,,,,,,,,,,,,,,,,,,,,,,,,,,,,,,,,,,1.85,13.12,2099.06,1.114,1.4644
2016-05-28,49.54123306274414,64.63999938964844,65.91999816894531,63.54999923706055,65.7300033569336,60069700.0,11.560770034790039,14.420000076293945,15.050000190734863,14.1899995803833,15.029999732971191,361176200.0,33.80693054199219,45.38999938964844,47.060001373291016,44.25,46.880001068115234,91061800.0,38.24190139770508,50.189998626708984,51.189998626708984,49.61000061035156,51.02000045776367,76158600.0,15.842041015625,19.09829330444336,19.43947982788086,18.895206451416016,19.43947982788086,193647503.0,1240.0999755859375,1240.0999755859375,1244.5,1199.0,1212.5,12398.0,6209.60009765625,6209.60009765625,6290.10009765625,6151.89990234375,6270.7998046875,3749389700.0,,,,,
2016-06-03,,,,,,,,,,,,,,,,,,,,,,,,,,,,,,,,,,,,,,,,,,,1.71,13.47,2099.13,1.133,1.4521
2016-06-04,48.92808151245117,63.84000015258789,65.76000213623047,63.58000183105469,64.63999938964844,60041800.0,11.125368118286133,13.829999923706055,14.699999809265137,13.75,14.4399995803833,372229900.0,32.6971549987793,43.900001525878906,46.2599983215332,43.68000030517578,45.38999938964844,82698600.0,36.83230209350586,48.34000015258789,50.869998931884766,48.16999816894531,50.2400016784668,84286800.0,15.606200218200684,18.81397247314453,19.301380157470703,18.757108688354492,19.10641860961914,190820141.0,1273.4000244140625,1273.4000244140625,1278.0,1236.5,1244.4000244140625,2600.0,6115.7998046875,6115.7998046875,6322.60009765625,6097.2001953125,6209.60009765625,3460177600.0,,,,,
2016-06-10,,,,,,,,,,,,,,,,,,,,,,,,,,,,,,,,,,,,,,,,,,,1.64,17.03,2096.07,1.1281,1.4342
2016-06-11,47.73247146606445,62.279998779296875,64.33999633789062,60.900001525878906,63.47999954223633,83349000.0,10.77945613861084,13.399999618530273,13.90999984741211,13.020000457763672,13.640000343322754,437136200.0,31.639522552490234,42.47999954223633,44.060001373291016,41.150001525878906,43.22999954223633,115185800.0,35.506526947021484,46.599998474121094,48.5099983215332,45.959999084472656,48.130001068115234,102884400.0,15.235581398010254,18.3671817779541,18.927701950073242,18.180341720581055,18.70836639404297,298997590.0,1292.5,1292.5,1316.4000244140625,1273.0,1276.199951171875,1424.0,6021.10009765625,6021.10009765625,6115.7998046875,5900.0,6115.7998046875,4703426700.0,,,,,
2016-06-17,,,,,,,,,,,,,,,,,,,,,,,,,,,,,,,,,,,,,,,,,,,1.62,19.41,2071.22,1.1256,1.4285
2016-06-18,45.67848205566406,59.599998474121094,64.1500015258789,59.34000015258789,63.45000076293945,97160600.0,10.457686424255371,13.0,14.050000190734863,12.970000267028809,13.739999771118164,555659100.0,30.015859603881836,40.29999923706055,44.5,40.2599983215332,43.459999084472656,150599300.0,34.82837677001953,45.709999084472656,47.90999984741211,45.279998779296875,47.4900016784668,111307900.0,14.9580078125,17.93663787841797,18.952070236206055,17.87164878845215,18.659626007080078,404540329.0,1320.0,1320.0,1355.5999755859375,1253.699951171875,1288.9000244140625,1252.0,6138.7001953125,6138.7001953125,6380.60009765625,5788.7001953125,6021.10009765625,7303201500.0,,,,,
2016-06-24,,,,,,,,,,,,,,,,,,,,,,,,,,,,,,,,,,,,,,,,,,,1.57,25.76,2037.41,1.1126,1.3639
2016-06-25,46.95073318481445,61.2599983215332,62.189998626708984,57.04999923706055,58.709999084472656,123433800.0,10.538130760192871,13.100000381469727,13.380000114440918,12.050000190734863,12.770000457763672,734130000.0,31.408632278442383,42.16999816894531,42.79999923706055,38.310001373291016,39.58000183105469,179874900.0,35.834144592285156,47.029998779296875,47.36000061035156,44.5,45.20000076293945,124964600.0,15.40511703491211,18.47278594970703,18.60276222229004,17.31925392150879,17.668561935424805,468175766.0,1336.699951171875,1336.699951171875,1344.199951171875,1311.5999755859375,1330.0,2275.0,6577.7998046875,6577.7998046875,6587.39990234375,5958.7001953125,6138.7001953125,8015920900.0,,,,,
2016-07-01,,,,,,,,,,,,,,,,,,,,,,,,,,,,,,,,,,,,,,,,,,,1.46,14.77,2102.95,1.1145,1.3281
2016-07-02,47.756492614746094,61.83000183105469,62.16999816894531,58.7599983215332,60.45000076293945,74557700.0,10.594440460205078,13.170000076293945,13.319999694824219,12.449999809265137,12.930000305175781,387029000.0,31.267118453979492,41.97999954223633,42.27000045776367,40.029998779296875,41.380001068115234,107339100.0,36.413238525390625,47.790000915527344,47.91999816894531,45.70000076293945,46.70000076293945,78959000.0,15.52706241607666,18.619009017944336,18.64337921142578,18.001625061035156,18.294069290161133,239177022.0,1356.5999755859375,1356.5999755859375,1374.9000244140625,1335.0,1342.199951171875,676.0,6590.60009765625,6590.60009765625,6612.10009765625,6432.5,6577.7998046875,5383525000.0,,,,,
2016-07-08,,,,,,,,,,,,,,,,,,,,,,,,,,,,,,,,,,,,,,,,,,,1.37,13.2,2129.9,1.1038,1.2938
2016-07-09,49.571590423583984,64.18000030517578,64.9800033569336,62.13999938964844,62.41999816894531,94859400.0,10.988616943359375,13.65999984741211,13.789999961853027,13.199999809265137,13.289999961853027,407438100.0,33.0174446105957,44.33000183105469,45.029998779296875,42.290000915527344,42.38999938964844,130336800.0,36.35227584838867,47.709999084472656,49.150001525878906,47.40999984741211,48.099998474121094,98165600.0,15.933528900146484,19.10641860961914,19.33387565612793,18.659626007080078,18.71649169921875,284744456.0,1326.5,1326.5,1371.800048828125,1322.699951171875,1371.699951171875,357.0,6669.2001953125,6669.2001953125,6743.39990234375,6590.60009765625,6590.60009765625,4808512500.0,,,,,
2016-07-15,,,,,,,,,,,,,,,,,,,,,,,,,,,,,,,,,,,,,,,,,,,1.6,12.67,2161.74,1.1059,1.3194
2016-07-16,49.46345901489258,64.04000091552734,64.4000015258789,63.459999084472656,64.12999725341797,48977300.0,11.5678071975708,14.380000114440918,14.470000267028809,13.819999694824219,13.84000015258789,475386200.0,32.99509048461914,44.29999923706055,44.900001525878906,43.83000183105469,44.279998779296875,78217400.0,36.817054748535156,48.31999969482422,48.810001373291016,47.779998779296875,47.810001373291016,85812500.0,16.04192352294922,19.236392974853516,19.252639770507812,19.057676315307617,19.114540100097656,161557672.0,1323.0999755859375,1323.0999755859375,1337.5,1312.800048828125,1327.5,1500.0,6730.5,6730.5,6736.60009765625,6653.7001953125,6669.2001953125,3692230300.0,,,,,
2016-07-22,,,,,,,,,,,,,,,,,,,,,,,,,,,,,,,,,,,,,,,,,,,1.57,12.02,2175.03,1.0968,1.3091
2016-07-23,49.409385681152344,63.970001220703125,64.69000244140625,63.68000030517578,63.97999954223633,51266700.0,11.656296730041504,14.489999771118164,14.699999809265137,14.279999732971191,14.3100004196167,342938400.0,32.6301383972168,43.810001373291016,44.709999084472656,43.68000030517578,44.310001373291016,75371400.0,36.55038833618164,47.970001220703125,48.2599983215332,47.68000030517578,48.2400016784668,71813400.0,16.021595001220703,19.21202278137207,19.301380157470703,19.090171813964844,19.203899383544922,209732364.0,1349.0,1349.0,1353.300048828125,1313.800048828125,1315.699951171875,278983.0,6724.39990234375,6724.39990234375,6780.10009765625,6691.0,6730.5,4241761400.0,,,,,
2016-07-29,,,,,,,,,,,,,,,,,,,,,,,,,,,,,,,,,,,,,,,,,,,1.46,11.87,2173.6,1.1168,1.327
2016-07-30,51.20904541015625,66.30000305175781,66.37000274658203,63.380001068115234,64.1500015258789,68720600.0,12.106779098510742,15.050000190734863,15.0600004196167,14.09000015258789,14.520000457763672,377667000.0,34.17618942260742,45.720001220703125,45.72999954223633,42.5,43.91999816894531,89906500.0,37.091365814208984,48.68000030517578,48.70000076293945,47.33000183105469,47.97999954223633,81700500.0,16.272247314453125,19.512590408325195,19.512590408325195,18.952070236206055,19.228269577026367,195536348.0,1336.4000244140625,1336.4000244140625,1366.0,1333.699951171875,1348.800048828125,6401.0,6793.5,6793.5,6802.39990234375,6615.7998046875,6724.39990234375,4106174500.0,,,,,
2016-08-05,,,,,,,,,,,,,,,,,,,,,,,,,,,,,,,,,,,,,,,,,,,1.59,11.39,2182.87,1.108,1.3069
2016-08-06,50.45209884643555,65.31999969482422,66.48999786376953,64.86000061035156,66.06999969482422,50302200.0,11.994161605834961,14.90999984741211,15.1899995803833,14.699999809265137,15.079999923706055,332991000.0,34.071533203125,45.58000183105469,46.15999984741211,45.220001220703125,45.83000183105469,72924400.0,36.79014587402344,47.900001525878906,49.150001525878906,47.83000183105469,48.779998779296875,69945700.0,16.163862228393555,19.38261604309082,19.593826293945312,19.301380157470703,19.569456100463867,164806157.0,1335.800048828125,1335.800048828125,1354.199951171875,1327.800048828125,1330.0,2096.0,6916.0,6916.0,6931.0,6781.5,6793.5,3691168800.0,,,,,
2016-08-12,,,,,,,,,,,,,,,,,,,,,,,,,,,,,,,,,,,,,,,,,,,1.51,11.55,2184.05,1.1172,1.2934
2016-08-13,50.86919021606445,65.86000061035156,65.98999786376953,65.22000122070312,65.55999755859375,48767100.0,12.243535995483398,15.220000267028809,15.25,14.930000305175781,14.970000267028809,344946000.0,34.78165817260742,46.529998779296875,46.79999923706055,45.81999969482422,45.81999969482422,71752000.0,37.36618423461914,48.650001525878906,48.72999954223633,48.029998779296875,48.04999923706055,63526300.0,16.265480041503906,19.50446891784668,19.55320930480957,19.38261604309082,19.455726623535156,137695104.0,1340.4000244140625,1340.4000244140625,1355.0,1333.5999755859375,1336.5,872.0,6859.0,6859.0,6955.2998046875,6840.89990234375,6916.0,3098871300.0,,,,,
2016-08-19,,,,,,,,,,,,,,,,,,,,,,,,,,,,,,,,,,,,,,,,,,,1.58,11.34,2183.87,1.1326,1.3061
2016-08-20,51.14726257324219,66.22000122070312,66.87999725341797,65.41000366210938,65.75,52189700.0,12.702065467834473,15.789999961853027,15.899999618530273,15.119999885559082,15.199999809265137,388780600.0,35.2152214050293,47.11000061035156,47.2400016784668,46.25,46.41999816894531,80266100.0,37.2586555480957,48.5099983215332,48.84000015258789,48.279998779296875,48.63999938964844,70129100.0,16.333221435546875,19.585702896118164,19.731924057006836,19.423233032226562,19.471973419189453,178875133.0,1321.5,1321.5,1341.199951171875,1317.0,1334.4000244140625,1129.0,6838.10009765625,6838.10009765625,6885.39990234375,6779.2001953125,6859.0,3193036200.0,,,,,
2016-08-26,,,,,,,,,,,,,,,,,,,,,,,,,,,,,,,,,,,,,,,,,,,1.62,13.65,2169.04,1.1237,1.3168
2016-08-27,52.12818145751953,67.48999786376953,67.7699966430664,66.45999908447266,66.48999786376953,69273800.0,12.870997428894043,16.0,16.239999771118164,15.75,15.8100004196167,598899700.0,35.514217376708984,47.5099983215332,48.18000030517578,46.7599983215332,47.189998626708984,90743300.0,38.825504302978516,50.54999923706055,51.0,48.689998626708984,48.75,100491900.0,16.644845962524414,19.959383010864258,20.016246795654297,19.61007308959961,19.634443283081055,266075603.0,1322.0999755859375,1322.0999755859375,1326.699951171875,1301.5,1315.0,1636.0,6894.60009765625,6894.60009765625,6928.2998046875,6723.2001953125,6838.10009765625,3746474800.0,,,,,
2016-09-02,,,,,,,,,,,,,,,,,,,,,,,,,,,,,,,,,,,,,,,,,,,1.6,11.98,2179.98,1.1158,1.3299
2016-09-03,51.47937774658203,66.6500015258789,67.68000030517578,66.63999938964844,67.5,58659700.0,12.720772743225098,15.739999771118164,16.149999618530273,15.649999618530273,16.049999237060547,364327700.0,35.260074615478516,47.16999816894531,48.16999816894531,46.650001525878906,47.5099983215332,67584600.0,37.419952392578125,48.720001220703125,50.56999969482422,48.720001220703125,50.560001373291016,80585900.0,16.285795211791992,19.528837203979492,19.983753204345703,19.528837203979492,19.95125961303711,237513818.0,1330.0999755859375,1330.0999755859375,1350.5,1323.199951171875,1323.300048828125,125.0,6777.0,6777.0,6910.7001953125,6762.2998046875,6894.60009765625,3686633100.0,,,,,
2016-09-09,,,,,,,,,,,,,,,,,,,,,,,,,,,,,,,,,,,,,,,,,,,1.67,17.5,2127.81,1.1214,1.3257
2016-09-10,50.83829116821289,65.81999969482422,67.30000305175781,65.44000244140625,66.13999938964844,85670500.0,12.51872444152832,15.489999771118164,15.9399995803833,15.479999542236328,15.649999618530273,432818500.0,34.691959381103516,46.40999984741211,47.869998931884766,46.2400016784668,46.63999938964844,100692200.0,34.89301681518555,45.43000030517578,48.63999938964844,45.189998626708984,48.369998931884766,252129800.0,16.001270294189453,19.187652587890625,19.8212833404541,19.130788803100586,19.43947982788086,397123063.0,1305.800048828125,1305.800048828125,1329.300048828125,1305.800048828125,1327.0,370.0,6710.2998046875,6710.2998046875,6777.0,6654.5,6777.0,4471135100.0,,,,,
2016-09-16,,,,,,,,,,,,,,,,,,,,,,,,,,,,,,,,,,,,,,,,,,,1.7,15.37,2139.16,1.116,1.309
2016-09-17,51.94281005859375,67.25,67.9000015258789,65.8499984741211,66.1500015258789,64425000.0,12.542970657348633,15.520000457763672,15.829999923706055,15.390000343322754,15.550000190734863,357077100.0,35.24512481689453,47.150001525878906,47.459999084472656,46.290000915527344,46.619998931884766,74155400.0,35.131126403808594,45.7400016784668,47.20000076293945,45.33000183105469,45.619998931884766,215277900.0,16.238950729370117,19.3799991607666,19.559999465942383,19.18000030517578,19.18000030517578,251694200.0,1337.199951171875,1337.199951171875,1340.4000244140625,1313.5,1313.5,256.0,6909.39990234375,6909.39990234375,6937.2998046875,6710.2998046875,6710.2998046875,3552627100.0,,,,,
2016-09-23,,,,,,,,,,,,,,,,,,,,,,,,,,,,,,,,,,,,,,,,,,,1.62,12.29,2164.69,1.1223,1.2959
2016-09-24,51.43302917480469,66.58999633789062,67.20999908447266,65.11000061035156,66.5999984741211,81804800.0,12.64803695678711,15.649999618530273,15.729999542236328,14.8100004196167,15.399999618530273,441467500.0,35.30491256713867,47.22999954223633,47.5,45.15999984741211,46.5099983215332,108313900.0,34.0097541809082,44.279998779296875,45.5,44.099998474121094,45.369998931884766,182901700.0,16.171907424926758,19.299999237060547,19.399999618530273,18.940000534057617,19.260000228881836,254663100.0,1313.300048828125,1313.300048828125,1341.800048828125,1312.9000244140625,1335.199951171875,17599.0,6899.2998046875,6899.2998046875,6941.10009765625,6768.89990234375,6909.39990234375,4312246600.0,,,,,
2016-09-30,,,,,,,,,,,,,,,,,,,,,,,,,,,,,,,,,,,,,,,,,,,1.6,13.29,2168.27,1.1238,1.3015
2016-10-01,52.6070556640625,68.11000061035156,68.18000030517578,66.0999984741211,66.3499984741211,84390600.0,13.035962104797363,16.1299991607666,16.25,15.5,15.59000015258789,429923600.0,36.83732604980469,49.279998779296875,49.40999984741211,46.779998779296875,47.02000045776367,89840200.0,34.816226959228516,45.33000183105469,45.45000076293945,43.54999923706055,44.119998931884766,177436800.0,16.440048217773438,19.6200008392334,19.65999984741211,19.15999984741211,19.239999771118164,269164100.0,1248.9000244140625,1248.9000244140625,1316.800048828125,1248.9000244140625,1313.5,2721.0,7044.39990234375,7044.39990234375,7121.89990234375,6898.10009765625,6899.2998046875,5232376000.0,,,,,
2016-10-07,,,,,,,,,,,,,,,,,,,,,,,,,,,,,,,,,,,,,,,,,,,1.73,13.48,2153.74,1.1156,1.2434
2016-10-08,52.530452728271484,67.5199966430664,69.05999755859375,66.81999969482422,68.33999633789062,82638200.0,12.930898666381836,16.0,16.399999618530273,15.600000381469727,16.219999313354492,396201000.0,36.33649444580078,48.61000061035156,49.959999084472656,47.540000915527344,49.459999084472656,95057300.0,34.34001541137695,44.709999084472656,45.91999816894531,44.279998779296875,45.70000076293945,158621200.0,16.272462844848633,19.420000076293945,19.809999465942383,19.110000610351562,19.719999313354492,317304900.0,1253.0999755859375,1253.0999755859375,1260.4000244140625,1250.5999755859375,1258.800048828125,806.0,7013.60009765625,7013.60009765625,7129.7998046875,6930.0,7044.39990234375,4569619700.0,,,,,
2016-10-14,,,,,,,,,,,,,,,,,,,,,,,,,,,,,,,,,,,,,,,,,,,1.8,16.12,2132.98,1.0985,1.2189
2016-10-15,53.28511428833008,68.48999786376953,68.68000030517578,66.73999786376953,67.41999816894531,65837200.0,13.472382545471191,16.670000076293945,16.670000076293945,15.899999618530273,16.170000076293945,437233700.0,37.05409622192383,49.56999969482422,49.900001525878906,48.40999984741211,48.59000015258789,75729700.0,34.63187026977539,45.09000015258789,45.529998779296875,44.31999969482422,44.540000915527344,118417300.0,16.465185165405273,19.649999618530273,19.780000686645508,19.280000686645508,19.43000030517578,232812000.0,1265.9000244140625,1265.9000244140625,1271.5,1249.9000244140625,1249.9000244140625,910.0,7020.5,7020.5,7058.39990234375,6937.39990234375,7013.60009765625,3854440600.0,,,,,
2016-10-21,,,,,,,,,,,,,,,,,,,,,,,,,,,,,,,,,,,,,,,,,,,1.74,13.34,2141.16,1.0866,1.221
2016-10-22,53.767478942871094,69.11000061035156,69.7699966430664,68.37000274658203,68.97000122070312,56920700.0,13.480463981628418,16.68000030517578,17.100000381469727,16.5,16.75,389386400.0,37.04661560058594,49.560001373291016,50.599998474121094,48.95000076293945,49.81999969482422,71465700.0,35.507469177246094,46.22999954223633,46.810001373291016,45.290000915527344,45.45000076293945,111430700.0,16.565731048583984,19.770000457763672,19.950000762939453,19.579999923706055,19.739999771118164,211701400.0,1275.5,1275.5,1281.5,1261.800048828125,1269.199951171875,1280.0,6996.2998046875,6996.2998046875,7067.2998046875,6917.7998046875,7020.5,4265923200.0,,,,,
2016-10-28,,,,,,,,,,,,,,,,,,,,,,,,,,,,,,,,,,,,,,,,,,,1.86,16.19,2126.41,1.0934,1.2155
2016-10-29,52.71717071533203,67.76000213623047,69.77999877929688,67.63999938964844,69.43000030517578,66291600.0,13.375396728515625,16.549999237060547,16.75,16.280000686645508,16.68000030517578,430304500.0,36.00758361816406,48.16999816894531,49.86000061035156,47.70000076293945,49.7400016784668,82065400.0,34.255531311035156,44.599998474121094,46.560001373291016,44.4900016784668,46.400001525878906,102077000.0,16.331113815307617,19.489999771118164,19.8700008392334,19.399999618530273,19.8700008392334,286221400.0,1303.300048828125,1303.300048828125,1307.0,1271.5,1276.5999755859375,221.0,6693.2998046875,6693.2998046875,6996.2998046875,6676.60009765625,6996.2998046875,4245090500.0,,,,,
2016-11-04,,,,,,,,,,,,,,,,,,,,,,,,,,,,,,,,,,,,,,,,,,,1.79,22.51,2085.18,1.1121,1.2546
2016-11-05,59.66471481323242,76.69000244140625,77.25,69.0,69.08000183105469,168761800.0,15.371604919433594,19.020000457763672,19.030000686645508,16.709999084472656,16.860000610351562,1024880500.0,39.621585845947266,52.83000183105469,54.20000076293945,49.040000915527344,49.2599983215332,190042200.0,40.06283187866211,51.72999954223633,51.9900016784668,44.869998931884766,45.220001220703125,260430700.0,18.157779693603516,21.670000076293945,21.700000762939453,19.790000915527344,19.81999969482422,767818800.0,1223.5,1223.5,1318.5999755859375,1219.0999755859375,1292.0,854.0,6730.39990234375,6730.39990234375,6997.2998046875,6693.2998046875,6693.2998046875,5804649800.0,,,,,
2016-11-11,,,,,,,,,,,,,,,,,,,,,,,,,,,,,,,,,,,,,,,,,,,2.15,14.17,2164.45,1.0882,1.2523
2016-11-12,60.458251953125,77.70999908447266,80.44000244140625,76.87999725341797,77.25,139388600.0,16.16362953186035,20.0,20.219999313354492,19.399999618530273,19.40999984741211,926586900.0,41.59403610229492,55.459999084472656,55.97999954223633,53.0,53.040000915527344,150316000.0,40.90699768066406,52.81999969482422,54.060001373291016,50.959999084472656,51.90999984741211,184467800.0,18.568370819091797,22.15999984741211,22.329999923706055,21.790000915527344,21.8799991607666,693253800.0,1208.5,1208.5,1229.5,1207.199951171875,1227.800048828125,2048.0,6775.7998046875,6775.7998046875,6820.5,6730.39990234375,6730.39990234375,4720279700.0,,,,,
2016-11-18,,,,,,,,,,,,,,,,,,,,,,,,,,,,,,,,,,,,,,,,,,,2.34,12.85,2181.9,1.06,1.2327
2016-11-19,61.329627990722656,78.83000183105469,79.44999694824219,77.29000091552734,78.0,45953000.0,16.858665466308594,20.860000610351562,20.8799991607666,20.010000228881836,20.100000381469727,395662600.0,42.584007263183594,56.779998779296875,56.83000183105469,55.13999938964844,55.959999084472656,73780800.0,40.75210952758789,52.619998931884766,52.97999954223633,51.810001373291016,52.849998474121094,76026400.0,18.77785301208496,22.40999984741211,22.450000762939453,22.09000015258789,22.280000686645508,305293600.0,1178.199951171875,1178.199951171875,1213.800048828125,1177.0,1209.5999755859375,361.0,6840.7998046875,6840.7998046875,6880.7001953125,6754.2001953125,6775.7998046875,3421461400.0,,,,,
2016-11-25,,,,,,,,,,,,,,,,,,,,,,,,,,,,,,,,,,,,,,,,,,,2.36,12.34,2213.35,1.0595,1.2462
2016-11-26,63.484676361083984,81.5999984741211,82.27999877929688,78.0199966430664,78.18000030517578,93258300.0,17.157690048217773,21.229999542236328,21.940000534057617,20.25,20.670000076293945,742270200.0,42.014034271240234,56.02000045776367,57.56999969482422,55.31999969482422,55.86000061035156,116468300.0,41.49559020996094,53.58000183105469,54.470001220703125,51.38999938964844,52.119998931884766,126870800.0,18.978954315185547,22.649999618530273,22.950000762939453,22.09000015258789,22.25,475477400.0,1175.0999755859375,1175.0999755859375,1194.800048828125,1160.0,1188.0,242305.0,6730.7001953125,6730.7001953125,6845.7001953125,6678.7001953125,6840.7998046875,4417813400.0,,,,,
2016-12-02,,,,,,,,,,,,,,,,,,,,,,,,,,,,,,,,,,,,,,,,,,,2.4,14.12,2191.95,1.0666,1.2685
2016-12-03,66.5111083984375,85.48999786376953,85.5,82.29000091552734,82.30000305175781,89068800.0,18.730138778686523,23.09000015258789,23.239999771118164,21.459999084472656,21.469999313354492,732456000.0,45.028961181640625,60.040000915527344,60.79999923706055,56.58000183105469,56.61000061035156,131750500.0,44.25266647338867,57.13999938964844,58.02000045776367,53.869998931884766,53.900001525878906,162277400.0,19.900665283203125,23.75,23.84000015258789,22.790000915527344,22.850000381469727,506994600.0,1159.4000244140625,1159.4000244140625,1186.699951171875,1156.0,1181.800048828125,1879.0,6954.2001953125,6954.2001953125,6962.2998046875,6697.7001953125,6730.7001953125,4619768500.0,,,,,
2016-12-09,,,,,,,,,,,,,,,,,,,,,,,,,,,,,,,,,,,,,,,,,,,2.47,11.75,2259.53,1.0541,1.259
2016-12-10,66.08321380615234,84.94000244140625,86.48999786376953,83.76000213623047,85.36000061035156,96250300.0,18.381328582763672,22.65999984741211,23.389999389648438,22.209999084472656,23.0,790054500.0,44.811458587646484,59.75,60.79999923706055,58.7599983215332,59.45000076293945,126088500.0,42.858646392822266,55.34000015258789,57.099998474121094,54.029998779296875,56.5,171350100.0,19.57387351989746,23.360000610351562,23.8700008392334,23.309999465942383,23.68000030517578,535082200.0,1135.300048828125,1135.300048828125,1164.0,1123.9000244140625,1158.300048828125,1845.0,7011.60009765625,7011.60009765625,7038.39990234375,6875.39990234375,6954.2001953125,4972120700.0,,,,,
2016-12-16,,,,,,,,,,,,,,,,,,,,,,,,,,,,,,,,,,,,,,,,,,,2.6,12.2,2258.07,1.0456,1.2478
2016-12-17,67.72476959228516,87.05000305175781,87.16999816894531,84.19000244140625,84.80000305175781,72356500.0,18.332658767700195,22.600000381469727,22.829999923706055,22.329999923706055,22.600000381469727,347778800.0,45.741451263427734,60.9900016784668,61.0,58.91999816894531,59.4900016784668,80069500.0,43.33879470825195,55.959999084472656,56.31999969482422,54.650001525878906,55.18000030517578,72933600.0,19.84794044494629,23.579999923706055,23.670000076293945,23.18000030517578,23.389999389648438,228322000.0,1131.9000244140625,1131.9000244140625,1140.699951171875,1126.5,1139.4000244140625,519.0,7068.2001953125,7068.2001953125,7071.10009765625,6986.39990234375,7011.60009765625,2603420200.0,,,,,
2016-12-23,,,,,,,,,,,,,,,,,,,,,,,,,,,,,,,,,,,,,,,,,,,2.55,11.44,2263.79,1.0449,1.2252
2016-12-24,67.13349151611328,86.29000091552734,87.38999938964844,85.04000091552734,87.05000305175781,44708800.0,17.92707061767578,22.100000381469727,22.739999771118164,21.770000457763672,22.709999084472656,244435800.0,44.57146453857422,59.43000030517578,61.29999923706055,58.68000030517578,61.029998779296875,60381100.0,42.68051528930664,55.11000061035156,56.099998474121094,54.47999954223633,55.900001525878906,50532000.0,19.57017707824707,23.25,23.670000076293945,23.100000381469727,23.6299991607666,153088500.0,1150.0,1150.0,1162.0,1134.300048828125,1134.300048828125,2620.0,7142.7998046875,7142.7998046875,7142.7998046875,7060.89990234375,7068.2001953125,1171075700.0,,,,,
2016-12-30,,,,,,,,,,,,,,,,,,,,,,,,,,,,,,,,,,,,,,,,,,,2.45,14.04,2238.83,1.0552,1.2337
2016-12-31,67.001220703125,86.12000274658203,87.76000213623047,85.26000213623047,87.33999633789062,63011400.0,18.397560119628906,22.68000030517578,22.959999084472656,22.200000762939453,22.600000381469727,329281100.0,45.41143798828125,60.54999923706055,61.630001068115234,59.75,60.68000030517578,70366200.0,42.62630081176758,55.040000915527344,56.349998474121094,54.47999954223633,55.66999816894531,74647400.0,19.814271926879883,23.540000915527344,23.729999542236328,23.239999771118164,23.610000610351562,216614000.0,1171.9000244140625,1171.9000244140625,1183.300048828125,1146.5,1155.199951171875,604.0,7210.10009765625,7210.10009765625,7212.0,7142.7998046875,7142.7998046875,3000753500.0,,,,,
2017-01-06,,,,,,,,,,,,,,,,,,,,,,,,,,,,,,,,,,,,,,,,,,,2.42,11.32,2276.98,1.056,1.2314
2017-01-07,67.82569122314453,86.69999694824219,88.16999816894531,85.5199966430664,85.7300033569336,91142100.0,18.66524314880371,23.010000228881836,23.40999984741211,22.399999618530273,22.510000228881836,551669900.0,44.721458435058594,59.630001068115234,60.849998474121094,58.7599983215332,60.150001525878906,92638000.0,42.835391998291016,55.310001373291016,56.20000076293945,53.720001220703125,54.68000030517578,118671100.0,19.789026260375977,23.510000228881836,23.790000915527344,23.18000030517578,23.479999542236328,258133500.0,1195.300048828125,1195.300048828125,1204.300048828125,1173.0,1173.9000244140625,265.0,7337.7998046875,7337.7998046875,7338.5,7207.39990234375,7210.10009765625,4161564200.0,,,,,
2017-01-13,,,,,,,,,,,,,,,,,,,,,,,,,,,,,,,,,,,,,,,,,,,2.4,11.23,2274.64,1.0625,1.2198
2017-01-14,65.455322265625,83.66999816894531,85.22000122070312,83.02999877929688,84.93000030517578,86287100.0,18.3651065826416,22.639999389648438,22.93000030517578,22.010000228881836,22.68000030517578,455417600.0,42.08151626586914,56.11000061035156,59.31999969482422,56.029998779296875,59.0099983215332,106944700.0,42.6495246887207,55.06999969482422,55.11000061035156,53.34000015258789,54.79999923706055,93228800.0,19.485998153686523,23.149999618530273,23.350000381469727,22.850000381469727,23.34000015258789,296481800.0,1204.300048828125,1204.300048828125,1214.699951171875,1195.800048828125,1205.5,257.0,7198.39990234375,7198.39990234375,7354.10009765625,7191.7001953125,7337.7998046875,3876022500.0,,,,,
2017-01-20,,,,,,,,,,,,,,,,,,,,,,,,,,,,,,,,,,,,,,,,,,,2.48,11.54,2271.31,1.063,1.2319
2017-01-21,68.00560760498047,86.93000030517578,86.9800033569336,83.20999908447266,83.30000305175781,73403700.0,18.949159622192383,23.360000610351562,23.549999237060547,22.420000076293945,22.6200008392334,398384200.0,42.83150100708008,57.11000061035156,57.97999954223633,55.41999816894531,56.119998931884766,100906400.0,43.826717376708984,56.59000015258789,57.33000183105469,54.130001068115234,54.709999084472656,108958800.0,19.906864166259766,23.649999618530273,23.799999237060547,22.920000076293945,23.049999237060547,299379700.0,1188.0999755859375,1188.0999755859375,1219.0,1185.5999755859375,1212.0,234814.0,7184.5,7184.5,7205.7001953125,7131.5,7198.39990234375,4557340400.0,,,,,
2017-01-27,,,,,,,,,,,,,,,,,,,,,,,,,,,,,,,,,,,,,,,,,,,2.49,10.58,2294.69,1.069,1.2531
2017-01-28,68.20120239257812,87.18000030517578,87.30999755859375,84.08999633789062,86.19000244140625,73714500.0,18.89237403869629,23.290000915527344,23.350000381469727,22.5,23.200000762939453,490950600.0,43.319000244140625,57.7599983215332,57.880001068115234,55.22999954223633,56.5099983215332,101191000.0,44.35334014892578,57.27000045776367,57.290000915527344,55.400001525878906,56.119998931884766,92452400.0,19.96578025817871,23.719999313354492,23.739999771118164,23.100000381469727,23.5,300521400.0,1218.5,1218.5,1224.199951171875,1187.0999755859375,1191.699951171875,57237.0,7188.2998046875,7188.2998046875,7202.39990234375,7093.60009765625,7184.5,4300883200.0,,,,,
2017-02-03,,,,,,,,,,,,,,,,,,,,,,,,,,,,,,,,,,,,,,,,,,,2.49,10.97,2297.42,1.0792,1.2504
2017-02-04,68.06037902832031,87.0,87.4800033569336,85.37000274658203,86.79000091552734,59933700.0,18.72202491760254,23.079999923706055,23.3799991607666,22.450000762939453,23.149999618530273,475658300.0,43.34523010253906,57.630001068115234,58.349998474121094,56.13999938964844,57.5099983215332,80779500.0,44.33491134643555,56.86000061035156,57.40999984741211,55.16999816894531,57.08000183105469,75645700.0,20.01629066467285,23.780000686645508,23.860000610351562,23.280000686645508,23.579999923706055,272024100.0,1234.4000244140625,1234.4000244140625,1243.9000244140625,1218.5,1221.9000244140625,3649.0,7258.7998046875,7258.7998046875,7274.7998046875,7147.2001953125,7188.2998046875,3977679100.0,,,,,
2017-02-10,,,,,,,,,,,,,,,,,,,,,,,,,,,,,,,,,,,,,,,,,,,2.41,10.85,2316.1,1.065,1.2502
2017-02-11,70.58724212646484,90.2300033569336,91.04000091552734,87.43000030517578,87.44000244140625,87502300.0,19.890125274658203,24.520000457763672,24.770000457763672,23.170000076293945,23.170000076293945,580220900.0,45.255645751953125,60.16999816894531,60.869998931884766,57.9900016784668,57.9900016784668,98600200.0,45.293949127197266,58.09000015258789,59.0099983215332,56.88999938964844,57.06999969482422,87536300.0,20.59708023071289,24.469999313354492,24.56999969482422,23.889999389648438,23.93000030517578,347715500.0,1237.5999755859375,1237.5999755859375,1241.199951171875,1217.300048828125,1230.5,1120.0,7300.0,7300.0,7313.39990234375,7251.7998046875,7258.7998046875,3604013400.0,,,,,
2017-02-17,,,,,,,,,,,,,,,,,,,,,,,,,,,,,,,,,,,,,,,,,,,2.42,11.49,2351.16,1.0614,1.2428
2017-02-18,70.66545104980469,90.33000183105469,91.33999633789062,89.7300033569336,90.51000213623047,52036600.0,19.65488052368164,24.229999542236328,24.950000762939453,24.020000457763672,24.59000015258789,343023800.0,44.796844482421875,59.560001373291016,60.95000076293945,59.11000061035156,60.290000915527344,66363100.0,45.07564163208008,57.810001373291016,58.630001068115234,57.31999969482422,58.25,59481500.0,20.554988861083984,24.420000076293945,24.68000030517578,24.309999465942383,24.600000381469727,220851200.0,1256.9000244140625,1256.9000244140625,1258.800048828125,1228.0999755859375,1237.300048828125,1531.0,7243.7001953125,7243.7001953125,7329.60009765625,7192.5,7300.0,4599857600.0,,,,,
2017-02-24,,,,,,,,,,,,,,,,,,,,,,,,,,,,,,,,,,,,,,,,,,,2.31,11.47,2367.34,1.058,1.2499
2017-02-25,72.59774780273438,92.80000305175781,93.9800033569336,89.58999633789062,90.31999969482422,81675900.0,20.63640594482422,25.440000534057617,25.799999237060547,24.190000534057617,24.200000762939453,495599300.0,45.879913330078125,61.0,61.939998626708984,59.40999984741211,59.560001373291016,91819500.0,45.91773223876953,58.88999938964844,59.9900016784668,57.709999084472656,57.810001373291016,83891200.0,21.017948150634766,24.969999313354492,25.299999237060547,24.3799991607666,24.450000762939453,307817000.0,1225.5,1225.5,1263.0999755859375,1222.9000244140625,1254.699951171875,1603.0,7374.2998046875,7374.2998046875,7394.60009765625,7239.7001953125,7243.7001953125,4626606800.0,,,,,
2017-03-03,,,,,,,,,,,,,,,,,,,,,,,,,,,,,,,,,,,,,,,,,,,2.49,10.96,2383.12,1.0552,1.2249
2017-03-04,71.40863800048828,91.27999877929688,92.8499984741211,90.52999877929688,92.25,71050500.0,20.593538284301758,25.309999465942383,25.770000457763672,25.079999923706055,25.329999923706055,411012100.0,46.24846267700195,61.4900016784668,62.529998779296875,59.779998779296875,60.79999923706055,101852400.0,45.88654327392578,58.849998474121094,59.18000030517578,58.02000045776367,58.540000915527344,71878400.0,20.86643409729004,24.790000915527344,25.059999465942383,24.6299991607666,24.81999969482422,330297400.0,1200.699951171875,1200.699951171875,1235.199951171875,1196.199951171875,1235.199951171875,146.0,7343.10009765625,7343.10009765625,7374.2998046875,7263.60009765625,7374.2998046875,4414587100.0,,,,,
2017-03-10,,,,,,,,,,,,,,,,,,,,,,,,,,,,,,,,,,,,,,,,,,,2.58,11.66,2372.6,1.0667,1.2158
2017-03-11,70.93926239013672,90.68000030517578,92.80999755859375,90.6500015258789,91.30999755859375,73070100.0,20.22739028930664,24.860000610351562,25.549999237060547,24.829999923706055,25.299999237060547,410260200.0,45.40605926513672,60.369998931884766,61.790000915527344,60.20000076293945,61.540000915527344,92868300.0,45.746185302734375,58.66999816894531,59.40999984741211,58.25,58.83000183105469,82179700.0,20.580242156982422,24.450000762939453,24.969999313354492,24.450000762939453,24.81999969482422,357675100.0,1229.800048828125,1229.800048828125,1231.4000244140625,1196.800048828125,1206.199951171875,166.0,7425.0,7425.0,7447.0,7339.2998046875,7343.10009765625,4961779400.0,,,,,
2017-03-17,,,,,,,,,,,,,,,,,,,,,,,,,,,,,,,,,,,,,,,,,,,2.5,11.28,2378.25,1.0742,1.2372
2017-03-18,68.2872543334961,87.29000091552734,91.16999816894531,86.01000213623047,90.2699966430664,101637100.0,18.81163787841797,23.1200008392334,24.760000228881836,22.450000762939453,24.579999923706055,739983600.0,43.67617416381836,58.06999969482422,60.380001068115234,56.900001525878906,60.099998474121094,105023600.0,43.53178787231445,55.83000183105469,58.470001220703125,54.849998474121094,58.470001220703125,117298000.0,19.884891510009766,23.540000915527344,24.469999313354492,23.229999542236328,24.399999618530273,586955200.0,1248.199951171875,1248.199951171875,1249.5,1226.4000244140625,1229.300048828125,56.0,7336.7998046875,7336.7998046875,7440.89990234375,7301.7998046875,7425.0,3782327600.0,,,,,
2017-03-24,,,,,,,,,,,,,,,,,,,,,,,,,,,,,,,,,,,,,,,,,,,2.4,12.96,2343.98,1.0806,1.2491
2017-03-25,68.71751403808594,87.83999633789062,89.45999908447266,85.2300033569336,85.52999877929688,71779900.0,19.19405746459961,23.59000015258789,23.979999542236328,22.15999984741211,22.280000686645508,438827200.0,44.99241256713867,59.81999969482422,60.83000183105469,56.54999923706055,56.849998474121094,75399800.0,43.39924240112305,55.65999984741211,56.43000030517578,54.2400016784668,54.630001068115234,66033900.0,20.04538345336914,23.729999542236328,23.989999771118164,22.979999542236328,23.040000915527344,425894200.0,1247.300048828125,1247.300048828125,1257.699951171875,1238.699951171875,1255.800048828125,250320.0,7322.89990234375,7322.89990234375,7384.7998046875,7255.7998046875,7336.7998046875,4067702100.0,,,,,
2017-03-31,,,,,,,,,,,,,,,,,,,,,,,,,,,,,,,,,,,,,,,,,,,2.4,12.37,2362.72,1.0698,1.2537
2017-04-01,67.41888427734375,86.18000030517578,88.54000091552734,85.25,87.98999786376953,79224800.0,18.84418296813965,23.15999984741211,23.8799991607666,22.93000030517578,23.649999618530273,423268900.0,44.699073791503906,59.43000030517578,61.02000045776367,58.650001525878906,59.93000030517578,72756600.0,42.759857177734375,54.84000015258789,56.20000076293945,54.61000061035156,55.70000076293945,70136100.0,19.867992401123047,23.520000457763672,23.959999084472656,23.329999923706055,23.770000457763672,446264000.0,1254.300048828125,1254.300048828125,1269.0999755859375,1243.0,1247.5,3405.0,7349.39990234375,7349.39990234375,7362.60009765625,7258.10009765625,7322.89990234375,3950039200.0,,,,,
2017-04-07,,,,,,,,,,,,,,,,,,,,,,,,,,,,,,,,,,,,,,,,,,,2.38,12.87,2355.54,1.0616,1.2398
2017-04-08,66.40576171875,84.4000015258789,86.98999786376953,84.4000015258789,86.08000183105469,75032500.0,18.176990509033203,22.34000015258789,23.280000686645508,22.34000015258789,23.1299991607666,322079500.0,43.65360641479492,58.040000915527344,59.97999954223633,57.68000030517578,59.36000061035156,74352300.0,40.038639068603516,51.349998474121094,55.25,51.349998474121094,54.9900016784668,116277800.0,19.344263076782227,22.899999618530273,23.670000076293945,22.899999618530273,23.520000457763672,338412500.0,1285.9000244140625,1285.9000244140625,1287.5999755859375,1246.800048828125,1252.699951171875,1990.0,7327.60009765625,7327.60009765625,7406.39990234375,7298.89990234375,7349.39990234375,3069176200.0,,,,,
2017-04-14,,,,,,,,,,,,,,,,,,,,,,,,,,,,,,,,,,,,,,,,,,,2.24,15.96,2328.95,1.0625,1.2531
2017-04-15,66.50017547607422,84.5199966430664,86.08000183105469,84.36000061035156,84.44000244140625,86243600.0,18.478038787841797,22.709999084472656,23.170000076293945,22.260000228881836,22.360000610351562,564351400.0,43.412933349609375,57.720001220703125,59.099998474121094,57.54999923706055,58.36000061035156,81983200.0,41.32516860961914,53.0,53.84000015258789,51.2599983215332,51.63999938964844,129361400.0,19.563888549804688,23.15999984741211,23.450000762939453,22.889999389648438,22.959999084472656,397551100.0,1287.4000244140625,1287.4000244140625,1294.800048828125,1274.0,1291.800048828125,1262.0,7114.60009765625,7114.60009765625,7327.60009765625,7096.7998046875,7327.60009765625,3785492700.0,,,,,
2017-04-21,,,,,,,,,,,,,,,,,,,,,,,,,,,,,,,,,,,,,,,,,,,2.24,14.63,2348.69,1.0694,1.2783
2017-04-22,68.45145416259766,87.0,89.12999725341797,86.41999816894531,86.55000305175781,80638900.0,18.99064826965332,23.34000015258789,24.350000381469727,23.239999771118164,23.239999771118164,514751300.0,44.46589660644531,59.119998931884766,60.790000915527344,58.93000030517578,59.18000030517578,87994800.0,41.980140686035156,53.84000015258789,55.09000015258789,53.59000015258789,54.150001525878906,97313400.0,19.876441955566406,23.530000686645508,24.09000015258789,23.530000686645508,23.690000534057617,374451600.0,1266.0999755859375,1266.0999755859375,1276.9000244140625,1262.0999755859375,1275.0,2408.0,7203.89990234375,7203.89990234375,7302.60009765625,7114.60009765625,7114.60009765625,4966550500.0,,,,,
2017-04-28,,,,,,,,,,,,,,,,,,,,,,,,,,,,,,,,,,,,,,,,,,,2.29,10.82,2384.2,1.0895,1.2938
2017-04-29,68.45145416259766,87.0,87.73999786376953,86.0199966430664,87.36000061035156,62643100.0,19.31610679626465,23.739999771118164,24.049999237060547,23.329999923706055,23.520000457763672,321730500.0,45.42924118041992,60.2400016784668,60.939998626708984,58.93000030517578,59.38999938964844,63190700.0,42.97038650512695,55.11000061035156,55.599998474121094,53.95000076293945,54.099998474121094,75420700.0,20.138303756713867,23.84000015258789,24.06999969482422,23.520000457763672,23.649999618530273,335077800.0,1224.800048828125,1224.800048828125,1269.300048828125,1224.199951171875,1268.699951171875,407.0,7297.39990234375,7297.39990234375,7297.39990234375,7203.89990234375,7203.89990234375,3477251500.0,,,,,
2017-05-05,,,,,,,,,,,,,,,,,,,,,,,,,,,,,,,,,,,,,,,,,,,2.36,10.57,2399.29,1.0996,1.295
2017-05-06,68.38849639892578,86.91999816894531,87.83999633789062,86.33999633789062,87.04000091552734,46417200.0,19.52765464782715,24.0,24.309999465942383,23.75,23.75,297073600.0,46.05516815185547,61.06999969482422,61.099998474121094,59.91999816894531,60.150001525878906,64952700.0,41.63083267211914,53.02000045776367,55.369998931884766,52.540000915527344,55.119998931884766,106385300.0,19.90178108215332,23.559999465942383,23.959999084472656,23.43000030517578,23.8700008392334,295877500.0,1226.199951171875,1226.199951171875,1234.0,1214.0,1224.0,163.0,7435.39990234375,7435.39990234375,7435.39990234375,7285.7998046875,7297.39990234375,4056168700.0,,,,,
2017-05-12,,,,,,,,,,,,,,,,,,,,,,,,,,,,,,,,,,,,,,,,,,,2.33,10.4,2390.9,1.0926,1.288
2017-05-13,66.70475006103516,84.77999877929688,88.08999633789062,83.36000061035156,87.0999984741211,80073300.0,18.754680633544922,23.049999237060547,24.170000076293945,22.459999084472656,24.059999465942383,494827700.0,46.07780456542969,61.099998474121094,62.58000183105469,59.099998474121094,61.220001220703125,114698200.0,41.66224670410156,53.060001373291016,53.439998626708984,51.650001525878906,53.060001373291016,97753300.0,19.724388122558594,23.350000381469727,23.829999923706055,22.969999313354492,23.610000610351562,416347000.0,1252.699951171875,1252.699951171875,1260.0,1227.5,1227.5,116.0,7470.7001953125,7470.7001953125,7533.7001953125,7389.2998046875,7435.39990234375,4634030700.0,,,,,
2017-05-19,,,,,,,,,,,,,,,,,,,,,,,,,,,,,,,,,,,,,,,,,,,2.23,12.04,2381.73,1.119,1.3018
2017-05-20,67.16108703613281,85.36000061035156,86.08000183105469,84.20999908447266,85.18000030517578,53574800.0,18.90927505493164,23.239999771118164,23.579999923706055,22.81999969482422,23.190000534057617,323525600.0,46.809303283691406,62.06999969482422,62.689998626708984,60.720001220703125,61.40999984741211,64480700.0,41.15186309814453,52.40999984741211,53.61000061035156,52.369998931884766,53.27000045776367,67894600.0,19.944019317626953,23.610000610351562,23.729999542236328,23.25,23.479999542236328,296165000.0,1267.5999755859375,1267.5999755859375,1267.5999755859375,1249.699951171875,1251.699951171875,271516.0,7547.60009765625,7547.60009765625,7554.2001953125,7470.7001953125,7470.7001953125,3568865000.0,,,,,
2017-05-26,,,,,,,,,,,,,,,,,,,,,,,,,,,,,,,,,,,,,,,,,,,2.25,9.81,2415.82,1.117,1.2795
2017-05-27,65.02099609375,82.63999938964844,85.1500015258789,81.63999938964844,85.12999725341797,73053100.0,18.266489028930664,22.450000762939453,23.209999084472656,22.09000015258789,23.1299991607666,349391600.0,46.085330963134766,61.11000061035156,62.06999969482422,59.869998931884766,61.790000915527344,63320300.0,40.68075180053711,51.810001373291016,52.5,50.83000183105469,52.15999984741211,90378500.0,19.80886459350586,23.450000762939453,23.56999969482422,23.100000381469727,23.540000915527344,327354200.0,1276.800048828125,1276.800048828125,1279.0,1258.4000244140625,1267.4000244140625,135088.0,7547.60009765625,7547.60009765625,7599.0,7497.10009765625,7547.60009765625,4261799200.0,,,,,
2017-06-02,,,,,,,,,,,,,,,,,,,,,,,,,,,,,,,,,,,,,,,,,,,2.15,9.75,2439.07,1.127,1.2885
2017-06-03,68.41998291015625,86.95999908447266,87.05000305175781,82.12999725341797,82.63999938964844,72059300.0,19.322404861450195,23.670000076293945,23.670000076293945,22.06999969482422,22.440000534057617,391695800.0,48.604148864746094,64.44999694824219,64.73999786376953,60.439998626708984,61.040000915527344,94259800.0,42.243282318115234,53.79999923706055,53.95000076293945,51.2400016784668,51.709999084472656,93967900.0,20.51844024658203,24.290000915527344,24.329999923706055,23.260000228881836,23.459999084472656,398705400.0,1268.5,1268.5,1295.199951171875,1264.5999755859375,1279.199951171875,2802.0,7527.2998046875,7527.2998046875,7562.0,7449.7001953125,7547.60009765625,4270815300.0,,,,,
2017-06-09,,,,,,,,,,,,,,,,,,,,,,,,,,,,,,,,,,,,,,,,,,,2.21,10.7,2431.77,1.119,1.2737
2017-06-10,67.80625915527344,86.18000030517578,87.8499984741211,85.81999969482422,86.95999908447266,74232600.0,19.126480102539062,23.43000030517578,24.110000610351562,23.200000762939453,23.81999969482422,383682900.0,48.181846618652344,63.88999938964844,65.4000015258789,63.5,64.51000213623047,101646400.0,42.31394577026367,53.88999938964844,54.689998626708984,53.56999969482422,53.97999954223633,98057400.0,20.51844024658203,24.290000915527344,24.549999237060547,24.1299991607666,24.34000015258789,412595300.0,1254.0,1254.0,1278.0,1250.300048828125,1266.4000244140625,1518.0,7463.5,7463.5,7545.10009765625,7377.89990234375,7527.2998046875,5268240900.0,,,,,
2017-06-16,,,,,,,,,,,,,,,,,,,,,,,,,,,,,,,,,,,,,,,,,,,2.16,10.38,2433.15,1.1194,1.2778
2017-06-17,68.34129333496094,86.86000061035156,88.2300033569336,86.61000061035156,86.97000122070312,68168600.0,18.628528594970703,22.81999969482422,24.0,22.739999771118164,23.610000610351562,340877000.0,47.81985092163086,63.40999984741211,64.88999938964844,63.15999984741211,64.4000015258789,66700400.0,41.183284759521484,52.45000076293945,54.63999938964844,52.220001220703125,54.310001373291016,78873900.0,20.257726669311523,23.889999389648438,24.59000015258789,23.809999465942383,24.450000762939453,299401900.0,1256.199951171875,1256.199951171875,1273.5999755859375,1240.0,1252.0999755859375,813.0,7424.10009765625,7424.10009765625,7561.10009765625,7396.7998046875,7463.5,3798405600.0,,,,,
2017-06-23,,,,,,,,,,,,,,,,,,,,,,,,,,,,,,,,,,,,,,,,,,,2.15,10.02,2438.3,1.1196,1.2727
2017-06-24,71.91338348388672,91.4000015258789,92.6500015258789,86.62000274658203,87.01000213623047,87554300.0,19.804035186767578,24.260000228881836,24.670000076293945,22.729999542236328,22.90999984741211,503121300.0,50.436710357666016,66.87999725341797,67.75,63.209999084472656,63.54999923706055,112069000.0,43.5074348449707,55.40999984741211,56.599998474121094,52.59000015258789,52.72999954223633,96293600.0,20.919124603271484,24.670000076293945,25.020000457763672,23.860000610351562,23.940000534057617,418274900.0,1240.699951171875,1240.699951171875,1260.199951171875,1238.0999755859375,1260.199951171875,1258.0,7312.7001953125,7312.7001953125,7481.0,7302.7001953125,7424.10009765625,4149939100.0,,,,,
2017-06-30,,,,,,,,,,,,,,,,,,,,,,,,,,,,,,,,,,,,,,,,,,,2.31,11.18,2423.41,1.1411,1.2995
2017-07-01,73.84101104736328,93.8499984741211,94.51000213623047,91.41000366210938,91.55999755859375,60157400.0,20.269336700439453,24.829999923706055,25.110000610351562,24.440000534057617,24.459999084472656,273246400.0,51.21346664428711,67.91000366210938,68.91000366210938,67.23999786376953,67.23999786376953,66967400.0,43.76654815673828,55.7400016784668,56.45000076293945,55.25,55.810001373291016,51896600.0,21.241352081298828,25.049999237060547,25.190000534057617,24.780000686645508,24.809999465942383,296635100.0,1208.5999755859375,1208.5999755859375,1236.0,1208.5999755859375,1236.0,194.0,7350.89990234375,7350.89990234375,7386.89990234375,7303.5,7312.7001953125,3665008800.0,,,,,
2017-07-07,,,,,,,,,,,,,,,,,,,,,,,,,,,,,,,,,,,,,,,,,,,2.39,11.19,2425.18,1.1396,1.288
2017-07-08,72.98138427734375,92.25,93.68000030517578,90.58000183105469,93.5,75844900.0,19.763219833374023,24.209999084472656,24.989999771118164,23.81999969482422,24.719999313354492,340910900.0,50.3160400390625,66.72000122070312,68.04000091552734,65.5199966430664,67.69000244140625,87524400.0,43.17764663696289,54.9900016784668,55.810001373291016,54.119998931884766,55.529998779296875,69924600.0,21.131122589111328,24.920000076293945,25.079999923706055,24.59000015258789,25.010000228881836,263316500.0,1226.5999755859375,1226.5999755859375,1227.5,1208.699951171875,1211.4000244140625,77.0,7378.39990234375,7378.39990234375,7439.10009765625,7304.7998046875,7350.89990234375,3825862600.0,,,,,
2017-07-14,,,,,,,,,,,,,,,,,,,,,,,,,,,,,,,,,,,,,,,,,,,2.33,9.51,2459.27,1.1452,1.3079
2017-07-15,71.90545654296875,90.88999938964844,91.98999786376953,90.31999969482422,91.81999969482422,63277800.0,19.42852210998535,23.799999237060547,24.219999313354492,23.610000610351562,24.219999313354492,392359500.0,49.77306365966797,66.0,67.36000061035156,65.88999938964844,66.76000213623047,74254300.0,42.5338020324707,54.16999816894531,55.310001373291016,54.099998474121094,54.900001525878906,73431100.0,21.02936363220215,24.799999237060547,24.940000534057617,24.639999389648438,24.850000381469727,233999000.0,1254.300048828125,1254.300048828125,1254.300048828125,1229.9000244140625,1229.9000244140625,60.0,7452.89990234375,7452.89990234375,7515.10009765625,7357.7998046875,7378.39990234375,3259128400.0,,,,,
2017-07-21,,,,,,,,,,,,,,,,,,,,,,,,,,,,,,,,,,,,,,,,,,,2.24,9.36,2472.54,1.1655,1.2968
2017-07-22,72.2139663696289,91.27999877929688,93.5199966430664,90.91000366210938,90.95999908447266,60672600.0,19.616275787353516,24.030000686645508,24.670000076293945,23.729999542236328,23.739999771118164,316287600.0,50.85148620605469,67.43000030517578,68.83999633789062,65.91000366210938,65.91999816894531,101165200.0,41.85068893432617,53.29999923706055,55.40999984741211,53.18000030517578,54.099998474121094,108287800.0,21.122634887695312,24.90999984741211,25.31999969482422,24.770000457763672,24.790000915527344,269800100.0,1268.4000244140625,1268.4000244140625,1270.0,1244.800048828125,1256.0,284522.0,7368.39990234375,7368.39990234375,7487.10009765625,7339.39990234375,7452.89990234375,4381481300.0,,,,,
2017-07-28,,,,,,,,,,,,,,,,,,,,,,,,,,,,,,,,,,,,,,,,,,,2.3,10.29,2472.1,1.1754,1.3124
2017-07-29,74.09687042236328,93.66000366210938,94.4000015258789,91.5,91.51000213623047,59612400.0,20.383623123168945,24.969999313354492,25.079999923706055,24.09000015258789,24.1200008392334,328788800.0,52.02039337158203,68.9800033569336,69.6500015258789,67.5199966430664,67.87000274658203,104215900.0,41.489498138427734,52.84000015258789,54.38999938964844,51.90999984741211,53.41999816894531,123189800.0,21.5296573638916,25.389999389648438,25.489999771118164,24.969999313354492,25.0,238978000.0,1258.300048828125,1258.300048828125,1273.300048828125,1253.9000244140625,1268.9000244140625,10633.0,7511.7001953125,7511.7001953125,7519.10009765625,7367.89990234375,7368.39990234375,3875524200.0,,,,,
2017-08-04,,,,,,,,,,,,,,,,,,,,,,,,,,,,,,,,,,,,,,,,,,,2.27,10.03,2476.83,1.1754,1.3036
2017-08-05,72.32473754882812,91.41999816894531,95.22000122070312,91.23999786376953,93.88999938964844,56869900.0,19.477508544921875,23.860000610351562,25.350000381469727,23.799999237060547,25.010000228881836,318351700.0,50.60966110229492,66.80000305175781,69.86000061035156,66.58999633789062,69.12999725341797,83122700.0,41.07906723022461,51.939998626708984,53.29999923706055,51.7400016784668,52.72999954223633,95270600.0,20.970003128051758,24.729999542236328,25.59000015258789,24.670000076293945,25.389999389648438,260398400.0,1287.699951171875,1287.699951171875,1291.0999755859375,1251.4000244140625,1258.699951171875,2136.0,7310.0,7310.0,7551.89990234375,7296.5,7511.7001953125,3448349000.0,,,,,
2017-08-11,,,,,,,,,,,,,,,,,,,,,,,,,,,,,,,,,,,,,,,,,,,2.19,15.51,2441.32,1.1811,1.2988
2017-08-12,71.78677368164062,90.73999786376953,93.55999755859375,90.19000244140625,92.37000274658203,57771100.0,19.281583786010742,23.6200008392334,24.850000381469727,23.450000762939453,24.229999542236328,298752100.0,50.4429931640625,66.58000183105469,68.95999908447266,66.18000030517578,67.61000061035156,73773500.0,40.8734245300293,51.68000030517578,53.36000061035156,51.380001068115234,52.369998931884766,72510600.0,20.87672996520996,24.6200008392334,25.309999465942383,24.479999542236328,24.93000030517578,281431000.0,1285.699951171875,1285.699951171875,1300.699951171875,1267.4000244140625,1288.4000244140625,1037.0,7324.0,7324.0,7445.0,7302.5,7310.0,2896507600.0,,,,,
2017-08-18,,,,,,,,,,,,,,,,,,,,,,,,,,,,,,,,,,,,,,,,,,,2.19,14.26,2425.55,1.1748,1.2847
2017-08-19,72.69659423828125,91.88999938964844,92.4800033569336,90.16000366210938,90.8499984741211,49943000.0,19.404033660888672,23.770000457763672,24.06999969482422,23.139999389648438,23.579999923706055,251869500.0,51.405181884765625,67.8499984741211,68.23999786376953,65.86000061035156,66.58000183105469,62477600.0,40.94461441040039,51.77000045776367,52.56999969482422,51.400001525878906,51.7400016784668,64159500.0,21.037845611572266,24.809999465942383,24.920000076293945,24.450000762939453,24.600000381469727,192548400.0,1292.5,1292.5,1292.699951171875,1280.300048828125,1285.199951171875,1198.0,7401.5,7401.5,7439.5,7296.7998046875,7324.0,3018787800.0,,,,,
2017-08-25,,,,,,,,,,,,,,,,,,,,,,,,,,,,,,,,,,,,,,,,,,,2.17,11.28,2443.05,1.1874,1.2873
2017-08-26,72.5462646484375,91.69999694824219,92.36000061035156,90.30999755859375,92.16000366210938,50377500.0,19.66526222229004,24.09000015258789,24.18000030517578,23.1200008392334,23.84000015258789,275061400.0,51.958248138427734,68.58000183105469,69.02999877929688,66.51000213623047,68.08000183105469,55557500.0,40.31190490722656,50.970001220703125,52.02000045776367,50.869998931884766,51.95000076293945,76017700.0,21.003925323486328,24.770000457763672,24.90999984741211,24.350000381469727,24.829999923706055,200835000.0,1324.5,1324.5,1327.699951171875,1293.5,1293.5,3187.0,7438.5,7438.5,7460.5,7289.2001953125,7401.5,2698561900.0,,,,,
2017-09-01,,,,,,,,,,,,,,,,,,,,,,,,,,,,,,,,,,,,,,,,,,,2.16,10.13,2476.55,1.1878,1.2972
2017-09-02,69.95137786865234,88.41999816894531,91.11000061035156,88.08000183105469,91.0199966430664,57577500.0,18.7812442779541,22.889999389648438,23.829999923706055,22.75,23.829999923706055,344660500.0,50.132354736328125,66.16999816894531,67.94000244140625,65.69000244140625,67.7699966430664,63244700.0,39.21255111694336,49.58000183105469,50.66999816894531,49.27000045776367,50.630001068115234,100448300.0,20.4357967376709,24.100000381469727,24.6200008392334,23.790000915527344,24.579999923706055,330480400.0,1346.0,1346.0,1355.800048828125,1328.5999755859375,1335.199951171875,122.0,7377.60009765625,7377.60009765625,7438.5,7322.39990234375,7438.5,2850999200.0,,,,,
2017-09-08,,,,,,,,,,,,,,,,,,,,,,,,,,,,,,,,,,,,,,,,,,,2.06,12.12,2461.43,1.2041,1.3211
2017-09-09,72.48297882080078,91.62000274658203,91.70999908447266,88.94999694824219,89.38999938964844,68442800.0,20.003795623779297,24.3799991607666,24.540000915527344,23.079999923706055,23.219999313354492,415727900.0,52.306758880615234,69.04000091552734,69.75,66.37000274658203,66.76000213623047,83632700.0,40.857608795166016,51.65999984741211,51.72999954223633,49.939998626708984,50.0,89967600.0,21.003925323486328,24.770000457763672,24.920000076293945,24.329999923706055,24.3799991607666,297119100.0,1320.4000244140625,1320.4000244140625,1331.0,1319.5999755859375,1331.0,371.0,7215.5,7215.5,7435.7998046875,7196.60009765625,7377.60009765625,4842508300.0,,,,,
2017-09-15,,,,,,,,,,,,,,,,,,,,,,,,,,,,,,,,,,,,,,,,,,,2.2,10.17,2500.23,1.1959,1.3578
2017-09-16,75.02247619628906,94.83000183105469,95.37000274658203,91.8499984741211,91.93000030517578,58466200.0,20.528907775878906,25.020000457763672,25.280000686645508,24.40999984741211,24.420000076293945,325894400.0,54.094764709472656,71.4000015258789,72.19999694824219,69.2699966430664,69.37999725341797,75237700.0,42.906044006347656,54.25,54.36000061035156,51.61000061035156,51.66999816894531,93809500.0,21.65351104736328,25.43000030517578,25.520000457763672,24.84000015258789,24.860000610351562,266405900.0,1293.300048828125,1293.300048828125,1312.0,1290.300048828125,1309.800048828125,706.0,7310.60009765625,7310.60009765625,7320.2998046875,7215.5,7215.5,3668635700.0,,,,,
2017-09-22,,,,,,,,,,,,,,,,,,,,,,,,,,,,,,,,,,,,,,,,,,,2.26,9.59,2502.22,1.1969,1.3531
2017-09-23,75.5604476928711,95.51000213623047,95.87999725341797,93.33999633789062,94.51000213623047,56620500.0,20.791471481323242,25.34000015258789,25.639999389648438,24.579999923706055,24.940000534057617,339475800.0,55.1099853515625,72.73999786376953,72.97000122070312,70.31999969482422,71.20999908447266,67032000.0,43.617835998535156,55.150001525878906,55.22999954223633,53.54999923706055,54.06999969482422,74893200.0,22.0196533203125,25.860000610351562,25.860000610351562,25.229999542236328,25.399999618530273,232964400.0,1281.5,1281.5,1309.199951171875,1277.0,1293.0999755859375,25296.0,7372.7998046875,7372.7998046875,7382.7001953125,7272.5,7310.60009765625,3557585400.0,,,,,
2017-09-29,,,,,,,,,,,,,,,,,,,,,,,,,,,,,,,,,,,,,,,,,,,2.33,9.51,2519.36,1.1813,1.3402
2017-09-30,76.6759262084961,96.91999816894531,97.63999938964844,95.45999908447266,95.7699966430664,60065400.0,21.505306243896484,26.209999084472656,26.299999237060547,25.389999389648438,25.459999084472656,279888600.0,57.3071174621582,75.63999938964844,76.0199966430664,72.91000366210938,73.06999969482422,74036600.0,43.95792770385742,55.58000183105469,55.77000045776367,54.779998779296875,55.15999984741211,69579200.0,22.4368839263916,26.350000381469727,26.459999084472656,25.809999465942383,25.809999465942383,267458900.0,1271.5999755859375,1271.5999755859375,1280.800048828125,1260.5,1275.0,628.0,7522.89990234375,7522.89990234375,7527.7001953125,7372.7001953125,7372.7998046875,3908514900.0,,,,,
2017-10-06,,,,,,,,,,,,,,,,,,,,,,,,,,,,,,,,,,,,,,,,,,,2.37,9.65,2549.33,1.1732,1.3063
2017-10-07,76.28065490722656,95.86000061035156,97.5,94.95999908447266,96.95999908447266,64122400.0,21.193517684936523,25.829999923706055,26.270000457763672,25.1200008392334,26.260000228881836,328925500.0,54.632686614990234,72.11000061035156,76.13999938964844,70.91000366210938,75.83000183105469,116368900.0,42.463134765625,53.689998626708984,55.720001220703125,52.84000015258789,55.619998931884766,87398100.0,22.249553680419922,26.1299991607666,26.420000076293945,25.889999389648438,26.420000076293945,224307500.0,1301.5,1301.5,1301.699951171875,1279.0,1280.5999755859375,146.0,7535.39990234375,7535.39990234375,7565.10009765625,7493.7001953125,7522.89990234375,4052934300.0,,,,,
2017-10-13,,,,,,,,,,,,,,,,,,,,,,,,,,,,,,,,,,,,,,,,,,,2.28,9.61,2553.17,1.1837,1.3304
2017-10-14,79.18514251708984,99.51000213623047,99.88999938964844,96.33999633789062,96.33999633789062,57388800.0,22.292991638183594,27.170000076293945,27.18000030517578,25.8700008392334,25.8700008392334,314261500.0,55.70850372314453,73.52999877929688,73.87999725341797,71.37000274658203,71.37999725341797,79997000.0,43.43592834472656,54.91999816894531,55.06999969482422,53.0,53.650001525878906,104098500.0,22.683815002441406,26.639999389648438,26.65999984741211,26.079999923706055,26.149999618530273,222801800.0,1277.4000244140625,1277.4000244140625,1303.800048828125,1277.4000244140625,1302.0,1345.0,7523.2001953125,7523.2001953125,7560.0,7485.39990234375,7535.39990234375,3884051500.0,,,,,
2017-10-20,,,,,,,,,,,,,,,,,,,,,,,,,,,,,,,,,,,,,,,,,,,2.39,9.97,2575.21,1.177,1.3179
2017-10-21,80.98353576660156,101.7699966430664,102.41999816894531,99.23999786376953,99.51000213623047,60326900.0,22.809904098510742,27.799999237060547,27.979999542236328,27.09000015258789,27.219999313354492,355418700.0,55.966121673583984,73.87000274658203,74.75,73.01000213623047,73.4800033569336,67792800.0,44.187278747558594,55.869998931884766,56.16999816894531,54.70000076293945,54.75,87216200.0,22.803028106689453,26.780000686645508,26.920000076293945,26.5,26.649999618530273,271994900.0,1268.5,1268.5,1280.800048828125,1264.699951171875,1274.699951171875,937.0,7505.0,7505.0,7542.0,7437.39990234375,7523.2001953125,3933730000.0,,,,,
2017-10-27,,,,,,,,,,,,,,,,,,,,,,,,,,,,,,,,,,,,,,,,,,,2.42,9.8,2581.07,1.158,1.3108
2017-10-28,80.69705200195312,101.41000366210938,101.93000030517578,100.16000366210938,101.12999725341797,41783200.0,22.826309204101562,27.81999969482422,27.940000534057617,27.280000686645508,27.649999618530273,245704600.0,56.10249328613281,74.05000305175781,74.8499984741211,73.18000030517578,73.20999908447266,57342400.0,44.56691360473633,56.349998474121094,56.84000015258789,55.310001373291016,55.45000076293945,64225900.0,22.803028106689453,26.780000686645508,26.93000030517578,26.540000915527344,26.75,222455500.0,1266.5,1266.5,1274.9000244140625,1265.300048828125,1270.0,680.0,7560.39990234375,7560.39990234375,7581.0,7478.39990234375,7505.0,4263880700.0,,,,,
2017-11-03,,,,,,,,,,,,,,,,,,,,,,,,,,,,,,,,,,,,,,,,,,,2.34,9.14,2587.84,1.1616,1.3067
2017-11-04,77.5936279296875,97.51000213623047,101.69000244140625,96.80999755859375,101.33999633789062,68480600.0,21.751453399658203,26.510000228881836,27.81999969482422,26.1200008392334,27.739999771118164,345285200.0,54.974124908447266,72.25,74.02999877929688,71.44999694824219,73.58999633789062,76952600.0,42.85538101196289,53.810001373291016,56.43000030517578,53.209999084472656,56.099998474121094,91251600.0,22.206979751586914,26.079999923706055,26.850000381469727,25.889999389648438,26.709999084472656,307599100.0,1272.4000244140625,1272.4000244140625,1286.9000244140625,1269.0,1269.0,182.0,7433.0,7433.0,7582.89990234375,7421.7001953125,7560.39990234375,3639225300.0,,,,,
2017-11-10,,,,,,,,,,,,,,,,,,,,,,,,,,,,,,,,,,,,,,,,,,,2.4,11.29,2582.3,1.1648,1.3133
2017-11-11,78.094970703125,98.13999938964844,99.05999755859375,95.94999694824219,96.69000244140625,54556900.0,21.84171485900879,26.6200008392334,27.049999237060547,25.809999465942383,26.260000228881836,318759800.0,54.27411651611328,71.33000183105469,72.31999969482422,70.0199966430664,71.66999816894531,68459900.0,43.126155853271484,54.150001525878906,54.86000061035156,53.31999969482422,53.52000045776367,94692300.0,22.275100708007812,26.15999984741211,26.360000610351562,25.860000610351562,25.920000076293945,265220100.0,1295.800048828125,1295.800048828125,1295.800048828125,1275.9000244140625,1277.300048828125,64.0,7380.7001953125,7380.7001953125,7469.2998046875,7356.2001953125,7433.0,4387791900.0,,,,,
2017-11-17,,,,,,,,,,,,,,,,,,,,,,,,,,,,,,,,,,,,,,,,,,,2.35,11.43,2578.85,1.1799,1.3222
2017-11-18,78.23822021484375,98.31999969482422,99.55000305175781,97.76000213623047,98.44999694824219,33894800.0,21.817102432250977,26.59000015258789,26.899999618530273,26.540000915527344,26.739999771118164,156454700.0,54.79911804199219,72.0199966430664,73.1500015258789,71.27999877929688,71.7699966430664,33454400.0,43.07838439941406,54.09000015258789,54.619998931884766,53.849998474121094,54.119998931884766,47508300.0,22.32619285583496,26.219999313354492,26.43000030517578,26.1299991607666,26.209999084472656,114336700.0,1286.699951171875,1286.699951171875,1291.5999755859375,1274.5999755859375,1274.5999755859375,9.0,7409.60009765625,7409.60009765625,7460.89990234375,7350.39990234375,7380.7001953125,3386088000.0,,,,,
2017-11-24,,,,,,,,,,,,,,,,,,,,,,,,,,,,,,,,,,,,,,,,,,,2.34,9.67,2602.42,1.1936,1.3336
2017-11-25,83.3866958618164,104.79000091552734,106.66000366210938,97.93000030517578,98.30999755859375,94584100.0,23.056053161621094,28.100000381469727,28.719999313354492,26.510000228881836,26.520000457763672,524228700.0,57.45461654663086,75.51000213623047,76.88999938964844,71.12999725341797,71.98999786376953,93989300.0,44.75883102416992,56.20000076293945,57.33000183105469,53.720001220703125,54.02000045776367,128610600.0,23.48422622680664,27.579999923706055,27.8799991607666,26.18000030517578,26.200000762939453,547555300.0,1278.800048828125,1278.800048828125,1296.199951171875,1269.699951171875,1293.800048828125,326559.0,7300.5,7300.5,7469.60009765625,7288.7001953125,7409.60009765625,4818047000.0,,,,,
2017-12-01,,,,,,,,,,,,,,,,,,,,,,,,,,,,,,,,,,,,,,,,,,,2.37,11.43,2642.22,1.191,1.3505
2017-12-02,84.29386901855469,105.93000030517578,108.4000015258789,103.7300033569336,107.7300033569336,83125400.0,23.93709945678711,29.049999237060547,29.309999465942383,28.3700008392334,28.850000381469727,453302700.0,57.60677719116211,75.70999908447266,77.91999816894531,74.26000213623047,77.0199966430664,87444100.0,47.235694885253906,59.310001373291016,60.0,57.20000076293945,57.27000045776367,150241300.0,23.85036849975586,28.010000228881836,28.200000762939453,27.579999923706055,28.040000915527344,352452800.0,1245.199951171875,1245.199951171875,1276.0999755859375,1241.5,1272.5,3237.0,7394.0,7394.0,7412.2001953125,7289.39990234375,7300.5,4107850400.0,,,,,
2017-12-08,,,,,,,,,,,,,,,,,,,,,,,,,,,,,,,,,,,,,,,,,,,2.38,9.58,2651.5,1.1761,1.3367
2017-12-09,84.46096801757812,106.13999938964844,107.37000274658203,104.63999938964844,105.72000122070312,83505100.0,23.928855895996094,29.040000915527344,29.5,28.709999084472656,29.030000686645508,400474900.0,56.89155960083008,74.7699966430664,76.80000305175781,73.77999877929688,75.94000244140625,110974800.0,47.68169021606445,59.869998931884766,60.650001525878906,58.619998931884766,58.959999084472656,110342500.0,23.680070877075195,27.809999465942383,28.329999923706055,27.6299991607666,28.010000228881836,398926900.0,1254.300048828125,1254.300048828125,1260.300048828125,1236.5,1248.4000244140625,1904.0,7490.60009765625,7490.60009765625,7510.7998046875,7393.60009765625,7394.0,5027539600.0,,,,,
2017-12-15,,,,,,,,,,,,,,,,,,,,,,,,,,,,,,,,,,,,,,,,,,,2.35,9.42,2675.81,1.1778,1.3316
2017-12-16,85.50337219238281,107.44999694824219,108.45999908447266,106.08999633789062,107.19000244140625,64851600.0,24.621017456054688,29.8799991607666,30.030000686645508,29.270000457763672,29.290000915527344,346960100.0,57.43940353393555,75.48999786376953,76.1500015258789,74.61000061035156,75.27999877929688,77840700.0,49.0196647644043,61.54999923706055,62.2400016784668,60.060001373291016,60.439998626708984,87362000.0,23.995346069335938,28.049999237060547,28.25,27.8700008392334,28.040000915527344,277465900.0,1275.4000244140625,1275.4000244140625,1276.300048828125,1255.699951171875,1256.199951171875,782.0,7592.7001953125,7592.7001953125,7614.39990234375,7490.60009765625,7490.60009765625,2768532800.0,,,,,
2017-12-22,,,,,,,,,,,,,,,,,,,,,,,,,,,,,,,,,,,,,,,,,,,2.48,9.9,2683.34,1.1839,1.3379
2017-12-23,85.09756469726562,106.94000244140625,108.27999877929688,106.4000015258789,107.19999694824219,33266500.0,24.324378967285156,29.520000457763672,29.940000534057617,29.520000457763672,29.739999771118164,156069900.0,56.61763381958008,74.41000366210938,75.72000122070312,74.37999725341797,75.44999694824219,40561900.0,48.318817138671875,60.66999816894531,61.720001220703125,60.65999984741211,61.5,42935900.0,23.87558364868164,27.90999984741211,28.200000762939453,27.860000610351562,28.049999237060547,146430600.0,1306.300048828125,1306.300048828125,1306.300048828125,1281.800048828125,1282.4000244140625,850.0,7687.7998046875,7687.7998046875,7697.60009765625,7586.39990234375,7592.7001953125,1059495200.0,,,,,
2017-12-29,,,,,,,,,,,,,,,,,,,,,,,,,,,,,,,,,,,,,,,,,,,2.4,11.04,2673.61,1.2022,1.3529
2017-12-30,86.21160888671875,108.33999633789062,110.02999877929688,106.80999755859375,107.62999725341797,52588500.0,24.991811752319336,30.329999923706055,30.440000534057617,29.610000610351562,29.75,247945000.0,57.378517150878906,75.41000366210938,76.11000061035156,73.97000122070312,75.08999633789062,62643100.0,49.97538757324219,62.75,63.04999923706055,60.70000076293945,61.040000915527344,60981400.0,24.30330467224121,28.40999984741211,28.540000915527344,27.790000915527344,28.09000015258789,212578800.0,1320.300048828125,1320.300048828125,1322.0,1302.300048828125,1302.300048828125,113.0,7724.2001953125,7724.2001953125,7727.7001953125,7624.10009765625,7687.7998046875,2489814300.0,,,,,
2018-01-05,,,,,,,,,,,,,,,,,,,,,,,,,,,,,,,,,,,,,,,,,,,2.47,9.22,2743.15,1.2039,1.3562
2018-01-06,90.1242446899414,112.66999816894531,112.8499984741211,107.69999694824219,108.1500015258789,74154300.0,25.700454711914062,31.190000534057617,31.200000762939453,30.049999237060547,30.229999542236328,301616600.0,58.46660232543945,76.83999633789062,76.95999908447266,74.33000183105469,75.16999816894531,74839800.0,49.816097259521484,62.54999923706055,63.66999816894531,61.939998626708984,62.65999984741211,97404500.0,25.004776000976562,29.229999542236328,29.25,28.270000457763672,28.3799991607666,247240900.0,1333.4000244140625,1333.4000244140625,1338.199951171875,1309.5999755859375,1319.9000244140625,150.0,7778.60009765625,7778.60009765625,7792.60009765625,7691.7998046875,7724.2001953125,4323227300.0,,,,,
2018-01-12,,,,,,,,,,,,,,,,,,,,,,,,,,,,,,,,,,,,,,,,,,,2.55,10.16,2786.24,1.213,1.3689
2018-01-13,90.39624786376953,113.01000213623047,114.33999633789062,111.06999969482422,111.51000213623047,71002000.0,26.137168884277344,31.719999313354492,31.790000915527344,30.34000015258789,31.739999771118164,371805600.0,59.57749938964844,78.30000305175781,78.44000244140625,76.0999984741211,77.76000213623047,80374600.0,51.1461181640625,64.22000122070312,64.30999755859375,62.18000030517578,62.790000915527344,74630600.0,25.26996612548828,29.540000915527344,29.549999237060547,28.989999771118164,29.479999542236328,231851000.0,1331.9000244140625,1331.9000244140625,1338.0,1326.0,1331.0999755859375,301.0,7730.7998046875,7730.7998046875,7791.7998046875,7683.7001953125,7778.60009765625,3759902800.0,,,,,
2018-01-19,,,,,,,,,,,,,,,,,,,,,,,,,,,,,,,,,,,,,,,,,,,2.64,11.27,2810.3,1.2238,1.3857
2018-01-20,93.04387664794922,116.31999969482422,116.31999969482422,112.5,112.66000366210938,68094900.0,26.53269386291504,32.20000076293945,32.25,31.579999923706055,31.670000076293945,306930900.0,60.931861877441406,80.08000183105469,80.38999938964844,77.95999908447266,78.23999786376953,68736300.0,52.50799560546875,65.93000030517578,66.04000091552734,63.970001220703125,64.0,79183200.0,25.808900833129883,30.170000076293945,30.18000030517578,29.510000228881836,29.549999237060547,253397500.0,1351.5999755859375,1351.5999755859375,1362.4000244140625,1328.4000244140625,1328.4000244140625,280777.0,7665.5,7665.5,7745.2001953125,7608.5,7730.7998046875,3646317700.0,,,,,
2018-01-26,,,,,,,,,,,,,,,,,,,,,,,,,,,,,,,,,,,,,,,,,,,2.66,11.08,2872.87,1.2422,1.4179
2018-01-27,91.4120864868164,114.27999877929688,117.3499984741211,114.08999633789062,116.0199966430664,69378300.0,26.32669448852539,31.950000762939453,32.66999816894531,31.850000381469727,32.25,344755700.0,58.60354995727539,77.0199966430664,80.69999694824219,76.87999725341797,80.12000274658203,77692700.0,51.02665710449219,64.06999969482422,66.30999755859375,63.83000183105469,65.77999877929688,85034900.0,25.115989685058594,29.360000610351562,30.329999923706055,29.34000015258789,30.190000534057617,291769300.0,1333.699951171875,1333.699951171875,1352.0999755859375,1327.699951171875,1338.699951171875,61502.0,7443.39990234375,7443.39990234375,7689.2001953125,7432.2998046875,7665.5,4036757800.0,,,,,
2018-02-02,,,,,,,,,,,,,,,,,,,,,,,,,,,,,,,,,,,,,,,,,,,2.84,17.31,2762.13,1.2446,1.4126
2018-02-03,88.02055358886719,110.04000091552734,114.58999633789062,103.9800033569336,113.0,140704500.0,24.991811752319336,30.329999923706055,31.979999542236328,29.1299991607666,31.1200008392334,695019600.0,56.28963851928711,73.68000030517578,77.22000122070312,71.0,75.5199966430664,133670500.0,44.96969223022461,56.130001068115234,59.88999938964844,54.720001220703125,58.70000076293945,324496600.0,23.6788330078125,27.68000030517578,29.209999084472656,26.760000228881836,28.729999542236328,694352700.0,1313.0999755859375,1313.0999755859375,1343.699951171875,1307.0,1331.0999755859375,2571.0,7092.39990234375,7092.39990234375,7443.39990234375,7073.0,7443.39990234375,5171889100.0,,,,,
2018-02-09,,,,,,,,,,,,,,,,,,,,,,,,,,,,,,,,,,,,,,,,,,,2.83,29.06,2619.55,1.2226,1.3794
2018-02-10,91.7320556640625,114.68000030517578,116.06999969482422,110.06999969482422,111.16999816894531,74932900.0,26.343170166015625,31.969999313354492,32.470001220703125,30.540000915527344,30.6200008392334,399289100.0,58.68851089477539,76.81999969482422,77.45999908447266,73.97000122070312,74.47000122070312,67399400.0,48.03015899658203,59.95000076293945,60.43000030517578,55.880001068115234,56.36000061035156,113376500.0,24.790910720825195,28.979999542236328,29.229999542236328,27.709999084472656,27.959999084472656,298801200.0,1353.199951171875,1353.199951171875,1361.4000244140625,1318.0,1323.800048828125,832.0,7294.7001953125,7294.7001953125,7308.0,7092.39990234375,7092.39990234375,3777852800.0,,,,,
2018-02-16,,,,,,,,,,,,,,,,,,,,,,,,,,,,,,,,,,,,,,,,,,,2.87,19.46,2732.22,1.2442,1.4055
2018-02-17,93.83578491210938,117.30999755859375,117.44999694824219,113.97000122070312,114.6500015258789,56906900.0,26.392608642578125,32.029998779296875,32.369998931884766,31.59000015258789,31.959999084472656,249160200.0,58.88713455200195,77.08000183105469,78.41999816894531,75.94000244140625,76.63999938964844,56460400.0,47.40525817871094,59.16999816894531,61.27000045776367,58.349998474121094,59.86000061035156,77553200.0,24.91067886352539,29.1200008392334,29.399999618530273,28.6200008392334,28.920000076293945,191604900.0,1328.199951171875,1328.199951171875,1350.199951171875,1322.0,1348.4000244140625,899.0,7244.39990234375,7244.39990234375,7306.2001953125,7187.7998046875,7294.7001953125,3694215300.0,,,,,
2018-02-23,,,,,,,,,,,,,,,,,,,,,,,,,,,,,,,,,,,,,,,,,,,2.88,16.49,2747.3,1.2298,1.3979
2018-02-24,90.64420318603516,113.31999969482422,119.33000183105469,111.12000274658203,118.13999938964844,88853800.0,26.06301498413086,31.6299991607666,32.849998474121094,30.6299991607666,32.16999816894531,376362000.0,56.28963851928711,73.68000030517578,77.87999725341797,71.87999725341797,77.2300033569336,101459800.0,45.995201110839844,57.40999984741211,60.47999954223633,56.41999816894531,59.75,102291300.0,24.328969955444336,28.440000534057617,29.770000457763672,27.889999389648438,29.329999923706055,354590100.0,1321.0999755859375,1321.0999755859375,1340.5,1301.800048828125,1335.0,1618.0,7069.89990234375,7069.89990234375,7326.0,7063.39990234375,7244.39990234375,3994075100.0,,,,,
2018-03-02,,,,,,,,,,,,,,,,,,,,,,,,,,,,,,,,,,,,,,,,,,,2.86,19.59,2691.25,1.2314,1.3769
2018-03-03,94.41970825195312,118.04000091552734,118.08000183105469,111.88999938964844,112.05000305175781,64154200.0,27.06233787536621,32.720001220703125,32.72999954223633,31.170000076293945,31.350000381469727,301185200.0,58.14607620239258,76.11000061035156,76.37000274658203,72.69999694824219,73.06999969482422,73178500.0,46.65215301513672,58.22999954223633,58.27000045776367,56.0099983215332,56.810001373291016,105205400.0,25.406841278076172,29.700000762939453,29.719999313354492,28.209999084472656,28.219999313354492,255627100.0,1322.4000244140625,1322.4000244140625,1338.0999755859375,1313.0,1323.5,213.0,7224.5,7224.5,7225.2998046875,7062.10009765625,7069.89990234375,3954189000.0,,,,,
2018-03-09,,,,,,,,,,,,,,,,,,,,,,,,,,,,,,,,,,,,,,,,,,,2.9,14.64,2786.57,1.2326,1.3863
2018-03-10,92.3399887084961,115.44000244140625,118.75,114.5999984741211,118.0,67193600.0,26.607433319091797,32.16999816894531,33.04999923706055,31.93000030517578,32.689998626708984,307093500.0,56.129180908203125,73.47000122070312,76.52999877929688,73.01000213623047,75.94999694824219,90888200.0,44.78541564941406,55.900001525878906,58.560001373291016,55.869998931884766,58.27000045776367,88811000.0,24.696815490722656,28.8700008392334,29.809999465942383,28.850000381469727,29.700000762939453,264842600.0,1311.300048828125,1311.300048828125,1325.9000244140625,1310.0999755859375,1319.4000244140625,66.0,7164.10009765625,7164.10009765625,7254.89990234375,7122.7998046875,7224.5,4320723500.0,,,,,
2018-03-16,,,,,,,,,,,,,,,,,,,,,,,,,,,,,,,,,,,,,,,,,,,2.85,15.8,2752.01,1.228,1.3919
2018-03-17,85.59684753417969,107.01000213623047,116.62999725341797,106.76000213623047,115.0999984741211,82401000.0,24.12616729736328,29.170000076293945,32.45000076293945,29.049999237060547,32.130001068115234,392706100.0,51.87386703491211,67.9000015258789,74.2699966430664,67.75,73.47000122070312,103730800.0,40.84366989135742,50.97999954223633,55.9900016784668,50.939998626708984,55.880001068115234,127486200.0,23.026662826538086,26.81999969482422,29.100000381469727,26.770000457763672,28.829999923706055,317032700.0,1349.300048828125,1349.300048828125,1349.300048828125,1307.300048828125,1309.4000244140625,52.0,6921.89990234375,6921.89990234375,7164.2001953125,6877.0,7164.10009765625,3973064200.0,,,,,
2018-03-23,,,,,,,,,,,,,,,,,,,,,,,,,,,,,,,,,,,,,,,,,,,2.82,24.87,2588.26,1.236,1.4151
2018-03-24,87.96455383300781,109.97000122070312,111.69000244140625,106.6500015258789,109.19000244140625,70721300.0,24.804378509521484,29.989999771118164,30.670000076293945,29.010000228881836,29.889999389648438,314193200.0,51.568260192871094,67.5,70.62000274658203,67.5,69.11000061035156,85100200.0,41.989341735839844,52.40999984741211,52.79999923706055,50.689998626708984,51.95000076293945,91436600.0,23.67057991027832,27.56999969482422,27.899999618530273,26.850000381469727,27.360000610351562,305506900.0,1322.800048828125,1322.800048828125,1354.4000244140625,1321.699951171875,1348.5,355768.0,7056.60009765625,7056.60009765625,7109.89990234375,6866.89990234375,6921.89990234375,3095714600.0,,,,,
2018-03-30,,,,,,,,,,,,,,,,,,,,,,,,,,,,,,,,,,,,,,,,,,,2.74,19.97,2640.87,1.232,1.4027
2018-03-31,87.2606430053711,109.08999633789062,112.83000183105469,106.08000183105469,109.95999908447266,83708800.0,24.506629943847656,29.6299991607666,30.549999237060547,28.75,29.799999237060547,358436800.0,52.40863037109375,68.5999984741211,70.80999755859375,66.55000305175781,68.33000183105469,102113700.0,41.84513854980469,52.22999954223633,53.959999084472656,50.41999816894531,52.369998931884766,95391500.0,23.327159881591797,27.170000076293945,28.040000915527344,26.549999237060547,27.56999969482422,353750600.0,1331.9000244140625,1331.9000244140625,1347.300048828125,1319.0,1327.0,2675.0,7183.60009765625,7183.60009765625,7214.0,6971.7998046875,7056.60009765625,3036020200.0,,,,,
2018-04-06,,,,,,,,,,,,,,,,,,,,,,,,,,,,,,,,,,,,,,,,,,,2.77,21.49,2604.47,1.2274,1.4088
2018-04-07,88.67591094970703,110.30000305175781,115.1500015258789,109.05000305175781,110.01000213623047,100017300.0,24.647232055664062,29.799999237060547,31.170000076293945,29.559999465942383,29.81999969482422,345913100.0,54.24981689453125,71.01000213623047,73.37999725341797,68.98999786376953,69.05999755859375,104548400.0,40.77155685424805,50.88999938964844,53.33000183105469,50.810001373291016,52.5,98322600.0,23.576141357421875,27.459999084472656,28.239999771118164,27.270000457763672,27.31999969482422,308308500.0,1344.800048828125,1344.800048828125,1365.4000244140625,1327.0,1333.0,614.0,7264.60009765625,7264.60009765625,7275.0,7145.60009765625,7183.60009765625,3522012500.0,,,,,
2018-04-13,,,,,,,,,,,,,,,,,,,,,,,,,,,,,,,,,,,,,,,,,,,2.82,17.41,2656.3,1.2322,1.4255
2018-04-14,89.61653900146484,111.47000122070312,112.73999786376953,108.88999938964844,110.94000244140625,81658700.0,25.027698516845703,30.260000228881836,30.530000686645508,29.469999313354492,30.079999923706055,420265200.0,53.47820281982422,70.0,71.33999633789062,68.8499984741211,71.08999633789062,85654800.0,42.10951614379883,52.560001373291016,52.81999969482422,50.2599983215332,50.59000015258789,133269600.0,23.93674087524414,27.8799991607666,28.040000915527344,27.389999389648438,27.6200008392334,288121600.0,1336.699951171875,1336.699951171875,1355.199951171875,1335.300048828125,1341.0,1211.0,7368.2001953125,7368.2001953125,7368.2001953125,7189.89990234375,7264.60009765625,4011913100.0,,,,,
2018-04-20,,,,,,,,,,,,,,,,,,,,,,,,,,,,,,,,,,,,,,,,,,,2.96,16.88,2670.14,1.2282,1.4033
2018-04-21,87.95236206054688,109.4000015258789,112.9000015258789,108.5999984741211,111.56999969482422,60970600.0,24.936716079711914,30.149999618530273,30.860000610351562,29.799999237060547,30.270000457763672,291414500.0,52.70658874511719,68.98999786376953,70.62000274658203,68.05000305175781,70.0,68139600.0,41.949283599853516,52.36000061035156,53.75,51.93000030517578,52.54999923706055,91084600.0,23.782197952270508,27.700000762939453,28.170000076293945,27.3700008392334,27.959999084472656,247742500.0,1320.300048828125,1320.300048828125,1334.4000244140625,1312.800048828125,1334.0,1565.0,7502.2001953125,7502.2001953125,7507.10009765625,7334.60009765625,7368.2001953125,4059151100.0,,,,,
2018-04-27,,,,,,,,,,,,,,,,,,,,,,,,,,,,,,,,,,,,,,,,,,,2.96,15.41,2669.91,1.2108,1.3785
2018-04-28,87.17254638671875,108.43000030517578,110.30000305175781,105.18000030517578,109.75,63757400.0,24.23369026184082,29.299999237060547,30.43000030517578,28.43000030517578,30.270000457763672,345214800.0,51.9044189453125,67.94000244140625,69.58999633789062,66.55000305175781,69.19999694824219,67965400.0,41.989341735839844,52.40999984741211,53.04999923706055,50.810001373291016,52.560001373291016,83228100.0,23.413013458251953,27.270000457763672,27.920000076293945,26.459999084472656,27.770000457763672,243057600.0,1312.699951171875,1312.699951171875,1316.199951171875,1302.5999755859375,1309.5999755859375,104.0,7567.10009765625,7567.10009765625,7573.0,7492.39990234375,7502.2001953125,3992736800.0,,,,,
2018-05-04,,,,,,,,,,,,,,,,,,,,,,,,,,,,,,,,,,,,,,,,,,,2.95,14.77,2663.42,1.1946,1.3535
2018-05-05,91.53801727294922,113.86000061035156,114.7300033569336,108.36000061035156,108.76000213623047,52680700.0,25.573575973510742,30.920000076293945,31.06999969482422,29.329999923706055,29.440000534057617,280949500.0,55.92658615112305,72.86000061035156,73.23999786376953,68.13999938964844,68.2699966430664,74326000.0,43.95218276977539,54.45000076293945,54.93000030517578,52.380001068115234,52.970001220703125,88455000.0,24.26299285888672,28.260000228881836,28.450000762939453,27.260000228881836,27.3700008392334,195748600.0,1319.0,1319.0,1320.800048828125,1308.5,1310.5999755859375,422.0,7724.60009765625,7724.60009765625,7728.89990234375,7550.39990234375,7567.10009765625,3378879400.0,,,,,
2018-05-11,,,,,,,,,,,,,,,,,,,,,,,,,,,,,,,,,,,,,,,,,,,2.97,12.65,2727.72,1.1951,1.3549
2018-05-12,89.34321594238281,111.12999725341797,114.69999694824219,110.83999633789062,114.11000061035156,48241500.0,25.027698516845703,30.260000228881836,31.360000610351562,30.229999542236328,31.040000915527344,254438400.0,53.7005729675293,69.95999908447266,73.30000305175781,69.88999938964844,72.93000030517578,67931500.0,43.34676742553711,53.70000076293945,55.31999969482422,53.689998626708984,54.779998779296875,87365500.0,23.996835708618164,27.950000762939453,28.389999389648438,27.940000534057617,28.34000015258789,196270100.0,1290.199951171875,1290.199951171875,1319.9000244140625,1285.199951171875,1319.9000244140625,42.0,7778.7998046875,7778.7998046875,7791.39990234375,7687.5,7724.60009765625,4392339400.0,,,,,
2018-05-18,,,,,,,,,,,,,,,,,,,,,,,,,,,,,,,,,,,,,,,,,,,3.06,13.42,2712.97,1.1775,1.3476
2018-05-19,88.9653549194336,110.66000366210938,114.29000091552734,110.12000274658203,112.05000305175781,54771700.0,24.94499397277832,30.15999984741211,31.139999389648438,29.829999923706055,30.520000457763672,276292300.0,52.53384017944336,68.44000244140625,71.69000244140625,68.20999908447266,70.6500015258789,70134700.0,44.31541442871094,54.900001525878906,56.18000030517578,54.06999969482422,54.08000183105469,94871000.0,23.910982131958008,27.850000381469727,28.5,27.65999984741211,28.110000610351562,210015500.0,1303.300048828125,1303.300048828125,1303.699951171875,1287.4000244140625,1287.4000244140625,113.0,7730.2998046875,7730.2998046875,7903.5,7703.2998046875,7778.7998046875,4153210200.0,,,,,
2018-05-25,,,,,,,,,,,,,,,,,,,,,,,,,,,,,,,,,,,,,,,,,,,2.93,13.22,2721.33,1.1666,1.3321
2018-05-26,87.14839935302734,108.4000015258789,109.19999694824219,104.95999908447266,109.18000030517578,81537000.0,24.31639862060547,29.399999618530273,29.799999237060547,28.700000762939453,29.760000228881836,377636200.0,51.64344024658203,67.27999877929688,68.02999877929688,65.19999694824219,67.12000274658203,94309300.0,44.14589309692383,54.689998626708984,55.02000045776367,52.63999938964844,54.040000915527344,79636300.0,23.59331512451172,27.479999542236328,27.6299991607666,26.719999313354492,27.459999084472656,321934600.0,1294.800048828125,1294.800048828125,1306.800048828125,1288.9000244140625,1298.699951171875,441924.0,7701.7998046875,7701.7998046875,7746.7001953125,7610.7001953125,7730.2998046875,4544846200.0,,,,,
2018-06-01,,,,,,,,,,,,,,,,,,,,,,,,,,,,,,,,,,,,,,,,,,,2.89,13.46,2734.62,1.1679,1.3358
2018-06-02,89.32711029052734,111.11000061035156,111.5,107.06999969482422,108.98999786376953,59111800.0,24.922334671020508,30.010000228881836,30.309999465942383,29.059999465942383,29.549999237060547,284439200.0,52.55686950683594,68.47000122070312,69.0,66.45999908447266,67.44000244140625,67518800.0,44.94503402709961,55.68000030517578,55.9900016784668,54.290000915527344,54.790000915527344,68591300.0,24.10844612121582,28.079999923706055,28.18000030517578,27.309999465942383,27.610000610351562,264033200.0,1298.0999755859375,1298.0999755859375,1302.800048828125,1289.9000244140625,1293.9000244140625,1603.0,7681.10009765625,7681.10009765625,7772.10009765625,7637.5,7701.7998046875,4353484800.0,,,,,
2018-06-08,,,,,,,,,,,,,,,,,,,,,,,,,,,,,,,,,,,,,,,,,,,2.93,12.18,2779.03,1.1773,1.3406
2018-06-09,86.74644470214844,107.9000015258789,111.91000366210938,106.2699966430664,111.12000274658203,89432600.0,24.31609535217285,29.280000686645508,30.40999984741211,28.8700008392334,30.1299991607666,348220300.0,50.92189025878906,66.33999633789062,69.16999816894531,65.23999786376953,68.91999816894531,98560300.0,44.37999725341797,54.97999954223633,56.11000061035156,54.380001068115234,55.790000915527344,95932700.0,23.584726333618164,27.469999313354492,28.270000457763672,27.110000610351562,28.170000076293945,297955700.0,1274.5999755859375,1274.5999755859375,1307.699951171875,1274.0,1299.300048828125,990.0,7633.89990234375,7633.89990234375,7793.5,7633.89990234375,7681.10009765625,5192977200.0,,,,,
2018-06-15,,,,,,,,,,,,,,,,,,,,,,,,,,,,,,,,,,,,,,,,,,,2.93,11.98,2779.66,1.1616,1.3283
2018-06-16,85.01793670654297,105.75,108.63999938964844,105.51000213623047,107.26000213623047,61898500.0,24.075260162353516,28.989999771118164,29.520000457763672,28.809999465942383,28.940000534057617,314768600.0,51.58203125,67.19999694824219,68.20999908447266,65.37999725341797,65.75,79876400.0,43.540496826171875,53.939998626708984,55.59000015258789,53.779998779296875,54.5099983215332,96263700.0,23.34197998046875,27.06999969482422,27.600000381469727,27.010000228881836,27.229999542236328,279453200.0,1267.4000244140625,1267.4000244140625,1281.800048828125,1260.0,1280.699951171875,196.0,7682.2998046875,7682.2998046875,7705.2001953125,7548.10009765625,7633.89990234375,3899875400.0,,,,,
2018-06-22,,,,,,,,,,,,,,,,,,,,,,,,,,,,,,,,,,,,,,,,,,,2.9,13.77,2754.88,1.163,1.3258
2018-06-23,83.7718276977539,104.19999694824219,106.9000015258789,103.11000061035156,105.66000366210938,83734900.0,23.410888671875,28.190000534057617,29.170000076293945,28.010000228881836,28.860000610351562,365349800.0,51.36709976196289,66.91999816894531,68.7699966430664,64.37999725341797,66.79000091552734,109011800.0,44.75130844116211,55.439998626708984,57.119998931884766,53.02000045776367,53.779998779296875,112725400.0,22.92808723449707,26.59000015258789,27.06999969482422,26.309999465942383,26.950000762939453,370927800.0,1251.300048828125,1251.300048828125,1271.199951171875,1244.800048828125,1270.5999755859375,1714.0,7636.89990234375,7636.89990234375,7706.60009765625,7508.2998046875,7682.2998046875,5212797200.0,,,,,
2018-06-29,,,,,,,,,,,,,,,,,,,,,,,,,,,,,,,,,,,,,,,,,,,2.85,16.09,2718.37,1.1677,1.3197
2018-06-30,83.6592788696289,104.05999755859375,105.77999877929688,102.19999694824219,103.72000122070312,42338800.0,23.278013229370117,28.030000686645508,28.43000030517578,27.6299991607666,28.079999923706055,177065000.0,51.53596878051758,67.13999938964844,67.48999786376953,65.9000015258789,66.20999908447266,50579000.0,45.11454391479492,55.88999938964844,56.630001068115234,55.029998779296875,55.20000076293945,63213000.0,22.9970703125,26.670000076293945,26.8700008392334,26.350000381469727,26.3700008392334,178874100.0,1254.300048828125,1254.300048828125,1257.300048828125,1237.0,1249.9000244140625,81.0,7617.7001953125,7617.7001953125,7636.89990234375,7540.7001953125,7636.89990234375,3646484400.0,,,,,
2018-07-06,,,,,,,,,,,,,,,,,,,,,,,,,,,,,,,,,,,,,,,,,,,2.82,13.37,2759.82,1.1738,1.3262
2018-07-07,85.9730453491211,106.36000061035156,108.4000015258789,104.70999908447266,104.70999908447266,72409100.0,23.709854125976562,28.549999237060547,29.329999923706055,28.219999313354492,28.229999542236328,297714900.0,51.42850112915039,67.0,69.3499984741211,66.22000122070312,67.5,92868200.0,44.686729431152344,55.36000061035156,57.08000183105469,53.630001068115234,56.189998626708984,100466300.0,23.264373779296875,26.979999542236328,27.389999389648438,26.700000762939453,26.809999465942383,299755400.0,1239.5999755859375,1239.5999755859375,1262.300048828125,1239.5999755859375,1258.199951171875,141.0,7661.89990234375,7661.89990234375,7716.2001953125,7578.2001953125,7617.7001953125,3492065500.0,,,,,
2018-07-13,,,,,,,,,,,,,,,,,,,,,,,,,,,,,,,,,,,,,,,,,,,2.83,12.18,2801.31,1.1667,1.3216
2018-07-14,89.949951171875,111.27999877929688,112.12000274658203,106.9800033569336,107.05000305175781,84082800.0,25.021995544433594,30.1299991607666,30.290000915527344,28.729999542236328,28.780000686645508,415753400.0,53.13254928588867,69.22000122070312,70.26000213623047,67.27999877929688,67.36000061035156,87095300.0,45.53428649902344,56.40999984741211,57.22999954223633,55.630001068115234,55.7400016784668,106571400.0,23.76450538635254,27.559999465942383,27.979999542236328,27.040000915527344,27.059999465942383,283750800.0,1229.5,1229.5,1243.800048828125,1211.699951171875,1242.699951171875,102.0,7678.7998046875,7678.7998046875,7705.7998046875,7565.0,7661.89990234375,3347365400.0,,,,,
2018-07-20,,,,,,,,,,,,,,,,,,,,,,,,,,,,,,,,,,,,,,,,,,,2.89,12.86,2801.83,1.1708,1.3114
2018-07-21,93.78949737548828,116.02999877929688,116.30000305175781,110.93000030517578,111.05999755859375,70170000.0,25.794330596923828,31.059999465942383,31.209999084472656,30.1299991607666,30.139999389648438,299899700.0,55.02851486206055,71.69000244140625,71.91000366210938,69.01000213623047,69.16000366210938,74243800.0,47.326271057128906,58.630001068115234,58.900001525878906,56.29999923706055,56.38999938964844,99188400.0,24.256000518798828,28.1299991607666,28.270000457763672,27.549999237060547,27.559999465942383,292053300.0,1222.5999755859375,1222.5999755859375,1231.4000244140625,1222.0,1222.0,254430.0,7701.2998046875,7701.2998046875,7740.60009765625,7621.7998046875,7678.7998046875,3457664500.0,,,,,
2018-07-27,,,,,,,,,,,,,,,,,,,,,,,,,,,,,,,,,,,,,,,,,,,2.96,13.03,2818.82,1.166,1.3118
2018-07-28,94.64629364013672,117.08999633789062,117.61000061035156,114.33000183105469,116.27999877929688,64861200.0,26.168045043945312,31.510000228881836,31.549999237060547,30.81999969482422,31.139999389648438,288438700.0,55.5658073425293,72.38999938964844,73.08000183105469,71.0199966430664,71.86000061035156,70488000.0,47.48772048950195,58.83000183105469,59.27000045776367,57.08000183105469,58.83000183105469,90735900.0,24.24737548828125,28.1200008392334,28.360000610351562,27.68000030517578,28.149999618530273,278246100.0,1214.199951171875,1214.199951171875,1228.0999755859375,1205.0999755859375,1222.5,67182.0,7659.10009765625,7659.10009765625,7782.89990234375,7549.2998046875,7701.2998046875,4279826800.0,,,,,
2018-08-03,,,,,,,,,,,,,,,,,,,,,,,,,,,,,,,,,,,,,,,,,,,2.95,11.64,2840.35,1.1597,1.3021
2018-08-04,93.54700469970703,115.7300033569336,118.29000091552734,114.68000030517578,116.79000091552734,51741400.0,25.902294158935547,31.190000534057617,31.90999984741211,30.899999618530273,31.450000762939453,222796200.0,54.27079772949219,70.26000213623047,73.20999908447266,69.9000015258789,72.16000366210938,64575700.0,46.85810852050781,58.04999923706055,59.5,57.380001068115234,58.58000183105469,72979600.0,24.11803436279297,27.969999313354492,28.559999465942383,27.829999923706055,28.15999984741211,243019900.0,1211.0999755859375,1211.0999755859375,1216.4000244140625,1205.5999755859375,1214.4000244140625,1340.0,7667.0,7667.0,7790.2001953125,7636.60009765625,7659.10009765625,3323353900.0,,,,,
2018-08-10,,,,,,,,,,,,,,,,,,,,,,,,,,,,,,,,,,,,,,,,,,,2.87,13.16,2833.28,1.1399,1.2769
2018-08-11,92.77102661132812,114.7699966430664,115.87999725341797,112.97000122070312,115.55999755859375,49709700.0,25.52857780456543,30.739999771118164,31.1200008392334,30.15999984741211,31.079999923706055,250088600.0,53.8150634765625,69.66999816894531,70.36000061035156,68.08000183105469,70.19999694824219,72315800.0,47.859619140625,58.86000061035156,59.040000915527344,57.560001373291016,57.65999984741211,85510000.0,24.290496826171875,28.170000076293945,28.209999084472656,27.610000610351562,27.969999313354492,266480900.0,1176.5,1176.5,1207.4000244140625,1161.4000244140625,1207.0,430.0,7558.60009765625,7558.60009765625,7667.2998046875,7477.10009765625,7667.0,3700065200.0,,,,,
2018-08-17,,,,,,,,,,,,,,,,,,,,,,,,,,,,,,,,,,,,,,,,,,,2.87,12.64,2850.13,1.141,1.2735
2018-08-18,92.69824981689453,114.68000030517578,116.38999938964844,114.11000061035156,114.58999633789062,46021200.0,25.653154373168945,30.889999389648438,31.25,30.649999618530273,30.690000534057617,208428600.0,54.58748245239258,70.66999816894531,71.6500015258789,69.37999725341797,69.45999908447266,47862000.0,47.72138595581055,58.689998626708984,59.529998779296875,58.56999969482422,58.810001373291016,84198700.0,24.35085105895996,28.239999771118164,28.510000228881836,28.100000381469727,28.170000076293945,159149300.0,1206.300048828125,1206.300048828125,1208.0,1184.4000244140625,1184.800048828125,214.0,7577.5,7577.5,7616.2001953125,7531.2001953125,7558.60009765625,2797150600.0,,,,,
2018-08-24,,,,,,,,,,,,,,,,,,,,,,,,,,,,,,,,,,,,,,,,,,,2.82,11.99,2874.69,1.1625,1.2858
2018-08-25,92.61743927001953,114.58000183105469,117.27999877929688,113.81999969482422,115.22000122070312,51349800.0,25.686370849609375,30.93000030517578,31.489999771118164,30.6200008392334,31.030000686645508,229295000.0,55.02778244018555,71.23999786376953,72.83999633789062,70.58999633789062,71.06999969482422,55476600.0,47.550636291503906,58.47999954223633,59.47999954223633,58.06999969482422,58.869998931884766,85203100.0,24.428455352783203,28.329999923706055,28.719999313354492,28.170000076293945,28.350000381469727,192538500.0,1200.300048828125,1200.300048828125,1217.0,1196.0,1210.300048828125,1791.0,7432.39990234375,7432.39990234375,7636.7001953125,7428.7001953125,7577.5,2710490900.0,,,,,
2018-08-31,,,,,,,,,,,,,,,,,,,,,,,,,,,,,,,,,,,,,,,,,,,2.86,12.86,2901.52,1.1596,1.2964
2018-09-01,92.40727233886719,114.31999969482422,115.69999694824219,113.5,114.33999633789062,42469800.0,25.628236770629883,30.860000610351562,31.239999771118164,30.6299991607666,30.90999984741211,185032100.0,53.791908264160156,69.63999938964844,71.77999877929688,69.47000122070312,70.98999786376953,53634300.0,46.6724853515625,57.400001525878906,59.20000076293945,57.349998474121094,58.45000076293945,83575300.0,24.428455352783203,28.329999923706055,28.639999389648438,28.200000762939453,28.270000457763672,157846500.0,1193.5999755859375,1193.5999755859375,1202.0,1189.9000244140625,1193.800048828125,83.0,7277.7001953125,7277.7001953125,7535.10009765625,7227.10009765625,7432.39990234375,3464162800.0,,,,,
2018-09-07,,,,,,,,,,,,,,,,,,,,,,,,,,,,,,,,,,,,,,,,,,,2.94,14.88,2871.68,1.1572,1.2934
2018-09-08,91.74445343017578,113.5,114.97000122070312,112.66999816894531,114.8499984741211,51220200.0,25.343225479125977,30.3700008392334,31.0,30.079999923706055,30.8799991607666,239672900.0,54.48707580566406,70.54000091552734,71.69999694824219,68.91000366210938,69.9800033569336,65660800.0,44.501487731933594,54.72999954223633,57.84000015258789,54.70000076293945,57.619998931884766,109604500.0,24.34222984313965,28.229999542236328,28.440000534057617,27.969999313354492,28.399999618530273,189083900.0,1195.0,1195.0,1205.0,1190.4000244140625,1193.0,92.0,7304.0,7304.0,7325.2998046875,7220.5,7277.7001953125,3255611800.0,,,,,
2018-09-14,,,,,,,,,,,,,,,,,,,,,,,,,,,,,,,,,,,,,,,,,,,2.99,12.07,2904.98,1.1656,1.3084
2018-09-15,95.26063537597656,117.8499984741211,119.23999786376953,113.30000305175781,113.79000091552734,73936500.0,25.893983840942383,31.030000686645508,31.3700008392334,30.1299991607666,30.34000015258789,346964100.0,57.275550842285156,74.1500015258789,75.23999786376953,70.4000015258789,70.79000091552734,96971400.0,44.712886810302734,54.9900016784668,55.810001373291016,53.939998626708984,54.75,117527400.0,24.78199005126953,28.739999771118164,29.06999969482422,28.059999465942383,28.229999542236328,282130800.0,1196.199951171875,1196.199951171875,1206.199951171875,1196.199951171875,1199.699951171875,2.0,7490.2001953125,7490.2001953125,7495.2998046875,7267.7998046875,7304.0,4453145800.0,,,,,
2018-09-21,,,,,,,,,,,,,,,,,,,,,,,,,,,,,,,,,,,,,,,,,,,3.07,11.68,2929.67,1.1739,1.3067
2018-09-22,91.21094512939453,112.83999633789062,118.45999908447266,112.5199966430664,117.76000213623047,64922500.0,24.583845138549805,29.459999084472656,31.200000762939453,29.420000076293945,30.979999542236328,265007300.0,55.41399383544922,71.73999786376953,74.52999877929688,71.4800033569336,74.08000183105469,67169900.0,42.737030029296875,52.560001373291016,55.15999984741211,52.40999984741211,54.79999923706055,95416800.0,23.887243270874023,27.579999923706055,28.75,27.540000915527344,28.709999084472656,265184700.0,1191.5,1191.5,1202.800048828125,1180.0,1199.300048828125,23229.0,7510.2001953125,7510.2001953125,7552.0,7450.5,7490.2001953125,3692169500.0,,,,,
2018-09-28,,,,,,,,,,,,,,,,,,,,,,,,,,,,,,,,,,,,,,,,,,,3.05,12.12,2913.98,1.1622,1.3053
2018-09-29,92.64977264404297,114.62000274658203,116.80999755859375,112.80999755859375,113.37000274658203,71176400.0,25.22640037536621,30.229999542236328,30.790000915527344,29.270000457763672,29.68000030517578,282178200.0,55.93923568725586,72.41999816894531,73.9800033569336,71.02999877929688,72.23999786376953,66426700.0,43.249290466308594,53.189998626708984,53.86000061035156,51.880001068115234,52.7400016784668,89374000.0,24.251012802124023,28.0,28.350000381469727,27.469999313354492,27.739999771118164,329925400.0,1201.199951171875,1201.199951171875,1206.0,1185.800048828125,1191.5999755859375,1237.0,7318.5,7318.5,7526.2001953125,7318.5,7510.2001953125,3916466300.0,,,,,
2018-10-05,,,,,,,,,,,,,,,,,,,,,,,,,,,,,,,,,,,,,,,,,,,3.23,14.82,2885.57,1.1502,1.3101
2018-10-06,87.05534362792969,106.94999694824219,115.77999877929688,105.5999984741211,114.25,117308100.0,23.749364852905273,28.459999084472656,30.420000076293945,27.729999542236328,30.049999237060547,408491100.0,53.946380615234375,69.83999633789062,72.9800033569336,68.36000061035156,71.69000244140625,109207300.0,42.371131896972656,52.11000061035156,54.06999969482422,50.869998931884766,52.97999954223633,115867600.0,22.891225814819336,26.43000030517578,28.280000686645508,26.030000686645508,27.920000076293945,522724000.0,1218.0999755859375,1218.0999755859375,1224.5999755859375,1183.699951171875,1201.0,1585.0,6995.89990234375,6995.89990234375,7319.7998046875,6994.7998046875,7318.5,4519723300.0,,,,,
2018-10-12,,,,,,,,,,,,,,,,,,,,,,,,,,,,,,,,,,,,,,,,,,,3.15,21.31,2767.13,1.1559,1.3154
2018-10-13,87.83673858642578,107.91000366210938,110.80000305175781,106.31999969482422,107.19999694824219,89817500.0,23.632535934448242,28.31999969482422,29.190000534057617,27.639999389648438,28.489999771118164,423267200.0,53.189388275146484,68.86000061035156,70.79000091552734,68.16000366210938,70.12999725341797,84779400.0,43.0053596496582,52.88999938964844,55.0099983215332,52.5099983215332,52.5099983215332,127924600.0,23.09909439086914,26.670000076293945,27.190000534057617,26.309999465942383,26.440000534057617,392126100.0,1225.300048828125,1225.300048828125,1232.300048828125,1222.4000244140625,1222.4000244140625,783.0,7049.7998046875,7049.7998046875,7089.0,6961.2998046875,6995.89990234375,3576375500.0,,,,,
2018-10-19,,,,,,,,,,,,,,,,,,,,,,,,,,,,,,,,,,,,,,,,,,,3.2,19.89,2767.78,1.1513,1.3045
2018-10-20,84.18196105957031,103.41999816894531,108.33999633789062,102.7300033569336,108.1500015258789,97415100.0,22.02198600769043,26.389999389648438,28.350000381469727,25.8799991607666,28.31999969482422,443605900.0,49.59761428833008,64.20999908447266,69.20999908447266,63.18000030517578,68.88999938964844,117697300.0,41.671852111816406,51.25,53.16999816894531,50.02000045776367,53.06999969482422,133732700.0,21.877880096435547,25.260000228881836,26.760000228881836,25.020000457763672,26.700000762939453,438143000.0,1232.5,1232.5,1238.5999755859375,1219.5999755859375,1224.5,114.0,6939.60009765625,6939.60009765625,7114.10009765625,6851.60009765625,7049.7998046875,4156121900.0,,,,,
2018-10-26,,,,,,,,,,,,,,,,,,,,,,,,,,,,,,,,,,,,,,,,,,,3.08,24.16,2658.69,1.1388,1.2826
2018-10-27,88.21932983398438,108.37999725341797,110.80999755859375,103.69999694824219,104.45999908447266,89399100.0,23.273710250854492,27.889999389648438,28.3799991607666,26.290000915527344,26.690000534057617,379505600.0,50.91847229003906,65.91999816894531,66.91999816894531,63.68000030517578,65.05999755859375,99397900.0,43.59080123901367,53.61000061035156,54.630001068115234,51.59000015258789,51.880001068115234,115060000.0,22.847917556762695,26.3799991607666,26.809999465942383,25.209999084472656,25.56999969482422,409827100.0,1230.9000244140625,1230.9000244140625,1236.0,1212.0,1224.5,439.0,7094.10009765625,7094.10009765625,7196.39990234375,6939.60009765625,6939.60009765625,4252357500.0,,,,,
2018-11-02,,,,,,,,,,,,,,,,,,,,,,,,,,,,,,,,,,,,,,,,,,,3.22,19.51,2723.06,1.1378,1.2965
2018-11-03,90.58800506591797,111.29000091552734,112.93000030517578,107.76000213623047,108.61000061035156,55875700.0,23.799436569213867,28.520000457763672,29.1200008392334,27.739999771118164,27.950000762939453,233988500.0,51.14447784423828,65.76000213623047,69.0,65.18000030517578,66.30000305175781,93436700.0,43.127323150634766,53.040000915527344,54.29999923706055,51.15999984741211,53.72999954223633,101756700.0,23.48884391784668,27.1200008392334,27.520000457763672,26.489999771118164,26.489999771118164,263488800.0,1206.4000244140625,1206.4000244140625,1233.800048828125,1206.4000244140625,1230.5999755859375,36.0,7105.2998046875,7105.2998046875,7171.7001953125,7027.5,7094.10009765625,3208098300.0,,,,,
2018-11-09,,,,,,,,,,,,,,,,,,,,,,,,,,,,,,,,,,,,,,,,,,,3.19,17.36,2781.01,1.1325,1.2978
2018-11-10,89.52983093261719,109.98999786376953,111.94000244140625,105.9800033569336,111.41999816894531,78285800.0,23.15688705444336,27.75,28.520000457763672,26.780000686645508,28.3799991607666,295575100.0,50.514503479003906,64.94999694824219,65.9800033569336,62.34000015258789,65.55999755859375,85497600.0,43.3942756652832,52.939998626708984,53.58000183105469,51.279998779296875,53.130001068115234,113986300.0,23.203033447265625,26.790000915527344,27.18000030517578,26.030000686645508,27.059999465942383,395746600.0,1220.800048828125,1220.800048828125,1223.800048828125,1196.300048828125,1201.5999755859375,11.0,7013.89990234375,7013.89990234375,7186.2998046875,6969.0,7105.2998046875,4950706400.0,,,,,
2018-11-16,,,,,,,,,,,,,,,,,,,,,,,,,,,,,,,,,,,,,,,,,,,3.08,18.14,2736.27,1.1402,1.2839
2018-11-17,86.8111343383789,106.6500015258789,111.19999694824219,106.05999755859375,109.95999908447266,50031200.0,22.5059814453125,26.969999313354492,28.020000457763672,26.8799991607666,27.780000686645508,201669100.0,48.025726318359375,61.75,65.54000091552734,61.720001220703125,65.08000183105469,52948100.0,42.48441696166992,51.83000183105469,53.47999954223633,51.61000061035156,52.970001220703125,71300400.0,22.518800735473633,26.0,26.899999618530273,25.93000030517578,26.770000457763672,242139900.0,1221.0,1221.0,1228.800048828125,1219.0,1223.0999755859375,13.0,6952.89990234375,6952.89990234375,7070.5,6904.2001953125,7013.89990234375,3893973200.0,,,,,
2018-11-23,,,,,,,,,,,,,,,,,,,,,,,,,,,,,,,,,,,,,,,,,,,3.05,21.52,2632.56,1.1332,1.2804
2018-11-24,90.50659942626953,111.19000244140625,111.4000015258789,107.44999694824219,107.72000122070312,66960800.0,23.699291229248047,28.399999618530273,28.6299991607666,27.100000381469727,27.18000030517578,269325100.0,50.39006042480469,64.79000091552734,65.6500015258789,62.5,62.66999816894531,76774000.0,44.49264144897461,54.279998779296875,54.54999923706055,52.33000183105469,52.33000183105469,96257000.0,23.358924865722656,26.969999313354492,27.079999923706055,26.260000228881836,26.270000457763672,247817700.0,1220.199951171875,1220.199951171875,1228.699951171875,1211.199951171875,1220.199951171875,304713.0,6980.2001953125,6980.2001953125,7078.39990234375,6952.89990234375,6952.89990234375,4399124100.0,,,,,
2018-11-30,,,,,,,,,,,,,,,,,,,,,,,,,,,,,,,,,,,,,,,,,,,3.01,18.07,2760.17,1.1323,1.2772
2018-12-01,84.0761489868164,103.29000091552734,112.88999938964844,102.87999725341797,112.37999725341797,86052900.0,21.220888137817383,25.43000030517578,29.040000915527344,25.299999237060547,28.989999771118164,404246200.0,45.38140106201172,58.349998474121094,66.45999908447266,58.13999938964844,66.04000091552734,103444700.0,41.197505950927734,50.2599983215332,55.040000915527344,50.02000045776367,54.779998779296875,123362900.0,21.747968673706055,25.110000610351562,27.469999313354492,24.93000030517578,27.360000610351562,397678400.0,1246.800048828125,1246.800048828125,1249.800048828125,1221.300048828125,1222.5,1995.0,6778.10009765625,6778.10009765625,7145.5,6673.60009765625,6980.2001953125,4326175000.0,,,,,
2018-12-07,,,,,,,,,,,,,,,,,,,,,,,,,,,,,,,,,,,,,,,,,,,2.85,23.23,2633.08,1.139,1.2749
2018-12-08,81.63422393798828,100.29000091552734,103.66000366210938,99.27999877929688,102.87000274658203,100249000.0,20.54229164123535,24.479999542236328,25.399999618530273,24.1200008392334,25.18000030517578,433526400.0,42.79151153564453,55.02000045776367,58.33000183105469,54.630001068115234,57.95000076293945,129859900.0,38.14826583862305,46.540000915527344,50.06999969482422,46.380001068115234,50.06999969482422,170873300.0,20.994455337524414,24.239999771118164,25.219999313354492,24.190000534057617,25.010000228881836,414228800.0,1237.0,1237.0,1249.5999755859375,1234.0999755859375,1249.5999755859375,559.0,6845.2001953125,6845.2001953125,6908.5,6719.2001953125,6778.10009765625,4219001400.0,,,,,
2018-12-14,,,,,,,,,,,,,,,,,,,,,,,,,,,,,,,,,,,,,,,,,,,2.89,21.63,2599.95,1.13,1.257
2018-12-15,76.65264129638672,94.16999816894531,100.88999938964844,93.69000244140625,99.7699966430664,147857700.0,19.610836029052734,23.3700008392334,25.239999771118164,23.260000228881836,24.260000228881836,582931100.0,39.073890686035156,50.2400016784668,55.93000030517578,49.880001068115234,54.849998474121094,177120600.0,36.984310150146484,45.119998931884766,47.52000045776367,44.93000030517578,46.220001220703125,190018700.0,19.738597869873047,22.790000915527344,24.469999313354492,22.739999771118164,24.100000381469727,546875300.0,1253.800048828125,1253.800048828125,1263.5999755859375,1239.300048828125,1239.300048828125,454.0,6721.2001953125,6721.2001953125,6845.2001953125,6646.5,6845.2001953125,4843899900.0,,,,,
2018-12-21,,,,,,,,,,,,,,,,,,,,,,,,,,,,,,,,,,,,,,,,,,,2.79,30.11,2416.62,1.1402,1.2681
2018-12-22,78.81784057617188,96.83000183105469,98.31999969482422,91.11000061035156,92.88999938964844,77820200.0,20.46677017211914,24.389999389648438,24.75,22.65999984741211,22.760000228881836,336006100.0,40.31050491333008,51.83000183105469,52.54999923706055,48.41999816894531,49.400001525878906,105726700.0,37.52530288696289,45.779998779296875,46.43000030517578,43.02000045776367,44.470001220703125,96460200.0,20.558876037597656,23.59000015258789,23.899999618530273,22.049999237060547,22.489999771118164,354239600.0,1279.9000244140625,1279.9000244140625,1280.0999755859375,1260.300048828125,1260.300048828125,1375.0,6734.0,6734.0,6742.5,6536.5,6721.2001953125,1282747000.0,,,,,
2018-12-28,,,,,,,,,,,,,,,,,,,,,,,,,,,,,,,,,,,,,,,,,,,2.72,28.34,2485.74,1.1445,1.2699
2018-12-29,81.95980834960938,100.69000244140625,100.93000030517578,95.94000244140625,97.58999633789062,62129700.0,21.465354919433594,25.579999923706055,25.649999618530273,24.010000228881836,24.56999969482422,278522300.0,42.877071380615234,55.130001068115234,55.380001068115234,50.66999816894531,51.97999954223633,86351900.0,39.304039001464844,47.95000076293945,48.11000061035156,45.40999984741211,45.97999954223633,82445300.0,21.142784118652344,24.260000228881836,24.309999465942383,23.399999618530273,23.719999313354492,249748500.0,1282.699951171875,1282.699951171875,1294.199951171875,1275.300048828125,1278.0,212.0,6837.39990234375,6837.39990234375,6850.39990234375,6599.5,6734.0,2152791700.0,,,,,
2019-01-04,,,,,,,,,,,,,,,,,,,,,,,,,,,,,,,,,,,,,,,,,,,2.67,21.38,2531.94,1.141,1.274
2019-01-05,81.9853515625,99.91000366210938,101.81999969482422,98.94999694824219,100.43000030517578,73055800.0,21.842967987060547,26.030000686645508,26.040000915527344,25.09000015258789,25.559999465942383,322774700.0,44.0903434753418,56.689998626708984,57.41999816894531,54.7599983215332,55.33000183105469,98830800.0,39.23845672607422,47.869998931884766,48.22999954223633,46.91999816894531,47.779998779296875,96613900.0,21.351945877075195,24.5,24.549999237060547,24.030000686645508,24.209999084472656,292910900.0,1287.0999755859375,1287.0999755859375,1291.199951171875,1278.199951171875,1286.800048828125,169.0,6918.2001953125,6918.2001953125,7001.89990234375,6778.0,6837.39990234375,3541134700.0,,,,,
2019-01-11,,,,,,,,,,,,,,,,,,,,,,,,,,,,,,,,,,,,,,,,,,,2.71,18.19,2596.26,1.1479,1.2836
2019-01-12,85.8257064819336,104.58999633789062,104.9000015258789,98.5999984741211,98.87000274658203,96972700.0,24.586977005004883,29.299999237060547,29.459999084472656,25.610000610351562,25.770000457763672,525829600.0,49.091243743896484,63.119998931884766,63.189998626708984,55.70000076293945,56.099998474121094,147782700.0,40.992591857910156,50.0099983215332,50.15999984741211,47.0099983215332,47.5099983215332,145420700.0,22.659210205078125,26.0,26.030000686645508,24.229999542236328,24.260000228881836,296921000.0,1281.300048828125,1281.300048828125,1293.9000244140625,1281.300048828125,1292.4000244140625,25.0,6968.2998046875,6968.2998046875,6984.39990234375,6799.0,6918.2001953125,3536814400.0,,,,,
2019-01-18,,,,,,,,,,,,,,,,,,,,,,,,,,,,,,,,,,,,,,,,,,,2.79,17.8,2670.71,1.1362,1.2898
2019-01-19,84.84098815917969,103.38999938964844,104.30999755859375,101.94000244140625,103.08000183105469,54896600.0,24.821937561035156,29.579999923706055,29.719999313354492,28.6200008392334,28.979999542236328,295961700.0,49.791202545166016,64.0199966430664,64.44999694824219,61.150001525878906,62.66999816894531,72217900.0,41.09095001220703,50.130001068115234,50.540000915527344,49.5,49.77000045776367,88827400.0,22.659210205078125,26.0,26.170000076293945,25.440000534057617,25.780000686645508,212360600.0,1297.4000244140625,1297.4000244140625,1297.4000244140625,1278.5,1282.5,22.0,6809.2001953125,6809.2001953125,6987.89990234375,6802.0,6968.2998046875,3014310400.0,,,,,
2019-01-25,,,,,,,,,,,,,,,,,,,,,,,,,,,,,,,,,,,,,,,,,,,2.76,17.42,2664.76,1.1407,1.3176
2019-01-26,85.24310302734375,103.87999725341797,105.23999786376953,102.58999633789062,102.88999938964844,65074100.0,23.814960479736328,28.3799991607666,29.700000762939453,27.979999542236328,29.31999969482422,342336800.0,49.51899337768555,63.66999816894531,64.73999786376953,62.9900016784668,63.189998626708984,78519400.0,40.0909309387207,48.90999984741211,50.349998474121094,48.65999984741211,49.77000045776367,94784000.0,22.702783584594727,26.049999237060547,26.170000076293945,25.709999084472656,25.75,265355600.0,1316.9000244140625,1316.9000244140625,1325.4000244140625,1298.4000244140625,1300.800048828125,271467.0,7020.2001953125,7020.2001953125,7024.5,6734.0,6809.2001953125,3591050300.0,,,,,
2019-02-01,,,,,,,,,,,,,,,,,,,,,,,,,,,,,,,,,,,,,,,,,,,2.7,16.14,2706.53,1.1474,1.3094
2019-02-02,83.17521667480469,101.36000061035156,104.62000274658203,100.05999755859375,103.79000091552734,57449600.0,23.739437103271484,28.290000915527344,28.969999313354492,27.860000610351562,28.469999313354492,249745900.0,48.56698989868164,62.0099983215332,64.61000061035156,61.0099983215332,63.5,72293900.0,39.412193298339844,47.650001525878906,49.529998779296875,47.060001373291016,48.849998474121094,89309300.0,22.371610641479492,25.670000076293945,26.229999542236328,25.34000015258789,26.059999465942383,256307000.0,1313.699951171875,1313.699951171875,1318.0999755859375,1302.199951171875,1318.0999755859375,1720.0,7071.2001953125,7071.2001953125,7187.5,7002.39990234375,7020.2001953125,3056396600.0,,,,,
2019-02-08,,,,,,,,,,,,,,,,,,,,,,,,,,,,,,,,,,,,,,,,,,,2.63,15.72,2707.88,1.1326,1.2933
2019-02-09,86.61347961425781,105.55000305175781,105.69999694824219,100.7699966430664,101.76000213623047,60820300.0,24.427534103393555,29.110000610351562,29.309999465942383,28.110000610351562,28.34000015258789,259477300.0,50.33705520629883,64.2699966430664,64.58000183105469,61.41999816894531,62.40999984741211,70436200.0,40.710777282714844,49.220001220703125,49.709999084472656,47.380001068115234,47.869998931884766,87602500.0,23.033954620361328,26.43000030517578,26.43000030517578,25.6200008392334,25.75,228267500.0,1318.0999755859375,1318.0999755859375,1318.800048828125,1301.5999755859375,1313.4000244140625,1419.0,7236.7001953125,7236.7001953125,7261.60009765625,7071.2001953125,7071.2001953125,2844229700.0,,,,,
2019-02-15,,,,,,,,,,,,,,,,,,,,,,,,,,,,,,,,,,,,,,,,,,,2.66,14.91,2775.6,1.1268,1.2857
2019-02-16,86.16215515136719,105.0,106.08999633789062,103.80999755859375,104.91000366210938,41842600.0,24.402359008789062,29.079999923706055,29.450000762939453,28.75,28.93000030517578,174289500.0,50.2352294921875,64.13999938964844,65.13999938964844,63.52000045776367,63.72999954223633,46258800.0,40.545345306396484,49.02000045776367,49.88999938964844,48.81999969482422,49.029998779296875,64651300.0,23.060102462768555,26.459999084472656,26.68000030517578,26.219999313354492,26.299999237060547,124341000.0,1329.199951171875,1329.199951171875,1344.0,1320.5,1320.9000244140625,2103.0,7178.60009765625,7178.60009765625,7242.10009765625,7141.89990234375,7236.7001953125,3370955700.0,,,,,
2019-02-22,,,,,,,,,,,,,,,,,,,,,,,,,,,,,,,,,,,,,,,,,,,2.65,13.51,2792.67,1.1342,1.3067
2019-02-23,85.69441223144531,104.43000030517578,107.2699966430664,103.94000244140625,105.75,65635100.0,24.595369338989258,29.309999465942383,29.670000076293945,28.959999084472656,29.1200008392334,270638800.0,50.49369430541992,64.47000122070312,65.69000244140625,63.68000030517578,64.58999633789062,67846800.0,41.380741119384766,50.029998779296875,50.84000015258789,49.25,49.2599983215332,87854900.0,23.260549545288086,26.690000534057617,26.940000534057617,26.360000610351562,26.579999923706055,234531200.0,1296.4000244140625,1296.4000244140625,1331.5999755859375,1288.9000244140625,1329.199951171875,1979.0,7106.7001953125,7106.7001953125,7210.7001953125,7041.0,7178.60009765625,4061820300.0,,,,,
2019-03-01,,,,,,,,,,,,,,,,,,,,,,,,,,,,,,,,,,,,,,,,,,,2.76,13.57,2803.69,1.1376,1.3222
2019-03-02,84.5291748046875,103.01000213623047,105.91999816894531,101.98999786376953,104.91999816894531,55681800.0,24.16427230834961,28.649999618530273,29.540000915527344,28.010000228881836,29.329999923706055,233267000.0,48.60614776611328,62.060001373291016,65.30000305175781,60.7599983215332,64.52999877929688,77346000.0,41.19050598144531,49.79999923706055,50.900001525878906,49.16999816894531,50.290000915527344,81590700.0,22.63306427001953,25.969999313354492,26.940000534057617,25.68000030517578,26.760000228881836,278087400.0,1297.0,1297.0,1297.4000244140625,1281.0,1285.5,177.0,7104.2998046875,7104.2998046875,7211.7998046875,7077.89990234375,7106.7001953125,3535388500.0,,,,,
2019-03-08,,,,,,,,,,,,,,,,,,,,,,,,,,,,,,,,,,,,,,,,,,,2.62,16.05,2743.07,1.1243,1.301
2019-03-09,87.43408966064453,106.55000305175781,106.80000305175781,103.66000366210938,103.9800033569336,68742700.0,24.71250343322754,29.299999237060547,29.639999389648438,28.700000762939453,28.700000762939453,257407900.0,51.0576171875,65.19000244140625,65.2699966430664,61.959999084472656,62.529998779296875,92754600.0,41.901832580566406,50.65999984741211,50.79999923706055,49.540000915527344,50.0,125696100.0,23.208255767822266,26.6299991607666,26.709999084472656,25.979999542236328,26.100000381469727,246368200.0,1301.800048828125,1301.800048828125,1307.5,1288.800048828125,1291.0,37.0,7228.2998046875,7228.2998046875,7243.7998046875,7083.2001953125,7104.2998046875,4297915600.0,,,,,
2019-03-15,,,,,,,,,,,,,,,,,,,,,,,,,,,,,,,,,,,,,,,,,,,2.59,12.88,2822.48,1.1326,1.3278
2019-03-16,81.86222839355469,99.76000213623047,108.4000015258789,99.5199966430664,106.55000305175781,91611700.0,22.781047821044922,27.010000228881836,30.139999389648438,26.709999084472656,29.3799991607666,392009600.0,47.760284423828125,60.97999954223633,66.83000183105469,60.45000076293945,65.20999908447266,91984400.0,39.958091735839844,48.310001373291016,52.41999816894531,48.0,50.84000015258789,116496200.0,22.196752548217773,25.34000015258789,27.100000381469727,25.229999542236328,26.68000030517578,381640300.0,1311.5999755859375,1311.5999755859375,1311.5999755859375,1297.300048828125,1297.300048828125,30.0,7207.60009765625,7207.60009765625,7370.60009765625,7192.7998046875,7228.2998046875,3394940000.0,,,,,
2019-03-22,,,,,,,,,,,,,,,,,,,,,,,,,,,,,,,,,,,,,,,,,,,2.44,16.48,2800.71,1.1282,1.3219
2019-03-23,83.06851959228516,101.2300033569336,101.98999786376953,98.08999633789062,99.58999633789062,76750100.0,23.270231246948242,27.59000015258789,27.68000030517578,26.610000610351562,26.90999984741211,312386800.0,48.731468200683594,62.220001220703125,62.810001373291016,60.04999923706055,60.97999954223633,77486500.0,39.966365814208984,48.31999969482422,49.79999923706055,47.79999923706055,48.41999816894531,120601600.0,22.52085304260254,25.709999084472656,25.8799991607666,25.079999923706055,25.309999465942383,299478900.0,1293.0,1293.0,1322.9000244140625,1286.0999755859375,1320.699951171875,295346.0,7279.2001953125,7279.2001953125,7287.7001953125,7146.7998046875,7207.60009765625,3256962900.0,,,,,
2019-03-29,,,,,,,,,,,,,,,,,,,,,,,,,,,,,,,,,,,,,,,,,,,2.41,13.71,2834.4,1.1228,1.3032
2019-03-30,86.41654205322266,105.30999755859375,106.36000061035156,102.12000274658203,102.1500015258789,61179700.0,24.52695083618164,29.079999923706055,29.5,27.850000381469727,27.899999618530273,321651200.0,51.33956527709961,65.55000305175781,66.41000366210938,62.81999969482422,62.849998474121094,62191000.0,40.34684371948242,48.779998779296875,49.68000030517578,47.959999084472656,48.43000030517578,150770400.0,23.300457000732422,26.600000381469727,26.700000762939453,25.90999984741211,25.920000076293945,246986300.0,1290.4000244140625,1290.4000244140625,1295.9000244140625,1279.5,1291.800048828125,1822.0,7446.89990234375,7446.89990234375,7461.39990234375,7279.2001953125,7279.2001953125,3654249100.0,,,,,
2019-04-05,,,,,,,,,,,,,,,,,,,,,,,,,,,,,,,,,,,,,,,,,,,2.5,12.82,2892.74,1.1217,1.301
2019-04-06,91.95630645751953,111.20999908447266,111.8499984741211,104.25,105.11000061035156,65048700.0,25.446285247802734,30.170000076293945,30.219999313354492,28.739999771118164,28.889999389648438,269109900.0,52.80418014526367,67.41999816894531,68.30999755859375,64.68000030517578,65.12999725341797,63578100.0,38.45273971557617,46.4900016784668,49.099998474121094,46.060001373291016,48.63999938964844,176690600.0,23.773473739624023,27.139999389648438,27.329999923706055,26.280000686645508,26.530000686645508,296018100.0,1290.5999755859375,1290.5999755859375,1309.0999755859375,1288.5999755859375,1292.199951171875,1186.0,7437.10009765625,7437.10009765625,7477.60009765625,7383.5,7446.89990234375,3119921500.0,,,,,
2019-04-12,,,,,,,,,,,,,,,,,,,,,,,,,,,,,,,,,,,,,,,,,,,2.56,12.01,2907.41,1.1304,1.3086
2019-04-13,93.81678009033203,113.45999908447266,114.94999694824219,109.12000274658203,110.91999816894531,57040800.0,25.328205108642578,30.030000686645508,30.15999984741211,29.0,30.100000381469727,319235400.0,54.56639099121094,69.66999816894531,70.75,66.2699966430664,67.38999938964844,72152400.0,39.354305267333984,47.58000183105469,47.959999084472656,45.65999984741211,45.869998931884766,107731900.0,23.948665618896484,27.34000015258789,27.459999084472656,26.90999984741211,27.149999618530273,207453500.0,1271.9000244140625,1271.9000244140625,1287.300048828125,1270.0999755859375,1284.800048828125,1501.0,7459.89990234375,7459.89990234375,7485.89990234375,7420.2998046875,7437.10009765625,2302250500.0,,,,,
2019-04-19,,,,,,,,,,,,,,,,,,,,,,,,,,,,,,,,,,,,,,,,,,,2.57,12.09,2905.03,1.1246,1.3003
2019-04-20,94.65191650390625,114.47000122070312,114.58000183105469,112.5,112.83000183105469,43615800.0,25.598106384277344,30.350000381469727,30.389999389648438,29.780000686645508,29.93000030517578,200602500.0,54.44110107421875,69.51000213623047,69.70999908447266,68.1500015258789,69.58000183105469,55706800.0,39.66859436035156,47.959999084472656,47.97999954223633,46.90999984741211,47.40999984741211,86317000.0,24.26401138305664,27.700000762939453,27.719999313354492,27.139999389648438,27.260000228881836,219139800.0,1284.9000244140625,1284.9000244140625,1284.9000244140625,1266.0,1273.5,1770.0,7428.2001953125,7428.2001953125,7528.89990234375,7398.60009765625,7459.89990234375,2968891200.0,,,,,
2019-04-26,,,,,,,,,,,,,,,,,,,,,,,,,,,,,,,,,,,,,,,,,,,2.51,12.73,2939.88,1.1154,1.293
2019-04-27,96.01627349853516,116.12000274658203,117.16000366210938,114.44999694824219,114.5999984741211,52842900.0,25.9017391204834,30.709999084472656,31.170000076293945,30.149999618530273,30.43000030517578,248224000.0,55.349609375,70.66999816894531,71.94000244140625,69.4800033569336,69.69000244140625,64548500.0,40.23931121826172,48.650001525878906,48.849998474121094,47.849998474121094,47.970001220703125,86440200.0,24.588115692138672,28.06999969482422,28.139999389648438,27.6200008392334,27.799999237060547,253984800.0,1279.199951171875,1279.199951171875,1284.9000244140625,1266.5999755859375,1284.800048828125,830.0,7380.60009765625,7380.60009765625,7456.5,7339.5,7428.2001953125,2659705600.0,,,,,
2019-05-03,,,,,,,,,,,,,,,,,,,,,,,,,,,,,,,,,,,,,,,,,,,2.54,12.87,2945.64,1.1186,1.3139
2019-05-04,93.03124237060547,112.51000213623047,115.47000122070312,110.54000091552734,114.18000030517578,59375400.0,24.948665618896484,29.579999923706055,30.610000610351562,29.190000534057617,30.110000610351562,242137200.0,53.52242660522461,67.9000015258789,70.66999816894531,66.43000030517578,69.05000305175781,68460800.0,38.998634338378906,47.150001525878906,48.72999954223633,45.779998779296875,47.9900016784668,106243700.0,24.07129669189453,27.479999542236328,27.979999542236328,26.899999618530273,27.579999923706055,266783900.0,1285.699951171875,1285.699951171875,1286.5,1278.800048828125,1282.199951171875,69.0,7203.2998046875,7203.2998046875,7380.60009765625,7189.89990234375,7380.60009765625,3162426300.0,,,,,
2019-05-10,,,,,,,,,,,,,,,,,,,,,,,,,,,,,,,,,,,,,,,,,,,2.47,16.04,2881.4,1.1241,1.3036
2019-05-11,91.5925064086914,110.7699966430664,112.16999816894531,108.61000061035156,110.08000183105469,53672100.0,23.95341682434082,28.399999618530273,29.0,28.010000228881836,28.959999084472656,263300300.0,51.29167175292969,65.06999969482422,66.38999938964844,63.959999084472656,66.12999725341797,75238300.0,38.16472625732422,45.70000076293945,46.9900016784668,45.40999984741211,46.279998779296875,107733200.0,23.545724868774414,26.8799991607666,27.209999084472656,26.520000457763672,26.93000030517578,264006700.0,1274.5,1274.5,1300.0999755859375,1274.5,1286.699951171875,121.0,7348.60009765625,7348.60009765625,7354.2001953125,7150.89990234375,7203.2998046875,3703359100.0,,,,,
2019-05-17,,,,,,,,,,,,,,,,,,,,,,,,,,,,,,,,,,,,,,,,,,,2.39,15.96,2859.53,1.1166,1.2723
2019-05-18,90.71603393554688,109.70999908447266,111.91999816894531,107.5,110.58000183105469,47500300.0,23.767866134643555,28.18000030517578,28.75,27.5,28.399999618530273,205451200.0,50.755653381347656,64.38999938964844,66.08999633789062,63.08000183105469,64.75,59979900.0,38.557228088378906,46.16999816894531,46.36000061035156,45.06999969482422,45.619998931884766,81494500.0,23.528207778930664,26.860000610351562,27.190000534057617,26.420000076293945,26.780000686645508,189491200.0,1283.0,1283.0,1284.800048828125,1272.0,1276.0999755859375,29.0,7277.7001953125,7277.7001953125,7373.2998046875,7211.2998046875,7348.60009765625,3711398700.0,,,,,
2019-05-24,,,,,,,,,,,,,,,,,,,,,,,,,,,,,,,,,,,,,,,,,,,2.32,15.85,2826.06,1.1197,1.27
2019-05-25,87.61526489257812,105.95999908447266,109.83000183105469,104.83999633789062,109.19999694824219,42952500.0,22.43524169921875,26.600000381469727,28.25,26.479999542236328,28.049999237060547,221045800.0,48.98997497558594,62.150001525878906,65.25,61.970001220703125,64.08999633789062,62103500.0,37.054019927978516,44.369998931884766,46.25,44.220001220703125,46.06999969482422,67359800.0,22.783647537231445,26.010000228881836,26.860000610351562,25.989999771118164,26.780000686645508,164778700.0,1305.800048828125,1305.800048828125,1306.4000244140625,1273.9000244140625,1276.5,248081.0,7161.7001953125,7161.7001953125,7314.89990234375,7130.89990234375,7277.7001953125,3300483800.0,,,,,
2019-05-31,,,,,,,,,,,,,,,,,,,,,,,,,,,,,,,,,,,,,,,,,,,2.14,18.71,2752.06,1.1149,1.262
2019-06-01,90.2612533569336,109.16000366210938,110.87000274658203,105.30000305175781,105.80000305175781,52225400.0,23.219633102416992,27.530000686645508,28.040000915527344,26.399999618530273,26.59000015258789,243361500.0,51.7803840637207,65.69000244140625,66.80000305175781,61.939998626708984,62.099998474121094,72459300.0,38.106266021728516,45.630001068115234,46.189998626708984,44.20000076293945,44.2400016784668,85960300.0,23.75595474243164,27.1200008392334,27.270000457763672,25.920000076293945,25.969999313354492,225735800.0,1341.199951171875,1341.199951171875,1347.699951171875,1307.0,1307.0,2137.0,7331.89990234375,7331.89990234375,7347.39990234375,7079.7001953125,7161.7001953125,3499935100.0,,,,,
2019-06-07,,,,,,,,,,,,,,,,,,,,,,,,,,,,,,,,,,,,,,,,,,,2.09,16.3,2873.34,1.1324,1.274
2019-06-08,90.80696868896484,109.81999969482422,111.56999969482422,108.62999725341797,110.75,48383100.0,23.777572631835938,28.040000915527344,28.700000762939453,27.780000686645508,27.860000610351562,191252800.0,53.19136047363281,67.4800033569336,68.02999877929688,66.5,66.87999725341797,49029400.0,38.07286071777344,45.59000015258789,46.810001373291016,44.779998779296875,46.060001373291016,84568300.0,23.861068725585938,27.239999771118164,27.610000610351562,27.0,27.280000686645508,168964900.0,1340.0999755859375,1340.0999755859375,1355.4000244140625,1319.0999755859375,1335.800048828125,1679.0,7345.7998046875,7345.7998046875,7420.7001953125,7316.39990234375,7331.89990234375,3136449800.0,,,,,
2019-06-14,,,,,,,,,,,,,,,,,,,,,,,,,,,,,,,,,,,,,,,,,,,2.09,15.28,2886.98,1.1217,1.2601
2019-06-15,90.49276733398438,109.44000244140625,111.66999816894531,108.9800033569336,109.69999694824219,73039900.0,23.845417022705078,28.1200008392334,28.969999313354492,27.790000915527344,28.010000228881836,285865500.0,53.577613830566406,67.97000122070312,68.95999908447266,66.4000015258789,67.5,67729400.0,39.158504486083984,46.88999938964844,46.88999938964844,45.060001373291016,45.58000183105469,108210500.0,23.84354591369629,27.219999313354492,27.59000015258789,26.93000030517578,27.229999542236328,261243600.0,1396.199951171875,1396.199951171875,1406.0,1335.0,1339.0,345.0,7407.5,7407.5,7469.2001953125,7324.5,7345.7998046875,4232601800.0,,,,,
2019-06-21,,,,,,,,,,,,,,,,,,,,,,,,,,,,,,,,,,,,,,,,,,,2.07,15.4,2950.46,1.1328,1.2703
2019-06-22,92.44416809082031,111.80000305175781,112.43000030517578,107.66999816894531,109.27999877929688,74565600.0,24.591636657714844,29.0,29.270000457763672,27.3799991607666,28.079999923706055,266692500.0,55.2014045715332,70.02999877929688,70.20999908447266,66.4800033569336,67.81999969482422,71461200.0,39.517601013183594,47.31999969482422,47.70000076293945,45.43000030517578,46.54999923706055,104197700.0,24.29960060119629,27.600000381469727,27.700000762939453,26.889999389648438,27.170000076293945,263762200.0,1409.699951171875,1409.699951171875,1433.300048828125,1399.800048828125,1406.0,2356.0,7425.60009765625,7425.60009765625,7439.39990234375,7373.2001953125,7407.5,3243675700.0,,,,,
2019-06-28,,,,,,,,,,,,,,,,,,,,,,,,,,,,,,,,,,,,,,,,,,,2.0,15.08,2941.76,1.1374,1.2704
2019-06-29,93.84159851074219,113.48999786376953,114.5199966430664,112.26000213623047,113.2300033569336,37678200.0,24.812118530273438,29.260000228881836,29.850000381469727,28.93000030517578,29.479999542236328,140027700.0,56.28129959106445,71.4000015258789,71.80000305175781,70.08999633789062,70.86000061035156,40585500.0,39.893409729003906,47.77000045776367,48.189998626708984,46.91999816894531,47.880001068115234,48436300.0,24.792631149291992,28.15999984741211,28.270000457763672,27.709999084472656,27.920000076293945,169987800.0,1396.699951171875,1396.699951171875,1434.0,1382.800048828125,1386.5999755859375,318.0,7553.10009765625,7553.10009765625,7622.60009765625,7425.60009765625,7425.60009765625,2911915300.0,,,,,
2019-07-05,,,,,,,,,,,,,,,,,,,,,,,,,,,,,,,,,,,,,,,,,,,2.04,13.28,2990.41,1.1216,1.2506
2019-07-06,96.01317596435547,115.30000305175781,115.3499984741211,112.1500015258789,112.95999908447266,47485400.0,24.973237991333008,29.450000762939453,29.530000686645508,28.940000534057617,29.010000228881836,167259000.0,56.572967529296875,71.7699966430664,72.0199966430664,70.41000366210938,70.76000213623047,57922000.0,39.55101776123047,47.36000061035156,47.9900016784668,46.91999816894531,47.400001525878906,71113200.0,24.933500289916992,28.31999969482422,28.31999969482422,27.809999465942383,28.010000228881836,160766600.0,1409.9000244140625,1409.9000244140625,1424.0,1386.199951171875,1395.9000244140625,131.0,7506.0,7506.0,7571.2998046875,7493.7998046875,7553.10009765625,2717790800.0,,,,,
2019-07-12,,,,,,,,,,,,,,,,,,,,,,,,,,,,,,,,,,,,,,,,,,,2.12,12.39,3013.77,1.1254,1.2553
2019-07-13,94.54757690429688,113.54000091552734,115.56999969482422,112.91999816894531,115.54000091552734,62812500.0,24.93084144592285,29.399999618530273,29.6200008392334,28.860000610351562,29.5,280672800.0,55.9029541015625,70.91999816894531,72.16999816894531,70.08000183105469,71.7300033569336,76752600.0,38.44031524658203,46.029998779296875,47.45000076293945,45.13999938964844,47.400001525878906,124645800.0,24.59893798828125,27.940000534057617,28.350000381469727,27.780000686645508,28.329999923706055,186404700.0,1425.0999755859375,1425.0999755859375,1444.199951171875,1404.5999755859375,1414.4000244140625,132.0,7508.7001953125,7508.7001953125,7590.10009765625,7475.5,7506.0,2746020700.0,,,,,
2019-07-19,,,,,,,,,,,,,,,,,,,,,,,,,,,,,,,,,,,,,,,,,,,2.05,14.45,2976.61,1.122,1.25
2019-07-20,96.77931213378906,116.22000122070312,117.23999786376953,112.7699966430664,112.91000366210938,54763100.0,26.092578887939453,30.770000457763672,30.989999771118164,29.280000686645508,29.290000915527344,238657200.0,56.88039016723633,72.16000366210938,73.08000183105469,70.68000030517578,70.72000122070312,58572000.0,41.17113494873047,49.29999923706055,49.310001373291016,45.77000045776367,45.88999938964844,110683000.0,25.259260177612305,28.690000534057617,28.709999084472656,27.829999923706055,27.8799991607666,176188300.0,1418.5,1418.5,1425.300048828125,1413.9000244140625,1425.300048828125,35.0,7549.10009765625,7549.10009765625,7598.60009765625,7462.7001953125,7508.7001953125,3194753700.0,,,,,
2019-07-26,,,,,,,,,,,,,,,,,,,,,,,,,,,,,,,,,,,,,,,,,,,2.08,12.16,3025.86,1.1121,1.2387
2019-07-27,94.03963470458984,112.93000030517578,117.18000030517578,111.4000015258789,116.45999908447266,55959500.0,24.91387939453125,29.3799991607666,31.06999969482422,28.90999984741211,30.719999313354492,271788300.0,53.29383850097656,67.61000061035156,72.33999633789062,66.62999725341797,71.91000366210938,68729200.0,39.61781311035156,47.439998626708984,49.56999969482422,46.369998931884766,49.380001068115234,99606000.0,24.29960060119629,27.600000381469727,28.719999313354492,27.229999542236328,28.639999389648438,305179300.0,1445.5999755859375,1445.5999755859375,1448.0,1400.9000244140625,1419.5999755859375,305739.0,7407.10009765625,7407.10009765625,7727.5,7397.89990234375,7549.10009765625,4523673700.0,,,,,
2019-08-02,,,,,,,,,,,,,,,,,,,,,,,,,,,,,,,,,,,,,,,,,,,1.86,17.61,2932.05,1.1112,1.2132
2019-08-03,91.38323974609375,109.73999786376953,110.9800033569336,105.94000244140625,110.79000091552734,64263800.0,24.02349281311035,28.329999923706055,28.639999389648438,27.1200008392334,28.530000686645508,343353500.0,52.45555877685547,66.05000305175781,66.79000091552734,63.63999938964844,65.5999984741211,79157100.0,38.6657829284668,46.29999923706055,47.029998779296875,45.22999954223633,46.5,114847000.0,23.9210147857666,27.170000076293945,27.309999465942383,26.239999771118164,26.989999771118164,341763400.0,1496.5999755859375,1496.5999755859375,1509.9000244140625,1440.4000244140625,1440.4000244140625,2733.0,7253.89990234375,7253.89990234375,7407.10009765625,7153.89990234375,7407.10009765625,4291622700.0,,,,,
2019-08-09,,,,,,,,,,,,,,,,,,,,,,,,,,,,,,,,,,,,,,,,,,,1.74,17.97,2918.65,1.1222,1.2085
2019-08-10,89.70111846923828,107.72000122070312,110.33000183105469,104.33999633789062,108.44000244140625,66206400.0,22.92110252380371,27.030000686645508,28.25,26.209999084472656,27.829999923706055,373219300.0,50.41451644897461,63.47999954223633,65.95999908447266,60.720001220703125,64.61000061035156,94258000.0,37.48807144165039,44.38999938964844,46.41999816894531,43.34000015258789,45.5099983215332,111896800.0,23.392763137817383,26.56999969482422,27.170000076293945,25.920000076293945,26.850000381469727,329117100.0,1512.5,1512.5,1531.4000244140625,1483.699951171875,1496.0,3159.0,7117.2001953125,7117.2001953125,7305.60009765625,7020.2001953125,7253.89990234375,3625148300.0,,,,,
2019-08-16,,,,,,,,,,,,,,,,,,,,,,,,,,,,,,,,,,,,,,,,,,,1.55,18.47,2888.68,1.1091,1.2152
2019-08-17,88.28549194335938,106.0199966430664,109.75,105.11000061035156,109.62999725341797,48934400.0,22.446231842041016,26.469999313354492,27.700000762939453,26.260000228881836,27.639999389648438,271649600.0,49.19942855834961,61.95000076293945,64.91000366210938,61.52000045776367,64.81999969482422,65537800.0,37.5134162902832,44.41999816894531,45.83000183105469,44.09000015258789,45.130001068115234,78094000.0,22.97896957397461,26.100000381469727,27.030000686645508,25.920000076293945,26.979999542236328,253932500.0,1526.5999755859375,1526.5999755859375,1527.5999755859375,1492.9000244140625,1507.199951171875,2710.0,7095.0,7095.0,7231.7001953125,7095.0,7117.2001953125,3280669500.0,,,,,
2019-08-23,,,,,,,,,,,,,,,,,,,,,,,,,,,,,,,,,,,,,,,,,,,1.52,19.87,2847.11,1.1148,1.2261
2019-08-24,91.483154296875,109.86000061035156,110.55999755859375,104.83999633789062,106.62000274658203,53299300.0,23.32813835144043,27.510000228881836,27.690000534057617,26.209999084472656,26.700000762939453,236673100.0,51.10545349121094,64.3499984741211,64.81999969482422,61.15999984741211,62.56999969482422,63514400.0,39.32912063598633,46.56999969482422,46.900001525878906,44.43000030517578,44.709999084472656,77198500.0,23.70091438293457,26.920000076293945,27.059999465942383,26.030000686645508,26.270000457763672,230666000.0,1519.0999755859375,1519.0999755859375,1549.300048828125,1516.699951171875,1543.199951171875,4236.0,7207.2001953125,7207.2001953125,7240.39990234375,7044.7001953125,7095.0,2890588600.0,,,,,
2019-08-30,,,,,,,,,,,,,,,,,,,,,,,,,,,,,,,,,,,,,,,,,,,1.5,18.98,2926.46,1.0989,1.2166
2019-08-31,93.77314758300781,112.61000061035156,113.72000122070312,107.31999969482422,108.9800033569336,37859300.0,23.514698028564453,27.729999542236328,28.43000030517578,26.610000610351562,27.209999084472656,211073400.0,52.392024993896484,65.97000122070312,67.27999877929688,62.31999969482422,64.0,46880800.0,39.81894302368164,47.150001525878906,48.16999816894531,45.47999954223633,46.310001373291016,72436800.0,24.158729553222656,27.440000534057617,27.68000030517578,26.40999984741211,26.700000762939453,208242900.0,1506.199951171875,1506.199951171875,1553.199951171875,1504.5,1522.9000244140625,364.0,7282.2998046875,7282.2998046875,7334.60009765625,7206.89990234375,7207.2001953125,3204895200.0,,,,,
2019-09-06,,,,,,,,,,,,,,,,,,,,,,,,,,,,,,,,,,,,,,,,,,,1.55,15.0,2978.71,1.1042,1.2299
2019-09-07,100.11852264404297,120.2300033569336,120.4000015258789,113.5999984741211,113.70999908447266,66778100.0,25.752410888671875,30.170000076293945,30.31999969482422,27.969999313354492,28.0,346278600.0,55.90229415893555,70.38999938964844,70.73999786376953,66.69000244140625,66.76000213623047,80040100.0,41.31372833251953,48.91999816894531,49.36000061035156,46.88999938964844,47.31999969482422,122112100.0,25.083166122436523,28.489999771118164,28.600000381469727,27.56999969482422,27.6299991607666,327744600.0,1490.9000244140625,1490.9000244140625,1515.4000244140625,1486.9000244140625,1509.0,128.0,7367.5,7367.5,7380.2998046875,7199.39990234375,7282.2998046875,4384590200.0,,,,,
2019-09-13,,,,,,,,,,,,,,,,,,,,,,,,,,,,,,,,,,,,,,,,,,,1.9,13.74,3007.39,1.1074,1.2462
2019-09-14,99.010986328125,118.9000015258789,120.33999633789062,117.23999786376953,118.9000015258789,64640300.0,25.257333755493164,29.59000015258789,30.170000076293945,29.549999237060547,29.68000030517578,368621300.0,55.07635498046875,69.3499984741211,70.54000091552734,68.66999816894531,68.95999908447266,70286300.0,41.06882858276367,48.630001068115234,49.310001373291016,48.310001373291016,48.459999084472656,103734400.0,24.72220230102539,28.079999923706055,28.670000076293945,28.059999465942383,28.25,260087400.0,1507.300048828125,1507.300048828125,1509.4000244140625,1489.300048828125,1506.5999755859375,44.0,7344.89990234375,7344.89990234375,7378.2998046875,7290.7001953125,7367.5,4538423700.0,,,,,
2019-09-20,,,,,,,,,,,,,,,,,,,,,,,,,,,,,,,,,,,,,,,,,,,1.74,15.32,2992.07,1.1004,1.2489
2019-09-21,98.02835083007812,117.72000122070312,119.26000213623047,116.94999694824219,117.77999877929688,50328000.0,25.05246925354004,29.350000381469727,29.709999084472656,28.739999771118164,29.309999465942383,237197600.0,55.16370391845703,69.45999908447266,70.36000061035156,67.55999755859375,68.62000274658203,58706400.0,42.82542037963867,50.709999084472656,51.40999984741211,48.310001373291016,48.31999969482422,142997200.0,24.839387893676758,28.06999969482422,28.290000915527344,27.780000686645508,27.940000534057617,277525800.0,1499.0999755859375,1499.0999755859375,1533.0,1485.5999755859375,1515.5,16060.0,7426.2001953125,7426.2001953125,7440.7998046875,7213.0,7344.89990234375,3072011900.0,,,,,
2019-09-27,,,,,,,,,,,,,,,,,,,,,,,,,,,,,,,,,,,,,,,,,,,1.69,17.22,2961.79,1.0942,1.2312
2019-09-28,95.44695281982422,114.62000274658203,119.0,110.5199966430664,118.36000061035156,55742300.0,24.215970993041992,28.3700008392334,29.520000457763672,27.15999984741211,29.489999771118164,236576100.0,54.14716339111328,68.18000030517578,70.2699966430664,64.79000091552734,69.80000305175781,59473600.0,41.55864334106445,49.209999084472656,50.849998474121094,47.31999969482422,50.77000045776367,113654000.0,24.299592971801758,27.459999084472656,28.170000076293945,26.450000762939453,28.139999389648438,285361800.0,1506.199951171875,1506.199951171875,1518.199951171875,1458.300048828125,1495.9000244140625,2948.0,7155.39990234375,7155.39990234375,7439.60009765625,7004.39990234375,7426.2001953125,3362247000.0,,,,,
2019-10-04,,,,,,,,,,,,,,,,,,,,,,,,,,,,,,,,,,,,,,,,,,,1.52,17.04,2952.01,1.0974,1.2309
2019-10-05,97.48741149902344,116.13999938964844,117.98999786376953,111.66000366210938,114.19000244140625,50922200.0,24.676904678344727,28.90999984741211,29.34000015258789,27.459999084472656,28.329999923706055,250702800.0,55.6719970703125,70.0999984741211,70.93000030517578,66.02999877929688,67.87000274658203,54432700.0,41.55864334106445,49.209999084472656,49.91999816894531,47.540000915527344,48.95000076293945,90186100.0,24.467723846435547,27.649999618530273,27.989999771118164,26.760000228881836,27.350000381469727,275070700.0,1482.699951171875,1482.699951171875,1511.199951171875,1476.9000244140625,1504.800048828125,422.0,7247.10009765625,7247.10009765625,7250.10009765625,7130.5,7155.39990234375,4033996100.0,,,,,
2019-10-11,,,,,,,,,,,,,,,,,,,,,,,,,,,,,,,,,,,,,,,,,,,1.76,15.58,2970.27,1.1039,1.2683
2019-10-12,101.1975326538086,120.55999755859375,121.58999633789062,115.66000366210938,115.8499984741211,64481600.0,25.90605354309082,30.350000381469727,30.719999313354492,28.729999542236328,28.739999771118164,306276600.0,55.386085510253906,69.73999786376953,72.08000183105469,68.69999694824219,69.52999877929688,72520500.0,42.200469970703125,49.970001220703125,51.25,48.779998779296875,49.09000015258789,120836900.0,24.874780654907227,28.110000610351562,28.260000228881836,27.530000686645508,27.559999465942383,218083700.0,1488.199951171875,1488.199951171875,1495.4000244140625,1476.5999755859375,1484.4000244140625,1503.0,7150.60009765625,7150.60009765625,7251.7998046875,7146.10009765625,7247.10009765625,4900193700.0,,,,,
2019-10-18,,,,,,,,,,,,,,,,,,,,,,,,,,,,,,,,,,,,,,,,,,,1.76,14.25,2986.2,1.1155,1.2904
2019-10-19,105.78903198242188,126.02999877929688,126.6500015258789,121.98999786376953,122.05000305175781,51168200.0,27.075450897216797,31.719999313354492,31.850000381469727,30.6299991607666,30.670000076293945,250713700.0,58.110111236572266,73.16999816894531,73.41999816894531,70.5199966430664,70.5199966430664,52403200.0,43.55169677734375,51.56999969482422,51.72999954223633,50.18000030517578,50.279998779296875,86238400.0,25.343786239624023,28.639999389648438,28.729999542236328,28.229999542236328,28.350000381469727,186983600.0,1499.5,1499.5,1514.300048828125,1481.5,1489.9000244140625,446.0,7324.5,7324.5,7338.89990234375,7139.39990234375,7150.60009765625,3733258600.0,,,,,
2019-10-25,,,,,,,,,,,,,,,,,,,,,,,,,,,,,,,,,,,,,,,,,,,1.8,12.65,3022.55,1.1081,1.2833
2019-10-26,107.27474975585938,127.80000305175781,127.98999786376953,123.86000061035156,126.56999969482422,51104900.0,27.14373779296875,31.799999237060547,32.22999954223633,30.81999969482422,31.969999313354492,243735500.0,58.642215728759766,73.83999633789062,74.27999877929688,71.33000183105469,73.7300033569336,64909900.0,44.06686019897461,52.18000030517578,52.36000061035156,51.150001525878906,51.939998626708984,96307700.0,25.768539428710938,29.1200008392334,29.149999618530273,28.469999313354492,28.75,248767200.0,1508.0,1508.0,1513.0999755859375,1481.0,1504.0999755859375,1227.0,7302.39990234375,7302.39990234375,7346.89990234375,7245.2001953125,7324.5,3487990500.0,,,,,
2019-11-01,,,,,,,,,,,,,,,,,,,,,,,,,,,,,,,,,,,,,,,,,,,1.73,12.3,3066.91,1.1169,1.295
2019-11-02,109.44041442871094,130.3800048828125,131.2899932861328,128.55999755859375,129.0800018310547,56960900.0,28.389955520629883,33.2599983215332,33.599998474121094,32.099998474121094,32.2400016784668,277573400.0,60.885047912597656,76.12000274658203,76.27999877929688,73.97000122070312,74.94000244140625,61885200.0,45.688323974609375,54.099998474121094,54.400001525878906,52.2400016784668,52.58000183105469,103750900.0,26.405675888061523,29.84000015258789,30.030000686645508,29.290000915527344,29.3700008392334,232562500.0,1461.300048828125,1461.300048828125,1511.5999755859375,1461.300048828125,1511.5999755859375,1301.0,7359.39990234375,7359.39990234375,7431.89990234375,7302.39990234375,7302.39990234375,3095122800.0,,,,,
2019-11-08,,,,,,,,,,,,,,,,,,,,,,,,,,,,,,,,,,,,,,,,,,,1.94,12.07,3093.08,1.1019,1.279
2019-11-09,108.72691345214844,129.52999877929688,130.6199951171875,127.41999816894531,129.60000610351562,44448300.0,28.1082763671875,32.93000030517578,33.31999969482422,32.47999954223633,33.029998779296875,185906900.0,59.509315490722656,74.4000015258789,76.08000183105469,73.33000183105469,75.44999694824219,50868400.0,45.86980438232422,53.79999923706055,54.2400016784668,53.099998474121094,53.790000915527344,74410500.0,26.326032638549805,29.75,29.889999389648438,29.450000762939453,29.65999984741211,184093800.0,1467.300048828125,1467.300048828125,1471.800048828125,1447.0999755859375,1461.0,180.0,7302.89990234375,7302.89990234375,7390.0,7243.2001953125,7359.39990234375,3724489600.0,,,,,
2019-11-15,,,,,,,,,,,,,,,,,,,,,,,,,,,,,,,,,,,,,,,,,,,1.84,12.05,3120.46,1.1046,1.2901
2019-11-16,109.78453826904297,130.7899932861328,131.25,128.94000244140625,129.55999755859375,45230000.0,28.321678161621094,33.18000030517578,33.31999969482422,32.41999816894531,32.86000061035156,189501100.0,59.88525390625,74.87000274658203,75.23999786376953,73.22000122070312,74.29000091552734,46916900.0,46.279048919677734,54.279998779296875,54.349998474121094,53.25,53.84000015258789,73812900.0,26.476469039916992,29.920000076293945,29.969999313354492,29.520000457763672,29.75,175318600.0,1463.0999755859375,1463.0999755859375,1474.5,1463.0999755859375,1472.0,225.0,7326.7998046875,7326.7998046875,7404.5,7197.2998046875,7302.89990234375,3403792300.0,,,,,
2019-11-22,,,,,,,,,,,,,,,,,,,,,,,,,,,,,,,,,,,,,,,,,,,1.77,12.34,3110.29,1.1029,1.2829
2019-11-23,110.59874725341797,131.75999450683594,132.42999267578125,130.36000061035156,131.25,32879100.0,28.441179275512695,33.31999969482422,33.599998474121094,33.119998931884766,33.33000183105469,152466500.0,60.085208892822266,75.12000274658203,76.12999725341797,74.81999969482422,74.93000030517578,36642700.0,46.43251037597656,54.459999084472656,54.75,53.72999954223633,54.529998779296875,60501400.0,26.679994583129883,30.149999618530273,30.239999771118164,29.93000030517578,29.959999084472656,134066800.0,1465.5999755859375,1465.5999755859375,1465.5999755859375,1452.0,1457.0999755859375,441760.0,7346.5,7346.5,7446.0,7326.7998046875,7326.7998046875,3488587000.0,,,,,
2019-11-29,,,,,,,,,,,,,,,,,,,,,,,,,,,,,,,,,,,,,,,,,,,1.78,12.62,3140.98,1.1019,1.2939
2019-11-30,113.35198974609375,135.0399932861328,135.77999877929688,128.58999633789062,132.30999755859375,49053100.0,28.739927291870117,33.66999816894531,33.79999923706055,32.54999923706055,33.45000076293945,241754800.0,60.63710021972656,75.80999755859375,76.22000122070312,72.5,75.41999816894531,52370100.0,46.355777740478516,54.369998931884766,54.439998626708984,52.16999816894531,54.310001373291016,96506200.0,26.865829467773438,30.360000610351562,30.459999084472656,29.350000381469727,30.200000762939453,246878500.0,1459.0999755859375,1459.0999755859375,1483.4000244140625,1453.300048828125,1462.800048828125,6051.0,7239.7001953125,7239.7001953125,7400.2998046875,7131.2001953125,7346.5,3608493200.0,,,,,
2019-12-06,,,,,,,,,,,,,,,,,,,,,,,,,,,,,,,,,,,,,,,,,,,1.84,13.62,3145.91,1.1052,1.3127
2019-12-07,114.83771514892578,136.80999755859375,138.8300018310547,132.8800048828125,134.6300048828125,49352500.0,29.55767822265625,34.439998626708984,34.959999084472656,33.29999923706055,33.5,231524500.0,61.10102081298828,76.38999938964844,77.83000183105469,74.87000274658203,75.18000030517578,61597600.0,45.86127853393555,53.790000915527344,54.54999923706055,53.06999969482422,54.16999816894531,86162900.0,27.175546646118164,30.709999084472656,30.969999313354492,30.1299991607666,30.299999237060547,200043000.0,1475.5999755859375,1475.5999755859375,1483.9000244140625,1458.5999755859375,1458.800048828125,3644.0,7353.39990234375,7353.39990234375,7429.0,7137.7998046875,7239.7001953125,4777519000.0,,,,,
2019-12-13,,,,,,,,,,,,,,,,,,,,,,,,,,,,,,,,,,,,,,,,,,,1.82,12.63,3168.8,1.1128,1.3349
2019-12-14,115.19866943359375,137.24000549316406,139.02000427246094,136.89999389648438,138.3800048828125,72643300.0,30.003955841064453,34.959999084472656,35.27000045776367,34.70000076293945,34.95000076293945,305180500.0,62.796722412109375,78.51000213623047,79.05000305175781,76.9000015258789,77.36000061035156,86045000.0,45.46908187866211,53.33000183105469,54.560001373291016,53.06999969482422,54.2400016784668,139825200.0,27.148998260498047,30.68000030517578,31.040000915527344,30.639999389648438,30.959999084472656,250269400.0,1474.699951171875,1474.699951171875,1478.9000244140625,1472.5999755859375,1473.800048828125,1196.0,7582.5,7582.5,7599.5,7353.2001953125,7353.39990234375,4642751100.0,,,,,
2019-12-20,,,,,,,,,,,,,,,,,,,,,,,,,,,,,,,,,,,,,,,,,,,1.92,12.51,3221.22,1.1076,1.3036
2019-12-21,116.79351806640625,139.13999938964844,139.77000427246094,136.8800048828125,137.60000610351562,27701800.0,30.33866310119629,35.349998474121094,35.720001220703125,34.95000076293945,35.040000915527344,102904200.0,63.72455596923828,79.66999816894531,80.18000030517578,78.44000244140625,78.66999816894531,36693400.0,45.97210693359375,53.91999816894531,54.38999938964844,53.25,53.34000015258789,44682300.0,27.36725616455078,30.770000457763672,30.90999984741211,30.56999969482422,30.760000228881836,85917700.0,1513.800048828125,1513.800048828125,1513.800048828125,1479.9000244140625,1482.300048828125,1408.0,7644.89990234375,7644.89990234375,7665.39990234375,7559.60009765625,7582.5,1035934400.0,,,,,
2019-12-27,,,,,,,,,,,,,,,,,,,,,,,,,,,,,,,,,,,,,,,,,,,1.88,13.43,3240.02,1.1174,1.309
2019-12-28,116.12199401855469,138.33999633789062,141.10000610351562,137.0800018310547,139.89999389648438,35355100.0,29.952470779418945,34.900001525878906,35.65999984741211,34.7599983215332,35.56999969482422,148307300.0,63.748558044433594,79.69999694824219,81.26000213623047,79.0999984741211,80.1500015258789,43282400.0,45.54580307006836,53.41999816894531,54.2599983215332,52.900001525878906,54.16999816894531,55878400.0,27.349462509155273,30.75,31.079999923706055,30.59000015258789,30.90999984741211,114814300.0,1549.199951171875,1549.199951171875,1552.699951171875,1510.0,1512.5999755859375,1068.0,7622.39990234375,7622.39990234375,7644.89990234375,7532.39990234375,7644.89990234375,1474225700.0,,,,,
2020-01-03,,,,,,,,,,,,,,,,,,,,,,,,,,,,,,,,,,,,,,,,,,,1.8,14.02,3234.85,1.1173,1.3091
2020-01-04,114.9498291015625,136.07000732421875,138.27000427246094,135.60000610351562,136.55999755859375,50145500.0,29.81514549255371,34.7400016784668,35.33000183105469,34.369998931884766,34.40999984741211,201237600.0,63.388607025146484,79.25,80.9800033569336,78.68000030517578,78.72000122070312,54779000.0,44.76141357421875,52.5,53.33000183105469,52.470001220703125,52.7400016784668,77659500.0,27.296100616455078,30.690000534057617,30.979999542236328,30.459999084472656,30.469999313354492,176713700.0,1557.5,1557.5,1604.199951171875,1543.300048828125,1580.0,769.0,7587.89990234375,7587.89990234375,7632.0,7525.0,7622.39990234375,2939738200.0,,,,,
2020-01-10,,,,,,,,,,,,,,,,,,,,,,,,,,,,,,,,,,,,,,,,,,,1.83,12.56,3265.35,1.1119,1.306
2020-01-11,116.74919891357422,138.1999969482422,140.75999450683594,135.75999450683594,136.19000244140625,79036100.0,29.789392471313477,34.709999084472656,35.66999816894531,34.34000015258789,34.84000015258789,283945500.0,64.88433837890625,81.12000274658203,83.11000061035156,79.0,79.5,80440800.0,41.93080520629883,49.18000030517578,52.5,47.84000015258789,52.5,195703300.0,27.59850311279297,31.030000686645508,31.100000381469727,30.56999969482422,30.760000228881836,179838800.0,1558.800048828125,1558.800048828125,1558.800048828125,1534.9000244140625,1557.4000244140625,297.0,7674.60009765625,7674.60009765625,7689.7001953125,7582.5,7587.89990234375,3292777100.0,,,,,
2020-01-17,,,,,,,,,,,,,,,,,,,,,,,,,,,,,,,,,,,,,,,,,,,1.84,12.1,3329.62,1.1093,1.3029
2020-01-18,112.4830322265625,133.14999389648438,138.07000732421875,132.32000732421875,137.19000244140625,40535400.0,28.785261154174805,33.540000915527344,34.52000045776367,33.27000045776367,34.41999816894531,183205000.0,62.724708557128906,78.41999816894531,80.91000366210938,77.63999938964844,80.4800033569336,45221900.0,40.5581169128418,47.56999969482422,49.880001068115234,47.18000030517578,49.09000015258789,89763500.0,27.029277801513672,30.389999389648438,31.020000457763672,30.200000762939453,30.8799991607666,170664700.0,1571.0999755859375,1571.0999755859375,1571.0999755859375,1549.800048828125,1559.300048828125,145.0,7586.0,7586.0,7682.7998046875,7503.2001953125,7674.60009765625,2894512500.0,,,,,
2020-01-24,,,,,,,,,,,,,,,,,,,,,,,,,,,,,,,,,,,,,,,,,,,1.7,14.56,3295.47,1.1026,1.3071
2020-01-25,111.81565856933594,132.36000061035156,136.1300048828125,129.7100067138672,130.27000427246094,57083400.0,28.1759090423584,32.83000183105469,33.52000045776367,32.470001220703125,32.56999969482422,238733600.0,59.517295837402344,74.41000366210938,78.12999725341797,73.91000366210938,76.26000213623047,65898100.0,40.020965576171875,46.939998626708984,47.95000076293945,46.7400016784668,46.88999938964844,88836400.0,26.646827697753906,29.959999084472656,30.6200008392334,29.75,29.790000915527344,235883500.0,1582.9000244140625,1582.9000244140625,1589.0,1569.199951171875,1584.300048828125,314730.0,7286.0,7286.0,7586.0,7275.0,7586.0,3139897300.0,,,,,
2020-01-31,,,,,,,,,,,,,,,,,,,,,,,,,,,,,,,,,,,,,,,,,,,1.51,18.84,3225.52,1.1082,1.3195
2020-02-01,115.87909698486328,137.1699981689453,138.2899932861328,132.66000366210938,132.66000366210938,44701000.0,29.703580856323242,34.61000061035156,35.0099983215332,32.91999816894531,33.0,218926400.0,63.358009338378906,78.69000244140625,79.86000061035156,74.69999694824219,74.69999694824219,57508200.0,40.78830337524414,47.84000015258789,48.5,47.029998779296875,47.2400016784668,82020000.0,27.50066566467285,30.920000076293945,31.270000457763672,30.149999618530273,30.170000076293945,235555300.0,1568.5999755859375,1568.5999755859375,1593.300048828125,1547.699951171875,1592.9000244140625,3886.0,7466.7001953125,7466.7001953125,7533.60009765625,7285.2001953125,7286.0,3541383800.0,,,,,
2020-02-07,,,,,,,,,,,,,,,,,,,,,,,,,,,,,,,,,,,,,,,,,,,1.59,15.47,3327.71,1.095,1.2908
2020-02-08,116.1240463256836,137.4600067138672,139.2899932861328,136.39999389648438,136.9499969482422,34572400.0,29.909547805786133,34.849998474121094,35.45000076293945,34.380001068115234,34.439998626708984,151729600.0,63.43850326538086,78.79000091552734,80.7699966430664,78.05000305175781,78.08000183105469,45342400.0,41.55094528198242,48.220001220703125,48.4900016784668,47.41999816894531,47.66999816894531,76535400.0,27.723020553588867,31.170000076293945,31.3799991607666,30.809999465942383,30.81999969482422,117524200.0,1582.699951171875,1582.699951171875,1582.699951171875,1561.0,1569.300048828125,746.0,7409.10009765625,7409.10009765625,7547.7001953125,7403.7001953125,7466.7001953125,3339971900.0,,,,,
2020-02-14,,,,,,,,,,,,,,,,,,,,,,,,,,,,,,,,,,,,,,,,,,,1.59,13.68,3380.16,1.0839,1.3039
2020-02-15,114.7302017211914,135.80999755859375,138.38999938964844,134.9199981689453,137.33999633789062,33263200.0,29.489017486572266,34.36000061035156,35.08000183105469,34.0099983215332,34.77000045776367,159229700.0,61.54639434814453,76.44000244140625,78.86000061035156,76.1500015258789,78.61000061035156,45272100.0,41.10285568237305,47.70000076293945,48.119998931884766,46.529998779296875,47.970001220703125,75720900.0,27.36725616455078,30.770000457763672,31.280000686645508,30.600000381469727,31.079999923706055,164884700.0,1644.5999755859375,1644.5999755859375,1645.0,1579.800048828125,1579.800048828125,1155.0,7403.89990234375,7403.89990234375,7480.5,7353.39990234375,7409.10009765625,3437445000.0,,,,,
2020-02-21,,,,,,,,,,,,,,,,,,,,,,,,,,,,,,,,,,,,,,,,,,,1.46,17.08,3337.75,1.0855,1.2966
2020-02-22,98.08792114257812,116.11000061035156,133.1999969482422,112.66000366210938,131.44000244140625,128178100.0,24.45974349975586,28.5,33.209999084472656,27.700000762939453,33.18000030517578,543106300.0,51.09542465209961,63.459999084472656,74.05000305175781,61.34000015258789,73.37999725341797,154769300.0,35.200252532958984,40.849998474121094,46.95000076293945,39.75,46.58000183105469,194441600.0,23.649497985839844,26.59000015258789,30.059999465942383,25.969999313354492,29.799999237060547,612897700.0,1564.0999755859375,1564.0999755859375,1686.5999755859375,1564.0999755859375,1657.0,3830.0,6580.60009765625,6580.60009765625,7403.89990234375,6460.10009765625,7403.89990234375,6245020300.0,,,,,
2020-02-28,,,,,,,,,,,,,,,,,,,,,,,,,,,,,,,,,,,,,,,,,,,1.13,40.11,2954.22,1.1001,1.2778
2020-02-29,91.30429077148438,108.08000183105469,122.94999694824219,105.0199966430664,116.62999725341797,148884000.0,22.065269470214844,25.709999084472656,29.75,25.100000381469727,28.350000381469727,627714500.0,49.340171813964844,61.279998779296875,68.43000030517578,59.7400016784668,63.849998474121094,139936800.0,31.96027374267578,37.09000015258789,42.900001525878906,36.33000183105469,40.97999954223633,225008100.0,22.72451400756836,25.549999237060547,28.25,25.030000686645508,26.639999389648438,798920800.0,1670.800048828125,1670.800048828125,1686.199951171875,1574.300048828125,1583.9000244140625,1559.0,6462.60009765625,6462.60009765625,6856.2998046875,6431.39990234375,6580.60009765625,6688664100.0,,,,,
2020-03-06,,,,,,,,,,,,,,,,,,,,,,,,,,,,,,,,,,,,,,,,,,,0.74,41.94,2972.37,1.1319,1.301
2020-03-07,87.78156280517578,103.91000366210938,103.98999786376953,86.31999969482422,96.56999969482422,197850200.0,20.8673038482666,24.15999984741211,24.25,20.149999618530273,22.229999542236328,675316600.0,41.0953483581543,51.040000915527344,55.70000076293945,42.81999969482422,54.310001373291016,191323500.0,26.617767333984375,30.889999389648438,35.08000183105469,27.1200008392334,33.720001220703125,284938700.0,20.5009822845459,23.049999237060547,24.170000076293945,20.299999237060547,23.0,752746600.0,1515.699951171875,1515.699951171875,1701.5999755859375,1513.800048828125,1696.0999755859375,601.0,5366.10009765625,5366.10009765625,6462.60009765625,5237.5,6462.60009765625,9480320200.0,,,,,
2020-03-13,,,,,,,,,,,,,,,,,,,,,,,,,,,,,,,,,,,,,,,,,,,0.94,57.83,2711.02,1.1066,1.2406
2020-03-14,70.53951263427734,83.5,97.44000244140625,76.91000366210938,85.19999694824219,177681000.0,16.989238739013672,19.670000076293945,22.690000534057617,19.0,19.850000381469727,663398700.0,30.64436912536621,38.060001373291016,45.22999954223633,32.0,40.4900016784668,216696200.0,22.834924697875977,26.5,30.6200008392334,25.889999389648438,26.34000015258789,294522900.0,16.818805694580078,18.90999984741211,21.34000015258789,18.110000610351562,19.350000381469727,641506800.0,1484.0,1484.0,1569.0999755859375,1452.0999755859375,1569.0999755859375,924.0,5190.7998046875,5190.7998046875,5419.2998046875,4898.7998046875,5366.10009765625,10438785400.0,,,,,
2020-03-20,,,,,,,,,,,,,,,,,,,,,,,,,,,,,,,,,,,,,,,,,,,0.92,66.04,2304.92,1.0682,1.1743
2020-03-21,76.98519897460938,91.12999725341797,98.56999969482422,78.08999633789062,82.68000030517578,164879300.0,18.656200408935547,21.600000381469727,22.950000762939453,17.950000762939453,19.260000228881836,684406400.0,35.26598358154297,43.79999923706055,46.290000915527344,34.619998931884766,37.54999923706055,162338100.0,26.09213638305664,30.280000686645508,31.389999389648438,25.110000610351562,26.260000228881836,233473000.0,18.686580657958984,21.010000228881836,21.81999969482422,17.489999771118164,18.440000534057617,705108100.0,1623.9000244140625,1623.9000244140625,1685.5,1490.199951171875,1505.300048828125,101610.0,5510.2998046875,5510.2998046875,5815.7001953125,4922.7998046875,5190.7998046875,8066970900.0,,,,,
2020-03-27,,,,,,,,,,,,,,,,,,,,,,,,,,,,,,,,,,,,,,,,,,,0.72,65.54,2541.47,1.1059,1.236
2020-03-28,71.0041275024414,84.05000305175781,94.16999816894531,82.7699966430664,90.6500015258789,118283200.0,17.300167083740234,20.030000686645508,22.489999771118164,19.510000228881836,21.649999618530273,397925000.0,30.18543243408203,37.4900016784668,44.2599983215332,36.66999816894531,44.04999923706055,137756800.0,22.60226821899414,26.229999542236328,30.479999542236328,25.90999984741211,30.360000610351562,192499800.0,17.616207122802734,19.639999389648438,21.530000686645508,19.360000610351562,21.040000915527344,367118500.0,1633.699951171875,1633.699951171875,1652.800048828125,1570.0,1641.199951171875,23358.0,5415.5,5415.5,5702.7001953125,5351.7998046875,5510.2998046875,7144154600.0,,,,,
2020-04-03,,,,,,,,,,,,,,,,,,,,,,,,,,,,,,,,,,,,,,,,,,,0.62,46.8,2488.65,1.0797,1.2228
2020-04-04,87.71212768554688,102.76000213623047,104.38999938964844,87.69999694824219,88.98999786376953,114343800.0,21.47190284729004,24.860000610351562,25.31999969482422,20.809999465942383,21.030000686645508,398814500.0,38.172611236572266,47.40999984741211,49.220001220703125,39.5099983215332,39.79999923706055,141867400.0,28.60828399658203,33.20000076293945,33.90999984741211,27.399999618530273,27.40999984741211,179961700.0,20.97081184387207,23.3799991607666,23.65999984741211,20.469999313354492,20.6200008392334,367814900.0,1736.199951171875,1736.199951171875,1736.199951171875,1625.9000244140625,1629.0999755859375,3779.0,5842.7001953125,5842.7001953125,5842.7001953125,5415.5,5415.5,5195916600.0,,,,,
2020-04-10,,,,,,,,,,,,,,,,,,,,,,,,,,,,,,,,,,,,,,,,,,,0.73,41.67,2789.82,1.0951,1.2485
2020-04-11,81.24211120605469,95.18000030517578,103.11000061035156,87.05000305175781,103.11000061035156,165823300.0,20.107234954833984,23.280000686645508,24.850000381469727,21.09000015258789,24.780000686645508,453251600.0,36.594505310058594,45.45000076293945,47.7400016784668,40.099998474121094,47.5,179668400.0,24.454910278320312,28.3799991607666,33.2400016784668,26.65999984741211,33.220001220703125,242167000.0,20.082828521728516,22.389999389648438,23.329999923706055,21.059999465942383,23.309999465942383,383493500.0,1689.199951171875,1689.199951171875,1775.0,1684.9000244140625,1722.0,2398.0,5787.0,5787.0,5894.7001953125,5576.39990234375,5842.7001953125,4710591000.0,,,,,
2020-04-17,,,,,,,,,,,,,,,,,,,,,,,,,,,,,,,,,,,,,,,,,,,0.65,38.15,2874.56,1.0883,1.2503
2020-04-18,77.42669677734375,90.70999908447266,94.70999908447266,88.33000183105469,92.47000122070312,95824800.0,19.157154083251953,22.18000030517578,23.1299991607666,21.5,22.56999969482422,301235400.0,34.70237731933594,43.099998474121094,45.439998626708984,41.06999969482422,43.400001525878906,140949000.0,23.196836471557617,26.920000076293945,28.889999389648438,26.3700008392334,27.329999923706055,188871000.0,19.49981117248535,21.739999771118164,22.360000610351562,21.209999084472656,21.950000762939453,284094300.0,1723.5,1723.5,1745.0999755859375,1659.9000244140625,1686.0,1928.0,5752.2001953125,5752.2001953125,5843.60009765625,5641.0,5787.0,4269213500.0,,,,,
2020-04-24,,,,,,,,,,,,,,,,,,,,,,,,,,,,,,,,,,,,,,,,,,,0.6,35.93,2836.74,1.0798,1.2335
2020-04-25,79.5947494506836,93.25,99.44999694824219,91.54000091552734,91.94000244140625,101247000.0,19.934494018554688,23.079999923706055,25.110000610351562,22.450000762939453,22.520000457763672,312932200.0,36.65085983276367,45.52000045776367,50.650001525878906,43.72999954223633,44.16999816894531,149609500.0,23.774171829223633,27.59000015258789,30.459999084472656,27.15999984741211,27.3700008392334,178013000.0,19.786836624145508,22.059999465942383,23.65999984741211,21.90999984741211,21.959999084472656,320231800.0,1694.5,1694.5,1731.9000244140625,1670.5,1731.9000244140625,2461.0,5763.10009765625,5763.10009765625,6151.60009765625,5746.10009765625,5752.2001953125,5991872300.0,,,,,
2020-05-01,,,,,,,,,,,,,,,,,,,,,,,,,,,,,,,,,,,,,,,,,,,0.64,37.19,2830.71,1.0998,1.2509
2020-05-02,79.12528228759766,92.69999694824219,94.20999908447266,89.93000030517578,92.0199966430664,92027700.0,20.35771369934082,23.56999969482422,23.6200008392334,22.229999542236328,22.700000762939453,242517900.0,37.690826416015625,46.31999969482422,46.41999816894531,42.720001220703125,45.029998779296875,131465400.0,21.91291618347168,25.43000030517578,27.799999237060547,25.139999389648438,26.959999084472656,254942500.0,19.99313735961914,22.290000915527344,22.31999969482422,21.299999237060547,21.770000457763672,282595900.0,1709.9000244140625,1709.9000244140625,1728.9000244140625,1684.199951171875,1702.5999755859375,2054.0,5936.0,5936.0,5941.89990234375,5702.0,5763.10009765625,3948968600.0,,,,,
2020-05-08,,,,,,,,,,,,,,,,,,,,,,,,,,,,,,,,,,,,,,,,,,,0.69,27.98,2929.8,1.0854,1.2436
2020-05-09,73.3210678100586,85.9000015258789,91.11000061035156,82.4000015258789,91.11000061035156,156573600.0,18.518001556396484,21.440000534057617,23.1200008392334,20.100000381469727,23.110000610351562,403497000.0,34.110530853271484,41.91999816894531,45.25,38.7599983215332,45.209999084472656,172915400.0,20.5382022857666,23.360000610351562,25.270000457763672,22.0,25.110000610351562,334796800.0,18.880908966064453,21.049999237060547,22.049999237060547,20.09000015258789,21.979999542236328,378094000.0,1753.4000244140625,1753.4000244140625,1753.4000244140625,1690.199951171875,1702.300048828125,2895.0,5799.7998046875,5799.7998046875,6013.0,5661.10009765625,5936.0,5116760000.0,,,,,
2020-05-15,,,,,,,,,,,,,,,,,,,,,,,,,,,,,,,,,,,,,,,,,,,0.64,31.89,2863.7,1.0816,1.2129
2020-05-16,76.36827087402344,89.47000122070312,92.38999938964844,87.87999725341797,88.69000244140625,98833400.0,19.571735382080078,22.65999984741211,23.270000457763672,22.06999969482422,22.420000076293945,314390900.0,35.8844108581543,44.099998474121094,46.279998779296875,43.4900016784668,44.04999923706055,134826200.0,21.25035285949707,24.170000076293945,25.59000015258789,23.920000076293945,24.549999237060547,208007600.0,19.661266326904297,21.920000076293945,22.299999237060547,21.579999923706055,21.829999923706055,274148700.0,1734.5999755859375,1734.5999755859375,1770.5,1720.5,1755.699951171875,946.0,5993.2998046875,5993.2998046875,6112.0,5799.60009765625,5799.7998046875,4979299200.0,,,,,
2020-05-22,,,,,,,,,,,,,,,,,,,,,,,,,,,,,,,,,,,,,,,,,,,0.66,28.16,2955.45,1.0894,1.2178
2020-05-23,83.06021118164062,97.30999755859375,102.94999694824219,92.61000061035156,92.88999938964844,131876200.0,20.832754135131836,24.1200008392334,26.170000076293945,23.700000762939453,23.75,435310100.0,38.9846305847168,47.90999984741211,53.0099983215332,45.97999954223633,46.20000076293945,151936000.0,23.272523880004883,26.469999313354492,28.3700008392334,25.040000915527344,25.049999237060547,222510400.0,20.99772834777832,23.40999984741211,24.34000015258789,22.729999542236328,22.75,418429500.0,1736.9000244140625,1736.9000244140625,1738.300048828125,1685.5999755859375,1726.4000244140625,162336.0,6076.60009765625,6076.60009765625,6234.0,5993.2998046875,5993.2998046875,6268356300.0,,,,,
2020-05-29,,,,,,,,,,,,,,,,,,,,,,,,,,,,,,,,,,,,,,,,,,,0.65,27.51,3044.31,1.1107,1.232
2020-05-30,94.94181060791016,111.2300033569336,115.7699966430664,97.37999725341797,97.75,131328600.0,24.278972625732422,28.110000610351562,29.010000228881836,24.049999237060547,24.280000686645508,429551400.0,47.89469909667969,58.86000061035156,62.470001220703125,47.81999969482422,48.13999938964844,161585200.0,27.844383239746094,31.670000076293945,33.88999938964844,26.3700008392334,26.610000610351562,293564100.0,23.53611183166504,26.239999771118164,26.829999923706055,23.34000015258789,23.5,416249300.0,1676.199951171875,1676.199951171875,1747.0,1668.5999755859375,1740.4000244140625,6676.0,6484.2998046875,6484.2998046875,6490.0,6076.60009765625,6076.60009765625,5607352400.0,,,,,
2020-06-05,,,,,,,,,,,,,,,,,,,,,,,,,,,,,,,,,,,,,,,,,,,0.91,24.52,3193.93,1.1297,1.2703
2020-06-06,85.2453384399414,99.87000274658203,114.19000244140625,96.54000091552734,113.41000366210938,127942200.0,21.55206871032715,24.780000686645508,28.899999618530273,23.68000030517578,28.59000015258789,471392400.0,42.51610565185547,52.25,61.33000183105469,48.20000076293945,60.65999984741211,200892300.0,24.591333389282227,27.969999313354492,33.43000030517578,26.700000762939453,32.900001525878906,329544200.0,21.37444305419922,23.829999923706055,26.799999237060547,23.09000015258789,26.670000076293945,644599900.0,1729.300048828125,1729.300048828125,1744.0999755859375,1675.9000244140625,1679.0999755859375,2660.0,6105.2001953125,6105.2001953125,6511.7998046875,5993.2001953125,6484.2998046875,5921292100.0,,,,,
2020-06-12,,,,,,,,,,,,,,,,,,,,,,,,,,,,,,,,,,,,,,,,,,,0.71,36.09,3041.31,1.1253,1.2527
2020-06-13,83.48698425292969,97.80999755859375,105.68000030517578,95.87000274658203,96.41999816894531,116950100.0,21.96084976196289,25.25,26.239999771118164,23.690000534057617,23.760000228881836,412667500.0,43.061283111572266,52.91999816894531,56.400001525878906,49.7400016784668,49.959999084472656,170618000.0,24.26602554321289,27.600000381469727,29.649999618530273,26.559999465942383,26.860000610351562,245531000.0,21.508987426757812,23.979999542236328,25.1200008392334,22.959999084472656,23.010000228881836,418022100.0,1745.9000244140625,1745.9000244140625,1750.699951171875,1703.300048828125,1730.0,1700.0,6292.60009765625,6292.60009765625,6319.7998046875,5952.39990234375,6105.2001953125,5268697300.0,,,,,
2020-06-19,,,,,,,,,,,,,,,,,,,,,,,,,,,,,,,,,,,,,,,,,,,0.7,35.12,3097.74,1.1189,1.2362
2020-06-20,79.0313949584961,92.58999633789062,99.97000122070312,92.0,97.25,122158000.0,20.1343994140625,23.149999618530273,25.40999984741211,23.020000457763672,24.889999389648438,360200800.0,40.3435173034668,49.58000183105469,53.72999954223633,49.470001220703125,51.849998474121094,135481000.0,22.279024124145508,25.34000015258789,28.290000915527344,25.25,27.270000457763672,263742800.0,20.25325584411621,22.579999923706055,24.219999313354492,22.520000457763672,23.68000030517578,419533900.0,1772.5,1772.5,1783.0999755859375,1750.5,1755.199951171875,3830.0,6159.2998046875,6159.2998046875,6342.2001953125,6029.2998046875,6292.60009765625,3759615900.0,,,,,
2020-06-26,,,,,,,,,,,,,,,,,,,,,,,,,,,,,,,,,,,,,,,,,,,0.64,34.73,3009.05,1.1215,1.2337
2020-06-27,79.09113311767578,92.66000366210938,95.70999908447266,91.93000030517578,93.4000015258789,84238000.0,20.256168365478516,23.290000915527344,24.06999969482422,23.100000381469727,23.40999984741211,241365500.0,41.132808685302734,50.54999923706055,52.459999084472656,49.61000061035156,50.279998779296875,87188600.0,22.279024124145508,25.34000015258789,26.170000076293945,24.93000030517578,25.59000015258789,164901800.0,20.734493255615234,22.969999313354492,23.530000686645508,22.6299991607666,22.81999969482422,241102400.0,1784.0,1784.0,1798.0,1765.800048828125,1779.800048828125,2116.0,6157.2998046875,6157.2998046875,6262.7001953125,6084.5,6159.2998046875,3582974600.0,,,,,
2020-07-03,,,,,,,,,,,,,,,,,,,,,,,,,,,,,,,,,,,,,,,,,,,0.68,27.68,3130.01,1.1237,1.2469
2020-07-04,82.9732437133789,96.2699966430664,96.83999633789062,90.77999877929688,94.43000030517578,117699700.0,20.891071319580078,24.020000457763672,24.079999923706055,22.389999389648438,23.81999969482422,333686200.0,42.84160232543945,52.650001525878906,52.689998626708984,49.029998779296875,51.869998931884766,115255400.0,22.39331817626953,25.469999313354492,26.020000457763672,23.709999084472656,25.81999969482422,216919200.0,21.176803588867188,23.459999084472656,23.65999984741211,22.489999771118164,23.479999542236328,322733000.0,1798.199951171875,1798.199951171875,1819.800048828125,1783.300048828125,1788.199951171875,1764.0,6095.39990234375,6095.39990234375,6304.2001953125,6003.2001953125,6157.2998046875,3279579300.0,,,,,
2020-07-10,,,,,,,,,,,,,,,,,,,,,,,,,,,,,,,,,,,,,,,,,,,0.65,27.29,3185.04,1.1318,1.2654
2020-07-11,84.60218048095703,98.16000366210938,101.29000091552734,96.2300033569336,98.7300033569336,130343900.0,20.19528579711914,23.219999313354492,24.8700008392334,23.200000762939453,24.3700008392334,343131800.0,40.864295959472656,50.220001220703125,53.599998474121094,50.0099983215332,53.33000183105469,129213900.0,21.936134338378906,24.950000762939453,26.09000015258789,23.329999923706055,25.81999969482422,319566600.0,21.619115829467773,23.950000762939453,24.399999618530273,23.25,23.760000228881836,417228900.0,1808.300048828125,1808.300048828125,1813.5,1791.0,1805.0,840.0,6290.2998046875,6290.2998046875,6323.60009765625,6093.2001953125,6095.39990234375,3287983000.0,,,,,
2020-07-17,,,,,,,,,,,,,,,,,,,,,,,,,,,,,,,,,,,,,,,,,,,0.64,25.68,3224.73,1.1438,1.255
2020-07-18,84.70559692382812,98.27999877929688,100.12999725341797,97.26000213623047,97.43000030517578,72141800.0,21.178081512451172,24.350000381469727,24.829999923706055,23.110000610351562,23.190000534057617,300072200.0,42.044158935546875,51.66999816894531,52.47999954223633,49.75,49.9900016784668,96638500.0,23.087890625,26.260000228881836,26.850000381469727,24.399999618530273,24.719999313354492,228255900.0,21.907974243164062,24.270000457763672,24.479999542236328,23.75,23.81999969482422,222218000.0,1897.300048828125,1897.300048828125,1897.300048828125,1807.0,1807.0,1026.0,6123.7998046875,6123.7998046875,6315.7001953125,6099.10009765625,6290.2998046875,3278583600.0,,,,,
2020-07-24,,,,,,,,,,,,,,,,,,,,,,,,,,,,,,,,,,,,,,,,,,,0.59,25.84,3215.63,1.1635,1.2791
2020-07-25,83.29212951660156,96.63999938964844,99.70999908447266,95.25,97.51000213623047,65826700.0,21.639039993286133,24.8799991607666,25.290000915527344,23.8799991607666,24.219999313354492,298233000.0,40.69340133666992,50.0099983215332,52.59000015258789,49.369998931884766,51.459999084472656,90744200.0,21.329486846923828,24.260000228881836,26.020000457763672,24.079999923706055,26.020000457763672,193265400.0,21.691329956054688,24.030000686645508,24.489999771118164,23.709999084472656,24.15999984741211,219032800.0,1962.800048828125,1962.800048828125,1981.0999755859375,1901.5,1901.699951171875,242791.0,5897.7998046875,5897.7998046875,6155.10009765625,5897.7998046875,6123.7998046875,4272464300.0,,,,,
2020-07-31,,,,,,,,,,,,,,,,,,,,,,,,,,,,,,,,,,,,,,,,,,,0.55,24.46,3271.12,1.1822,1.3133
2020-08-01,85.65367126464844,99.37999725341797,99.48999786376953,95.02999877929688,97.0199966430664,66815700.0,22.708824157714844,26.110000610351562,26.190000534057617,24.690000534057617,25.030000686645508,262946100.0,42.83982467651367,52.119998931884766,52.22999954223633,49.689998626708984,50.560001373291016,81023900.0,22.041645050048828,25.06999969482422,25.219999313354492,23.899999618530273,24.25,179848700.0,22.42249870300293,24.84000015258789,24.860000610351562,23.8700008392334,24.1299991607666,205015400.0,2010.0999755859375,2010.0999755859375,2063.0,1955.5,1984.300048828125,5217.0,6032.2001953125,6032.2001953125,6111.5,5857.10009765625,5897.7998046875,3601005000.0,,,,,
2020-08-07,,,,,,,,,,,,,,,,,,,,,,,,,,,,,,,,,,,,,,,,,,,0.57,22.21,3351.28,1.1776,1.3043
2020-08-08,88.26517486572266,102.41000366210938,106.43000030517578,100.02999877929688,100.11000061035156,91482300.0,23.021926879882812,26.469999313354492,27.75,25.920000076293945,26.309999465942383,314350800.0,43.50559616088867,52.93000030517578,55.029998779296875,52.25,52.290000915527344,89121400.0,22.33539390563965,25.299999237060547,26.139999389648438,24.219999313354492,25.219999313354492,202602400.0,22.729412078857422,25.18000030517578,25.770000457763672,24.8700008392334,24.979999542236328,241487700.0,1937.0,1937.0,2043.800048828125,1871.5999755859375,2026.4000244140625,1880.0,6090.0,6090.0,6297.2001953125,6028.5,6032.2001953125,3026911300.0,,,,,
2020-08-14,,,,,,,,,,,,,,,,,,,,,,,,,,,,,,,,,,,,,,,,,,,0.71,22.05,3372.85,1.1833,1.3108
2020-08-15,83.87822723388672,97.31999969482422,102.0,96.80000305175781,101.5,67668400.0,21.72601890563965,24.979999542236328,26.40999984741211,24.899999618530273,26.309999465942383,267639200.0,40.521934509277344,49.29999923706055,52.81999969482422,49.15999984741211,52.630001068115234,91063700.0,20.86991310119629,23.639999389648438,25.139999389648438,23.520000457763672,25.030000686645508,163230300.0,21.94407844543457,24.309999465942383,25.110000610351562,24.229999542236328,25.09000015258789,229682000.0,1934.5999755859375,1934.5999755859375,2002.800048828125,1908.9000244140625,1949.5999755859375,826.0,6001.89990234375,6001.89990234375,6162.7001953125,5948.7998046875,6090.0,2477980700.0,,,,,
2020-08-21,,,,,,,,,,,,,,,,,,,,,,,,,,,,,,,,,,,,,,,,,,,0.64,22.54,3397.16,1.1775,1.3098
2020-08-22,88.57544708251953,102.7699966430664,103.25,97.41999816894531,98.44999694824219,79520200.0,22.874069213867188,26.299999237060547,26.469999313354492,25.040000915527344,25.219999313354492,250763400.0,42.9713249206543,52.279998779296875,52.5099983215332,49.45000076293945,49.900001525878906,87915300.0,21.796873092651367,24.690000534057617,24.889999389648438,23.610000610351562,23.799999237060547,162836100.0,22.891889572143555,25.360000610351562,25.450000762939453,24.389999389648438,24.450000762939453,252528900.0,1964.5999755859375,1964.5999755859375,1972.5,1909.699951171875,1930.199951171875,3629.0,5963.60009765625,5963.60009765625,6173.5,5962.5,6001.89990234375,2822107700.0,,,,,
2020-08-28,,,,,,,,,,,,,,,,,,,,,,,,,,,,,,,,,,,,,,,,,,,0.74,22.96,3508.01,1.1901,1.3341
2020-08-29,89.22187042236328,103.5199966430664,105.20999908447266,99.04000091552734,102.12000274658203,89897400.0,23.082809448242188,26.540000915527344,26.760000228881836,25.399999618530273,26.09000015258789,338640200.0,43.168601989746094,52.52000045776367,53.63999938964844,50.540000915527344,51.90999984741211,98659300.0,21.88515281677246,24.790000915527344,25.360000610351562,23.739999771118164,24.489999771118164,189552600.0,22.82870101928711,25.290000915527344,26.010000228881836,24.850000381469727,25.34000015258789,352238600.0,1923.9000244140625,1923.9000244140625,1986.300048828125,1917.699951171875,1970.0,1201.0,5799.10009765625,5799.10009765625,5996.2001953125,5778.39990234375,5963.60009765625,3082992400.0,,,,,
2020-09-04,,,,,,,,,,,,,,,,,,,,,,,,,,,,,,,,,,,,,,,,,,,0.72,30.75,3426.96,1.182,1.323
2020-09-05,87.1102523803711,101.06999969482422,103.56999969482422,99.4800033569336,102.9800033569336,65249700.0,22.3327693939209,25.5,26.31999969482422,25.079999923706055,26.139999389648438,233119200.0,41.91924285888672,51.0,52.5,50.619998931884766,51.91999816894531,90680100.0,21.426088333129883,24.270000457763672,24.670000076293945,23.700000762939453,24.280000686645508,187583600.0,22.305147171020508,24.709999084472656,25.139999389648438,24.489999771118164,25.040000915527344,261809800.0,1937.800048828125,1937.800048828125,1962.699951171875,1903.0999755859375,1930.9000244140625,1285.0,6032.10009765625,6032.10009765625,6057.7001953125,5798.5,5799.10009765625,3089215600.0,,,,,
2020-09-11,,,,,,,,,,,,,,,,,,,,,,,,,,,,,,,,,,,,,,,,,,,0.67,26.87,3340.97,1.1831,1.2788
2020-09-12,84.76594543457031,98.3499984741211,103.45999908447266,97.44000244140625,101.51000213623047,100382700.0,22.078792572021484,25.209999084472656,25.989999771118164,25.049999237060547,25.670000076293945,319139000.0,36.87249755859375,44.86000061035156,52.08000183105469,44.619998931884766,51.4900016784668,250915900.0,22.18531608581543,25.1299991607666,26.0,24.229999542236328,24.3799991607666,310194600.0,22.2780704498291,24.68000030517578,25.270000457763672,24.579999923706055,24.93000030517578,270642200.0,1952.0999755859375,1952.0999755859375,1968.5,1933.699951171875,1946.300048828125,358.0,6007.10009765625,6007.10009765625,6123.7001953125,5998.7001953125,6032.10009765625,4229150100.0,,,,,
2020-09-18,,,,,,,,,,,,,,,,,,,,,,,,,,,,,,,,,,,,,,,,,,,0.7,25.83,3319.47,1.1857,1.295
2020-09-19,80.55997467041016,93.47000122070312,96.05000305175781,91.37999725341797,95.19999694824219,99248100.0,20.57242774963379,23.489999771118164,24.780000686645508,22.950000762939453,24.56999969482422,299516200.0,34.53816604614258,42.02000045776367,44.15999984741211,41.290000915527344,43.40999984741211,146225500.0,20.86991310119629,23.639999389648438,24.520000457763672,22.559999465942383,24.450000762939453,215284600.0,21.20388412475586,23.489999771118164,24.170000076293945,22.940000534057617,24.030000686645508,313690200.0,1857.699951171875,1857.699951171875,1946.199951171875,1851.5,1946.199951171875,757.0,5842.7001953125,5842.7001953125,6007.10009765625,5771.5,6007.10009765625,3979424500.0,,,,,
2020-09-25,,,,,,,,,,,,,,,,,,,,,,,,,,,,,,,,,,,,,,,,,,,0.66,26.38,3298.46,1.1618,1.2706
2020-09-26,84.36946868896484,97.88999938964844,98.58999633789062,94.33000183105469,95.05999755859375,81071200.0,21.2029972076416,24.209999084472656,24.43000030517578,23.530000686645508,23.8799991607666,246382500.0,35.886165618896484,43.65999984741211,43.880001068115234,42.02000045776367,42.91999816894531,110232000.0,21.178897857666016,23.989999771118164,24.270000457763672,23.06999969482422,23.989999771118164,187709700.0,22.055696487426758,24.299999237060547,24.440000534057617,23.6200008392334,23.81999969482422,311920700.0,1900.199951171875,1900.199951171875,1913.0,1872.4000244140625,1872.800048828125,15598.0,5902.10009765625,5902.10009765625,5954.39990234375,5809.60009765625,5842.7001953125,3862584500.0,,,,,
2020-10-02,,,,,,,,,,,,,,,,,,,,,,,,,,,,,,,,,,,,,,,,,,,0.7,27.63,3348.44,1.1706,1.2928
2020-10-03,87.22229766845703,101.19999694824219,102.11000061035156,97.51000213623047,98.31999969482422,78798900.0,22.210163116455078,25.360000610351562,25.489999771118164,24.280000686645508,24.520000457763672,256178000.0,36.930030822753906,44.93000030517578,46.060001373291016,44.15999984741211,44.2599983215332,130038600.0,22.33539390563965,25.299999237060547,25.510000228881836,24.040000915527344,24.219999313354492,142940800.0,22.899803161621094,25.229999542236328,25.3700008392334,24.360000610351562,24.530000686645508,310809700.0,1919.5,1919.5,1929.0999755859375,1873.0999755859375,1898.9000244140625,3306.0,6016.7001953125,6016.7001953125,6040.5,5902.10009765625,5902.10009765625,3729095200.0,,,,,
2020-10-09,,,,,,,,,,,,,,,,,,,,,,,,,,,,,,,,,,,,,,,,,,,0.79,25.0,3477.13,1.1819,1.3003
2020-10-10,88.30133056640625,101.51000213623047,103.22000122070312,99.04000091552734,101.0999984741211,83405600.0,21.229272842407227,24.239999771118164,25.829999923706055,23.479999542236328,25.299999237060547,362149400.0,35.499839782714844,43.189998626708984,46.119998931884766,42.25,45.09000015258789,156635800.0,20.18130874633789,22.860000610351562,25.739999771118164,22.610000610351562,25.200000762939453,234653100.0,22.681970596313477,24.989999771118164,25.59000015258789,24.510000228881836,25.209999084472656,237032200.0,1900.800048828125,1900.800048828125,1926.5,1882.5,1924.0,627.0,5919.60009765625,5919.60009765625,6037.10009765625,5786.2001953125,6016.7001953125,3338082600.0,,,,,
2020-10-16,,,,,,,,,,,,,,,,,,,,,,,,,,,,,,,,,,,,,,,,,,,0.76,27.41,3483.81,1.1717,1.2931
2020-10-17,90.30204772949219,103.80999755859375,104.44999694824219,99.30999755859375,101.5999984741211,63638100.0,21.807292938232422,24.899999618530273,25.260000228881836,23.690000534057617,24.299999237060547,261828600.0,36.12452697753906,43.95000076293945,44.56999969482422,42.65999984741211,43.349998474121094,103693500.0,20.552091598510742,23.280000686645508,23.59000015258789,22.510000228881836,22.889999389648438,158499700.0,22.91795539855957,25.25,25.40999984741211,24.56999969482422,25.079999923706055,239194600.0,1902.0,1902.0,1927.300048828125,1896.0999755859375,1907.300048828125,2760.0,5860.2998046875,5860.2998046875,5959.7001953125,5716.39990234375,5919.60009765625,3249307300.0,,,,,
2020-10-23,,,,,,,,,,,,,,,,,,,,,,,,,,,,,,,,,,,,,,,,,,,0.85,27.55,3465.39,1.1844,1.3039
2020-10-24,85.28284454345703,98.04000091552734,102.69999694824219,95.23999786376953,102.6500015258789,68595200.0,20.756345748901367,23.700000762939453,24.579999923706055,23.1200008392334,24.469999313354492,320345800.0,34.04500198364258,41.41999816894531,43.400001525878906,40.4900016784668,43.36000061035156,126978600.0,18.936527252197266,21.450000762939453,23.020000457763672,20.760000228881836,22.969999313354492,219282900.0,21.65633201599121,23.860000610351562,24.93000030517578,23.25,24.889999389648438,316516700.0,1877.4000244140625,1877.4000244140625,1908.800048828125,1858.800048828125,1895.5,1660.0,5577.2998046875,5577.2998046875,5868.39990234375,5525.5,5860.2998046875,4522916300.0,,,,,
2020-10-30,,,,,,,,,,,,,,,,,,,,,,,,,,,,,,,,,,,,,,,,,,,0.88,38.02,3269.96,1.1647,1.2933
2020-10-31,89.56263732910156,102.95999908447266,105.0999984741211,97.86000061035156,99.38999938964844,81770900.0,21.29058074951172,24.309999465942383,24.959999084472656,23.270000457763672,23.889999389648438,343885200.0,35.54038619995117,42.709999084472656,44.02000045776367,41.20000076293945,41.86000061035156,122902700.0,19.342634201049805,21.90999984741211,22.56999969482422,21.170000076293945,21.700000762939453,191854000.0,22.654741287231445,24.959999084472656,25.34000015258789,23.959999084472656,24.260000228881836,359093400.0,1950.300048828125,1950.300048828125,1958.800048828125,1872.9000244140625,1872.9000244140625,2123.0,5910.0,5910.0,5950.2001953125,5554.7001953125,5577.2998046875,4088851800.0,,,,,
2020-11-06,,,,,,,,,,,,,,,,,,,,,,,,,,,,,,,,,,,,,,,,,,,0.83,24.86,3509.44,1.1886,1.3162
2020-11-07,99.23571014404297,114.08000183105469,118.9000015258789,110.3499984741211,113.16000366210938,116686000.0,23.64647102355957,27.0,28.270000457763672,26.299999237060547,26.600000381469727,424767900.0,40.49158477783203,48.65999984741211,49.290000915527344,46.2599983215332,46.869998931884766,166980500.0,21.347089767456055,24.06999969482422,24.8700008392334,23.299999237060547,24.030000686645508,254019200.0,24.5335636138916,27.030000686645508,27.440000534057617,26.350000381469727,26.979999542236328,421646000.0,1885.699951171875,1885.699951171875,1963.199951171875,1847.0999755859375,1955.5999755859375,1703.0,6316.39990234375,6316.39990234375,6397.2998046875,5910.0,5910.0,7093654300.0,,,,,
2020-11-13,,,,,,,,,,,,,,,,,,,,,,,,,,,,,,,,,,,,,,,,,,,0.89,23.1,3585.15,1.1824,1.3176
2020-11-14,99.66194915771484,114.56999969482422,118.61000061035156,113.55999755859375,117.79000091552734,69904400.0,23.480072021484375,26.809999465942383,28.0,26.6299991607666,27.860000610351562,245176700.0,42.97966384887695,51.650001525878906,52.650001525878906,49.47999954223633,50.40999984741211,107226900.0,22.59758186340332,25.479999542236328,26.229999542236328,24.389999389648438,24.989999771118164,193792600.0,24.669706344604492,27.18000030517578,27.940000534057617,27.020000457763672,27.709999084472656,289983700.0,1872.5999755859375,1872.5999755859375,1888.4000244140625,1856.0,1874.5999755859375,2176.0,6351.5,6351.5,6463.5,6309.0,6316.39990234375,5248706000.0,,,,,
2020-11-20,,,,,,,,,,,,,,,,,,,,,,,,,,,,,,,,,,,,,,,,,,,0.83,23.7,3557.54,1.1857,1.3294
2020-11-21,105.44660949707031,121.22000122070312,123.5,115.56999969482422,116.05000305175781,51030000.0,25.389305114746094,28.989999771118164,29.100000381469727,27.059999465942383,27.110000610351562,209030500.0,47.15696716308594,56.66999816894531,57.2400016784668,52.290000915527344,52.5099983215332,104331700.0,25.24046516418457,28.459999084472656,28.729999542236328,25.8700008392334,25.950000762939453,180371700.0,25.84056282043457,28.469999313354492,28.690000534057617,27.389999389648438,27.530000686645508,185039500.0,1781.9000244140625,1781.9000244140625,1837.800048828125,1770.699951171875,1834.800048828125,279442.0,6367.60009765625,6367.60009765625,6468.7001953125,6302.2001953125,6351.5,5558983500.0,,,,,
2020-11-27,,,,,,,,,,,,,,,,,,,,,,,,,,,,,,,,,,,,,,,,,,,0.84,20.84,3638.35,1.1908,1.3378
2020-11-28,106.4208984375,122.33999633789062,123.29000091552734,117.7699966430664,120.0,64380100.0,25.652042388916016,29.290000915527344,29.43000030517578,28.100000381469727,28.719999313354492,279282400.0,48.779624938964844,58.619998931884766,58.81999969482422,55.0,56.13999938964844,117126100.0,26.207170486450195,29.549999237060547,29.969999313354492,27.280000686645508,28.43000030517578,214076600.0,26.30345916748047,28.979999542236328,29.030000686645508,27.829999923706055,28.299999237060547,286247200.0,1835.9000244140625,1835.9000244140625,1847.5999755859375,1762.300048828125,1785.0,8753.0,6550.2001953125,6550.2001953125,6559.2001953125,6263.60009765625,6367.60009765625,5148101500.0,,,,,
2020-12-04,,,,,,,,,,,,,,,,,,,,,,,,,,,,,,,,,,,,,,,,,,,0.97,20.79,3699.12,1.2142,1.3485
2020-12-05,104.00263214111328,119.55999755859375,123.30000305175781,118.37000274658203,121.1500015258789,56040300.0,25.177410125732422,28.56999969482422,29.25,28.299999237060547,28.899999618530273,230351200.0,49.03759002685547,58.93000030517578,60.790000915527344,57.279998779296875,58.150001525878906,110897400.0,25.79033088684082,29.079999923706055,29.6299991607666,28.399999618530273,29.420000076293945,160707800.0,25.831485748291016,28.459999084472656,28.950000762939453,28.229999542236328,28.809999465942383,203364300.0,1839.800048828125,1839.800048828125,1875.800048828125,1820.800048828125,1836.5,2049.0,6546.7998046875,6546.7998046875,6640.7001953125,6518.39990234375,6550.2001953125,4764745500.0,,,,,
2020-12-11,,,,,,,,,,,,,,,,,,,,,,,,,,,,,,,,,,,,,,,,,,,0.9,23.31,3663.46,1.2112,1.3197
2020-12-12,103.58509063720703,119.08000183105469,121.44999694824219,118.11000061035156,121.33999633789062,76444800.0,25.265541076660156,28.670000076293945,29.100000381469727,28.139999389648438,28.920000076293945,252402900.0,49.14575958251953,59.060001373291016,60.29999923706055,58.56999969482422,60.0,97663600.0,25.728252410888672,29.010000228881836,29.90999984741211,28.510000228881836,29.540000915527344,199035900.0,25.85871696472168,28.489999771118164,28.84000015258789,28.110000610351562,28.84000015258789,227100900.0,1885.699951171875,1885.699951171875,1896.199951171875,1822.699951171875,1835.5,2999.0,6529.2001953125,6529.2001953125,6604.5,6484.0,6546.7998046875,4394040800.0,,,,,
2020-12-18,,,,,,,,,,,,,,,,,,,,,,,,,,,,,,,,,,,,,,,,,,,0.95,21.57,3709.41,1.2236,1.3497
2020-12-19,108.31724548339844,124.5199966430664,126.5199966430664,121.08999633789062,123.16999816894531,59249900.0,26.402360916137695,29.959999084472656,30.350000381469727,28.729999542236328,29.100000381469727,207621200.0,50.402286529541016,60.56999969482422,61.81999969482422,59.15999984741211,60.349998474121094,73161200.0,26.464359283447266,29.84000015258789,30.489999771118164,28.84000015258789,29.56999969482422,131214900.0,26.27623176574707,28.950000762939453,29.06999969482422,28.229999542236328,28.670000076293945,188758400.0,1879.9000244140625,1879.9000244140625,1908.0,1861.0,1884.800048828125,497.0,6502.10009765625,6502.10009765625,6530.2998046875,6315.2998046875,6529.2001953125,2403480900.0,,,,,
2020-12-25,,,,,,,,,,,,,,,,,,,,,,,,,,,,,,,,,,,,,,,,,,,0.94,21.53,3703.06,1.2194,1.351
2020-12-26,110.53541564941406,127.06999969482422,127.33000183105469,124.79000091552734,125.81999969482422,32440000.0,26.710796356201172,30.309999465942383,30.549999237060547,29.899999618530273,30.229999542236328,121239200.0,51.30931091308594,61.65999984741211,61.93000030517578,60.4900016784668,60.619998931884766,48486400.0,26.765899658203125,30.18000030517578,30.479999542236328,29.649999618530273,30.079999923706055,80843400.0,26.900802612304688,29.479999542236328,29.520000457763672,28.959999084472656,29.149999618530273,99287800.0,1893.0999755859375,1893.0999755859375,1901.300048828125,1873.699951171875,1895.5,989.0,6460.5,6460.5,6676.60009765625,6439.39990234375,6502.10009765625,1566553700.0,,,,,
2021-01-01,,,,,,,,,,,,,,,,,,,,,,,,,,,,,,,,,,,,,,,,,,,0.93,22.75,3756.07,1.223,1.3662
2021-01-02,118.32085418701172,136.02000427246094,138.19000244140625,123.7699966430664,127.5,89435700.0,28.66718101501465,32.529998779296875,33.619998931884766,29.75,30.459999084472656,325993600.0,54.39652633666992,65.37000274658203,68.0999984741211,59.72999954223633,61.59000015258789,124514700.0,29.43538475036621,33.189998626708984,34.20000076293945,29.399999618530273,30.31999969482422,225247900.0,28.214818954467773,30.920000076293945,31.260000228881836,28.829999923706055,29.59000015258789,303215700.0,1834.0999755859375,1834.0999755859375,1959.9000244140625,1834.0999755859375,1912.199951171875,780.0,6873.2998046875,6873.2998046875,6903.60009765625,6460.5,6460.5,4724189200.0,,,,,
2021-01-08,,,,,,,,,,,,,,,,,,,,,,,,,,,,,,,,,,,,,,,,,,,1.13,21.56,3824.68,1.2252,1.3583
2021-01-09,121.46842193603516,138.63999938964844,142.75,134.11000061035156,134.5800018310547,95234800.0,29.090179443359375,33.0099983215332,34.369998931884766,31.899999618530273,32.09000015258789,269375000.0,53.44789123535156,64.2300033569336,69.43000030517578,64.08999633789062,64.58000183105469,126562900.0,28.415481567382812,32.040000915527344,35.099998474121094,31.81999969482422,32.63999938964844,276470500.0,28.233068466186523,30.940000534057617,31.6200008392334,30.489999771118164,30.6200008392334,291093200.0,1829.300048828125,1829.300048828125,1859.699951171875,1825.0,1826.5,565.0,6735.7001953125,6735.7001953125,6873.2998046875,6676.60009765625,6873.2998046875,3402050200.0,,,,,
2021-01-15,,,,,,,,,,,,,,,,,,,,,,,,,,,,,,,,,,,,,,,,,,,1.11,24.34,3768.25,1.2099,1.3599
2021-01-16,117.2191390991211,133.7899932861328,140.6999969482422,132.1999969482422,139.86000061035156,62217500.0,27.803550720214844,31.549999237060547,33.599998474121094,31.25,32.5,226991300.0,51.03470993041992,61.33000183105469,65.25,60.189998626708984,65.19999694824219,88606300.0,28.291316986083984,31.899999618530273,33.040000915527344,31.149999618530273,32.40999984741211,126473300.0,27.68556022644043,30.34000015258789,31.18000030517578,30.200000762939453,31.100000381469727,235212100.0,1855.699951171875,1855.699951171875,1868.0,1802.0,1802.0,43.0,6695.10009765625,6695.10009765625,6776.89990234375,6651.7001953125,6735.7001953125,2980980500.0,,,,,
2021-01-22,,,,,,,,,,,,,,,,,,,,,,,,,,,,,,,,,,,,,,,,,,,1.1,21.91,3841.47,1.2179,1.3685
2021-01-23,112.7332763671875,128.6699981689453,133.1699981689453,127.3499984741211,132.13999938964844,71694400.0,26.129169464111328,29.649999618530273,31.43000030517578,29.59000015258789,31.270000457763672,263503000.0,48.25539016723633,57.9900016784668,61.2400016784668,57.689998626708984,60.66999816894531,116236700.0,26.499834060668945,29.8799991607666,32.529998779296875,29.81999969482422,31.8799991607666,169887900.0,26.417173385620117,28.950000762939453,30.280000686645508,28.81999969482422,30.040000915527344,349131900.0,1847.300048828125,1847.300048828125,1876.0,1831.5,1864.699951171875,224542.0,6407.5,6407.5,6714.60009765625,6397.2001953125,6695.10009765625,4166916100.0,,,,,
2021-01-29,,,,,,,,,,,,,,,,,,,,,,,,,,,,,,,,,,,,,,,,,,,1.11,33.09,3714.24,1.2135,1.3723
2021-01-30,120.89017486572266,137.97999572753906,139.49000549316406,128.47999572753906,129.39999389648438,56405900.0,28.526180267333984,32.369998931884766,32.90999984741211,29.56999969482422,29.8700008392334,237677900.0,52.51877212524414,62.58000183105469,63.08000183105469,57.400001525878906,58.65999984741211,83603700.0,28.876659393310547,32.560001373291016,33.189998626708984,29.68000030517578,30.139999389648438,133257600.0,28.187440872192383,30.889999389648438,31.1299991607666,29.020000457763672,29.270000457763672,243929300.0,1810.9000244140625,1810.9000244140625,1871.9000244140625,1782.800048828125,1866.5999755859375,7635.0,6489.2998046875,6489.2998046875,6573.10009765625,6407.5,6407.5,4156940700.0,,,,,
2021-02-05,,,,,,,,,,,,,,,,,,,,,,,,,,,,,,,,,,,,,,,,,,,1.19,20.87,3886.83,1.2035,1.3714
2021-02-06,123.75518035888672,141.25,141.61000061035156,138.17999267578125,138.1999969482422,46600000.0,29.40743637084961,33.369998931884766,33.45000076293945,32.400001525878906,32.43000030517578,193862800.0,53.39995193481445,63.630001068115234,64.0199966430664,61.93000030517578,63.09000015258789,64355900.0,29.83103370666504,33.529998779296875,33.689998626708984,30.770000457763672,32.779998779296875,132316900.0,28.7623233795166,31.520000457763672,31.549999237060547,30.989999771118164,30.989999771118164,191409200.0,1821.5999755859375,1821.5999755859375,1851.0999755859375,1809.0,1816.300048828125,1842.0,6589.7998046875,6589.7998046875,6589.7998046875,6481.0,6489.2998046875,3314605600.0,,,,,
2021-02-12,,,,,,,,,,,,,,,,,,,,,,,,,,,,,,,,,,,,,,,,,,,1.2,19.97,3934.83,1.2126,1.3855
2021-02-13,129.6866912841797,148.02000427246094,148.83999633789062,142.39999389648438,143.5500030517578,45498300.0,30.438505172729492,34.540000915527344,34.72999954223633,33.70000076293945,33.97999954223633,190313700.0,55.20429611206055,65.77999877929688,65.98999786376953,63.09000015258789,64.91999816894531,74634400.0,33.65666961669922,37.83000183105469,37.849998474121094,34.0,34.06999969482422,198983600.0,29.57445526123047,32.40999984741211,32.52000045776367,31.700000762939453,31.84000015258789,231341500.0,1775.800048828125,1775.800048828125,1823.4000244140625,1764.300048828125,1820.9000244140625,2460.0,6624.0,6624.0,6799.89990234375,6589.7998046875,6589.7998046875,4221631000.0,,,,,
2021-02-19,,,,,,,,,,,,,,,,,,,,,,,,,,,,,,,,,,,,,,,,,,,1.34,22.05,3906.71,1.2136,1.4025
2021-02-20,128.94192504882812,147.1699981689453,154.89999389648438,146.50999450683594,146.8699951171875,80741100.0,30.588315963745117,34.709999084472656,37.029998779296875,34.40999984741211,34.45000076293945,328058900.0,55.28821563720703,65.87999725341797,69.37999725341797,64.86000061035156,65.4000015258789,119974000.0,32.17979049682617,36.16999816894531,38.68000030517578,35.93000030517578,37.66999816894531,190947900.0,29.483205795288086,32.310001373291016,33.84000015258789,32.189998626708984,32.29999923706055,421557300.0,1728.0999755859375,1728.0999755859375,1811.300048828125,1718.800048828125,1784.0,4876.0,6483.39990234375,6483.39990234375,6702.89990234375,6465.60009765625,6624.0,5273700700.0,,,,,
2021-02-26,,,,,,,,,,,,,,,,,,,,,,,,,,,,,,,,,,,,,,,,,,,1.44,27.95,3811.15,1.2093,1.3947
2021-02-27,132.2187042236328,150.91000366210938,154.97999572753906,147.97000122070312,149.52000427246094,81950300.0,32.5446891784668,36.93000030517578,37.599998474121094,35.2400016784668,35.52000045776367,323921200.0,58.9388427734375,70.2300033569336,71.77999877929688,67.88999938964844,68.48999786376953,126338000.0,33.30080032348633,37.43000030517578,38.65999984741211,36.34000015258789,37.11000061035156,160623200.0,30.760723114013672,33.709999084472656,33.959999084472656,32.599998474121094,32.86000061035156,400731000.0,1698.0,1698.0,1747.0,1685.0,1737.0999755859375,2598.0,6630.5,6630.5,6710.7998046875,6483.39990234375,6483.39990234375,4294648000.0,,,,,
2021-03-05,,,,,,,,,,,,,,,,,,,,,,,,,,,,,,,,,,,,,,,,,,,1.56,24.66,3841.94,1.1914,1.3817
2021-03-06,136.80970764160156,156.14999389648438,157.6300048828125,149.82000732421875,152.47000122070312,72335300.0,33.60082244873047,37.939998626708984,38.18000030517578,35.810001373291016,37.380001068115234,274550700.0,63.093013763427734,75.18000030517578,75.25,70.04000091552734,71.06999969482422,107586900.0,35.560585021972656,39.970001220703125,40.02000045776367,37.47999954223633,38.130001068115234,171899200.0,31.727991104125977,34.77000045776367,34.95000076293945,33.52000045776367,33.959999084472656,400062900.0,1719.5,1719.5,1737.5,1673.699951171875,1704.699951171875,2135.0,6761.5,6761.5,6786.7998046875,6612.7001953125,6630.5,4072340300.0,,,,,
2021-03-12,,,,,,,,,,,,,,,,,,,,,,,,,,,,,,,,,,,,,,,,,,,1.64,20.69,3943.34,1.1952,1.3925
2021-03-13,135.92477416992188,155.13999938964844,161.69000244140625,151.19000244140625,156.35000610351562,115176400.0,34.123348236083984,38.529998779296875,39.970001220703125,36.970001220703125,38.029998779296875,365920400.0,61.271888732910156,73.01000213623047,76.12999725341797,71.5199966430664,75.51000213623047,102027700.0,35.25810241699219,39.630001068115234,41.540000915527344,38.720001220703125,40.06999969482422,201809900.0,31.226102828979492,34.220001220703125,35.290000915527344,33.86000061035156,34.900001525878906,384462100.0,1741.4000244140625,1741.4000244140625,1750.300048828125,1721.800048828125,1729.5,1515.0,6708.7001953125,6708.7001953125,6812.7998046875,6664.60009765625,6761.5,3331994400.0,,,,,
2021-03-19,,,,,,,,,,,,,,,,,,,,,,,,,,,,,,,,,,,,,,,,,,,1.74,20.95,3913.1,1.1909,1.3872
2021-03-20,135.88095092773438,155.08999633789062,155.4499969482422,148.9600067138672,152.8000030517578,82463600.0,34.25619888305664,38.68000030517578,38.7599983215332,36.630001068115234,38.08000183105469,262800000.0,61.280277252197266,73.0199966430664,73.23999786376953,69.1500015258789,72.29000091552734,82442200.0,35.373748779296875,39.7599983215332,40.22999954223633,37.779998779296875,39.279998779296875,146831200.0,31.36298179626465,34.369998931884766,34.43000030517578,33.0,33.81999969482422,316282100.0,1732.199951171875,1732.199951171875,1737.800048828125,1721.300048828125,1737.800048828125,131.0,6740.60009765625,6740.60009765625,6742.10009765625,6618.60009765625,6708.7001953125,4132649800.0,,,,,
2021-03-26,,,,,,,,,,,,,,,,,,,,,,,,,,,,,,,,,,,,,,,,,,,1.67,18.86,3974.54,1.1798,1.3794
2021-03-27,134.6719207763672,153.7100067138672,155.8699951171875,151.0399932861328,152.1199951171875,64052800.0,34.97355651855469,39.4900016784668,39.52000045776367,37.86000061035156,38.04999923706055,217242900.0,61.380985260009766,73.13999938964844,73.83000183105469,70.37000274658203,71.55000305175781,63914300.0,35.25810241699219,39.630001068115234,40.08000183105469,37.900001525878906,38.58000183105469,123100800.0,31.59364128112793,34.470001220703125,34.470001220703125,33.720001220703125,33.88999938964844,229617600.0,1726.5,1726.5,1728.800048828125,1676.5,1712.0999755859375,162975.0,6737.2998046875,6737.2998046875,6792.2001953125,6705.39990234375,6740.60009765625,2736082900.0,,,,,
2021-04-02,,,,,,,,,,,,,,,,,,,,,,,,,,,,,,,,,,,,,,,,,,,1.72,17.33,4019.87,1.1763,1.3825
2021-04-03,136.92359924316406,156.27999877929688,157.0399932861328,151.86000061035156,154.39999389648438,67941000.0,35.416378021240234,39.9900016784668,40.279998779296875,39.220001220703125,40.0,227213800.0,60.776756286621094,72.41999816894531,74.33999633789062,71.08000183105469,74.06999969482422,71381700.0,36.03211212158203,40.5,40.790000915527344,39.2599983215332,40.029998779296875,110864800.0,32.21689987182617,35.150001525878906,35.16999816894531,34.470001220703125,34.84000015258789,211849400.0,1743.300048828125,1743.300048828125,1758.0,1721.9000244140625,1727.9000244140625,3504.0,6915.7998046875,6915.7998046875,6949.60009765625,6737.2998046875,6737.2998046875,2890013100.0,,,,,
2021-04-09,,,,,,,,,,,,,,,,,,,,,,,,,,,,,,,,,,,,,,,,,,,1.67,16.69,4128.8,1.1897,1.3734
2021-04-10,135.10377502441406,153.3000030517578,157.25,149.32000732421875,155.5800018310547,79794100.0,34.672447204589844,39.150001525878906,40.380001068115234,38.04999923706055,39.9900016784668,323101100.0,60.80191421508789,72.44999694824219,74.7300033569336,71.06999969482422,72.62000274658203,107440800.0,39.0036506652832,43.84000015258789,44.130001068115234,39.060001373291016,40.459999084472656,216559600.0,32.446041107177734,35.400001525878906,35.529998779296875,34.779998779296875,35.220001220703125,223050900.0,1779.0,1779.0,1779.5,1722.0999755859375,1740.800048828125,2437.0,7019.5,7019.5,7037.7001953125,6853.7998046875,6915.7998046875,3202544900.0,,,,,
2021-04-16,,,,,,,,,,,,,,,,,,,,,,,,,,,,,,,,,,,,,,,,,,,1.59,16.25,4185.47,1.198,1.3826
2021-04-17,132.36288452148438,150.19000244140625,153.8800048828125,146.69000244140625,153.4199981689453,67151600.0,34.699005126953125,39.18000030517578,39.43000030517578,37.40999984741211,39.38999938964844,227774500.0,59.90395736694336,71.37999725341797,72.83000183105469,68.41000366210938,72.70999908447266,93226300.0,39.02144241333008,43.86000061035156,44.400001525878906,41.77000045776367,43.61000061035156,148778700.0,32.427703857421875,35.380001068115234,35.529998779296875,34.41999816894531,35.38999938964844,215128900.0,1777.0,1777.0,1794.5,1765.5,1782.0999755859375,2349.0,6938.60009765625,6938.60009765625,7040.2998046875,6857.10009765625,7019.5,3246451000.0,,,,,
2021-04-23,,,,,,,,,,,,,,,,,,,,,,,,,,,,,,,,,,,,,,,,,,,1.58,17.33,4180.17,1.2069,1.3845
2021-04-24,135.55320739746094,153.80999755859375,155.27999877929688,150.11000061035156,150.77999877929688,57246000.0,35.894615173339844,40.529998779296875,41.130001068115234,39.279998779296875,39.349998474121094,186301100.0,59.786468505859375,71.23999786376953,74.0199966430664,71.08999633789062,71.7300033569336,85174200.0,40.08016586303711,45.04999923706055,46.38999938964844,43.9900016784668,44.130001068115234,135589100.0,33.234275817871094,36.2599983215332,36.61000061035156,35.47999954223633,35.5099983215332,222887700.0,1767.300048828125,1767.300048828125,1789.0,1758.5999755859375,1778.0,1636.0,6969.7998046875,6969.7998046875,7019.7998046875,6913.39990234375,6938.60009765625,3650055600.0,,,,,
2021-04-30,,,,,,,,,,,,,,,,,,,,,,,,,,,,,,,,,,,,,,,,,,,1.65,18.61,4181.17,1.203,1.3838
2021-05-01,142.101318359375,161.24000549316406,161.5,152.13999938964844,154.85000610351562,63085700.0,37.35590744018555,42.18000030517578,42.25,39.779998779296875,40.869998931884766,211585200.0,63.44731903076172,75.08000183105469,75.11000061035156,70.62999725341797,72.0199966430664,95083900.0,41.405784606933594,46.540000915527344,46.689998626708984,44.66999816894531,45.45000076293945,121692400.0,34.62744140625,37.779998779296875,37.790000915527344,36.040000915527344,36.56999969482422,247160800.0,1831.0999755859375,1831.0999755859375,1842.9000244140625,1774.800048828125,1788.5,272.0,7129.7001953125,7129.7001953125,7143.5,6912.2998046875,6969.7998046875,3036129900.0,,,,,
2021-05-07,,,,,,,,,,,,,,,,,,,,,,,,,,,,,,,,,,,,,,,,,,,1.6,16.69,4232.6,1.2165,1.4
2021-05-08,144.54249572753906,164.00999450683594,164.4499969482422,157.02999877929688,161.5,69826700.0,37.515323638916016,42.36000061035156,42.939998626708984,40.779998779296875,42.5,204727900.0,64.69801330566406,76.55999755859375,76.83999633789062,73.80000305175781,75.36000061035156,93699300.0,41.870609283447266,46.959999084472656,47.349998474121094,45.310001373291016,46.84000015258789,133696400.0,34.71908950805664,37.880001068115234,38.2599983215332,36.540000915527344,37.97999954223633,348709500.0,1837.9000244140625,1837.9000244140625,1845.5999755859375,1814.0999755859375,1835.5999755859375,577.0,7043.60009765625,7043.60009765625,7164.2001953125,6823.60009765625,7129.7001953125,3927582500.0,,,,,
2021-05-14,,,,,,,,,,,,,,,,,,,,,,,,,,,,,,,,,,,,,,,,,,,1.63,18.81,4173.85,1.2141,1.4096
2021-05-15,143.3527374267578,162.66000366210938,165.5,158.63999938964844,163.3699951171875,54938800.0,37.55074691772461,42.400001525878906,42.95000076293945,41.310001373291016,42.2400016784668,190324400.0,65.61912536621094,77.6500015258789,77.80999755859375,74.72000122070312,76.33000183105469,85478300.0,40.90765380859375,45.880001068115234,48.130001068115234,45.27000045776367,46.91999816894531,131669600.0,34.444129943847656,37.58000183105469,38.04999923706055,36.59000015258789,37.7599983215332,248416200.0,1876.699951171875,1876.699951171875,1885.0,1847.199951171875,1849.9000244140625,454.0,7018.10009765625,7018.10009765625,7102.60009765625,6897.10009765625,7043.60009765625,3477658100.0,,,,,
2021-05-21,,,,,,,,,,,,,,,,,,,,,,,,,,,,,,,,,,,,,,,,,,,1.63,20.15,4155.86,1.2178,1.4158
2021-05-22,144.74517822265625,164.24000549316406,165.6999969482422,161.30999755859375,163.36000061035156,61106500.0,37.54188919067383,42.38999938964844,43.2599983215332,41.65999984741211,42.58000183105469,216872100.0,66.51490020751953,78.70999908447266,79.27999877929688,76.68000030517578,77.83000183105469,83869200.0,41.6566162109375,46.720001220703125,47.380001068115234,45.599998474121094,46.0,139626300.0,34.819915771484375,37.9900016784668,38.099998474121094,37.220001220703125,37.7400016784668,185571900.0,1902.5,1902.5,1905.4000244140625,1881.9000244140625,1882.0999755859375,208830.0,7022.60009765625,7022.60009765625,7067.60009765625,6998.2001953125,7018.10009765625,3871848300.0,,,,,
2021-05-28,,,,,,,,,,,,,,,,,,,,,,,,,,,,,,,,,,,,,,,,,,,1.58,16.76,4204.11,1.2194,1.4188
2021-05-29,146.68409729003906,166.44000244140625,167.44000244140625,164.66000366210938,165.8699951171875,41809200.0,38.32124710083008,43.27000045776367,43.4900016784668,42.599998474121094,42.95000076293945,161245000.0,67.17401885986328,79.48999786376953,80.29000091552734,78.80999755859375,79.48999786376953,66798900.0,41.870609283447266,46.959999084472656,47.459999084472656,46.349998474121094,47.15999984741211,74767900.0,35.259857177734375,38.470001220703125,38.599998474121094,38.040000915527344,38.369998931884766,155376600.0,1889.800048828125,1889.800048828125,1916.199951171875,1854.0,1905.0999755859375,3295.0,7069.0,7069.0,7122.5,7013.89990234375,7022.60009765625,2339441900.0,,,,,
2021-06-04,,,,,,,,,,,,,,,,,,,,,,,,,,,,,,,,,,,,,,,,,,,1.56,16.42,4229.89,1.2173,1.4175
2021-06-05,141.26405334472656,160.2899932861328,167.10000610351562,159.05999755859375,167.0,55818500.0,37.22856140136719,41.86000061035156,43.38999938964844,41.5099983215332,43.27000045776367,183966800.0,64.63042449951172,76.4800033569336,79.6500015258789,76.0999984741211,79.62000274658203,75168500.0,40.72932815551758,45.68000030517578,47.18000030517578,45.0099983215332,47.099998474121094,101562800.0,34.42580032348633,37.560001373291016,38.529998779296875,37.290000915527344,38.529998779296875,220117900.0,1877.4000244140625,1877.4000244140625,1902.9000244140625,1871.5,1890.5,1700.0,7134.10009765625,7134.10009765625,7140.7001953125,7042.2001953125,7069.0,3172227800.0,,,,,
2021-06-11,,,,,,,,,,,,,,,,,,,,,,,,,,,,,,,,,,,,,,,,,,,1.47,15.65,4247.44,1.2101,1.4114
2021-06-12,130.36231994628906,147.9199981689453,160.3300018310547,147.55999755859375,160.14999389648438,143042700.0,34.48932647705078,38.779998779296875,42.099998474121094,38.4900016784668,41.849998474121094,322660100.0,57.13468551635742,67.61000061035156,76.7699966430664,67.12999725341797,76.61000061035156,189921800.0,37.225242614746094,41.75,45.959999084472656,41.470001220703125,45.61000061035156,197808000.0,32.29022979736328,35.22999954223633,37.54999923706055,35.18000030517578,37.4900016784668,465509500.0,1767.9000244140625,1767.9000244140625,1867.199951171875,1767.9000244140625,1866.199951171875,1725.0,7017.5,7017.5,7217.5,7008.7001953125,7134.10009765625,4331920800.0,,,,,
2021-06-18,,,,,,,,,,,,,,,,,,,,,,,,,,,,,,,,,,,,,,,,,,,1.45,20.7,4166.45,1.1872,1.3817
2021-06-19,135.7646942138672,154.0500030517578,154.5,148.66000366210938,149.0800018310547,74867400.0,37.01511001586914,41.619998931884766,41.83000183105469,39.029998779296875,39.119998931884766,214613100.0,60.464237213134766,71.55000305175781,71.8499984741211,67.7699966430664,68.44000244140625,122131700.0,41.35346603393555,46.380001068115234,46.650001525878906,42.22999954223633,42.29999923706055,148704100.0,33.84836959838867,36.93000030517578,37.029998779296875,35.380001068115234,35.439998626708984,280290500.0,1776.5999755859375,1776.5999755859375,1793.199951171875,1766.800048828125,1768.800048828125,388.0,7136.10009765625,7136.10009765625,7139.10009765625,6948.60009765625,7017.5,3245758600.0,,,,,
2021-06-25,,,,,,,,,,,,,,,,,,,,,,,,,,,,,,,,,,,,,,,,,,,1.54,15.62,4280.7,1.194,1.3899
2021-06-26,137.50975036621094,156.02999877929688,157.13999938964844,152.1199951171875,153.6999969482422,63088900.0,36.59712219238281,41.150001525878906,41.95000076293945,40.720001220703125,41.459999084472656,159121800.0,59.50088119506836,70.41000366210938,71.66999816894531,69.41999816894531,71.31999969482422,90667600.0,40.18543243408203,45.06999969482422,46.380001068115234,44.45000076293945,46.0,116706100.0,33.99165344238281,36.939998626708984,37.04999923706055,36.40999984741211,36.86000061035156,237350000.0,1782.5999755859375,1782.5999755859375,1787.9000244140625,1752.0999755859375,1779.5999755859375,1425.0,7123.2998046875,7123.2998046875,7162.2001953125,7010.60009765625,7136.10009765625,3024037000.0,,,,,
2021-07-02,,,,,,,,,,,,,,,,,,,,,,,,,,,,,,,,,,,,,,,,,,,1.44,15.07,4352.34,1.1848,1.3795
2021-07-03,138.07164001464844,155.77000427246094,156.14999389648438,150.0399932861328,155.77999877929688,58884300.0,35.60992431640625,40.040000915527344,40.880001068115234,38.47999954223633,40.810001373291016,187758900.0,57.84455108642578,68.44999694824219,70.19000244140625,65.75,70.11000061035156,87651100.0,39.151161193847656,43.90999984741211,44.81999969482422,41.970001220703125,44.72999954223633,101575500.0,33.779998779296875,36.709999084472656,36.869998931884766,35.5099983215332,36.849998474121094,238603100.0,1810.0,1810.0,1818.5,1786.699951171875,1786.699951171875,942.0,7121.89990234375,7121.89990234375,7170.60009765625,6981.60009765625,7123.2998046875,2939320900.0,,,,,
2021-07-09,,,,,,,,,,,,,,,,,,,,,,,,,,,,,,,,,,,,,,,,,,,1.37,16.18,4369.55,1.1861,1.3842
2021-07-10,134.65020751953125,151.91000366210938,159.16000366210938,151.02000427246094,154.35000610351562,82776900.0,33.724483489990234,37.91999816894531,40.810001373291016,37.59000015258789,39.790000915527344,317781300.0,56.53469467163086,66.9000015258789,70.77999877929688,66.41999816894531,67.66999816894531,113037000.0,39.481048583984375,44.279998779296875,45.529998779296875,42.5099983215332,43.279998779296875,153851000.0,33.23710250854492,36.119998931884766,37.13999938964844,36.040000915527344,36.4900016784668,287200600.0,1814.5,1814.5,1833.0,1799.5,1802.5999755859375,1109.0,7008.10009765625,7008.10009765625,7152.39990234375,6978.10009765625,7121.89990234375,2894447300.0,,,,,
2021-07-16,,,,,,,,,,,,,,,,,,,,,,,,,,,,,,,,,,,,,,,,,,,1.31,18.45,4327.16,1.181,1.3785
2021-07-17,133.5245361328125,150.63999938964844,153.64999389648438,145.7100067138672,148.5500030517578,69494200.0,33.52882385253906,37.70000076293945,38.77000045776367,36.5099983215332,36.75,293996800.0,56.374141693115234,66.70999908447266,68.25,64.36000061035156,65.45999908447266,107257900.0,39.757450103759766,44.59000015258789,46.150001525878906,42.290000915527344,42.709999084472656,154829000.0,33.36591720581055,36.2599983215332,36.779998779296875,34.900001525878906,35.41999816894531,292642200.0,1801.4000244140625,1801.4000244140625,1824.0,1793.5999755859375,1803.300048828125,299.0,7027.60009765625,7027.60009765625,7033.2998046875,6813.0,7008.10009765625,3503320000.0,,,,,
2021-07-23,,,,,,,,,,,,,,,,,,,,,,,,,,,,,,,,,,,,,,,,,,,1.3,17.2,4411.79,1.1761,1.3749
2021-07-24,134.5349884033203,151.77999877929688,153.8699951171875,149.8000030517578,150.19000244140625,47512700.0,34.11579895019531,38.36000061035156,38.97999954223633,37.459999084472656,37.65999984741211,203959700.0,57.143150329589844,67.62000274658203,69.58000183105469,66.45999908447266,66.45999908447266,94177500.0,40.96114730834961,45.939998626708984,46.849998474121094,44.27000045776367,44.470001220703125,118635400.0,33.60517883300781,36.52000045776367,36.97999954223633,36.02000045776367,36.189998626708984,201112100.0,1812.5999755859375,1812.5999755859375,1832.5999755859375,1797.199951171875,1802.5,243397.0,7032.2998046875,7032.2998046875,7093.89990234375,6929.60009765625,7027.60009765625,3101448700.0,,,,,
2021-07-30,,,,,,,,,,,,,,,,,,,,,,,,,,,,,,,,,,,,,,,,,,,1.24,18.24,4395.26,1.1864,1.3913
2021-07-31,139.6051025390625,157.5,157.82000732421875,149.52000427246094,152.02999877929688,53233300.0,35.707763671875,40.150001525878906,40.40999984741211,37.54999923706055,38.400001525878906,224641200.0,60.507076263427734,71.06999969482422,71.5,66.88999938964844,67.94999694824219,90351500.0,43.48444366455078,48.77000045776367,48.9900016784668,45.11000061035156,46.040000915527344,131865500.0,34.838218688964844,37.86000061035156,37.93000030517578,36.119998931884766,36.77000045776367,237355100.0,1760.0,1760.0,1831.300048828125,1758.4000244140625,1812.4000244140625,8982.0,7123.0,7123.0,7142.5,7032.2998046875,7032.2998046875,3251084000.0,,,,,
2021-08-06,,,,,,,,,,,,,,,,,,,,,,,,,,,,,,,,,,,,,,,,,,,1.31,16.15,4436.52,1.1761,1.3873
2021-08-07,141.80332946777344,159.97999572753906,162.3699951171875,155.89999389648438,157.52000427246094,45165500.0,37.02400207519531,41.630001068115234,42.290000915527344,39.79999923706055,40.04999923706055,238530600.0,62.243873596191406,73.11000061035156,74.63999938964844,70.45999908447266,70.94000244140625,79760200.0,45.106502532958984,50.369998931884766,51.40999984741211,48.290000915527344,48.65999984741211,125280400.0,35.50075149536133,38.58000183105469,38.95000076293945,37.599998474121094,37.810001373291016,224938700.0,1775.199951171875,1775.199951171875,1777.300048828125,1692.5999755859375,1753.5,4701.0,7218.7001953125,7218.7001953125,7224.5,7089.7001953125,7123.0,2696837000.0,,,,,
2021-08-13,,,,,,,,,,,,,,,,,,,,,,,,,,,,,,,,,,,,,,,,,,,1.29,15.45,4468.0,1.1796,1.3857
2021-08-14,137.14096069335938,154.72000122070312,159.02999877929688,153.00999450683594,158.94000244140625,42660300.0,35.903411865234375,40.369998931884766,41.56999969482422,39.90999984741211,41.15999984741211,224767400.0,59.8089485168457,70.25,72.48999786376953,69.20999908447266,72.41000366210938,79202500.0,42.46478271484375,47.41999816894531,49.97999954223633,46.83000183105469,49.93000030517578,91438600.0,34.68177795410156,37.689998626708984,38.52000045776367,37.220001220703125,38.33000183105469,222836900.0,1781.0,1781.0,1794.199951171875,1771.9000244140625,1776.9000244140625,1162.0,7087.89990234375,7087.89990234375,7218.7001953125,6993.10009765625,7218.7001953125,3040172900.0,,,,,
2021-08-20,,,,,,,,,,,,,,,,,,,,,,,,,,,,,,,,,,,,,,,,,,,1.26,18.56,4441.67,1.169,1.3625
2021-08-21,144.52452087402344,163.0500030517578,163.8300018310547,155.24000549316406,155.3300018310547,46748200.0,37.78886032104492,42.4900016784668,42.84000015258789,40.599998474121094,40.630001068115234,209816800.0,62.14170837402344,72.98999786376953,73.9000015258789,70.55999755859375,70.76000213623047,71320400.0,44.60504150390625,49.810001373291016,49.869998931884766,47.45000076293945,47.75,90519300.0,35.88722610473633,39.0,39.0099983215332,37.880001068115234,37.880001068115234,191384900.0,1816.5999755859375,1816.5999755859375,1816.5999755859375,1776.800048828125,1776.800048828125,2146.0,7148.0,7148.0,7157.60009765625,7076.10009765625,7087.89990234375,2403619300.0,,,,,
2021-08-27,,,,,,,,,,,,,,,,,,,,,,,,,,,,,,,,,,,,,,,,,,,1.31,16.39,4509.37,1.1794,1.3769
2021-08-28,141.3690185546875,159.49000549316406,163.49000549316406,158.97000122070312,163.2100067138672,45781300.0,36.508174896240234,41.04999923706055,42.630001068115234,40.63999938964844,42.630001068115234,238223400.0,60.59220886230469,71.16999816894531,73.01000213623047,70.6500015258789,73.0,72304800.0,39.55438232421875,44.16999816894531,49.810001373291016,43.27000045776367,49.7599983215332,233845400.0,35.03145980834961,38.06999969482422,39.040000915527344,37.97999954223633,39.02000045776367,188407900.0,1830.9000244140625,1830.9000244140625,1833.9000244140625,1801.0999755859375,1818.199951171875,959.0,7138.39990234375,7138.39990234375,7187.2998046875,7092.0,7148.0,2562977200.0,,,,,
2021-09-03,,,,,,,,,,,,,,,,,,,,,,,,,,,,,,,,,,,,,,,,,,,1.33,16.41,4535.43,1.1884,1.3862
2021-09-04,139.48098754882812,157.36000061035156,161.3800048828125,157.22000122070312,159.99000549316406,33354200.0,35.998016357421875,40.27000045776367,41.849998474121094,40.2400016784668,41.25,156594100.0,59.22999954223633,69.56999969482422,72.27999877929688,69.5199966430664,71.36000061035156,59161100.0,39.69767379760742,44.33000183105469,45.25,43.630001068115234,44.31999969482422,84130200.0,34.580570220947266,37.58000183105469,38.220001220703125,37.54999923706055,38.20000076293945,144510300.0,1789.5999755859375,1789.5999755859375,1825.699951171875,1781.699951171875,1825.699951171875,166.0,7029.2001953125,7029.2001953125,7195.60009765625,6998.60009765625,7138.39990234375,2529283100.0,,,,,
2021-09-10,,,,,,,,,,,,,,,,,,,,,,,,,,,,,,,,,,,,,,,,,,,1.35,20.95,4458.58,1.1821,1.3847
2021-09-11,139.76461791992188,157.67999267578125,161.33999633789062,156.25999450683594,158.52999877929688,69892400.0,36.20360565185547,40.5,41.310001373291016,39.65999984741211,40.599998474121094,283882900.0,59.56203842163086,69.95999908447266,71.37999725341797,68.5199966430664,70.12000274658203,115312000.0,41.61404800415039,46.470001220703125,47.27000045776367,44.560001373291016,44.560001373291016,154630500.0,34.580570220947266,37.58000183105469,38.279998779296875,37.380001068115234,37.849998474121094,248016600.0,1749.4000244140625,1749.4000244140625,1806.199951171875,1743.9000244140625,1789.800048828125,3582.0,6963.60009765625,6963.60009765625,7092.7001953125,6941.7001953125,7029.2001953125,4292058500.0,,,,,
2021-09-17,,,,,,,,,,,,,,,,,,,,,,,,,,,,,,,,,,,,,,,,,,,1.37,20.81,4432.99,1.1734,1.3755
2021-09-18,144.51565551757812,163.0399932861328,163.58999633789062,150.49000549316406,153.88999938964844,58494500.0,37.669639587402344,42.13999938964844,42.34000015258789,38.36000061035156,39.380001068115234,240920800.0,60.600738525390625,71.18000030517578,71.58000183105469,65.97000122070312,68.05000305175781,116525400.0,42.91252899169922,47.91999816894531,48.56999969482422,44.84000015258789,45.029998779296875,125320400.0,35.16948699951172,38.220001220703125,38.349998474121094,36.029998779296875,36.59000015258789,319065300.0,1749.699951171875,1749.699951171875,1784.300048828125,1738.199951171875,1751.800048828125,415.0,7051.5,7051.5,7131.39990234375,6828.2998046875,6963.60009765625,3908333300.0,,,,,
2021-09-24,,,,,,,,,,,,,,,,,,,,,,,,,,,,,,,,,,,,,,,,,,,1.47,17.75,4455.48,1.1715,1.3681
2021-09-25,148.1409454345703,167.1300048828125,169.3000030517578,162.7899932861328,165.0,58832100.0,38.509910583496094,43.08000183105469,44.040000915527344,42.22999954223633,42.68000030517578,243194700.0,60.600738525390625,71.18000030517578,73.27999877929688,69.94999694824219,71.8499984741211,100169200.0,42.106571197509766,47.02000045776367,48.939998626708984,45.06999969482422,48.380001068115234,160976000.0,35.25705337524414,38.150001525878906,38.91999816894531,37.4900016784668,38.560001373291016,348593000.0,1757.0,1757.0,1762.5999755859375,1721.4000244140625,1751.699951171875,26407.0,7027.10009765625,7027.10009765625,7159.60009765625,6989.60009765625,7051.5,4214131400.0,,,,,
2021-10-01,,,,,,,,,,,,,,,,,,,,,,,,,,,,,,,,,,,,,,,,,,,1.48,21.15,4357.04,1.1598,1.3572
2021-10-02,150.87985229492188,170.22000122070312,171.50999450683594,165.72999572753906,166.97000122070312,53491000.0,39.63625717163086,44.34000015258789,44.869998931884766,43.06999969482422,43.11000061035156,235024000.0,61.59683609008789,72.3499984741211,73.3499984741211,70.8499984741211,71.08000183105469,77852200.0,42.98417282104492,48.0,48.59000015258789,46.66999816894531,47.02000045776367,93559100.0,36.061092376708984,39.02000045776367,39.2400016784668,37.7599983215332,38.09000015258789,281140100.0,1756.300048828125,1756.300048828125,1780.0,1744.699951171875,1764.5,1161.0,7095.60009765625,7095.60009765625,7109.2998046875,6945.5,7027.10009765625,4000000000.0,,,,,
2021-10-08,,,,,,,,,,,,,,,,,,,,,,,,,,,,,,,,,,,,,,,,,,,1.61,18.77,4391.34,1.1572,1.363
2021-10-09,148.5699462890625,166.61000061035156,171.2899932861328,160.05999755859375,170.8000030517578,77385000.0,41.450897216796875,46.369998931884766,46.66999816894531,42.33000183105469,44.599998474121094,263555700.0,61.545753479003906,72.29000091552734,73.72000122070312,68.73999786376953,72.69999694824219,102623200.0,43.324459075927734,48.380001068115234,48.7400016784668,44.83000183105469,48.20000076293945,171888200.0,36.5139274597168,39.5099983215332,39.709999084472656,37.7400016784668,39.11000061035156,291685700.0,1767.199951171875,1767.199951171875,1799.9000244140625,1749.800048828125,1756.5999755859375,1628.0,7234.0,7234.0,7243.89990234375,7063.39990234375,7095.60009765625,4165921300.0,,,,,
2021-10-15,,,,,,,,,,,,,,,,,,,,,,,,,,,,,,,,,,,,,,,,,,,1.59,16.3,4471.37,1.1594,1.3756
2021-10-16,153.18014526367188,171.77999877929688,172.08999633789062,165.91000366210938,166.47999572753906,46145500.0,42.523597717285156,47.56999969482422,47.619998931884766,46.029998779296875,46.290000915527344,195543200.0,60.76248550415039,71.37000274658203,72.55000305175781,70.01000213623047,72.06999969482422,77694500.0,45.366207122802734,50.65999984741211,51.119998931884766,48.13999938964844,48.189998626708984,126536400.0,37.53975296020508,40.619998931884766,40.689998626708984,39.31999969482422,39.43000030517578,210591300.0,1795.5,1795.5,1806.9000244140625,1759.5,1761.5999755859375,1122.0,7204.60009765625,7204.60009765625,7235.2001953125,7180.2001953125,7234.0,3012118900.0,,,,,
2021-10-22,,,,,,,,,,,,,,,,,,,,,,,,,,,,,,,,,,,,,,,,,,,1.66,15.43,4544.9,1.1632,1.3741
2021-10-23,151.4947967529297,169.88999938964844,172.9600067138672,167.33999633789062,172.7100067138672,43374300.0,42.71132278442383,47.779998779296875,48.43000030517578,47.029998779296875,47.79999923706055,182110900.0,58.880943298339844,69.16000366210938,71.8499984741211,68.97000122070312,71.58000183105469,97997600.0,45.8139533996582,51.15999984741211,51.63999938964844,49.95000076293945,50.88999938964844,106088900.0,37.207054138183594,40.2599983215332,40.86000061035156,39.91999816894531,40.720001220703125,223816000.0,1783.0,1783.0,1809.0,1774.5999755859375,1794.300048828125,2077.0,7237.60009765625,7237.60009765625,7281.2001953125,7192.10009765625,7204.60009765625,3432571900.0,,,,,
2021-10-29,,,,,,,,,,,,,,,,,,,,,,,,,,,,,,,,,,,,,,,,,,,1.55,16.26,4605.38,1.1552,1.3686
2021-10-30,149.85400390625,168.0500030517578,172.3300018310547,166.49000549316406,172.0399932861328,40561800.0,41.987247467041016,46.970001220703125,48.689998626708984,46.81999969482422,48.099998474121094,201691100.0,57.44681930541992,66.98999786376953,69.93000030517578,66.5199966430664,69.93000030517578,119452700.0,45.169185638427734,50.439998626708984,52.56999969482422,49.90999984741211,51.560001373291016,120046100.0,36.985260009765625,40.02000045776367,40.68000030517578,39.689998626708984,40.540000915527344,218033400.0,1816.4000244140625,1816.4000244140625,1817.0999755859375,1761.800048828125,1787.5,805.0,7304.0,7304.0,7331.2998046875,7235.2998046875,7237.60009765625,3979780500.0,,,,,
2021-11-05,,,,,,,,,,,,,,,,,,,,,,,,,,,,,,,,,,,,,,,,,,,1.45,16.48,4697.53,1.1554,1.3491
2021-11-06,148.79286193847656,166.86000061035156,170.9199981689453,165.72000122070312,169.0500030517578,35331900.0,41.93361282348633,46.90999984741211,47.88999938964844,46.40999984741211,47.349998474121094,185564700.0,59.30767822265625,69.16000366210938,69.18000030517578,67.37000274658203,67.88999938964844,97088800.0,45.81105422973633,50.959999084472656,51.369998931884766,49.209999084472656,50.54999923706055,100856500.0,37.105403900146484,40.150001525878906,40.529998779296875,39.7599983215332,40.27000045776367,212637800.0,1867.9000244140625,1867.9000244140625,1867.9000244140625,1816.9000244140625,1817.0,1728.0,7347.89990234375,7347.89990234375,7402.7001953125,7268.7998046875,7304.0,3745196100.0,,,,,
2021-11-12,,,,,,,,,,,,,,,,,,,,,,,,,,,,,,,,,,,,,,,,,,,1.58,16.29,4682.85,1.1443,1.3412
2021-11-13,143.49603271484375,160.9199981689453,167.7899932861328,159.4499969482422,167.2100067138672,46424300.0,40.583805084228516,45.400001525878906,47.38999938964844,44.83000183105469,47.2599983215332,182488500.0,56.889408111572266,66.33999633789062,69.66999816894531,65.2300033569336,69.43000030517578,83237800.0,43.88728332519531,48.81999969482422,51.70000076293945,47.77000045776367,51.189998626708984,106904400.0,36.061092376708984,39.02000045776367,40.36000061035156,38.720001220703125,40.2599983215332,231086000.0,1851.199951171875,1851.199951171875,1869.699951171875,1851.199951171875,1864.5,120.0,7223.60009765625,7223.60009765625,7368.2998046875,7198.7998046875,7347.89990234375,4199456600.0,,,,,
2021-11-19,,,,,,,,,,,,,,,,,,,,,,,,,,,,,,,,,,,,,,,,,,,1.54,17.91,4697.96,1.1318,1.3474
2021-11-20,144.39666748046875,161.92999267578125,169.44000244140625,158.82000732421875,164.16000366210938,50153400.0,40.90561294555664,45.7599983215332,47.97999954223633,44.75,46.720001220703125,198230100.0,56.169071197509766,65.5,68.37000274658203,63.810001373291016,67.95999908447266,81680200.0,43.536685943603516,48.43000030517578,51.7400016784668,47.689998626708984,50.630001068115234,105395000.0,35.83004379272461,38.77000045776367,40.2599983215332,38.33000183105469,39.540000915527344,260439500.0,1785.300048828125,1785.300048828125,1841.5999755859375,1781.4000244140625,1841.5999755859375,187454.0,7044.0,7044.0,7311.89990234375,7042.10009765625,7223.60009765625,4127116200.0,,,,,
2021-11-26,,,,,,,,,,,,,,,,,,,,,,,,,,,,,,,,,,,,,,,,,,,1.48,28.62,4594.62,1.1302,1.3322
2021-11-27,141.15078735351562,158.2899932861328,164.77999877929688,157.19000244140625,163.30999755859375,68932100.0,39.21611404418945,43.869998931884766,46.70000076293945,43.599998474121094,46.41999816894531,320453000.0,53.81940841674805,62.7599983215332,66.29000091552734,62.43000030517578,65.98999786376953,137643300.0,42.92538070678711,47.75,49.77000045776367,47.18000030517578,49.66999816894531,156120600.0,35.146156311035156,38.029998779296875,39.36000061035156,37.540000915527344,39.220001220703125,497781300.0,1782.0,1782.0,1808.0999755859375,1760.5999755859375,1791.699951171875,35208.0,7122.2998046875,7122.2998046875,7196.10009765625,6989.7001953125,7044.0,4775839200.0,,,,,
2021-12-03,,,,,,,,,,,,,,,,,,,,,,,,,,,,,,,,,,,,,,,,,,,1.35,30.67,4538.43,1.1308,1.3234
2021-12-04,142.51515197753906,159.82000732421875,163.38999938964844,158.64999389648438,161.00999450683594,54338800.0,39.98870849609375,44.52000045776367,44.90999984741211,43.650001525878906,44.560001373291016,214511100.0,52.061439514160156,60.709999084472656,63.56999969482422,60.20000076293945,62.939998626708984,143790900.0,45.12784957885742,50.20000076293945,50.599998474121094,48.709999084472656,48.97999954223633,116978700.0,36.088802337646484,39.04999923706055,39.47999954223633,38.33000183105469,38.630001068115234,322647300.0,1782.9000244140625,1782.9000244140625,1789.9000244140625,1769.0999755859375,1780.199951171875,3072.0,7291.7998046875,7291.7998046875,7378.89990234375,7122.2998046875,7122.2998046875,3346591800.0,,,,,
2021-12-10,,,,,,,,,,,,,,,,,,,,,,,,,,,,,,,,,,,,,,,,,,,1.48,18.69,4712.02,1.1312,1.3262
2021-12-11,139.7864227294922,156.75999450683594,161.82000732421875,155.17999267578125,159.5,86271600.0,39.41383743286133,43.880001068115234,45.36000061035156,43.38999938964844,44.27000045776367,339540000.0,51.0581169128418,59.540000915527344,61.90999984741211,58.959999084472656,60.4900016784668,146993700.0,43.105186462402344,47.95000076293945,50.81999969482422,47.869998931884766,49.900001525878906,165100600.0,35.66368865966797,38.59000015258789,39.7400016784668,38.349998474121094,38.959999084472656,335313300.0,1803.800048828125,1803.800048828125,1812.9000244140625,1753.9000244140625,1784.4000244140625,1486.0,7269.89990234375,7269.89990234375,7309.2001953125,7166.7998046875,7291.7998046875,5282698900.0,,,,,
2021-12-17,,,,,,,,,,,,,,,,,,,,,,,,,,,,,,,,,,,,,,,,,,,1.41,21.57,4620.64,1.1277,1.3269
2021-12-18,140.23233032226562,157.25999450683594,159.1199951171875,151.83999633789062,154.50999450683594,41767500.0,39.89888381958008,44.41999816894531,45.06999969482422,42.70000076293945,43.27000045776367,174070000.0,51.6326789855957,60.209999084472656,60.779998779296875,57.59000015258789,58.599998474121094,84778600.0,43.473751068115234,48.36000061035156,48.93000030517578,46.25,47.060001373291016,82097900.0,35.87625503540039,38.81999969482422,39.16999816894531,37.209999084472656,37.810001373291016,231670200.0,1811.199951171875,1811.199951171875,1811.199951171875,1785.5,1796.800048828125,1561.0,7372.10009765625,7372.10009765625,7403.7001953125,7101.0,7269.89990234375,2672181800.0,,,,,
2021-12-24,,,,,,,,,,,,,,,,,,,,,,,,,,,,,,,,,,,,,,,,,,,1.5,17.96,4725.79,1.132,1.341
2021-12-25,141.20428466796875,158.35000610351562,160.24000549316406,156.33999633789062,157.60000610351562,31683400.0,39.96175765991211,44.4900016784668,45.119998931884766,44.279998779296875,44.54999923706055,139772600.0,51.78702926635742,60.38999938964844,61.33000183105469,60.0,60.400001525878906,63705000.0,43.13214874267578,47.97999954223633,49.189998626708984,47.84000015258789,48.54999923706055,66962200.0,36.26171112060547,39.04999923706055,39.529998779296875,38.7400016784668,38.939998626708984,155912900.0,1827.5,1827.5,1827.800048828125,1791.4000244140625,1810.0,1305.0,7384.5,7384.5,7457.10009765625,7357.10009765625,7372.10009765625,891722200.0,,,,,
2021-12-31,,,,,,,,,,,,,,,,,,,,,,,,,,,,,,,,,,,,,,,,,,,1.52,17.22,4766.18,1.1318,1.35
2022-01-01,149.06036376953125,167.16000366210938,168.5800018310547,159.50999450683594,159.86000061035156,78816900.0,44.17440414428711,49.18000030517578,49.310001373291016,44.97999954223633,45.09000015258789,302109700.0,56.4091911315918,65.77999877929688,66.55000305175781,61.11000061035156,61.18000030517578,145843600.0,49.23610305786133,54.77000045776367,55.189998626708984,48.91999816894531,48.93000030517578,182775900.0,38.23032760620117,41.16999816894531,41.27000045776367,39.31999969482422,39.34000015258789,320293700.0,1797.0,1797.0,1830.0999755859375,1784.4000244140625,1830.0999755859375,209.0,7485.2998046875,7485.2998046875,7530.0,7384.5,7384.5,3190610400.0,,,,,
2022-01-07,,,,,,,,,,,,,,,,,,,,,,,,,,,,,,,,,,,,,,,,,,,1.76,18.76,4677.03,1.1358,1.3583
2022-01-08,141.63803100585938,157.88999938964844,169.80999755859375,156.89999389648438,169.07000732421875,91126400.0,43.03367233276367,47.90999984741211,50.08000183105469,47.189998626708984,49.90999984741211,267962700.0,57.395362854003906,66.93000030517578,68.6500015258789,65.08000183105469,66.45999908447266,145339300.0,52.19367218017578,58.060001373291016,58.869998931884766,54.47999954223633,55.5,184743500.0,37.91461181640625,40.83000183105469,41.70000076293945,40.34000015258789,41.43000030517578,318682000.0,1816.5,1816.5,1827.199951171875,1790.4000244140625,1794.9000244140625,3680.0,7543.0,7543.0,7568.2001953125,7422.89990234375,7485.2998046875,4214480100.0,,,,,
2022-01-14,,,,,,,,,,,,,,,,,,,,,,,,,,,,,,,,,,,,,,,,,,,1.78,19.19,4662.85,1.1414,1.367
2022-01-15,130.1466064453125,145.0800018310547,155.77999877929688,144.27000427246094,155.77999877929688,90271000.0,40.34798812866211,44.91999816894531,48.58000183105469,44.65999984741211,47.849998474121094,267898100.0,54.25674819946289,63.27000045776367,66.83999633789062,62.75,66.69000244140625,100602700.0,48.24724197387695,53.66999816894531,58.11000061035156,53.130001068115234,57.720001220703125,141990200.0,35.47239685058594,38.20000076293945,40.599998474121094,38.040000915527344,40.560001373291016,366730100.0,1831.800048828125,1831.800048828125,1843.0999755859375,1812.300048828125,1816.800048828125,1759.0,7494.10009765625,7494.10009765625,7619.0,7450.5,7543.0,4238482700.0,,,,,
2022-01-21,,,,,,,,,,,,,,,,,,,,,,,,,,,,,,,,,,,,,,,,,,,1.75,28.85,4397.94,1.1346,1.3562
2022-01-22,131.51913452148438,146.61000061035156,150.57000732421875,139.57000732421875,142.27999877929688,99750200.0,41.201297760009766,45.869998931884766,46.75,42.59000015258789,43.900001525878906,342414500.0,55.47446823120117,64.69000244140625,65.8499984741211,60.029998779296875,61.5099983215332,150403700.0,48.714698791503906,54.189998626708984,55.5099983215332,51.18000030517578,52.72999954223633,198726100.0,35.95527648925781,38.720001220703125,39.34000015258789,36.81999969482422,37.540000915527344,544452700.0,1784.9000244140625,1784.9000244140625,1852.699951171875,1778.800048828125,1837.9000244140625,224631.0,7466.10009765625,7466.10009765625,7596.7001953125,7283.39990234375,7494.10009765625,5518923200.0,,,,,
2022-01-28,,,,,,,,,,,,,,,,,,,,,,,,,,,,,,,,,,,,,,,,,,,1.78,27.66,4431.85,1.116,1.3417
2022-01-29,136.85665893554688,152.55999755859375,153.5,144.6699981689453,145.63999938964844,70141000.0,43.36600112915039,48.279998779296875,48.689998626708984,45.220001220703125,45.52000045776367,222422900.0,56.666446685791016,66.08000183105469,66.80000305175781,63.599998474121094,64.01000213623047,109617000.0,50.638484954833984,56.33000183105469,57.040000915527344,53.029998779296875,53.81999969482422,158414300.0,37.236732482910156,40.099998474121094,40.439998626708984,38.220001220703125,38.45000076293945,298461200.0,1806.5999755859375,1806.5999755859375,1813.699951171875,1785.0999755859375,1788.5,4685.0,7516.39990234375,7516.39990234375,7605.7998046875,7450.89990234375,7466.10009765625,4024365600.0,,,,,
2022-02-04,,,,,,,,,,,,,,,,,,,,,,,,,,,,,,,,,,,,,,,,,,,1.93,23.22,4500.53,1.1455,1.3543
2022-02-05,138.0767059326172,153.9199981689453,159.02999877929688,150.85000610351562,153.27000427246094,75400400.0,43.04264450073242,47.91999816894531,50.11000061035156,47.5,48.560001373291016,236385200.0,58.03757858276367,67.1500015258789,69.11000061035156,65.5,66.08999633789062,113924300.0,52.65377426147461,58.310001373291016,60.29999923706055,55.90999984741211,56.40999984741211,177205300.0,37.24602508544922,40.11000061035156,41.38999938964844,39.869998931884766,40.150001525878906,322360500.0,1840.800048828125,1840.800048828125,1864.800048828125,1809.0999755859375,1812.199951171875,1938.0,7661.0,7661.0,7687.2998046875,7508.5,7516.39990234375,4611087800.0,,,,,
2022-02-11,,,,,,,,,,,,,,,,,,,,,,,,,,,,,,,,,,,,,,,,,,,1.92,27.36,4418.64,1.1404,1.3601
2022-02-12,136.4799041748047,152.13999938964844,156.10000610351562,150.32000732421875,152.72999572753906,58703800.0,41.282135009765625,45.959999084472656,48.369998931884766,45.720001220703125,48.02000045776367,211153000.0,55.4360466003418,64.13999938964844,67.4800033569336,63.70000076293945,66.87000274658203,94363800.0,50.233741760253906,55.630001068115234,59.31999969482422,55.369998931884766,58.5099983215332,120046700.0,36.41957092285156,39.220001220703125,40.40999984741211,39.02000045776367,40.09000015258789,275054300.0,1898.5999755859375,1898.5999755859375,1900.699951171875,1847.4000244140625,1861.800048828125,643.0,7513.60009765625,7513.60009765625,7661.0,7483.39990234375,7661.0,4407356000.0,,,,,
2022-02-18,,,,,,,,,,,,,,,,,,,,,,,,,,,,,,,,,,,,,,,,,,,1.92,27.75,4348.87,1.1327,1.3585
2022-02-19,132.73912048339844,147.97000122070312,153.3000030517578,139.77999877929688,150.60000610351562,67155300.0,40.43781661987305,45.02000045776367,46.11000061035156,42.04999923706055,45.16999816894531,246626000.0,53.56916427612305,61.97999954223633,64.76000213623047,58.369998931884766,63.06999969482422,113592900.0,48.86119079589844,54.11000061035156,56.119998931884766,50.68000030517578,55.56999969482422,117159600.0,36.30813217163086,39.099998474121094,39.43000030517578,36.79999923706055,39.040000915527344,367092300.0,1886.5,1886.5,1972.5,1883.5999755859375,1908.0999755859375,3589.0,7489.5,7489.5,7571.10009765625,7204.7001953125,7513.60009765625,5852382800.0,,,,,
2022-02-25,,,,,,,,,,,,,,,,,,,,,,,,,,,,,,,,,,,,,,,,,,,1.97,27.59,4384.65,1.1261,1.3407
2022-02-26,120.56592559814453,134.39999389648438,145.05999755859375,132.39999389648438,143.5500030517578,125218100.0,36.78205871582031,40.95000076293945,44.2599983215332,40.31999969482422,43.720001220703125,339992100.0,48.91059494018555,56.59000015258789,60.41999816894531,55.189998626708984,59.93000030517578,268098700.0,44.0572395324707,48.790000915527344,53.400001525878906,48.18000030517578,52.630001068115234,180155900.0,34.57166290283203,37.22999954223633,38.77000045776367,36.79999923706055,38.16999816894531,503282500.0,1965.0999755859375,1965.0999755859375,1970.9000244140625,1894.199951171875,1928.300048828125,1215.0,6987.10009765625,6987.10009765625,7499.2998046875,6980.89990234375,7489.5,7047089300.0,,,,,
2022-03-04,,,,,,,,,,,,,,,,,,,,,,,,,,,,,,,,,,,,,,,,,,,1.74,31.98,4328.87,1.0912,1.3214
2022-03-05,115.62309265136719,128.88999938964844,135.24000549316406,127.2699966430664,132.1699981689453,99970100.0,36.402286529541016,40.33000183105469,41.61000061035156,38.16999816894531,39.93000030517578,357291700.0,46.81034851074219,54.15999984741211,57.290000915527344,53.95000076293945,55.029998779296875,178819300.0,43.76828384399414,48.470001220703125,50.0,45.77000045776367,48.58000183105469,200796700.0,33.800926208496094,36.400001525878906,37.279998779296875,35.4900016784668,36.88999938964844,468013100.0,1982.699951171875,1982.699951171875,2072.0,1959.9000244140625,1989.0,6886.0,7155.60009765625,7155.60009765625,7260.39990234375,6788.0,6987.10009765625,6973182500.0,,,,,
2022-03-11,,,,,,,,,,,,,,,,,,,,,,,,,,,,,,,,,,,,,,,,,,,2.0,30.75,4204.31,1.0937,1.3063
2022-03-12,125.6792221069336,140.10000610351562,140.85000610351562,129.22999572753906,129.4600067138672,91945400.0,38.72200012207031,42.900001525878906,43.04999923706055,40.869998931884766,40.900001525878906,279866100.0,49.56745529174805,57.349998474121094,57.630001068115234,53.83000183105469,54.70000076293945,129785700.0,46.43212127685547,51.41999816894531,52.220001220703125,49.29999923706055,49.65999984741211,178813700.0,36.21527862548828,39.0,39.099998474121094,36.689998626708984,36.95000076293945,350414900.0,1928.199951171875,1928.199951171875,1977.699951171875,1907.199951171875,1976.5,387.0,7404.7001953125,7404.7001953125,7406.10009765625,7075.7998046875,7155.60009765625,7112650500.0,,,,,
2022-03-18,,,,,,,,,,,,,,,,,,,,,,,,,,,,,,,,,,,,,,,,,,,2.14,23.87,4463.12,1.1044,1.3169
2022-03-19,127.3118896484375,141.9199981689453,143.92999267578125,138.72999572753906,140.35000610351562,56719000.0,39.471160888671875,43.72999954223633,44.630001068115234,42.5099983215332,43.349998474121094,217335200.0,49.04024124145508,56.7400016784668,58.25,56.0,57.83000183105469,106115300.0,47.461544036865234,52.560001373291016,54.20000076293945,50.61000061035156,51.65999984741211,118834500.0,36.698150634765625,39.52000045776367,39.689998626708984,38.61000061035156,39.02000045776367,229058900.0,1953.800048828125,1953.800048828125,1964.0,1920.699951171875,1925.4000244140625,326.0,7483.39990234375,7483.39990234375,7521.10009765625,7402.60009765625,7404.7001953125,4296596100.0,,,,,
2022-03-25,,,,,,,,,,,,,,,,,,,,,,,,,,,,,,,,,,,,,,,,,,,2.48,20.81,4543.06,1.0985,1.3193
2022-03-26,121.38226318359375,135.30999755859375,143.60000610351562,133.8000030517578,140.0,63980800.0,36.916778564453125,40.900001525878906,44.38999938964844,40.349998474121094,43.709999084472656,250217900.0,45.22868728637695,52.33000183105469,57.400001525878906,51.77000045776367,56.20000076293945,148507700.0,43.98500061035156,48.709999084472656,53.29999923706055,47.83000183105469,52.029998779296875,137172600.0,35.62983322143555,38.220001220703125,40.0099983215332,37.95000076293945,39.400001525878906,295177000.0,1919.0999755859375,1919.0999755859375,1949.9000244140625,1893.5,1932.5999755859375,150456.0,7537.89990234375,7537.89990234375,7595.39990234375,7471.5,7483.39990234375,4721248000.0,,,,,
2022-04-01,,,,,,,,,,,,,,,,,,,,,,,,,,,,,,,,,,,,,,,,,,,2.39,19.63,4545.86,1.1043,1.3114
2022-04-02,119.74959564208984,133.49000549316406,136.94000244140625,128.72999572753906,134.1199951171875,68562500.0,35.80656051635742,39.66999816894531,41.13999938964844,38.849998474121094,40.47999954223633,255307100.0,43.97545623779297,50.880001068115234,53.0,49.040000915527344,52.25,133101500.0,44.0030632019043,48.72999954223633,48.900001525878906,46.58000183105469,48.45000076293945,124683100.0,35.32219696044922,37.88999938964844,38.36000061035156,36.97999954223633,38.130001068115234,344332400.0,1941.5999755859375,1941.5999755859375,1947.699951171875,1915.5999755859375,1921.199951171875,1385.0,7669.60009765625,7669.60009765625,7669.60009765625,7532.2001953125,7537.89990234375,5225552200.0,,,,,
2022-04-08,,,,,,,,,,,,,,,,,,,,,,,,,,,,,,,,,,,,,,,,,,,2.72,21.16,4488.28,1.0874,1.3032
2022-04-09,113.9768295288086,126.12000274658203,134.89999389648438,125.0199966430664,133.0,73129500.0,33.91107940673828,37.56999969482422,40.400001525878906,37.41999816894531,39.47999954223633,201570200.0,44.01866912841797,50.93000030517578,52.25,49.20000076293945,50.790000915527344,94888500.0,41.85392379760742,46.349998474121094,50.189998626708984,45.029998779296875,48.939998626708984,139061400.0,34.38996887207031,36.88999938964844,38.15999984741211,36.880001068115234,37.790000915527344,247640700.0,1970.9000244140625,1970.9000244140625,1981.0,1941.800048828125,1946.5999755859375,714.0,7616.39990234375,7616.39990234375,7669.60009765625,7543.0,7669.60009765625,3356781600.0,,,,,
2022-04-15,,,,,,,,,,,,,,,,,,,,,,,,,,,,,,,,,,,,,,,,,,,2.83,22.7,4392.59,1.0812,1.3066
2022-04-16,114.60038757324219,126.80999755859375,133.50999450683594,125.54000091552734,125.66999816894531,66773000.0,33.902061462402344,37.560001373291016,40.369998931884766,37.220001220703125,37.41999816894531,277514500.0,44.277957916259766,51.22999954223633,53.97999954223633,50.779998779296875,50.84000015258789,107952700.0,41.84489440917969,46.34000015258789,49.4900016784668,46.150001525878906,46.220001220703125,112471600.0,33.71875762939453,36.16999816894531,38.31999969482422,36.130001068115234,36.65999984741211,277072300.0,1931.0,1931.0,1997.0999755859375,1930.199951171875,1973.4000244140625,1129.0,7521.7001953125,7521.7001953125,7656.5,7521.7001953125,7616.39990234375,3518863700.0,,,,,
2022-04-22,,,,,,,,,,,,,,,,,,,,,,,,,,,,,,,,,,,,,,,,,,,2.9,28.21,4271.78,1.079,1.2848
2022-04-23,107.86771392822266,119.36000061035156,127.12000274658203,118.9000015258789,126.01000213623047,79464100.0,32.20515060424805,35.68000030517578,37.540000915527344,35.540000915527344,36.88999938964844,235888900.0,41.667781829833984,48.209999084472656,51.599998474121094,48.04999923706055,50.779998779296875,107079600.0,39.39776611328125,43.630001068115234,46.0,43.5099983215332,45.7599983215332,115674200.0,32.1712646484375,34.5099983215332,36.310001373291016,34.43000030517578,35.869998931884766,391765000.0,1909.300048828125,1909.300048828125,1925.0,1872.9000244140625,1925.0,3481.0,7544.60009765625,7544.60009765625,7569.7998046875,7339.5,7521.7001953125,4462096400.0,,,,,
2022-04-29,,,,,,,,,,,,,,,,,,,,,,,,,,,,,,,,,,,,,,,,,,,2.89,33.4,4131.93,1.0537,1.2565
2022-04-30,111.80789947509766,123.72000122070312,127.4000015258789,118.22000122070312,119.87999725341797,80867700.0,33.802772521972656,37.45000076293945,38.75,35.400001525878906,36.029998779296875,252739200.0,45.074615478515625,51.619998931884766,52.400001525878906,47.779998779296875,48.459999084472656,129591000.0,40.2285270690918,44.54999923706055,46.130001068115234,42.61000061035156,43.869998931884766,133036500.0,32.38567352294922,34.7400016784668,36.099998474121094,33.84000015258789,34.66999816894531,466475800.0,1881.199951171875,1881.199951171875,1904.300048828125,1853.0,1896.699951171875,1146.0,7387.89990234375,7387.89990234375,7619.39990234375,7354.10009765625,7544.60009765625,4063003800.0,,,,,
2022-05-06,,,,,,,,,,,,,,,,,,,,,,,,,,,,,,,,,,,,,,,,,,,3.12,30.19,4123.34,1.0572,1.2344
2022-05-07,107.62369537353516,119.08999633789062,123.77999877929688,115.37000274658203,122.11000061035156,72087000.0,31.74481964111328,35.16999816894531,37.130001068115234,34.2599983215332,36.869998931884766,276796000.0,41.599266052246094,47.63999938964844,51.220001220703125,45.400001525878906,50.9900016784668,148163000.0,38.714298248291016,42.63999938964844,44.709999084472656,40.91999816894531,43.970001220703125,129125300.0,31.257678985595703,33.529998779296875,34.47999954223633,32.40999984741211,34.27000045776367,482056500.0,1807.4000244140625,1807.4000244140625,1867.5,1807.4000244140625,1866.5999755859375,3224.0,7418.2001953125,7418.2001953125,7422.0,7158.5,7387.89990234375,4769178000.0,,,,,
2022-05-13,,,,,,,,,,,,,,,,,,,,,,,,,,,,,,,,,,,,,,,,,,,2.93,28.87,4023.89,1.041,1.2242
2022-05-14,106.04218292236328,117.33999633789062,122.97000122070312,115.0199966430664,118.54000091552734,60010000.0,30.562402725219727,33.86000061035156,36.220001220703125,32.959999084472656,35.0,238518200.0,43.441734313964844,49.75,51.61000061035156,47.0,47.59000015258789,152049000.0,37.83360290527344,41.66999816894531,43.81999969482422,40.7400016784668,42.400001525878906,128151500.0,30.689016342163086,32.91999816894531,34.2400016784668,32.22999954223633,33.400001525878906,342310800.0,1841.800048828125,1841.800048828125,1841.800048828125,1787.0,1790.5,714.0,7390.0,7390.0,7538.7001953125,7228.7001953125,7418.2001953125,4295067700.0,,,,,
2022-05-20,,,,,,,,,,,,,,,,,,,,,,,,,,,,,,,,,,,,,,,,,,,2.78,29.43,3901.36,1.0559,1.2492
2022-05-21,118.63096618652344,131.27000427246094,131.27000427246094,120.44999694824219,120.45999908447266,83650700.0,33.414634704589844,37.02000045776367,37.04999923706055,34.65999984741211,34.7599983215332,268138800.0,46.82101821899414,53.619998931884766,54.25,51.150001525878906,51.349998474121094,121669500.0,41.66508483886719,45.88999938964844,46.04999923706055,42.63999938964844,42.72999954223633,117304100.0,33.159427642822266,35.56999969482422,35.63999938964844,33.220001220703125,33.54999923706055,322918800.0,1851.300048828125,1851.300048828125,1867.0,1840.4000244140625,1846.300048828125,153695.0,7585.5,7585.5,7597.60009765625,7390.0,7390.0,4254502800.0,,,,,
2022-05-27,,,,,,,,,,,,,,,,,,,,,,,,,,,,,,,,,,,,,,,,,,,2.74,25.72,4158.24,1.0709,1.2613
2022-05-28,117.62783813476562,130.16000366210938,133.14999389648438,128.6699981689453,130.17999267578125,44753800.0,32.66548156738281,36.189998626708984,37.529998779296875,36.06999969482422,36.81999969482422,167424200.0,44.821388244628906,51.33000183105469,53.86000061035156,51.220001220703125,53.029998779296875,83731000.0,40.69359588623047,44.81999969482422,46.27000045776367,44.400001525878906,45.34000015258789,88351000.0,32.50686264038086,34.869998931884766,35.7400016784668,34.56999969482422,35.279998779296875,195455400.0,1845.4000244140625,1845.4000244140625,1871.800048828125,1825.300048828125,1850.300048828125,6300.0,7533.0,7533.0,7648.2998046875,7529.2001953125,7585.5,3364575600.0,,,,,
2022-06-03,,,,,,,,,,,,,,,,,,,,,,,,,,,,,,,,,,,,,,,,,,,2.96,24.79,4108.54,1.0721,1.2496
2022-06-04,108.03941345214844,119.55000305175781,132.38999938964844,119.31999969482422,131.08999633789062,52973100.0,30.112035751342773,33.16999816894531,37.209999084472656,33.02000045776367,36.70000076293945,201874000.0,41.660396575927734,47.709999084472656,52.56999969482422,47.369998931884766,51.79999923706055,90393400.0,36.38998794555664,40.08000183105469,45.88999938964844,40.02000045776367,45.34000015258789,85274900.0,30.325448989868164,32.529998779296875,35.52000045776367,32.5,35.15999984741211,227018800.0,1871.5,1871.5,1875.5999755859375,1823.9000244140625,1849.0,3177.0,7317.5,7317.5,7646.7001953125,7294.2001953125,7533.0,3906089200.0,,,,,
2022-06-10,,,,,,,,,,,,,,,,,,,,,,,,,,,,,,,,,,,,,,,,,,,3.15,27.75,3900.86,1.0521,1.233
2022-06-11,102.14716339111328,113.02999877929688,117.94999694824219,111.87000274658203,116.86000061035156,91891800.0,28.977277755737305,31.920000076293945,32.77000045776367,30.860000610351562,32.38999938964844,303940200.0,40.62128829956055,46.52000045776367,48.18000030517578,45.400001525878906,46.65999984741211,145389800.0,34.937294006347656,38.47999954223633,39.68000030517578,36.540000915527344,38.97999954223633,192835300.0,28.833881378173828,30.93000030517578,32.099998474121094,30.579999923706055,31.709999084472656,485292300.0,1835.5999755859375,1835.5999755859375,1873.800048828125,1805.300048828125,1873.800048828125,1077.0,7016.2998046875,7016.2998046875,7317.5,6998.2001953125,7317.5,6005841400.0,,,,,
2022-06-17,,,,,,,,,,,,,,,,,,,,,,,,,,,,,,,,,,,,,,,,,,,3.25,31.13,3674.84,1.0473,1.2201
2022-06-18,106.02412414550781,117.31999969482422,117.81999969482422,111.4800033569336,115.87000274658203,48215800.0,29.331323623657227,32.310001373291016,33.290000915527344,31.229999542236328,32.88999938964844,215439000.0,41.791378021240234,47.86000061035156,48.34000015258789,45.529998779296875,47.959999084472656,91502300.0,37.00738525390625,40.7599983215332,41.099998474121094,37.150001525878906,39.86000061035156,106067900.0,30.148324966430664,32.34000015258789,32.369998931884766,30.68000030517578,31.469999313354492,240939800.0,1826.5,1826.5,1842.699951171875,1815.800048828125,1835.300048828125,401.0,7208.7998046875,7208.7998046875,7211.10009765625,7014.2001953125,7016.2998046875,3987456000.0,,,,,
2022-06-24,,,,,,,,,,,,,,,,,,,,,,,,,,,,,,,,,,,,,,,,,,,3.13,27.23,3911.74,1.0539,1.2273
2022-06-25,103.06895446777344,114.05000305175781,119.29000091552734,110.93000030517578,118.05999755859375,57956000.0,28.650470733642578,31.559999465942383,33.5,30.6299991607666,32.41999816894531,219462200.0,40.92691421508789,46.869998931884766,49.11000061035156,45.2599983215332,48.060001373291016,101570300.0,36.24472427368164,39.91999816894531,41.560001373291016,38.279998779296875,40.84000015258789,86671700.0,29.877918243408203,31.8799991607666,32.869998931884766,30.850000381469727,32.59000015258789,306814900.0,1798.9000244140625,1798.9000244140625,1830.699951171875,1791.5999755859375,1830.5,1046.0,7168.7001953125,7168.7001953125,7362.39990234375,7101.39990234375,7208.7998046875,3837709000.0,,,,,
2022-07-01,,,,,,,,,,,,,,,,,,,,,,,,,,,,,,,,,,,,,,,,,,,2.88,26.7,3825.33,1.0409,1.2048
2022-07-02,103.34912872314453,114.36000061035156,115.6500015258789,109.30000305175781,110.7699966430664,42325600.0,28.8592586517334,31.790000915527344,32.25,30.450000762939453,30.799999237060547,154637200.0,40.88324737548828,46.81999969482422,47.560001373291016,44.93000030517578,45.689998626708984,61498400.0,36.48078155517578,40.18000030517578,40.70000076293945,38.5099983215332,39.0,71656500.0,30.06536293029785,32.08000183105469,32.34000015258789,31.020000457763672,31.3799991607666,161720800.0,1740.5999755859375,1740.5999755859375,1805.4000244140625,1732.0999755859375,1805.4000244140625,4032.0,7196.2001953125,7196.2001953125,7260.2998046875,7016.7998046875,7168.7001953125,4172933600.0,,,,,
2022-07-08,,,,,,,,,,,,,,,,,,,,,,,,,,,,,,,,,,,,,,,,,,,3.09,24.64,3899.38,1.0178,1.2036
2022-07-09,102.97777557373047,112.94999694824219,115.18000030517578,106.05999755859375,113.55000305175781,77239000.0,29.276851654052734,32.25,32.630001068115234,29.670000076293945,31.549999237060547,242502100.0,43.64257049560547,49.97999954223633,50.619998931884766,43.439998626708984,46.41999816894531,165442300.0,37.343326568603516,41.130001068115234,41.810001373291016,37.43000030517578,39.66999816894531,107039300.0,29.784198760986328,31.780000686645508,32.20000076293945,30.3700008392334,31.899999618530273,237649400.0,1702.4000244140625,1702.4000244140625,1736.699951171875,1701.0999755859375,1732.5,2904.0,7159.0,7159.0,7216.89990234375,7007.10009765625,7196.2001953125,3969102800.0,,,,,
2022-07-15,,,,,,,,,,,,,,,,,,,,,,,,,,,,,,,,,,,,,,,,,,,2.93,24.23,3863.16,1.0089,1.1857
2022-07-16,104.62798309326172,114.76000213623047,116.25,111.29000091552734,114.7699966430664,56749100.0,30.348072052001953,33.43000030517578,33.939998626708984,32.099998474121094,33.08000183105469,197132100.0,45.32783889770508,51.90999984741211,53.02000045776367,49.72999954223633,50.65999984741211,111867900.0,39.19551086425781,43.16999816894531,43.529998779296875,41.02000045776367,41.93000030517578,96601100.0,30.693281173706055,32.75,33.15999984741211,31.520000457763672,32.22999954223633,184050300.0,1727.0999755859375,1727.0999755859375,1735.0,1679.800048828125,1712.199951171875,2322.0,7276.39990234375,7276.39990234375,7347.60009765625,7159.0,7159.0,3800751100.0,,,,,
2022-07-22,,,,,,,,,,,,,,,,,,,,,,,,,,,,,,,,,,,,,,,,,,,2.77,23.03,3961.63,1.0225,1.2019
2022-07-23,105.17501068115234,115.36000061035156,116.5,113.02999877929688,115.83999633789062,52735800.0,30.693038940429688,33.810001373291016,33.97999954223633,32.900001525878906,33.779998779296875,179700500.0,45.31911087036133,51.900001525878906,53.150001525878906,51.2400016784668,52.43000030517578,82355500.0,39.831058502197266,43.869998931884766,44.349998474121094,42.689998626708984,43.529998779296875,87283000.0,31.592987060546875,33.709999084472656,33.81999969482422,32.41999816894531,32.95000076293945,175572900.0,1762.9000244140625,1762.9000244140625,1765.699951171875,1717.699951171875,1727.0,185654.0,7423.39990234375,7423.39990234375,7441.2001953125,7242.89990234375,7276.39990234375,4260454700.0,,,,,
2022-07-29,,,,,,,,,,,,,,,,,,,,,,,,,,,,,,,,,,,,,,,,,,,2.67,21.33,4130.29,1.0202,1.2183
2022-07-30,105.5396957397461,115.76000213623047,116.19000244140625,111.0199966430664,114.5,76286300.0,30.829208374023438,33.959999084472656,34.33000183105469,33.0,33.619998931884766,164565600.0,45.554351806640625,51.65999984741211,52.34000015258789,50.72999954223633,51.4900016784668,68021900.0,39.7311897277832,43.7599983215332,44.56999969482422,42.529998779296875,43.439998626708984,79875600.0,31.574254989624023,33.689998626708984,33.849998474121094,33.02000045776367,33.38999938964844,158125000.0,1772.9000244140625,1772.9000244140625,1792.0999755859375,1753.0,1763.9000244140625,3112.0,7439.7001953125,7439.7001953125,7491.7001953125,7372.7001953125,7446.0,3598749800.0,,,,,
2022-08-05,,,,,,,,,,,,,,,,,,,,,,,,,,,,,,,,,,,,,,,,,,,2.83,21.15,4145.19,1.017,1.2061
2022-08-06,111.34729766845703,122.12999725341797,122.25,114.18000030517578,116.25,55005200.0,32.953487396240234,36.29999923706055,36.310001373291016,33.40999984741211,34.16999816894531,217309500.0,47.95288848876953,54.380001068115234,54.470001220703125,51.40999984741211,51.970001220703125,82693800.0,41.9975471496582,45.939998626708984,45.959999084472656,42.9900016784668,43.970001220703125,62151600.0,33.32681655883789,35.560001373291016,35.56999969482422,33.63999938964844,33.939998626708984,179516000.0,1798.5999755859375,1798.5999755859375,1804.9000244140625,1771.800048828125,1771.800048828125,2399.0,7500.89990234375,7500.89990234375,7520.7001953125,7439.7001953125,7439.7001953125,3168990200.0,,,,,
2022-08-12,,,,,,,,,,,,,,,,,,,,,,,,,,,,,,,,,,,,,,,,,,,2.84,19.53,4280.15,1.0257,1.2132
2022-08-13,108.15632629394531,118.62999725341797,124.23999786376953,118.11000061035156,121.13999938964844,49156800.0,32.20908737182617,35.47999954223633,36.939998626708984,35.310001373291016,35.84000015258789,143527500.0,46.39207458496094,52.61000061035156,54.560001373291016,52.369998931884766,53.75,65046100.0,41.45817184448242,45.349998474121094,46.31999969482422,44.90999984741211,45.40999984741211,57484900.0,32.76449966430664,34.959999084472656,35.970001220703125,34.84000015258789,35.20000076293945,149378400.0,1747.5999755859375,1747.5999755859375,1799.0,1747.5,1799.0,765.0,7550.39990234375,7550.39990234375,7578.89990234375,7463.5,7500.89990234375,2813471300.0,,,,,
2022-08-19,,,,,,,,,,,,,,,,,,,,,,,,,,,,,,,,,,,,,,,,,,,2.98,20.6,4228.48,1.0039,1.181
2022-08-20,104.5459213256836,114.66999816894531,119.98999786376953,114.44999694824219,116.75,48381000.0,30.892751693725586,34.029998779296875,35.47999954223633,34.02000045776367,34.75,165917000.0,43.89655303955078,49.779998779296875,52.34000015258789,49.75,51.560001373291016,71653700.0,40.196617126464844,43.970001220703125,45.720001220703125,43.939998626708984,44.599998474121094,59761600.0,31.60236930847168,33.720001220703125,34.91999816894531,33.689998626708984,34.45000076293945,145369500.0,1736.0999755859375,1736.0999755859375,1761.800048828125,1726.5,1740.5,1417.0,7427.2998046875,7427.2998046875,7550.39990234375,7410.39990234375,7550.39990234375,2893326600.0,,,,,
2022-08-26,,,,,,,,,,,,,,,,,,,,,,,,,,,,,,,,,,,,,,,,,,,3.04,25.56,4057.66,0.9998,1.1778
2022-08-27,103.67068481445312,113.70999908447266,117.44999694824219,111.91000366210938,114.0,50247400.0,30.348072052001953,33.43000030517578,34.47999954223633,32.65999984741211,33.86000061035156,204893200.0,43.06764221191406,48.84000015258789,50.150001525878906,47.810001373291016,49.66999816894531,78459700.0,39.65724563598633,43.380001068115234,44.79999923706055,42.79999923706055,43.79999923706055,75677900.0,30.824491500854492,32.88999938964844,33.810001373291016,32.5099983215332,33.470001220703125,200324400.0,1709.800048828125,1709.800048828125,1741.199951171875,1693.9000244140625,1732.4000244140625,4333.0,7281.2001953125,7281.2001953125,7486.39990234375,7131.7001953125,7427.2998046875,3841637400.0,,,,,
2022-09-02,,,,,,,,,,,,,,,,,,,,,,,,,,,,,,,,,,,,,,,,,,,3.2,25.47,3924.26,1.003,1.1582
2022-09-03,108.64864349365234,119.16999816894531,120.05000305175781,112.06999969482422,114.33000183105469,41134500.0,31.927845001220703,34.939998626708984,35.25,32.61000061035156,33.63999938964844,163161900.0,44.68136215209961,50.66999816894531,51.0099983215332,47.599998474121094,48.970001220703125,67759000.0,41.43989562988281,45.33000183105469,45.810001373291016,42.25,43.709999084472656,65560300.0,32.20217514038086,34.36000061035156,34.45000076293945,32.47999954223633,33.060001373291016,172988100.0,1716.199951171875,1716.199951171875,1720.0,1694.699951171875,1709.699951171875,3176.0,7351.10009765625,7351.10009765625,7386.60009765625,7175.7998046875,7281.2001953125,4063732200.0,,,,,
2022-09-09,,,,,,,,,,,,,,,,,,,,,,,,,,,,,,,,,,,,,,,,,,,3.33,22.79,4067.36,1.0046,1.16
2022-09-10,106.74315643310547,117.08000183105469,121.55000305175781,114.87999725341797,120.62000274658203,56530400.0,31.17853546142578,34.119998931884766,35.630001068115234,33.540000915527344,35.20000076293945,202643100.0,42.42392349243164,48.11000061035156,51.63999938964844,47.470001220703125,51.2599983215332,97908900.0,40.169185638427734,43.939998626708984,46.13999938964844,42.25,45.68000030517578,82732600.0,30.983806610107422,33.060001373291016,34.81999969482422,32.709999084472656,34.5,243520700.0,1671.699951171875,1671.699951171875,1728.0999755859375,1651.699951171875,1727.4000244140625,2621.0,7236.7001953125,7236.7001953125,7514.0,7236.2001953125,7351.10009765625,5621283000.0,,,,,
2022-09-16,,,,,,,,,,,,,,,,,,,,,,,,,,,,,,,,,,,,,,,,,,,3.45,26.3,3873.33,1.0013,1.1419
2022-09-17,99.50416564941406,109.13999938964844,118.7300033569336,107.16000366210938,116.0,60249700.0,28.99458122253418,31.729999542236328,34.869998931884766,31.209999084472656,33.720001220703125,217884500.0,39.02895736694336,44.2599983215332,48.47999954223633,43.29999923706055,47.4900016784668,99369200.0,36.942115783691406,40.40999984741211,44.61000061035156,39.70000076293945,43.43000030517578,88850300.0,29.10004234313965,31.049999237060547,33.279998779296875,30.600000381469727,32.5,237430100.0,1645.300048828125,1645.300048828125,1680.0999755859375,1645.300048828125,1661.800048828125,7944.0,7018.60009765625,7018.60009765625,7326.5,6981.5,7236.7001953125,4381791700.0,,,,,
2022-09-23,,,,,,,,,,,,,,,,,,,,,,,,,,,,,,,,,,,,,,,,,,,3.69,29.92,3693.23,0.9719,1.0921
2022-09-24,95.2738265991211,104.5,109.61000061035156,104.4000015258789,108.0,69997100.0,27.596481323242188,30.200000762939453,31.81999969482422,30.170000076293945,31.31999969482422,199644700.0,36.74506759643555,41.66999816894531,44.18000030517578,41.61000061035156,43.689998626708984,108006600.0,36.7684211730957,40.220001220703125,41.13999938964844,39.34000015258789,40.13999938964844,90988400.0,28.60305404663086,30.360000610351562,31.209999084472656,30.1200008392334,30.81999969482422,236533100.0,1662.4000244140625,1662.4000244140625,1672.699951171875,1620.4000244140625,1623.300048828125,26980.0,6893.7998046875,6893.7998046875,7074.0,6829.2998046875,7018.60009765625,6247332700.0,,,,,
2022-09-30,,,,,,,,,,,,,,,,,,,,,,,,,,,,,,,,,,,,,,,,,,,3.83,31.62,3585.62,0.9783,1.1134
2022-10-01,96.62317657470703,105.9800033569336,112.98999786376953,104.45999908447266,105.62000274658203,62407700.0,28.09906768798828,30.75,32.52000045776367,30.200000762939453,30.59000015258789,203338000.0,37.2036018371582,42.189998626708984,44.75,41.060001373291016,41.54999923706055,93959200.0,38.20368576049805,41.790000915527344,43.59000015258789,40.63999938964844,41.290000915527344,84123800.0,29.10238265991211,30.889999389648438,32.369998931884766,30.299999237060547,30.65999984741211,213393300.0,1700.5,1700.5,1728.0,1661.9000244140625,1667.199951171875,1431.0,6991.10009765625,6991.10009765625,7088.2001953125,6797.39990234375,6893.7998046875,5010157500.0,,,,,
2022-10-07,,,,,,,,,,,,,,,,,,,,,,,,,,,,,,,,,,,,,,,,,,,3.89,31.36,3639.66,0.9785,1.1116
2022-10-08,102.28015899658203,111.19000244140625,115.23999786376953,101.27999877929688,106.7300033569336,90638200.0,28.967166900634766,31.700000762939453,32.630001068115234,29.309999465942383,30.899999618530273,257710500.0,38.12069320678711,43.22999954223633,44.41999816894531,40.0099983215332,42.4900016784668,111657100.0,39.46526336669922,43.16999816894531,44.93000030517578,39.75,41.939998626708984,104342400.0,29.215436935424805,31.010000228881836,32.189998626708984,29.59000015258789,31.059999465942383,273682300.0,1641.699951171875,1641.699951171875,1693.4000244140625,1640.0,1693.4000244140625,1322.0,6858.7998046875,6858.7998046875,6999.2001953125,6707.60009765625,6991.10009765625,4704107800.0,,,,,
2022-10-14,,,,,,,,,,,,,,,,,,,,,,,,,,,,,,,,,,,,,,,,,,,4.0,32.02,3583.07,0.9739,1.1208
2022-10-15,112.43551635742188,122.2300033569336,122.38999938964844,114.31999969482422,115.41000366210938,93688700.0,31.936979293823242,34.95000076293945,35.36000061035156,32.869998931884766,33.36000061035156,308394000.0,39.02895736694336,44.2599983215332,44.95000076293945,42.68000030517578,44.310001373291016,91485500.0,40.98280715942383,44.83000183105469,45.29999923706055,43.29999923706055,44.65999984741211,103399700.0,30.327150344848633,32.189998626708984,32.65999984741211,31.1200008392334,31.670000076293945,228190300.0,1651.0,1651.0,1657.0,1622.800048828125,1650.199951171875,1620.0,6969.7001953125,6969.7001953125,7017.39990234375,6850.39990234375,6858.7998046875,4066297300.0,,,,,
2022-10-21,,,,,,,,,,,,,,,,,,,,,,,,,,,,,,,,,,,,,,,,,,,4.21,29.69,3752.75,0.9855,1.1292
2022-10-22,115.97700500488281,126.08000183105469,126.27999877929688,120.88999938964844,122.06999969482422,58167400.0,33.060951232910156,36.18000030517578,36.369998931884766,34.529998779296875,35.11000061035156,178923500.0,40.67794418334961,46.130001068115234,46.279998779296875,43.90999984741211,44.31999969482422,80140000.0,42.37235641479492,46.349998474121094,46.4900016784668,44.369998931884766,44.95000076293945,77173200.0,32.2114143371582,34.189998626708984,34.22999954223633,32.279998779296875,32.380001068115234,189733100.0,1639.5999755859375,1639.5999755859375,1667.0,1637.300048828125,1662.699951171875,3922.0,7047.7001953125,7047.7001953125,7093.10009765625,6914.7001953125,6969.7001953125,3899992300.0,,,,,
2022-10-28,,,,,,,,,,,,,,,,,,,,,,,,,,,,,,,,,,,,,,,,,,,4.02,25.75,3901.06,0.9934,1.1573
2022-10-29,120.20838165283203,130.67999267578125,130.8300018310547,125.58999633789062,125.69999694824219,70655800.0,33.61836242675781,36.790000915527344,37.279998779296875,35.40999984741211,36.0,189275200.0,39.79612731933594,45.130001068115234,47.0099983215332,44.27000045776367,45.709999084472656,82642300.0,42.7288932800293,46.7400016784668,47.54999923706055,45.40999984741211,46.13999938964844,109878400.0,31.94761848449707,33.90999984741211,34.599998474121094,33.08000183105469,33.970001220703125,219723400.0,1672.5,1672.5,1674.5,1615.0999755859375,1641.800048828125,3705.0,7334.7998046875,7334.7998046875,7376.2001953125,7030.10009765625,7047.7001953125,4131949100.0,,,,,
2022-11-04,,,,,,,,,,,,,,,,,,,,,,,,,,,,,,,,,,,,,,,,,,,4.17,24.55,3770.55,0.9895,1.1279
2022-11-05,124.45819091796875,135.3000030517578,136.1699981689453,129.22000122070312,131.0,58445600.0,35.09870147705078,38.40999984741211,38.599998474121094,36.38999938964844,37.0099983215332,181753900.0,44.77027130126953,50.189998626708984,50.56999969482422,45.150001525878906,45.47999954223633,95753100.0,43.74934768676758,47.54999923706055,48.36000061035156,45.95000076293945,47.130001068115234,92043200.0,33.794189453125,35.869998931884766,36.029998779296875,33.79999923706055,34.15999984741211,220779900.0,1766.0,1766.0,1766.0,1672.9000244140625,1676.9000244140625,1144.0,7318.0,7318.0,7408.60009765625,7244.7998046875,7334.7998046875,3908938200.0,,,,,
2022-11-11,,,,,,,,,,,,,,,,,,,,,,,,,,,,,,,,,,,,,,,,,,,3.82,22.52,3992.93,1.0176,1.1677
2022-11-12,123.11517333984375,133.83999633789062,135.72999572753906,131.27999877929688,134.8000030517578,51306000.0,33.98387908935547,37.189998626708984,38.29999923706055,36.560001373291016,38.09000015258789,161168700.0,43.40549087524414,48.65999984741211,50.41999816894531,47.400001525878906,49.939998626708984,82370100.0,42.78327560424805,46.5,47.56999969482422,45.470001220703125,47.20000076293945,69585400.0,33.3231201171875,35.369998931884766,35.880001068115234,34.7599983215332,35.77000045776367,203819500.0,1751.9000244140625,1751.9000244140625,1778.9000244140625,1747.5999755859375,1762.0,1150.0,7385.5,7385.5,7423.5,7294.7998046875,7318.0,4035118600.0,,,,,
2022-11-18,,,,,,,,,,,,,,,,,,,,,,,,,,,,,,,,,,,,,,,,,,,3.82,23.12,3965.34,1.0349,1.1902
2022-11-19,125.78278350830078,136.74000549316406,137.13999938964844,132.75,133.74000549316406,27522900.0,34.44990921020508,37.70000076293945,37.869998931884766,37.060001373291016,37.09000015258789,86488200.0,43.075439453125,48.290000915527344,49.68000030517578,47.849998474121094,48.65999984741211,52703000.0,43.648136138916016,47.439998626708984,47.63999938964844,46.380001068115234,46.380001068115234,39133500.0,34.02030563354492,36.11000061035156,36.15999984741211,35.279998779296875,35.31999969482422,93396600.0,1753.300048828125,1753.300048828125,1757.9000244140625,1736.0999755859375,1739.0,814.0,7486.7001953125,7486.7001953125,7498.2998046875,7343.39990234375,7385.5,3055339300.0,,,,,
2022-11-25,,,,,,,,,,,,,,,,,,,,,,,,,,,,,,,,,,,,,,,,,,,3.68,20.5,4026.12,1.0402,1.2102
2022-11-26,124.32942962646484,135.16000366210938,138.66000366210938,133.19000244140625,136.07000732421875,50383800.0,32.96957015991211,36.08000183105469,37.849998474121094,35.810001373291016,37.400001525878906,202733500.0,42.13882827758789,47.2400016784668,48.66999816894531,46.189998626708984,47.90999984741211,87747900.0,42.268035888671875,45.939998626708984,48.18000030517578,44.880001068115234,47.119998931884766,98055200.0,33.85072326660156,35.93000030517578,36.4900016784668,35.13999938964844,35.90999984741211,222934100.0,1795.9000244140625,1795.9000244140625,1803.699951171875,1737.9000244140625,1741.300048828125,158300.0,7556.2001953125,7556.2001953125,7599.7001953125,7420.0,7486.7001953125,3955109000.0,,,,,
2022-12-02,,,,,,,,,,,,,,,,,,,,,,,,,,,,,,,,,,,,,,,,,,,3.51,19.06,4071.7,1.0521,1.2292
2022-12-03,121.56979370117188,132.16000366210938,135.11000061035156,129.8699951171875,134.24000549316406,52725700.0,29.76153564453125,32.380001068115234,35.88999938964844,32.08000183105469,35.810001373291016,287183000.0,40.01582336425781,44.86000061035156,47.119998931884766,44.20000076293945,46.939998626708984,92444500.0,39.10299301147461,42.5,45.880001068115234,42.11000061035156,45.70000076293945,115836000.0,32.531734466552734,34.529998779296875,35.720001220703125,34.45000076293945,35.65999984741211,223766600.0,1798.0999755859375,1798.0999755859375,1808.0,1764.300048828125,1795.699951171875,3078.0,7476.60009765625,7476.60009765625,7598.2001953125,7431.39990234375,7556.2001953125,3421002900.0,,,,,
2022-12-09,,,,,,,,,,,,,,,,,,,,,,,,,,,,,,,,,,,,,,,,,,,3.57,22.83,3934.38,1.055,1.2311
2022-12-10,118.92975616455078,129.2899932861328,137.08999633789062,128.42999267578125,132.39999389648438,62054600.0,29.136520385742188,31.700000762939453,33.66999816894531,31.350000381469727,32.310001373291016,255507600.0,39.5609016418457,44.349998474121094,47.849998474121094,43.810001373291016,44.650001525878906,108445300.0,37.897701263427734,41.189998626708984,44.08000183105469,40.849998474121094,42.599998474121094,118572100.0,31.74976921081543,33.70000076293945,35.900001525878906,33.38999938964844,34.54999923706055,312864400.0,1790.0,1790.0,1819.800048828125,1774.800048828125,1787.300048828125,1991.0,7332.10009765625,7332.10009765625,7553.39990234375,7305.7001953125,7476.60009765625,4490884400.0,,,,,
2022-12-16,,,,,,,,,,,,,,,,,,,,,,,,,,,,,,,,,,,,,,,,,,,3.48,22.62,3852.36,1.061,1.2168
2022-12-17,120.76032257080078,131.27999877929688,132.97999572753906,128.41000366210938,129.64999389648438,39358900.0,29.844255447387695,32.470001220703125,32.869998931884766,31.729999542236328,31.760000228881836,158092200.0,39.480613708496094,44.2599983215332,44.88999938964844,42.90999984741211,44.36000061035156,94544000.0,37.704490661621094,40.97999954223633,42.560001373291016,40.02000045776367,41.34000015258789,90590600.0,31.98530387878418,33.95000076293945,34.15999984741211,33.189998626708984,33.400001525878906,156942600.0,1795.9000244140625,1795.9000244140625,1821.4000244140625,1785.0,1791.5999755859375,625.0,7473.0,7473.0,7540.2998046875,7302.7998046875,7332.10009765625,2441669800.0,,,,,
2022-12-23,,,,,,,,,,,,,,,,,,,,,,,,,,,,,,,,,,,,,,,,,,,3.75,20.87,3844.82,1.0621,1.2054
2022-12-24,123.35433959960938,134.10000610351562,134.3300018310547,130.5500030517578,131.57000732421875,30116400.0,30.441686630249023,33.119998931884766,33.29999923706055,32.279998779296875,32.5,103768900.0,40.34587097167969,45.22999954223633,45.279998779296875,43.970001220703125,44.279998779296875,53586900.0,37.989707946777344,41.290000915527344,41.43000030517578,40.61000061035156,41.0099983215332,43805400.0,32.422874450683594,34.20000076293945,34.349998474121094,33.779998779296875,34.02000045776367,101356100.0,1819.699951171875,1819.699951171875,1826.300048828125,1803.0999755859375,1803.4000244140625,875.0,7451.7001953125,7451.7001953125,7547.0,7434.60009765625,7473.0,1022795600.0,,,,,
2022-12-30,,,,,,,,,,,,,,,,,,,,,,,,,,,,,,,,,,,,,,,,,,,3.88,21.67,3839.5,1.0698,1.2077
2022-12-31,126.88665008544922,137.94000244140625,138.3800048828125,133.6999969482422,135.24000549316406,41152800.0,31.62737274169922,34.40999984741211,34.81999969482422,33.209999084472656,33.22999954223633,145465700.0,42.20126724243164,47.310001373291016,47.689998626708984,45.540000915527344,45.75,70122400.0,39.37902069091797,42.79999923706055,43.060001373291016,41.45000076293945,41.61000061035156,62515600.0,33.541561126708984,35.380001068115234,35.4900016784668,34.06999969482422,34.45000076293945,168881200.0,1864.199951171875,1864.199951171875,1868.199951171875,1834.800048828125,1836.199951171875,104.0,7699.5,7699.5,7700.7998046875,7448.7001953125,7451.7001953125,3365337000.0,,,,,
2023-01-06,,,,,,,,,,,,,,,,,,,,,,,,,,,,,,,,,,,,,,,,,,,3.55,21.13,3895.08,1.0619,1.2064
2023-01-07,132.52206420898438,143.00999450683594,143.49000549316406,134.8000030517578,138.60000610351562,57436400.0,32.38105773925781,35.22999954223633,35.38999938964844,33.09000015258789,34.75,249596700.0,44.529422760009766,49.91999816894531,50.22999954223633,47.20000076293945,47.88999938964844,90643900.0,40.68552017211914,44.220001220703125,44.36000061035156,40.459999084472656,43.119998931884766,120436600.0,34.24310302734375,36.119998931884766,36.16999816894531,35.06999969482422,35.5,237968300.0,1918.4000244140625,1918.4000244140625,1920.9000244140625,1867.0,1867.0,1970.0,7844.10009765625,7844.10009765625,7865.0,7684.39990234375,7699.5,4314941200.0,,,,,
2023-01-13,,,,,,,,,,,,,,,,,,,,,,,,,,,,,,,,,,,,,,,,,,,3.49,18.35,3999.09,1.0811,1.2194
2023-01-14,125.17362213134766,135.0800018310547,141.5399932861328,133.5500030517578,141.1699981689453,54081400.0,31.112659454345703,33.849998474121094,34.83000183105469,32.88999938964844,34.689998626708984,198687700.0,45.57308578491211,51.09000015258789,51.11000061035156,48.470001220703125,49.86000061035156,81971900.0,40.40949630737305,43.91999816894531,44.61000061035156,42.52000045776367,43.84000015258789,87554400.0,33.513118743896484,35.349998474121094,36.04999923706055,34.560001373291016,36.029998779296875,222537800.0,1926.4000244140625,1926.4000244140625,1931.800048828125,1903.0999755859375,1920.0999755859375,3962.0,7770.60009765625,7770.60009765625,7875.60009765625,7726.2001953125,7844.10009765625,4152317900.0,,,,,
2023-01-20,,,,,,,,,,,,,,,,,,,,,,,,,,,,,,,,,,,,,,,,,,,3.48,19.85,3972.61,1.0831,1.2374
2023-01-21,130.02935791015625,140.32000732421875,141.25999450683594,134.82000732421875,135.1199951171875,41376600.0,32.58327865600586,35.45000076293945,35.779998779296875,33.75,33.810001373291016,149260100.0,46.259944915771484,51.86000061035156,52.290000915527344,50.41999816894531,51.04999923706055,93240700.0,42.43365478515625,46.119998931884766,46.369998931884766,43.869998931884766,43.939998626708984,85560900.0,34.3663444519043,36.25,36.459999084472656,35.27000045776367,35.380001068115234,178521100.0,1928.5999755859375,1928.5999755859375,1941.199951171875,1915.0,1926.5,151459.0,7765.2001953125,7765.2001953125,7811.2001953125,7710.7998046875,7770.60009765625,3572217500.0,,,,,
2023-01-27,,,,,,,,,,,,,,,,,,,,,,,,,,,,,,,,,,,,,,,,,,,3.52,18.51,4070.56,1.0857,1.2379
2023-01-28,130.74288940429688,141.08999633789062,142.3300018310547,138.0,139.22999572753906,48083100.0,33.4840202331543,36.43000030517578,36.7599983215332,35.0,35.209999084472656,181850400.0,45.44820022583008,50.95000076293945,53.22999954223633,50.529998779296875,51.439998626708984,110443800.0,43.77695083618164,47.58000183105469,48.040000915527344,45.810001373291016,45.90999984741211,100547300.0,34.688682556152344,36.59000015258789,36.900001525878906,35.970001220703125,36.060001373291016,198558100.0,1862.9000244140625,1862.9000244140625,1959.0999755859375,1861.5,1928.300048828125,33160.0,7901.7998046875,7901.7998046875,7906.60009765625,7708.2998046875,7765.2001953125,4327156000.0,,,,,
2023-02-03,,,,,,,,,,,,,,,,,,,,,,,,,,,,,,,,,,,,,,,,,,,3.53,18.33,4136.48,1.0825,1.2073
2023-02-04,130.696533203125,141.0399932861328,144.33999633789062,138.58999633789062,140.22999572753906,38838100.0,32.702754974365234,35.58000183105469,37.0,35.029998779296875,36.25,169752200.0,45.13976287841797,50.11000061035156,51.7599983215332,49.150001525878906,50.400001525878906,77070100.0,43.99138641357422,47.5099983215332,48.630001068115234,46.97999954223633,47.2599983215332,92075300.0,34.59387969970703,36.4900016784668,37.11000061035156,36.06999969482422,36.380001068115234,172268100.0,1862.800048828125,1862.800048828125,1884.5999755859375,1852.4000244140625,1865.5999755859375,1201.0,7882.5,7882.5,7949.60009765625,7808.39990234375,7901.7998046875,4065669700.0,,,,,
2023-02-10,,,,,,,,,,,,,,,,,,,,,,,,,,,,,,,,,,,,,,,,,,,3.74,20.53,4090.46,1.067,1.2061
2023-02-11,131.8085479736328,142.24000549316406,143.88999938964844,140.07000732421875,141.3000030517578,39226400.0,32.49134826660156,35.349998474121094,35.9900016784668,34.7400016784668,35.47999954223633,137533000.0,46.319828033447266,51.41999816894531,51.880001068115234,49.91999816894531,49.9900016784668,58822500.0,43.972869873046875,47.4900016784668,48.84000015258789,47.02000045776367,47.34000015258789,72245600.0,34.49907684326172,36.38999938964844,37.08000183105469,36.09000015258789,36.470001220703125,164513200.0,1840.4000244140625,1840.4000244140625,1862.0,1818.4000244140625,1859.0,1850.0,8004.39990234375,8004.39990234375,8047.10009765625,7881.89990234375,7882.5,4112023300.0,,,,,
2023-02-17,,,,,,,,,,,,,,,,,,,,,,,,,,,,,,,,,,,,,,,,,,,3.82,20.02,4079.09,1.0678,1.2012
2023-02-18,130.5946502685547,140.92999267578125,141.36000061035156,137.44000244140625,140.69000244140625,38298700.0,31.443540573120117,34.209999084472656,35.04999923706055,33.84000015258789,34.90999984741211,131153900.0,45.202823638916016,50.18000030517578,50.90999984741211,49.369998931884766,50.7400016784668,64428700.0,43.16729736328125,46.619998931884766,47.06999969482422,45.689998626708984,47.06999969482422,57879500.0,33.80699920654297,35.65999984741211,36.130001068115234,35.2599983215332,36.08000183105469,158580600.0,1808.800048828125,1808.800048828125,1843.0,1808.800048828125,1842.5999755859375,1870.0,7878.7001953125,7878.7001953125,8020.10009765625,7870.39990234375,8004.39990234375,4122286000.0,,,,,
2023-02-24,,,,,,,,,,,,,,,,,,,,,,,,,,,,,,,,,,,,,,,,,,,3.95,21.67,3970.04,1.0545,1.1948
2023-02-25,133.1243896484375,143.66000366210938,143.75999450683594,139.5399932861328,142.11000061035156,48793600.0,31.3975887298584,34.15999984741211,34.689998626708984,33.0,34.45000076293945,175756000.0,47.15758514404297,52.349998474121094,52.38999938964844,50.25,50.5,77073000.0,43.38026809692383,46.849998474121094,47.43000030517578,45.380001068115234,46.939998626708984,81539800.0,34.11985778808594,35.9900016784668,36.04999923706055,35.0099983215332,35.9900016784668,168479800.0,1847.699951171875,1847.699951171875,1855.4000244140625,1808.0999755859375,1811.5999755859375,1873.0,7947.10009765625,7947.10009765625,7974.39990234375,7854.7998046875,7878.7001953125,4738553400.0,,,,,
2023-03-03,,,,,,,,,,,,,,,,,,,,,,,,,,,,,,,,,,,,,,,,,,,3.97,18.49,4045.64,1.0616,1.1996
2023-03-04,123.8484878540039,133.64999389648438,144.0399932861328,127.81999969482422,143.44000244140625,94499200.0,28.00261116027832,30.270000457763672,34.560001373291016,28.920000076293945,34.2400016784668,407336400.0,43.54533004760742,48.34000015258789,52.45000076293945,47.130001068115234,52.36000061035156,115725700.0,38.2968635559082,41.36000061035156,47.18000030517578,39.72999954223633,46.880001068115234,142180000.0,31.2188663482666,32.93000030517578,36.2400016784668,32.529998779296875,36.0099983215332,408453700.0,1862.0,1862.0,1868.5,1811.5,1853.300048828125,1110.0,7748.39990234375,7748.39990234375,7959.7998046875,7708.2998046875,7947.10009765625,4096425200.0,,,,,
2023-03-10,,,,,,,,,,,,,,,,,,,,,,,,,,,,,,,,,,,,,,,,,,,3.7,24.8,3861.59,1.0659,1.2043
2023-03-11,116.5834732055664,125.80999755859375,135.52999877929688,125.44999694824219,131.2100067138672,169784300.0,25.736125946044922,27.81999969482422,30.09000015258789,27.6200008392334,28.920000076293945,742777800.0,39.86099624633789,44.25,47.9900016784668,43.70000076293945,47.0,200715400.0,34.96347427368164,37.7599983215332,41.599998474121094,37.529998779296875,39.79999923706055,266779200.0,29.370187759399414,30.979999542236328,32.849998474121094,30.899999618530273,31.760000228881836,696969600.0,1969.800048828125,1969.800048828125,1985.0999755859375,1875.0999755859375,1890.800048828125,1650.0,7335.39990234375,7335.39990234375,7752.39990234375,7309.2998046875,7748.39990234375,6710377300.0,,,,,
2023-03-17,,,,,,,,,,,,,,,,,,,,,,,,,,,,,,,,,,,,,,,,,,,3.39,25.51,3916.64,1.0647,1.2141
2023-03-18,115.7494888305664,124.91000366210938,131.72999572753906,123.11000061035156,126.98999786376953,96922200.0,25.107065200805664,27.139999389648438,28.979999542236328,26.31999969482422,28.239999771118164,445430500.0,38.834068298339844,43.11000061035156,46.02000045776367,42.0099983215332,44.709999084472656,132974000.0,33.546783447265625,36.22999954223633,38.959999084472656,35.25,38.119998931884766,157877500.0,29.37967300415039,30.989999771118164,32.04999923706055,30.389999389648438,31.06999969482422,418143200.0,1982.0999755859375,1982.0999755859375,2003.9000244140625,1938.0,1988.300048828125,538.0,7405.5,7405.5,7585.60009765625,7206.7998046875,7335.39990234375,4869325800.0,,,,,
2023-03-24,,,,,,,,,,,,,,,,,,,,,,,,,,,,,,,,,,,,,,,,,,,3.38,21.74,3970.99,1.0762,1.2225
2023-03-25,120.75345611572266,130.30999755859375,130.33999633789062,126.29000091552734,126.79000091552734,69509600.0,26.45770263671875,28.600000381469727,29.059999465942383,27.90999984741211,27.93000030517578,352461900.0,42.23914337158203,46.88999938964844,46.970001220703125,43.880001068115234,44.060001373291016,90823800.0,34.61162185668945,37.380001068115234,38.5,36.869998931884766,37.02000045776367,116142000.0,30.63067626953125,32.150001525878906,32.15999984741211,31.219999313354492,31.520000457763672,250616700.0,1969.0,1969.0,1986.800048828125,1952.4000244140625,1957.199951171875,100537.0,7631.7001953125,7631.7001953125,7654.39990234375,7405.5,7405.5,4109491800.0,,,,,
2023-03-31,,,,,,,,,,,,,,,,,,,,,,,,,,,,,,,,,,,,,,,,,,,3.48,18.7,4109.31,1.0872,1.2369
2023-04-01,118.12174987792969,127.47000122070312,131.44000244140625,126.45999908447266,129.91000366210938,41730200.0,25.754629135131836,27.84000015258789,28.979999542236328,27.459999084472656,28.639999389648438,197246100.0,41.31130599975586,45.86000061035156,47.4900016784668,45.310001373291016,47.13999938964844,55832700.0,35.093109130859375,37.900001525878906,38.15999984741211,36.27000045776367,37.52000045776367,82455500.0,30.47823143005371,31.989999771118164,32.34000015258789,31.65999984741211,32.119998931884766,191880400.0,2011.9000244140625,2011.9000244140625,2033.800048828125,1950.0,1968.0999755859375,2073.0,7741.60009765625,7741.60009765625,7742.10009765625,7631.7001953125,7631.7001953125,2962666700.0,,,,,
2023-04-07,,,,,,,,,,,,,,,,,,,,,,,,,,,,,,,,,,,,,,,,,,,3.39,18.4,4105.02,1.0913,1.2422
2023-04-08,129.56488037109375,138.72999572753906,139.1199951171875,126.22000122070312,126.54000091552734,88196100.0,27.308786392211914,29.520000457763672,29.8700008392334,27.649999618530273,27.670000076293945,277019400.0,44.644317626953125,49.560001373291016,49.88999938964844,45.77000045776367,45.790000915527344,88928700.0,36.7042350769043,39.63999938964844,40.5099983215332,37.61000061035156,37.70000076293945,135735700.0,31.32617950439453,32.880001068115234,33.150001525878906,31.799999237060547,31.8700008392334,269285600.0,2002.199951171875,2002.199951171875,2048.60009765625,1984.0,2000.0,2653.0,7871.89990234375,7871.89990234375,7904.0,7741.60009765625,7741.60009765625,3382562300.0,,,,,
2023-04-14,,,,,,,,,,,,,,,,,,,,,,,,,,,,,,,,,,,,,,,,,,,3.52,17.07,4137.64,1.098,1.2417
2023-04-15,131.25531005859375,140.5399932861328,141.77999877929688,137.66000366210938,139.9499969482422,61397400.0,27.632570266723633,29.8700008392334,30.93000030517578,29.399999618530273,29.770000457763672,351750200.0,44.16688537597656,49.029998779296875,50.45000076293945,48.31999969482422,49.7599983215332,85888100.0,38.18574905395508,41.2400016784668,42.40999984741211,39.560001373291016,39.83000183105469,125888700.0,31.650102615356445,33.220001220703125,33.529998779296875,32.720001220703125,32.86000061035156,239493800.0,1979.5,1979.5,2007.5999755859375,1969.800048828125,2002.699951171875,983.0,7914.10009765625,7914.10009765625,7936.10009765625,7871.39990234375,7871.89990234375,3253641300.0,,,,,
2023-04-21,,,,,,,,,,,,,,,,,,,,,,,,,,,,,,,,,,,,,,,,,,,3.57,16.77,4133.52,1.0973,1.2419
2023-04-22,129.1072540283203,138.24000549316406,141.10000610351562,134.0,140.4600067138672,51541300.0,27.086767196655273,29.280000686645508,29.899999618530273,28.299999237060547,29.790000915527344,202240100.0,42.40129089355469,47.06999969482422,49.310001373291016,46.040000915527344,49.029998779296875,75330900.0,36.806095123291016,39.75,41.599998474121094,38.959999084472656,41.130001068115234,106860200.0,31.602458953857422,33.16999816894531,33.31999969482422,32.119998931884766,33.20000076293945,246600200.0,1990.0999755859375,1990.0999755859375,2002.300048828125,1977.4000244140625,1981.300048828125,1573.0,7870.60009765625,7870.60009765625,7927.10009765625,7791.60009765625,7914.10009765625,3900501800.0,,,,,
2023-04-28,,,,,,,,,,,,,,,,,,,,,,,,,,,,,,,,,,,,,,,,,,,3.44,15.78,4169.48,1.104,1.2582
2023-04-29,127.7063217163086,136.74000549316406,143.3699951171875,131.80999755859375,142.25999450683594,75810700.0,25.634368896484375,27.709999084472656,29.540000915527344,26.829999923706055,29.5,288274900.0,42.1831169128418,46.31999969482422,48.380001068115234,44.08000183105469,47.880001068115234,86284700.0,35.13014221191406,37.939998626708984,41.18000030517578,36.400001525878906,40.4900016784668,168293200.0,30.80217170715332,32.33000183105469,33.43000030517578,31.260000228881836,33.2599983215332,304785700.0,2017.4000244140625,2017.4000244140625,2072.0,1976.9000244140625,1980.0999755859375,4444.0,7778.39990234375,7778.39990234375,7898.7001953125,7691.2998046875,7870.60009765625,3372449700.0,,,,,
2023-05-05,,,,,,,,,,,,,,,,,,,,,,,,,,,,,,,,,,,,,,,,,,,3.44,17.19,4136.25,1.1026,1.265
2023-05-06,125.24075317382812,134.10000610351562,138.05999755859375,133.1300048828125,137.49000549316406,40007800.0,25.060810089111328,27.09000015258789,28.149999618530273,26.8799991607666,28.079999923706055,183920000.0,41.39081954956055,45.45000076293945,47.189998626708984,45.06999969482422,46.880001068115234,54825300.0,34.985023498535156,37.4900016784668,39.22999954223633,37.18000030517578,38.43000030517578,95870900.0,30.392484664916992,31.899999618530273,32.619998931884766,31.690000534057617,32.5099983215332,176712100.0,2014.5,2014.5,2044.300048828125,2014.0,2022.5,697.0,7754.60009765625,7754.60009765625,7792.39990234375,7679.60009765625,7778.39990234375,3296301600.0,,,,,
2023-05-12,,,,,,,,,,,,,,,,,,,,,,,,,,,,,,,,,,,,,,,,,,,3.46,17.03,4124.08,1.0856,1.2464
2023-05-13,129.98513793945312,139.17999267578125,140.49000549316406,133.9600067138672,134.27000427246094,51320000.0,26.00440788269043,28.110000610351562,28.670000076293945,27.030000686645508,27.100000381469727,235029300.0,41.62760543823242,45.709999084472656,47.11000061035156,45.2599983215332,45.689998626708984,70505800.0,37.355308532714844,40.029998779296875,40.61000061035156,37.459999084472656,37.599998474121094,122457400.0,31.05940055847168,32.599998474121094,32.91999816894531,31.84000015258789,31.959999084472656,193634100.0,1978.699951171875,1978.699951171875,2018.0,1956.5,2013.800048828125,194.0,7756.89990234375,7756.89990234375,7804.89990234375,7713.0,7754.60009765625,3908458200.0,,,,,
2023-05-19,,,,,,,,,,,,,,,,,,,,,,,,,,,,,,,,,,,,,,,,,,,3.7,16.81,4191.98,1.0819,1.2464
2023-05-20,127.89311981201172,136.94000244140625,141.63999938964844,134.5800018310547,141.0,46547800.0,26.189424514770508,28.309999465942383,29.079999923706055,27.790000915527344,28.299999237060547,236877900.0,40.616737365722656,44.599998474121094,46.81999969482422,43.880001068115234,45.970001220703125,82085000.0,38.47513198852539,41.22999954223633,42.119998931884766,40.099998474121094,40.20000076293945,109920900.0,30.592559814453125,32.11000061035156,32.779998779296875,31.65999984741211,32.709999084472656,209956000.0,1944.0999755859375,1944.0999755859375,1980.5,1943.0999755859375,1980.5,166235.0,7627.2001953125,7627.2001953125,7800.89990234375,7556.89990234375,7756.89990234375,4436480200.0,,,,,
2023-05-26,,,,,,,,,,,,,,,,,,,,,,,,,,,,,,,,,,,,,,,,,,,3.8,17.95,4205.45,1.0713,1.2342
2023-05-27,131.1898956298828,140.47000122070312,141.47999572753906,134.39999389648438,136.8000030517578,46790400.0,26.55946159362793,28.709999084472656,28.950000762939453,27.34000015258789,28.31999969482422,227729000.0,42.1831169128418,46.31999969482422,46.68000030517578,43.709999084472656,44.72999954223633,65797900.0,38.48445510864258,41.2400016784668,41.54999923706055,39.29999923706055,41.2400016784668,75959200.0,31.24995231628418,32.79999923706055,32.91999816894531,31.489999771118164,32.15999984741211,239964700.0,1952.4000244140625,1952.4000244140625,1983.0,1931.0,1942.699951171875,44903.0,7607.2998046875,7607.2998046875,7628.10009765625,7445.2998046875,7627.2001953125,4758345100.0,,,,,
2023-06-02,,,,,,,,,,,,,,,,,,,,,,,,,,,,,,,,,,,,,,,,,,,3.69,14.6,4282.37,1.0724,1.2468
2023-06-03,131.69422912597656,141.00999450683594,141.8000030517578,138.1300048828125,140.11000061035156,41740000.0,27.29358673095703,29.270000457763672,29.649999618530273,28.299999237060547,28.81999969482422,199733400.0,43.98627853393555,48.29999923706055,48.56999969482422,45.810001373291016,46.36000061035156,64453900.0,39.31499481201172,42.130001068115234,42.470001220703125,40.2599983215332,41.15999984741211,83307000.0,31.58341407775879,33.150001525878906,33.290000915527344,32.47999954223633,32.84000015258789,218577200.0,1962.199951171875,1962.199951171875,1969.800048828125,1937.800048828125,1947.5,1498.0,7562.39990234375,7562.39990234375,7654.7998046875,7546.5,7607.2998046875,2949199500.0,,,,,
2023-06-09,,,,,,,,,,,,,,,,,,,,,,,,,,,,,,,,,,,,,,,,,,,3.75,13.83,4298.86,1.0749,1.2579
2023-06-10,133.7955780029297,143.25999450683594,143.97000122070312,139.75999450683594,141.07000732421875,47523500.0,27.218992233276367,29.190000534057617,29.799999237060547,28.690000534057617,29.299999237060547,217148000.0,43.886104583740234,48.189998626708984,49.41999816894531,47.560001373291016,48.27000045776367,83065800.0,39.36165237426758,42.18000030517578,43.34000015258789,41.40999984741211,42.11000061035156,103733800.0,31.99309730529785,33.58000183105469,33.83000183105469,32.88999938964844,33.18000030517578,239007900.0,1958.4000244140625,1958.4000244140625,1967.5,1926.0,1959.699951171875,1205.0,7642.7001953125,7642.7001953125,7687.60009765625,7556.2998046875,7562.39990234375,5092217500.0,,,,,
2023-06-16,,,,,,,,,,,,,,,,,,,,,,,,,,,,,,,,,,,,,,,,,,,3.77,13.54,4409.59,1.0925,1.2815
2023-06-17,129.67697143554688,138.85000610351562,144.02000427246094,137.6199951171875,142.61000061035156,38349800.0,25.876224517822266,27.75,29.040000915527344,27.59000015258789,29.010000228881836,184518300.0,41.909915924072266,46.02000045776367,47.90999984741211,45.84000015258789,47.90999984741211,48419400.0,37.89655303955078,40.61000061035156,42.13999938964844,40.29999923706055,42.119998931884766,58822500.0,31.192794799804688,32.7400016784668,33.29999923706055,32.52000045776367,33.209999084472656,160870300.0,1919.0999755859375,1919.0999755859375,1958.5999755859375,1912.0999755859375,1958.5999755859375,1092.0,7461.89990234375,7461.89990234375,7642.7001953125,7439.7001953125,7642.7001953125,2935150400.0,,,,,
2023-06-23,,,,,,,,,,,,,,,,,,,,,,,,,,,,,,,,,,,,,,,,,,,3.74,13.44,4348.33,1.0887,1.2701
2023-06-24,135.83155822753906,145.44000244140625,146.0,137.69000244140625,138.8699951171875,53778300.0,26.752748489379883,28.690000534057617,29.110000610351562,27.790000915527344,27.799999237060547,243260300.0,41.928123474121094,46.040000915527344,46.79999923706055,45.81999969482422,46.119998931884766,72581100.0,39.8282356262207,42.68000030517578,43.220001220703125,40.34000015258789,40.779998779296875,83346200.0,32.26105499267578,33.709999084472656,33.849998474121094,32.58000183105469,32.689998626708984,188972900.0,1921.0999755859375,1921.0999755859375,1929.4000244140625,1892.5,1922.9000244140625,1482.0,7531.5,7531.5,7551.60009765625,7401.2001953125,7461.89990234375,3506996600.0,,,,,
2023-06-30,,,,,,,,,,,,,,,,,,,,,,,,,,,,,,,,,,,,,,,,,,,3.81,13.59,4450.38,1.092,1.2709
2023-07-01,134.80422973632812,144.33999633789062,147.47999572753906,141.44000244140625,146.19000244140625,35647500.0,26.603553771972656,28.530000686645508,29.420000076293945,28.100000381469727,28.700000762939453,154873800.0,41.65492248535156,45.7400016784668,47.290000915527344,45.11000061035156,46.08000183105469,52604900.0,39.912227630615234,42.77000045776367,43.619998931884766,42.2400016784668,42.880001068115234,53456400.0,32.146217346191406,33.59000015258789,34.0,33.25,33.709999084472656,138256700.0,1926.199951171875,1926.199951171875,1934.0999755859375,1903.199951171875,1917.9000244140625,376.0,7256.89990234375,7256.89990234375,7561.2998046875,7229.60009765625,7531.5,3203143000.0,,,,,
2023-07-07,,,,,,,,,,,,,,,,,,,,,,,,,,,,,,,,,,,,,,,,,,,4.06,14.83,4398.95,1.0964,1.2838
2023-07-08,140.83615112304688,149.77000427246094,152.88999938964844,144.5,144.5,69947500.0,27.144392013549805,29.110000610351562,30.100000381469727,28.420000076293945,28.59000015258789,217229500.0,41.664031982421875,45.75,48.54999923706055,45.540000915527344,45.599998474121094,111245000.0,40.649444580078125,43.560001373291016,45.310001373291016,42.06999969482422,42.709999084472656,95007600.0,32.77784729003906,34.25,34.7400016784668,33.56999969482422,33.599998474121094,195551400.0,1960.0999755859375,1960.0999755859375,1961.0999755859375,1912.300048828125,1923.5999755859375,758.0,7434.60009765625,7434.60009765625,7480.39990234375,7238.7001953125,7256.89990234375,3417675600.0,,,,,
2023-07-14,,,,,,,,,,,,,,,,,,,,,,,,,,,,,,,,,,,,,,,,,,,3.83,13.34,4505.42,1.1237,1.3113
2023-07-15,145.70716857910156,154.9499969482422,156.58999633789062,150.35000610351562,150.35000610351562,63836400.0,29.820594787597656,31.979999542236328,32.11000061035156,29.1200008392334,29.149999618530273,331352000.0,42.84792709350586,47.04999923706055,47.880001068115234,45.720001220703125,45.810001373291016,94887300.0,42.88908004760742,45.959999084472656,47.2400016784668,43.54999923706055,43.560001373291016,103432400.0,33.74443435668945,35.2599983215332,35.459999084472656,34.209999084472656,34.209999084472656,207536700.0,1964.300048828125,1964.300048828125,1978.4000244140625,1946.5999755859375,1954.0,835.0,7663.7001953125,7663.7001953125,7674.2001953125,7395.7001953125,7434.60009765625,2937365000.0,,,,,
2023-07-21,,,,,,,,,,,,,,,,,,,,,,,,,,,,,,,,,,,,,,,,,,,3.84,13.6,4536.34,1.112,1.2854
2023-07-22,147.5502471923828,156.91000366210938,158.7899932861328,154.72999572753906,154.97000122070312,52936900.0,29.74599838256836,31.899999618530273,32.849998474121094,31.709999084472656,32.0,236398000.0,43.17577362060547,47.40999984741211,49.119998931884766,46.97999954223633,46.97999954223633,92038400.0,43.05705642700195,46.13999938964844,47.16999816894531,45.43000030517578,45.970001220703125,77237500.0,33.687007904052734,35.20000076293945,35.709999084472656,35.0099983215332,35.279998779296875,180652600.0,1960.4000244140625,1960.4000244140625,1972.0,1944.199951171875,1965.300048828125,217480.0,7694.2998046875,7694.2998046875,7716.7998046875,7630.0,7663.7001953125,3451192300.0,,,,,
2023-07-28,,,,,,,,,,,,,,,,,,,,,,,,,,,,,,,,,,,,,,,,,,,3.96,13.33,4582.23,1.1039,1.287
2023-07-29,146.71331787109375,156.02000427246094,159.3800048828125,153.94000244140625,157.17999267578125,36339400.0,29.186511993408203,31.299999237060547,32.25,30.780000686645508,31.899999618530273,159362000.0,41.62760543823242,45.709999084472656,48.04999923706055,45.560001373291016,47.59000015258789,74494000.0,41.853248596191406,44.849998474121094,46.68000030517578,44.5099983215332,46.34000015258789,61293700.0,33.409481048583984,34.90999984741211,35.439998626708984,34.720001220703125,35.27000045776367,172088400.0,1939.5999755859375,1939.5999755859375,1971.5999755859375,1920.0,1959.199951171875,3428.0,7564.39990234375,7564.39990234375,7722.89990234375,7437.89990234375,7694.2998046875,3667705300.0,,,,,
2023-08-04,,,,,,,,,,,,,,,,,,,,,,,,,,,,,,,,,,,,,,,,,,,4.05,17.1,4478.03,1.1036,1.2775
2023-08-05,145.23696899414062,154.4499969482422,157.6999969482422,152.58999633789062,156.60000610351562,33328800.0,29.17719078063965,31.290000915527344,31.899999618530273,30.479999542236328,31.40999984741211,170212400.0,41.06034851074219,44.56999969482422,46.2400016784668,43.97999954223633,45.95000076293945,73539100.0,41.12725830078125,43.72999954223633,45.459999084472656,43.380001068115234,45.18000030517578,56652300.0,33.41904830932617,34.91999816894531,35.459999084472656,34.65999984741211,35.130001068115234,174294500.0,1912.9000244140625,1912.9000244140625,1941.0,1911.4000244140625,1941.0,1617.0,7524.2001953125,7524.2001953125,7622.89990234375,7487.5,7564.39990234375,3579906500.0,,,,,
2023-08-11,,,,,,,,,,,,,,,,,,,,,,,,,,,,,,,,,,,,,,,,,,,4.16,14.84,4464.05,1.0957,1.2694
2023-08-12,140.0838623046875,148.97000122070312,154.9199981689453,147.44000244140625,153.61000061035156,40794200.0,27.144392013549805,29.110000610351562,31.110000610351562,28.979999542236328,31.049999237060547,191822800.0,38.92303466796875,42.25,44.40999984741211,42.09000015258789,44.08000183105469,74401300.0,39.970462799072266,42.5,43.90999984741211,42.04999923706055,43.529998779296875,58072900.0,32.51945877075195,33.97999954223633,34.91999816894531,33.720001220703125,34.81999969482422,193877800.0,1886.0999755859375,1886.0999755859375,1912.5999755859375,1884.0,1909.300048828125,405.0,7262.39990234375,7262.39990234375,7530.2998046875,7215.7998046875,7524.2001953125,3316148300.0,,,,,
2023-08-18,,,,,,,,,,,,,,,,,,,,,,,,,,,,,,,,,,,,,,,,,,,4.26,17.3,4369.71,1.0875,1.2738
2023-08-19,138.27841186523438,147.0500030517578,150.10000610351562,145.4600067138672,149.64999389648438,39087800.0,26.575578689575195,28.5,29.299999237060547,28.18000030517578,29.219999313354492,183397800.0,37.99257278442383,41.2400016784668,42.7599983215332,40.720001220703125,42.619998931884766,83670200.0,38.77605438232422,41.22999954223633,42.869998931884766,40.77000045776367,42.650001525878906,61060300.0,32.52902603149414,33.9900016784668,34.310001373291016,33.56999969482422,34.029998779296875,181813900.0,1911.0999755859375,1911.0999755859375,1920.800048828125,1892.800048828125,1893.5999755859375,2001.0,7338.60009765625,7338.60009765625,7389.39990234375,7250.89990234375,7262.39990234375,2877114000.0,,,,,
2023-08-25,,,,,,,,,,,,,,,,,,,,,,,,,,,,,,,,,,,,,,,,,,,4.25,15.68,4405.71,1.0787,1.257
2023-08-26,138.06211853027344,146.82000732421875,149.14999389648438,145.6999969482422,147.57000732421875,36545800.0,27.023168563842773,28.979999542236328,29.270000457763672,28.530000686645508,28.690000534057617,169341400.0,38.31501388549805,41.59000015258789,41.86000061035156,41.0099983215332,41.47999954223633,75746200.0,39.171051025390625,41.650001525878906,42.369998931884766,41.11000061035156,41.40999984741211,71680800.0,33.19892883300781,34.689998626708984,34.79999923706055,34.06999969482422,34.099998474121094,181174900.0,1939.800048828125,1939.800048828125,1950.0,1915.5,1915.5,2827.0,7464.5,7464.5,7509.39990234375,7338.60009765625,7338.60009765625,3502264500.0,,,,,
2023-09-01,,,,,,,,,,,,,,,,,,,,,,,,,,,,,,,,,,,,,,,,,,,4.18,13.09,4515.77,1.0787,1.2594
2023-09-02,135.25048828125,143.8300018310547,148.2100067138672,142.64999389648438,147.16000366210938,31965500.0,26.6654109954834,28.360000610351562,29.1200008392334,27.959999084472656,28.940000534057617,163103700.0,37.39375686645508,40.59000015258789,41.93000030517578,40.279998779296875,41.529998779296875,56980100.0,38.55974197387695,41.0,42.279998779296875,40.29999923706055,41.650001525878906,60834800.0,32.8256950378418,34.29999923706055,34.790000915527344,34.06999969482422,34.650001525878906,161638500.0,1918.4000244140625,1918.4000244140625,1934.4000244140625,1916.300048828125,1934.4000244140625,283.0,7478.2001953125,7478.2001953125,7523.39990234375,7369.60009765625,7464.5,2432551700.0,,,,,
2023-09-08,,,,,,,,,,,,,,,,,,,,,,,,,,,,,,,,,,,,,,,,,,,4.26,13.84,4457.49,1.0709,1.2476
2023-09-09,139.93338012695312,148.80999755859375,149.89999389648438,143.69000244140625,144.75,53441600.0,27.11672592163086,28.84000015258789,29.440000534057617,28.399999618530273,28.510000228881836,219963900.0,39.34680938720703,42.709999084472656,43.439998626708984,40.529998779296875,40.810001373291016,109616800.0,40.393680572509766,42.95000076293945,43.38999938964844,41.209999084472656,41.380001068115234,116858200.0,33.332923889160156,34.83000183105469,35.060001373291016,34.369998931884766,34.459999084472656,227060900.0,1923.699951171875,1923.699951171875,1928.300048828125,1903.0,1923.0,607.0,7711.39990234375,7711.39990234375,7745.7998046875,7467.39990234375,7478.2001953125,4475113500.0,,,,,
2023-09-15,,,,,,,,,,,,,,,,,,,,,,,,,,,,,,,,,,,,,,,,,,,4.33,13.79,4450.32,1.0673,1.2392
2023-09-16,137.037109375,145.72999572753906,150.25,145.19000244140625,148.16000366210938,36911900.0,25.988428115844727,27.639999389648438,28.969999313354492,27.600000381469727,28.799999237060547,168471900.0,37.69776153564453,40.91999816894531,43.130001068115234,40.86000061035156,42.599998474121094,60438100.0,38.77605438232422,41.22999954223633,43.7400016784668,41.150001525878906,42.9900016784668,79726700.0,32.21320724487305,33.65999984741211,34.959999084472656,33.65999984741211,34.630001068115234,189981200.0,1925.4000244140625,1925.4000244140625,1945.5999755859375,1919.199951171875,1928.199951171875,154.0,7683.89990234375,7683.89990234375,7746.5,7640.7998046875,7711.39990234375,3855789300.0,,,,,
2023-09-22,,,,,,,,,,,,,,,,,,,,,,,,,,,,,,,,,,,,,,,,,,,4.44,17.2,4320.06,1.066,1.2257
2023-09-23,136.36949157714844,145.02000427246094,148.8699951171875,143.6999969482422,145.35000610351562,42016800.0,25.743961334228516,27.3799991607666,27.989999771118164,27.010000228881836,27.5,190663100.0,37.8912353515625,41.130001068115234,41.88999938964844,39.939998626708984,40.75,79062600.0,38.428070068359375,40.86000061035156,41.619998931884766,40.36000061035156,40.880001068115234,63238000.0,31.88616180419922,33.16999816894531,33.7599983215332,32.95000076293945,33.59000015258789,252166600.0,1848.0999755859375,1848.0999755859375,1916.5999755859375,1846.0,1916.5999755859375,18785.0,7608.10009765625,7608.10009765625,7684.7998046875,7524.10009765625,7683.89990234375,3076327900.0,,,,,
2023-09-29,,,,,,,,,,,,,,,,,,,,,,,,,,,,,,,,,,,,,,,,,,,4.59,17.52,4288.05,1.0584,1.2214
2023-09-30,136.44468688964844,145.10000610351562,145.8800048828125,140.8300018310547,144.8300018310547,45577200.0,24.512239456176758,26.06999969482422,27.360000610351562,25.469999313354492,27.270000457763672,275450900.0,37.375328063964844,40.56999969482422,41.04999923706055,39.13999938964844,40.9900016784668,94618400.0,37.32770538330078,39.689998626708984,40.7599983215332,38.38999938964844,40.70000076293945,74495800.0,31.76119613647461,33.040000915527344,33.22999954223633,32.209999084472656,33.060001373291016,237874000.0,1830.199951171875,1830.199951171875,1845.9000244140625,1809.4000244140625,1844.0999755859375,3759.0,7494.60009765625,7494.60009765625,7630.39990234375,7384.2001953125,7608.10009765625,3425044600.0,,,,,
2023-10-06,,,,,,,,,,,,,,,,,,,,,,,,,,,,,,,,,,,,,,,,,,,4.78,17.45,4308.5,1.0596,1.2255
2023-10-07,140.19863891601562,148.0,153.11000061035156,143.5,143.66000366210938,66863300.0,25.161012649536133,26.760000228881836,27.719999313354492,25.719999313354492,25.760000228881836,229761500.0,38.16761016845703,41.43000030517578,43.31999969482422,39.95000076293945,40.18000030517578,96721100.0,38.52212142944336,40.959999084472656,41.63999938964844,39.099998474121094,39.11000061035156,84318200.0,31.924617767333984,33.209999084472656,33.65999984741211,32.709999084472656,32.7400016784668,237091400.0,1927.4000244140625,1927.4000244140625,1930.0999755859375,1842.5,1842.5,622.0,7599.60009765625,7599.60009765625,7687.89990234375,7473.2001953125,7494.60009765625,3324456300.0,,,,,
2023-10-13,,,,,,,,,,,,,,,,,,,,,,,,,,,,,,,,,,,,,,,,,,,4.63,19.32,4327.78,1.0502,1.2139
2023-10-14,135.41482543945312,142.9499969482422,149.52000427246094,142.1199951171875,149.4499969482422,58243000.0,24.73790168762207,26.309999465942383,28.040000915527344,26.239999771118164,27.15999984741211,341202200.0,36.555416107177734,39.68000030517578,42.0,39.560001373291016,41.95000076293945,107414700.0,37.8731803894043,40.27000045776367,42.369998931884766,39.939998626708984,41.470001220703125,85073700.0,30.953710556030273,32.20000076293945,33.939998626708984,32.16999816894531,33.459999084472656,261034100.0,1982.5,1982.5,1988.5999755859375,1910.300048828125,1910.4000244140625,2725.0,7402.10009765625,7402.10009765625,7682.60009765625,7395.60009765625,7599.60009765625,3400323400.0,,,,,
2023-10-20,,,,,,,,,,,,,,,,,,,,,,,,,,,,,,,,,,,,,,,,,,,4.93,21.71,4224.16,1.0592,1.2153
2023-10-21,128.53753662109375,135.69000244140625,143.67999267578125,135.19000244140625,142.94000244140625,53801500.0,23.666017532348633,25.170000076293945,26.360000610351562,24.959999084472656,26.1299991607666,286985600.0,35.22880554199219,38.2400016784668,39.75,38.16999816894531,39.58000183105469,99848900.0,36.45305633544922,38.7599983215332,40.380001068115234,38.58000183105469,40.2599983215332,71795700.0,30.232742309570312,31.450000762939453,32.369998931884766,31.360000610351562,32.130001068115234,280082200.0,1988.5999755859375,1988.5999755859375,1988.5999755859375,1970.300048828125,1976.199951171875,1127.0,7291.2998046875,7291.2998046875,7428.10009765625,7279.89990234375,7402.10009765625,3323150200.0,,,,,
2023-10-27,,,,,,,,,,,,,,,,,,,,,,,,,,,,,,,,,,,,,,,,,,,4.84,21.27,4117.37,1.0592,1.2151
2023-10-28,135.4622039794922,143.0,143.77000427246094,136.0399932861328,136.44000244140625,48684900.0,26.72182273864746,28.420000076293945,28.93000030517578,25.280000686645508,25.31999969482422,261936800.0,38.9322509765625,42.2599983215332,42.470001220703125,38.40999984741211,38.54999923706055,97732900.0,39.1428337097168,41.619998931884766,41.86000061035156,38.689998626708984,39.099998474121094,82057400.0,32.47256088256836,33.779998779296875,33.939998626708984,31.59000015258789,31.670000076293945,248010600.0,1991.5,1991.5,2004.0999755859375,1977.800048828125,2004.0999755859375,333.0,7417.7001953125,7417.7001953125,7482.7001953125,7291.2998046875,7291.2998046875,4313763600.0,,,,,
2023-11-03,,,,,,,,,,,,,,,,,,,,,,,,,,,,,,,,,,,,,,,,,,,4.57,14.91,4358.34,1.0733,1.2374
2023-11-04,138.7113800048828,146.42999267578125,146.47999572753906,142.7899932861328,143.1699981689453,37517000.0,26.02604103088379,27.68000030517578,28.770000457763672,27.34000015258789,28.559999465942383,175652300.0,39.26976013183594,42.08000183105469,42.369998931884766,41.290000915527344,42.369998931884766,78109600.0,38.79911804199219,40.88999938964844,41.790000915527344,40.27000045776367,41.790000915527344,77077300.0,32.59752655029297,33.90999984741211,33.939998626708984,33.459999084472656,33.869998931884766,167690200.0,1932.5999755859375,1932.5999755859375,1981.5999755859375,1932.5999755859375,1981.5999755859375,578.0,7360.60009765625,7360.60009765625,7465.2998046875,7320.0,7417.7001953125,3556014300.0,,,,,
2023-11-10,,,,,,,,,,,,,,,,,,,,,,,,,,,,,,,,,,,,,,,,,,,4.61,14.17,4415.24,1.071,1.2279
2023-11-11,144.76458740234375,152.82000732421875,152.86000061035156,145.16000366210938,145.6999969482422,40907900.0,28.1886043548584,29.979999542236328,30.0,27.420000076293945,27.540000915527344,217613100.0,42.330711364746094,45.36000061035156,45.38999938964844,41.93000030517578,41.959999084472656,91763400.0,40.763275146484375,42.959999084472656,43.029998779296875,40.529998779296875,40.7400016784668,80436600.0,33.65495300292969,35.0099983215332,35.02000045776367,33.7400016784668,33.790000915527344,182182400.0,1981.5999755859375,1981.5999755859375,1984.0,1934.0,1939.9000244140625,270.0,7504.2998046875,7504.2998046875,7533.7998046875,7360.60009765625,7360.60009765625,3793487200.0,,,,,
2023-11-17,,,,,,,,,,,,,,,,,,,,,,,,,,,,,,,,,,,,,,,,,,,4.44,13.8,4514.02,1.0879,1.243
2023-11-18,145.4466094970703,153.5399932861328,154.44000244140625,151.9199981689453,152.0800018310547,22773900.0,27.95354461669922,29.729999542236328,30.25,29.479999542236328,29.979999542236328,145633600.0,42.20939636230469,45.22999954223633,45.7400016784668,44.70000076293945,45.279998779296875,49519200.0,40.72531509399414,42.91999816894531,43.11000061035156,42.150001525878906,42.86000061035156,43596900.0,34.0106315612793,35.380001068115234,35.439998626708984,34.88999938964844,34.959999084472656,110458800.0,2002.199951171875,2002.199951171875,2005.5,1969.699951171875,1978.699951171875,6336.0,7488.2001953125,7488.2001953125,7506.0,7446.7001953125,7504.2998046875,2778393600.0,,,,,
2023-11-24,,,,,,,,,,,,,,,,,,,,,,,,,,,,,,,,,,,,,,,,,,,4.47,12.46,4559.34,1.0934,1.2601
2023-11-25,148.57264709472656,156.83999633789062,157.86000061035156,152.7100067138672,153.42999267578125,40753700.0,29.110048294067383,30.959999084472656,31.049999237060547,29.31999969482422,29.600000381469727,228381200.0,44.07582473754883,47.22999954223633,47.2599983215332,44.560001373291016,44.959999084472656,79074400.0,42.717933654785156,45.02000045776367,45.2400016784668,42.52000045776367,42.63999938964844,89157500.0,34.770050048828125,36.16999816894531,36.209999084472656,35.15999984741211,35.25,199599700.0,2071.0,2071.0,2073.199951171875,2011.699951171875,2011.699951171875,193303.0,7529.39990234375,7529.39990234375,7538.7001953125,7387.10009765625,7488.2001953125,3368687200.0,,,,,
2023-12-01,,,,,,,,,,,,,,,,,,,,,,,,,,,,,,,,,,,,,,,,,,,4.22,12.63,4594.63,1.0878,1.2682
2023-12-02,150.16409301757812,158.52000427246094,159.22000122070312,155.8800048828125,156.02000427246094,43609400.0,29.34238624572754,30.959999084472656,31.520000457763672,30.329999923706055,30.530000686645508,200831400.0,45.62496566772461,48.88999938964844,49.16999816894531,46.40999984741211,46.790000915527344,100555900.0,43.742706298828125,46.099998474121094,46.34000015258789,44.40999984741211,44.709999084472656,85905700.0,34.731605529785156,36.130001068115234,36.279998779296875,35.720001220703125,35.959999084472656,175757600.0,1998.300048828125,1998.300048828125,2130.199951171875,1995.0,2075.300048828125,2293.0,7554.5,7554.5,7581.2998046875,7460.2001953125,7529.39990234375,4705435400.0,,,,,
2023-12-08,,,,,,,,,,,,,,,,,,,,,,,,,,,,,,,,,,,,,,,,,,,4.23,12.35,4604.37,1.0746,1.2539
2023-12-09,156.52041625976562,165.22999572753906,165.27999877929688,158.14999389648438,158.52000427246094,64648300.0,31.844449996948242,33.599998474121094,34.06999969482422,30.450000762939453,30.920000076293945,318093600.0,46.50218963623047,49.83000183105469,51.54999923706055,47.709999084472656,48.75,141435100.0,47.73744201660156,50.310001373291016,50.77000045776367,45.56999969482422,45.900001525878906,152667700.0,35.90437698364258,37.349998474121094,37.709999084472656,36.13999938964844,36.13999938964844,261512300.0,2021.0999755859375,2021.0999755859375,2043.4000244140625,1975.0,2004.0999755859375,3495.0,7576.39990234375,7576.39990234375,7724.7998046875,7493.60009765625,7554.5,5845691500.0,,,,,
2023-12-15,,,,,,,,,,,,,,,,,,,,,,,,,,,,,,,,,,,,,,,,,,,3.91,12.28,4719.19,1.0906,1.2709
2023-12-16,158.57598876953125,167.39999389648438,169.41000366210938,165.5500030517578,165.9199981689453,43728000.0,31.683332443237305,33.43000030517578,33.790000915527344,32.79999923706055,33.709999084472656,199532500.0,47.463401794433594,50.86000061035156,51.310001373291016,49.16999816894531,50.15999984741211,86014600.0,46.665218353271484,49.18000030517578,50.56999969482422,49.09000015258789,50.40999984741211,83147700.0,35.89476776123047,37.34000015258789,37.58000183105469,36.900001525878906,37.349998474121094,186782300.0,2057.10009765625,2057.10009765625,2068.699951171875,2024.0,2024.300048828125,1286.0,7697.5,7697.5,7762.89990234375,7557.2001953125,7576.39990234375,3585854300.0,,,,,
2023-12-22,,,,,,,,,,,,,,,,,,,,,,,,,,,,,,,,,,,,,,,,,,,3.9,13.03,4754.63,1.1008,1.272
2023-12-23,161.13372802734375,170.10000610351562,170.69000244140625,167.17999267578125,167.4600067138672,23867400.0,31.91079330444336,33.66999816894531,33.9900016784668,33.369998931884766,33.45000076293945,99204300.0,48.004661560058594,51.439998626708984,51.79999923706055,50.790000915527344,50.880001068115234,44770700.0,46.70317459106445,49.220001220703125,49.66999816894531,49.029998779296875,49.15999984741211,42999500.0,36.32365036010742,37.599998474121094,37.79999923706055,37.310001373291016,37.369998931884766,106004700.0,2062.39990234375,2062.39990234375,2087.300048828125,2054.199951171875,2060.0,1035.0,7733.2001953125,7733.2001953125,7759.7001953125,7697.5,7697.5,995591000.0,,,,,
2023-12-29,,,,,,,,,,,,,,,,,,,,,,,,,,,,,,,,,,,,,,,,,,,3.88,12.45,4769.83,1.1062,1.2743
2023-12-30,163.18931579589844,172.27000427246094,173.3800048828125,168.91000366210938,169.08999633789062,41868200.0,32.63108444213867,34.43000030517578,34.689998626708984,33.2400016784668,33.38999938964844,171734300.0,50.70166778564453,54.33000183105469,54.75,51.189998626708984,51.29999923706055,97179000.0,47.36737823486328,49.91999816894531,50.470001220703125,48.31999969482422,49.04999923706055,67561900.0,36.46855545043945,37.75,37.95000076293945,37.380001068115234,37.5,160017400.0,2042.4000244140625,2042.4000244140625,2073.699951171875,2034.199951171875,2063.5,215.0,7689.60009765625,7689.60009765625,7764.39990234375,7642.89990234375,7733.2001953125,3200416400.0,,,,,
2024-01-05,,,,,,,,,,,,,,,,,,,,,,,,,,,,,,,,,,,,,,,,,,,4.05,13.35,4697.24,1.0957,1.274
2024-01-06,161.1265411376953,169.0500030517578,176.30999755859375,168.63999938964844,172.02000427246094,62179700.0,31.086252212524414,32.79999923706055,34.29999923706055,31.959999084472656,34.29999923706055,237561600.0,49.10586929321289,52.619998931884766,54.09000015258789,51.2599983215332,53.9900016784668,114482000.0,44.97624206542969,47.400001525878906,49.9900016784668,47.0,49.380001068115234,92098000.0,36.32365036010742,37.599998474121094,38.0099983215332,37.369998931884766,37.7599983215332,202909300.0,2046.699951171875,2046.699951171875,2057.0,2014.300048828125,2019.0999755859375,1062.0,7624.89990234375,7624.89990234375,7717.5,7576.60009765625,7689.60009765625,4528586900.0,,,,,
2024-01-12,,,,,,,,,,,,,,,,,,,,,,,,,,,,,,,,,,,,,,,,,,,3.96,12.7,4783.83,1.0959,1.2746
2024-01-13,162.3274383544922,170.30999755859375,170.57000732421875,164.3000030517578,164.8699951171875,50811900.0,30.53656005859375,32.220001220703125,32.5099983215332,31.270000457763672,32.40999984741211,192210100.0,48.07932662963867,51.52000045776367,52.220001220703125,50.5099983215332,51.779998779296875,72602000.0,45.659420013427734,48.119998931884766,48.18000030517578,46.119998931884766,46.77000045776367,86163700.0,36.642452239990234,37.93000030517578,37.97999954223633,36.95000076293945,37.279998779296875,184240600.0,2026.5,2026.5,2054.800048828125,2002.5999755859375,2051.699951171875,2724.0,7461.89990234375,7461.89990234375,7637.7998046875,7404.10009765625,7624.89990234375,4833114000.0,,,,,
2024-01-19,,,,,,,,,,,,,,,,,,,,,,,,,,,,,,,,,,,,,,,,,,,4.15,13.3,4839.81,1.0887,1.2677
2024-01-20,164.2051239013672,172.27999877929688,173.05999755859375,168.44000244140625,170.4600067138672,47481900.0,31.683332443237305,33.43000030517578,33.66999816894531,32.31999969482422,32.36000061035156,187354500.0,50.08573913574219,53.66999816894531,53.9900016784668,51.95000076293945,51.9900016784668,78613100.0,47.74692153930664,50.31999969482422,50.5,48.15999984741211,48.22999954223633,90761000.0,37.338008880615234,38.650001525878906,38.720001220703125,38.0099983215332,38.09000015258789,231373800.0,2016.800048828125,2016.800048828125,2033.199951171875,2012.0999755859375,2021.300048828125,877.0,7635.10009765625,7635.10009765625,7651.7998046875,7456.0,7461.89990234375,4487706600.0,,,,,
2024-01-26,,,,,,,,,,,,,,,,,,,,,,,,,,,,,,,,,,,,,,,,,,,4.15,13.26,4890.97,1.0866,1.272
2024-01-27,166.540283203125,174.72999572753906,178.3000030517578,171.3000030517578,172.24000549316406,47277500.0,31.72124671936035,33.470001220703125,35.099998474121094,32.93000030517578,33.400001525878906,242801800.0,51.83085632324219,55.540000915527344,57.95000076293945,53.439998626708984,53.470001220703125,121674000.0,46.646240234375,49.15999984741211,51.439998626708984,47.880001068115234,50.15999984741211,98751500.0,37.656803131103516,38.97999954223633,39.45000076293945,38.25,38.529998779296875,278409800.0,2036.0999755859375,2036.0999755859375,2064.5,2025.199951171875,2025.199951171875,181457.0,7615.5,7615.5,7689.7001953125,7607.89990234375,7635.10009765625,4132465900.0,,,,,
2024-02-02,,,,,,,,,,,,,,,,,,,,,,,,,,,,,,,,,,,,,,,,,,,4.03,13.85,4958.61,1.0787,1.2627
2024-02-03,166.8071746826172,175.00999450683594,175.8699951171875,172.9199981689453,173.86000061035156,34167500.0,31.342147827148438,33.06999969482422,33.36000061035156,32.630001068115234,33.11000061035156,173449300.0,50.86525344848633,53.9900016784668,55.13999938964844,53.529998779296875,54.939998626708984,71922100.0,45.922794342041016,48.060001373291016,49.119998931884766,47.45000076293945,48.61000061035156,71402100.0,37.75341796875,39.08000183105469,39.16999816894531,38.58000183105469,38.7599983215332,215437600.0,2023.300048828125,2023.300048828125,2040.800048828125,2013.800048828125,2038.9000244140625,1135.0,7572.60009765625,7572.60009765625,7694.89990234375,7557.39990234375,7615.5,5636080300.0,,,,,
2024-02-09,,,,,,,,,,,,,,,,,,,,,,,,,,,,,,,,,,,,,,,,,,,4.17,12.93,5026.61,1.0782,1.2628
2024-02-10,170.63876342773438,179.02999877929688,180.2100067138672,172.6199951171875,174.77999877929688,40869600.0,32.3088493347168,34.09000015258789,34.2400016784668,32.349998474121094,33.0,180769600.0,51.67547607421875,54.849998474121094,55.47999954223633,52.2400016784668,53.56999969482422,78118800.0,49.60158920288086,51.90999984741211,52.45000076293945,47.59000015258789,48.0,111278700.0,38.28474807739258,39.630001068115234,39.849998474121094,38.41999816894531,39.08000183105469,257631400.0,2011.5,2011.5,2025.800048828125,1984.800048828125,2025.5,2749.0,7711.7001953125,7711.7001953125,7720.7001953125,7493.0,7572.60009765625,5162666300.0,,,,,
2024-02-16,,,,,,,,,,,,,,,,,,,,,,,,,,,,,,,,,,,,,,,,,,,4.3,14.24,5005.57,1.0769,1.259
2024-02-17,175.3662872314453,183.99000549316406,185.1999969482422,178.41000366210938,179.19000244140625,33094300.0,32.14773178100586,33.91999816894531,34.09000015258789,33.16999816894531,33.779998779296875,141562900.0,52.69297790527344,55.93000030517578,56.470001220703125,54.36000061035156,54.58000183105469,50428800.0,51.464874267578125,53.86000061035156,54.02000045776367,51.130001068115234,51.5,79733000.0,38.93199920654297,40.29999923706055,40.470001220703125,39.31999969482422,39.349998474121094,177573300.0,2038.5999755859375,2038.5999755859375,2038.5999755859375,2014.9000244140625,2015.5999755859375,2359.0,7706.2998046875,7706.2998046875,7748.7001953125,7642.7998046875,7711.7001953125,5270539300.0,,,,,
2024-02-23,,,,,,,,,,,,,,,,,,,,,,,,,,,,,,,,,,,,,,,,,,,4.26,13.75,5088.8,1.0828,1.2678
2024-02-24,176.6053466796875,185.2899932861328,186.44000244140625,182.24000549316406,183.75,34948900.0,32.555259704589844,34.349998474121094,34.650001525878906,33.529998779296875,33.790000915527344,193509800.0,52.382080078125,55.599998474121094,56.5099983215332,54.63999938964844,55.959999084472656,73461500.0,52.611515045166016,55.060001373291016,55.75,53.68000030517578,53.75,103789900.0,38.922340393066406,40.290000915527344,40.54999923706055,39.939998626708984,40.2599983215332,199434900.0,2086.89990234375,2086.89990234375,2086.89990234375,2024.800048828125,2034.0999755859375,3604.0,7682.5,7682.5,7710.7998046875,7620.39990234375,7706.2998046875,6903926500.0,,,,,
2024-03-01,,,,,,,,,,,,,,,,,,,,,,,,,,,,,,,,,,,,,,,,,,,4.19,13.11,5137.08,1.0832,1.2652
2024-03-02,179.3980255126953,188.22000122070312,190.5,184.27000427246094,184.7100067138672,35044800.0,33.97763442993164,35.599998474121094,36.130001068115234,34.25,34.290000915527344,224548300.0,54.18153381347656,57.5099983215332,58.38999938964844,55.290000915527344,55.40999984741211,79561900.0,54.53211975097656,57.06999969482422,57.68000030517578,54.72999954223633,54.869998931884766,102677000.0,39.24113845825195,40.619998931884766,40.84000015258789,40.209999084472656,40.220001220703125,245414600.0,2178.60009765625,2178.60009765625,2194.89990234375,2080.699951171875,2083.60009765625,2946.0,7659.7001953125,7659.7001953125,7711.7998046875,7598.5,7682.5,5771966000.0,,,,,
2024-03-08,,,,,,,,,,,,,,,,,,,,,,,,,,,,,,,,,,,,,,,,,,,4.09,14.74,5123.69,1.0941,1.2852
2024-03-09,181.3804931640625,190.3000030517578,191.72999572753906,186.22000122070312,187.27999877929688,46791600.0,33.796295166015625,35.40999984741211,36.45000076293945,35.2400016784668,35.38999938964844,211506000.0,54.27574920654297,57.61000061035156,58.66999816894531,56.45000076293945,57.150001525878906,78111600.0,54.952552795410156,57.5099983215332,58.439998626708984,56.52000045776367,56.779998779296875,123323600.0,39.40536880493164,40.790000915527344,41.25,40.400001525878906,40.470001220703125,266035200.0,2157.300048828125,2157.300048828125,2184.0,2157.300048828125,2181.0,1923.0,7727.39990234375,7727.39990234375,7785.7001953125,7612.60009765625,7659.7001953125,7463309300.0,,,,,
2024-03-15,,,,,,,,,,,,,,,,,,,,,,,,,,,,,,,,,,,,,,,,,,,4.31,14.41,5117.09,1.0888,1.2742
2024-03-16,187.404296875,196.6199951171875,200.47999572753906,189.88999938964844,190.6300048828125,46172100.0,35.361549377441406,37.04999923706055,37.61000061035156,35.38999938964844,35.65999984741211,209471300.0,57.299964904785156,60.81999969482422,61.66999816894531,57.560001373291016,57.849998474121094,81818700.0,54.589454650878906,57.130001068115234,58.119998931884766,56.279998779296875,57.599998474121094,85601200.0,40.013980865478516,41.41999816894531,42.040000915527344,40.58000183105469,40.779998779296875,209386400.0,2158.10009765625,2158.10009765625,2211.60009765625,2146.199951171875,2146.199951171875,132.0,7930.89990234375,7930.89990234375,7961.39990234375,7699.60009765625,7727.39990234375,5560632500.0,,,,,
2024-03-22,,,,,,,,,,,,,,,,,,,,,,,,,,,,,,,,,,,,,,,,,,,4.22,13.06,5234.18,1.0817,1.2603
2024-03-23,190.91183471679688,200.3000030517578,200.72000122070312,194.05999755859375,196.60000610351562,31935600.0,36.191898345947266,37.91999816894531,38.0,36.79999923706055,37.099998474121094,142766300.0,59.57990264892578,63.2400016784668,63.369998931884766,60.58000183105469,60.88999938964844,65684100.0,55.38254165649414,57.959999084472656,58.08000183105469,56.369998931884766,57.08000183105469,54855900.0,40.84341812133789,42.119998931884766,42.220001220703125,41.2599983215332,41.38999938964844,140080000.0,2217.39990234375,2217.39990234375,2234.10009765625,2166.199951171875,2166.199951171875,235692.0,7952.60009765625,7952.60009765625,7975.39990234375,7891.7001953125,7930.89990234375,4418252800.0,,,,,
2024-03-29,,,,,,,,,,,,,,,,,,,,,,,,,,,,,,,,,,,,,,,,,,,4.2,13.01,5254.35,1.0791,1.2637
2024-03-30,188.19541931152344,197.4499969482422,200.94000244140625,195.11000061035156,199.99000549316406,39453200.0,35.418819427490234,37.11000061035156,38.349998474121094,36.72999954223633,37.939998626708984,175765000.0,58.03481674194336,61.599998474121094,63.900001525878906,60.41999816894531,63.599998474121094,74453200.0,54.84745407104492,57.400001525878906,58.0,56.540000915527344,57.880001068115234,62341800.0,40.31008529663086,41.56999969482422,42.20000076293945,41.130001068115234,42.15999984741211,213811200.0,2325.699951171875,2325.699951171875,2328.39990234375,2230.0,2235.699951171875,1715.0,7911.2001953125,7911.2001953125,8015.60009765625,7882.7001953125,7952.60009765625,4348130900.0,,,,,
2024-04-05,,,,,,,,,,,,,,,,,,,,,,,,,,,,,,,,,,,,,,,,,,,4.39,16.03,5204.34,1.0841,1.2633
2024-04-06,175.23875427246094,182.7899932861328,198.97999572753906,182.5399932861328,197.6199951171875,64703900.0,34.15896987915039,35.790000915527344,37.77000045776367,35.529998779296875,37.20000076293945,183778400.0,56.2259407043457,59.68000030517578,62.599998474121094,58.75,61.66999816894531,85841300.0,53.958805084228516,56.470001220703125,57.9900016784668,55.34000015258789,57.380001068115234,89300100.0,38.845855712890625,40.060001373291016,41.880001068115234,39.90999984741211,41.58000183105469,284717700.0,2356.199951171875,2356.199951171875,2429.0,2319.0,2325.60009765625,1657.0,7995.60009765625,7995.60009765625,8045.0,7886.89990234375,7911.2001953125,5191615400.0,,,,,
2024-04-12,,,,,,,,,,,,,,,,,,,,,,,,,,,,,,,,,,,,,,,,,,,4.5,17.31,5123.41,1.0647,1.2457
2024-04-13,178.12445068359375,185.8000030517578,187.4600067138672,179.1999969482422,184.5,63195500.0,35.28519821166992,36.970001220703125,37.119998931884766,34.150001525878906,36.33000183105469,306689400.0,55.717193603515625,59.13999938964844,60.90999984741211,56.7400016784668,60.18000030517578,84107900.0,57.666263580322266,60.349998474121094,60.849998474121094,55.65999984741211,57.61000061035156,122698000.0,39.156158447265625,40.380001068115234,40.7400016784668,39.529998779296875,40.58000183105469,284520800.0,2398.39990234375,2398.39990234375,2399.800048828125,2326.0,2362.10009765625,2167.0,7895.89990234375,7895.89990234375,8009.5,7793.89990234375,7995.60009765625,5023319400.0,,,,,
2024-04-19,,,,,,,,,,,,,,,,,,,,,,,,,,,,,,,,,,,,,,,,,,,4.62,18.71,4967.23,1.0655,1.2397
2024-04-20,185.49676513671875,193.49000549316406,194.8699951171875,185.97999572753906,185.99000549316406,43855000.0,36.10600280761719,37.83000183105469,38.4900016784668,36.869998931884766,37.0,181502700.0,59.03347396850586,62.65999984741211,63.22999954223633,59.20000076293945,59.439998626708984,71767100.0,57.24583053588867,59.90999984741211,61.7599983215332,59.380001068115234,60.400001525878906,106004600.0,39.58282470703125,40.81999969482422,41.22999954223633,40.43000030517578,40.599998474121094,207309900.0,2334.800048828125,2334.800048828125,2383.300048828125,2294.199951171875,2383.300048828125,2060.0,8139.7998046875,8139.7998046875,8146.7998046875,7895.89990234375,7895.89990234375,5717356300.0,,,,,
2024-04-26,,,,,,,,,,,,,,,,,,,,,,,,,,,,,,,,,,,,,,,,,,,4.67,15.03,5099.96,1.0686,1.2474
2024-04-27,182.6398468017578,190.50999450683594,194.99000549316406,188.4600067138672,193.47999572753906,36411300.0,35.55244064331055,37.25,38.060001373291016,36.650001525878906,37.84000015258789,157937600.0,57.959449768066406,61.52000045776367,63.36000061035156,60.880001068115234,62.7400016784668,58448500.0,57.274497985839844,59.939998626708984,60.29999923706055,59.119998931884766,59.86000061035156,82339500.0,39.32100296020508,40.54999923706055,40.9900016784668,40.16999816894531,40.810001373291016,207893000.0,2299.0,2299.0,2345.5,2277.60009765625,2334.800048828125,810.0,8213.5,8213.5,8248.7001953125,8111.39990234375,8139.7998046875,3768725000.0,,,,,
2024-05-03,,,,,,,,,,,,,,,,,,,,,,,,,,,,,,,,,,,,,,,,,,,4.5,13.49,5127.79,1.077,1.255
2024-05-04,190.5586395263672,198.77000427246094,199.33999633789062,189.82000732421875,191.72999572753906,40334600.0,36.697750091552734,38.45000076293945,38.779998779296875,37.36000061035156,37.65999984741211,144559600.0,60.37306594848633,63.529998779296875,63.91999816894531,61.5099983215332,62.060001373291016,54411800.0,59.137779235839844,61.88999938964844,61.970001220703125,59.84000015258789,60.470001220703125,79879200.0,40.56221389770508,41.83000183105469,41.90999984741211,40.77000045776367,40.86000061035156,179229300.0,2367.300048828125,2367.300048828125,2367.300048828125,2310.699951171875,2322.800048828125,169.0,8433.7998046875,8433.7998046875,8455.7998046875,8213.5,8213.5,4270147000.0,,,,,
2024-05-10,,,,,,,,,,,,,,,,,,,,,,,,,,,,,,,,,,,,,,,,,,,4.5,12.55,5222.68,1.0773,1.2528
2024-05-11,196.3299102783203,204.7899932861328,205.0500030517578,198.0399932861328,198.8000030517578,41773800.0,37.49946975708008,39.290000915527344,39.4900016784668,38.18000030517578,38.619998931884766,143831300.0,60.88623046875,64.06999969482422,64.55000305175781,63.22999954223633,63.619998931884766,44502300.0,58.69933319091797,61.08000183105469,62.54999923706055,60.88999938964844,61.959999084472656,84092600.0,41.20220947265625,42.4900016784668,42.4900016784668,41.65999984741211,41.95000076293945,162192600.0,2412.199951171875,2412.199951171875,2415.800048828125,2336.0,2358.300048828125,269.0,8420.2998046875,8420.2998046875,8474.400390625,8401.400390625,8433.7998046875,5172352800.0,,,,,
2024-05-17,,,,,,,,,,,,,,,,,,,,,,,,,,,,,,,,,,,,,,,,,,,4.42,11.99,5303.27,1.0869,1.2703
2024-05-18,192.4185028076172,200.7100067138672,205.8800048828125,195.39999389648438,204.38999938964844,56645000.0,37.890785217285156,39.70000076293945,39.84000015258789,38.77000045776367,39.2599983215332,164206800.0,60.42058563232422,63.58000183105469,64.9800033569336,62.5,64.06999969482422,52804200.0,57.863243103027344,60.209999084472656,61.790000915527344,59.36000061035156,60.97999954223633,66760700.0,40.348873138427734,41.61000061035156,42.459999084472656,41.20000076293945,42.400001525878906,183039900.0,2332.5,2332.5,2435.800048828125,2332.5,2415.800048828125,616.0,8317.599609375,8317.599609375,8451.599609375,8263.7998046875,8420.2998046875,5035208300.0,,,,,
2024-05-24,,,,,,,,,,,,,,,,,,,,,,,,,,,,,,,,,,,,,,,,,,,4.46,11.93,5304.72,1.0852,1.2746
2024-05-25,194.25918579101562,202.6300048828125,203.3000030517578,196.88999938964844,199.86000061035156,34277200.0,38.16757583618164,39.9900016784668,40.08000183105469,37.59000015258789,39.650001525878906,167072900.0,59.21369552612305,62.310001373291016,63.56999969482422,61.20000076293945,63.22999954223633,43041700.0,57.58454132080078,59.91999816894531,60.18000030517578,58.41999816894531,59.970001220703125,63078700.0,40.377967834472656,41.63999938964844,41.68000030517578,40.70000076293945,41.52000045776367,143058400.0,2322.89990234375,2322.89990234375,2359.699951171875,2319.0,2336.89990234375,152871.0,8275.400390625,8275.400390625,8335.5,8148.5,8317.599609375,5434254200.0,,,,,
2024-05-31,,,,,,,,,,,,,,,,,,,,,,,,,,,,,,,,,,,,,,,,,,,4.51,12.92,5277.51,1.0846,1.2738
2024-06-01,191.68988037109375,199.9499969482422,202.4199981689453,195.3300018310547,202.30999755859375,36249000.0,37.96714401245117,39.779998779296875,40.189998626708984,39.279998779296875,40.040000915527344,157618200.0,58.710025787353516,61.779998779296875,63.0,60.7599983215332,62.91999816894531,47377500.0,56.08535385131836,58.36000061035156,60.20000076293945,57.5,60.20000076293945,69980400.0,40.22282028198242,41.47999954223633,41.709999084472656,41.0,41.630001068115234,170572200.0,2305.199951171875,2305.199951171875,2385.10009765625,2285.39990234375,2322.60009765625,2414.0,8245.400390625,8245.400390625,8371.7001953125,8200.2998046875,8275.400390625,4739942200.0,,,,,
2024-06-07,,,,,,,,,,,,,,,,,,,,,,,,,,,,,,,,,,,,,,,,,,,4.43,12.22,5346.99,1.0807,1.2727
2024-06-08,185.77476501464844,193.77999877929688,200.83999633789062,190.8800048828125,199.24000549316406,43519200.0,37.679534912109375,39.2400016784668,39.880001068115234,38.459999084472656,39.58000183105469,193136500.0,56.38177490234375,59.33000183105469,61.65999984741211,58.65999984741211,61.25,61536800.0,55.16276931762695,57.400001525878906,58.45000076293945,56.5099983215332,57.900001525878906,80254200.0,39.417972564697266,40.650001525878906,41.369998931884766,40.369998931884766,41.29999923706055,201180800.0,2331.39990234375,2331.39990234375,2338.699951171875,2290.5,2290.60009765625,2318.0,8146.89990234375,8146.89990234375,8261.7001953125,8112.89990234375,8245.400390625,4711748500.0,,,,,
2024-06-14,,,,,,,,,,,,,,,,,,,,,,,,,,,,,,,,,,,,,,,,,,,4.2,12.66,5431.6,1.0699,1.2685
2024-06-15,188.190673828125,196.3000030517578,199.4499969482422,192.63999938964844,193.47999572753906,47451600.0,37.91958999633789,39.4900016784668,40.310001373291016,38.97999954223633,39.09000015258789,158568100.0,57.00897979736328,59.9900016784668,61.630001068115234,58.849998474121094,59.220001220703125,59791000.0,55.83548355102539,58.099998474121094,59.20000076293945,57.06999969482422,57.209999084472656,108626600.0,40.07735824584961,41.33000183105469,41.599998474121094,40.47999954223633,40.54999923706055,160376900.0,2316.39990234375,2316.39990234375,2354.0,2309.60009765625,2320.199951171875,412.0,8237.7001953125,8237.7001953125,8282.7001953125,8120.89990234375,8146.89990234375,5036198400.0,,,,,
2024-06-21,,,,,,,,,,,,,,,,,,,,,,,,,,,,,,,,,,,,,,,,,,,4.25,13.2,5464.62,1.0694,1.2645
2024-06-22,193.9044647216797,202.25999450683594,202.60000610351562,196.27999877929688,197.80999755859375,47628100.0,38.18845748901367,39.77000045776367,40.34000015258789,38.34000015258789,39.77000045776367,187463500.0,60.30654525756836,63.459999084472656,63.58000183105469,59.84000015258789,60.099998474121094,68681200.0,57.07520294189453,59.38999938964844,59.459999084472656,56.33000183105469,58.4900016784668,118257600.0,39.86403274536133,41.11000061035156,41.849998474121094,40.720001220703125,41.34000015258789,185587100.0,2327.699951171875,2327.699951171875,2338.300048828125,2295.0,2323.300048828125,2814.0,8164.10009765625,8164.10009765625,8307.900390625,8162.7001953125,8237.7001953125,4422658500.0,,,,,
2024-06-28,,,,,,,,,,,,,,,,,,,,,,,,,,,,,,,,,,,,,,,,,,,4.36,12.44,5460.48,1.0711,1.264
2024-06-29,196.3299102783203,204.7899932861328,210.3800048828125,202.66000366210938,202.83999633789062,31662700.0,38.803009033203125,40.40999984741211,41.20000076293945,39.66999816894531,39.90999984741211,102986300.0,60.84822082519531,64.02999877929688,65.22000122070312,62.9900016784668,63.650001525878906,40100300.0,57.296241760253906,59.619998931884766,61.18000030517578,59.11000061035156,59.61000061035156,42149000.0,40.440494537353516,41.540000915527344,41.7599983215332,41.029998779296875,41.279998779296875,105698500.0,2388.5,2388.5,2388.5,2321.699951171875,2323.800048828125,398.0,8203.900390625,8203.900390625,8279.7998046875,8106.7998046875,8164.10009765625,3176873100.0,,,,,
2024-07-05,,,,,,,,,,,,,,,,,,,,,,,,,,,,,,,,,,,,,,,,,,,4.28,12.48,5567.19,1.0828,1.2807
2024-07-06,197.5624237060547,204.94000244140625,209.75999450683594,202.10000610351562,205.0399932861328,52195900.0,39.93608093261719,41.59000015258789,41.91999816894531,40.43000030517578,40.599998474121094,152440300.0,61.31386947631836,64.5199966430664,66.98999786376953,63.349998474121094,64.30000305175781,87308100.0,54.33628463745117,56.540000915527344,60.709999084472656,55.599998474121094,59.970001220703125,106706600.0,41.258262634277344,42.380001068115234,42.560001373291016,41.380001068115234,41.599998474121094,174242500.0,2414.0,2414.0,2416.699951171875,2352.800048828125,2381.699951171875,519.0,8252.900390625,8252.900390625,8276.2998046875,8132.5,8203.900390625,3530620100.0,,,,,
2024-07-12,,,,,,,,,,,,,,,,,,,,,,,,,,,,,,,,,,,,,,,,,,,4.18,12.46,5615.35,1.0902,1.2986
2024-07-13,202.22817993164062,209.77999877929688,217.55999755859375,206.72000122070312,207.19000244140625,54360200.0,41.19398880004883,42.900001525878906,44.439998626708984,41.70000076293945,41.849998474121094,270767200.0,61.90306091308594,65.13999938964844,67.80999755859375,63.880001068115234,64.68000030517578,79421400.0,56.921443939208984,59.22999954223633,61.0,57.040000915527344,57.04999923706055,100327500.0,41.71581268310547,42.849998474121094,44.11000061035156,42.5,42.529998779296875,259528900.0,2395.5,2395.5,2473.10009765625,2395.5,2430.0,660.0,8155.7001953125,8155.7001953125,8267.7998046875,8126.10009765625,8252.900390625,3069122300.0,,,,,
2024-07-19,,,,,,,,,,,,,,,,,,,,,,,,,,,,,,,,,,,,,,,,,,,4.25,16.52,5505.0,1.0888,1.2922
2024-07-20,204.5996551513672,212.24000549316406,213.16000366210938,208.0500030517578,210.4600067138672,34771100.0,40.01289749145508,41.66999816894531,42.869998931884766,41.40999984741211,42.63999938964844,209753800.0,61.94107437133789,65.18000030517578,65.6500015258789,63.34000015258789,65.13999938964844,50958400.0,58.036224365234375,60.38999938964844,60.72999954223633,58.540000915527344,59.2599983215332,62002000.0,42.26099395751953,43.40999984741211,43.540000915527344,42.58000183105469,42.95000076293945,178156700.0,2380.0,2380.0,2421.0,2351.89990234375,2402.10009765625,191.0,8285.7001953125,8285.7001953125,8290.2998046875,8056.0,8155.7001953125,3964542300.0,,,,,
2024-07-26,,,,,,,,,,,,,,,,,,,,,,,,,,,,,,,,,,,,,,,,,,,4.2,16.39,5459.1,1.0859,1.2864
2024-07-27,191.97120666503906,199.13999938964844,216.38999938964844,196.88999938964844,212.64999389648438,53416200.0,36.085548400878906,37.58000183105469,41.88999938964844,37.18000030517578,41.779998779296875,268983700.0,55.84009552001953,58.7599983215332,66.2300033569336,58.400001525878906,65.30000305175781,84844700.0,51.18412780761719,53.2599983215332,60.83000183105469,52.79999923706055,60.7400016784668,77421200.0,40.946720123291016,42.060001373291016,44.11000061035156,41.79999923706055,43.5099983215332,230969900.0,2425.699951171875,2425.699951171875,2477.0,2373.800048828125,2377.300048828125,154906.0,8174.7001953125,8174.7001953125,8405.2001953125,8158.0,8285.7001953125,4471768900.0,,,,,
2024-08-02,,,,,,,,,,,,,,,,,,,,,,,,,,,,,,,,,,,,,,,,,,,3.8,23.39,5346.56,1.0914,1.2798
2024-08-03,198.3914794921875,205.8000030517578,206.47000122070312,190.89999389648438,194.0500030517578,47038600.0,36.75770950317383,38.279998779296875,38.59000015258789,35.13999938964844,35.650001525878906,224610700.0,54.9658203125,57.84000015258789,58.459999084472656,53.5099983215332,54.08000183105469,93195900.0,50.703617095947266,52.7599983215332,53.4900016784668,50.150001525878906,51.29999923706055,93570000.0,41.277732849121094,42.400001525878906,42.5099983215332,40.65999984741211,41.13999938964844,274594400.0,2432.10009765625,2432.10009765625,2449.800048828125,2367.39990234375,2442.0,1439.0,8168.10009765625,8168.10009765625,8203.5,7915.89990234375,8174.7001953125,5376638600.0,,,,,
2024-08-09,,,,,,,,,,,,,,,,,,,,,,,,,,,,,,,,,,,,,,,,,,,3.94,20.37,5344.16,1.0925,1.2766
2024-08-10,206.26736450195312,213.97000122070312,214.08999633789062,203.66000366210938,206.41000366210938,35255800.0,37.77555465698242,39.34000015258789,39.68000030517578,38.0099983215332,38.5,144519400.0,58.91034698486328,61.400001525878906,61.52000045776367,57.72999954223633,58.29999923706055,59120200.0,53.57965850830078,55.33000183105469,55.43000030517578,51.68000030517578,52.90999984741211,79299200.0,42.61145782470703,43.77000045776367,43.77000045776367,42.09000015258789,42.47999954223633,134772200.0,2498.60009765625,2498.60009765625,2508.0,2431.199951171875,2432.699951171875,1832.0,8311.400390625,8311.400390625,8367.0,8168.10009765625,8168.10009765625,4178356900.0,,,,,
2024-08-16,,,,,,,,,,,,,,,,,,,,,,,,,,,,,,,,,,,,,,,,,,,3.89,14.8,5554.25,1.0996,1.2906
2024-08-17,210.4511260986328,218.30999755859375,219.19000244140625,212.83999633789062,214.0,29394200.0,38.18845748901367,39.77000045776367,40.16999816894531,38.34000015258789,39.47999954223633,186499000.0,59.62034225463867,62.13999938964844,62.459999084472656,59.880001068115234,61.5,53106900.0,54.90631866455078,56.70000076293945,57.400001525878906,55.20000076293945,55.349998474121094,71775500.0,43.25400161743164,44.43000030517578,44.540000915527344,43.56999969482422,43.779998779296875,121494300.0,2508.39990234375,2508.39990234375,2527.300048828125,2471.10009765625,2508.5,675.0,8327.7998046875,8327.7998046875,8374.0,8263.0,8311.400390625,3368012900.0,,,,,
2024-08-23,,,,,,,,,,,,,,,,,,,,,,,,,,,,,,,,,,,,,,,,,,,3.81,15.86,5634.61,1.1176,1.3197
2024-08-24,216.70748901367188,224.8000030517578,225.47999572753906,218.0500030517578,219.00999450683594,31787000.0,39.12948989868164,40.75,40.86000061035156,39.33000183105469,40.0,201592900.0,60.100067138671875,62.63999938964844,62.70000076293945,61.150001525878906,62.36000061035156,43546400.0,56.62033462524414,58.470001220703125,58.58000183105469,56.029998779296875,57.02000045776367,58683100.0,44.529327392578125,45.7400016784668,45.779998779296875,44.470001220703125,44.58000183105469,132720300.0,2493.800048828125,2493.800048828125,2525.699951171875,2493.800048828125,2509.89990234375,6917.0,8376.599609375,8376.599609375,8414.400390625,8322.2998046875,8327.7998046875,3105396500.0,,,,,
2024-08-30,,,,,,,,,,,,,,,,,,,,,,,,,,,,,,,,,,,,,,,,,,,3.91,15.0,5648.4,1.106,1.3132
2024-08-31,204.8117218017578,212.4600067138672,224.10000610351562,211.08999633789062,222.3000030517578,32190500.0,37.21862030029297,38.7599983215332,40.95000076293945,38.560001373291016,40.58000183105469,169341000.0,56.69401550292969,59.09000015258789,62.38999938964844,58.79999923706055,62.040000915527344,46829900.0,52.2917366027832,54.0,59.0,53.689998626708984,58.619998931884766,67074200.0,43.117698669433594,44.290000915527344,45.880001068115234,44.189998626708984,45.310001373291016,162754800.0,2493.5,2493.5,2517.89990234375,2476.300048828125,2501.60009765625,826.0,8181.5,8181.5,8381.0,8168.39990234375,8376.599609375,3701129900.0,,,,,
2024-09-06,,,,,,,,,,,,,,,,,,,,,,,,,,,,,,,,,,,,,,,,,,,3.72,22.38,5408.42,1.1086,1.3136
2024-09-07,196.9647674560547,204.32000732421875,218.63999938964844,200.61000061035156,215.19000244140625,70281800.0,37.35496520996094,38.650001525878906,39.84000015258789,38.0099983215332,39.25,204593000.0,55.33159255981445,57.66999816894531,60.66999816894531,56.18000030517578,59.90999984741211,82180600.0,51.11032485961914,52.779998779296875,56.099998474121094,50.220001220703125,54.72999954223633,126463000.0,43.331878662109375,44.5099983215332,45.20000076293945,43.380001068115234,44.709999084472656,230168400.0,2581.300048828125,2581.300048828125,2581.800048828125,2491.300048828125,2491.300048828125,354.0,8273.099609375,8273.099609375,8301.400390625,8170.0,8181.5,3917181900.0,,,,,
2024-09-13,,,,,,,,,,,,,,,,,,,,,,,,,,,,,,,,,,,,,,,,,,,3.66,16.56,5626.02,1.1085,1.314
2024-09-14,203.4910430908203,211.08999633789062,211.91000366210938,205.58999633789062,205.8300018310547,56988300.0,38.920677185058594,40.27000045776367,41.04999923706055,38.790000915527344,38.810001373291016,225336400.0,59.62034225463867,62.13999938964844,63.16999816894531,57.93000030517578,57.93000030517578,74374200.0,54.50929260253906,56.290000915527344,56.290000915527344,52.810001373291016,52.810001373291016,120735400.0,44.45143508911133,45.65999984741211,45.810001373291016,44.70000076293945,44.70000076293945,201897800.0,2619.89990234375,2619.89990234375,2621.800048828125,2549.199951171875,2580.39990234375,191.0,8230.0,8230.0,8370.5,8223.7998046875,8273.099609375,4435259800.0,,,,,
2024-09-20,,,,,,,,,,,,,,,,,,,,,,,,,,,,,,,,,,,,,,,,,,,3.73,16.15,5702.55,1.1159,1.3305
2024-09-21,202.92227172851562,210.5,212.9499969482422,208.61000061035156,211.0,38363200.0,38.07982635498047,39.400001525878906,40.439998626708984,38.939998626708984,40.209999084472656,160578200.0,59.36128616333008,61.869998931884766,62.900001525878906,60.11000061035156,62.220001220703125,57307300.0,54.131629943847656,55.900001525878906,57.11000061035156,53.31999969482422,56.2599983215332,89674400.0,43.95494079589844,45.150001525878906,45.66999816894531,44.650001525878906,45.4900016784668,159174900.0,2644.300048828125,2644.300048828125,2672.10009765625,2625.5,2626.5,21663.0,8320.7998046875,8320.7998046875,8334.599609375,8210.099609375,8230.0,4022479400.0,,,,,
2024-09-27,,,,,,,,,,,,,,,,,,,,,,,,,,,,,,,,,,,,,,,,,,,3.75,16.96,5738.17,1.1159,1.3394
2024-09-28,203.61636352539062,211.22000122070312,211.6699981689453,204.33999633789062,206.30999755859375,40477800.0,38.76603698730469,40.11000061035156,40.25,38.72999954223633,39.22999954223633,144889200.0,60.100067138671875,62.63999938964844,62.93000030517578,60.93000030517578,61.68000030517578,50285000.0,55.15809631347656,56.959999084472656,57.130001068115234,54.40999984741211,55.65999984741211,59078900.0,44.602882385253906,45.650001525878906,45.689998626708984,44.66999816894531,45.040000915527344,157983500.0,2645.800048828125,2645.800048828125,2670.89990234375,2623.199951171875,2660.89990234375,1666.0,8280.599609375,8280.599609375,8332.7001953125,8226.2001953125,8320.7998046875,4204551600.0,,,,,
2024-10-04,,,,,,,,,,,,,,,,,,,,,,,,,,,,,,,,,,,,,,,,,,,3.98,19.21,5751.07,1.0961,1.3107
2024-10-05,215.6009979248047,222.2899932861328,224.6300048828125,208.3800048828125,211.02999877929688,46012500.0,40.54438781738281,41.95000076293945,42.16999816894531,39.709999084472656,40.209999084472656,157465100.0,63.074371337890625,65.73999786376953,66.0999984741211,62.06999969482422,62.4900016784668,48057400.0,59.06060791015625,60.9900016784668,61.720001220703125,56.79999923706055,57.22999954223633,85459300.0,45.443153381347656,46.5099983215332,46.599998474121094,44.900001525878906,45.650001525878906,170674300.0,2657.60009765625,2657.60009765625,2658.10009765625,2602.5,2648.699951171875,1455.0,8253.7001953125,8253.7001953125,8323.400390625,8184.0,8280.599609375,3095801300.0,,,,,
2024-10-11,,,,,,,,,,,,,,,,,,,,,,,,,,,,,,,,,,,,,,,,,,,4.08,20.46,5815.03,1.0942,1.307
2024-10-12,218.5883026123047,225.3699951171875,225.9199981689453,218.8800048828125,223.1999969482422,38137900.0,40.90198516845703,42.31999969482422,43.36000061035156,41.720001220703125,41.959999084472656,194328800.0,60.301551818847656,62.849998474121094,67.16000366210938,62.529998779296875,65.80999755859375,97520600.0,62.32400131225586,64.36000061035156,64.77999877929688,60.939998626708984,61.27000045776367,107172300.0,46.52769088745117,47.619998931884766,47.810001373291016,46.459999084472656,46.59000015258789,203284300.0,2713.699951171875,2713.699951171875,2719.60009765625,2647.800048828125,2655.0,144.0,8358.2998046875,8358.2998046875,8395.599609375,8237.7001953125,8253.7001953125,4172895100.0,,,,,
2024-10-18,,,,,,,,,,,,,,,,,,,,,,,,,,,,,,,,,,,,,,,,,,,4.08,18.03,5864.67,1.0854,1.3022
2024-10-19,215.6204071044922,222.30999755859375,225.6999969482422,220.8800048828125,225.22000122070312,34009200.0,40.48639678955078,41.88999938964844,42.97999954223633,41.56999969482422,42.25,148122200.0,59.255741119384766,61.7599983215332,63.7400016784668,61.29999923706055,62.790000915527344,56374400.0,62.488624572753906,64.52999877929688,65.94999694824219,63.86000061035156,64.4800033569336,93398000.0,45.56040573120117,46.630001068115234,47.650001525878906,46.52000045776367,47.540000915527344,122067300.0,2740.89990234375,2740.89990234375,2746.0,2714.199951171875,2721.89990234375,219.0,8248.7998046875,8248.7998046875,8391.7998046875,8246.2001953125,8358.2998046875,4005920500.0,,,,,
2024-10-25,,,,,,,,,,,,,,,,,,,,,,,,,,,,,,,,,,,,,,,,,,,4.25,20.33,5808.12,1.0813,1.2978
2024-10-26,216.23146057128906,222.94000244140625,226.75,221.5800018310547,223.35000610351562,35287300.0,40.36074447631836,41.7599983215332,42.900001525878906,41.63999938964844,42.06999969482422,144299800.0,61.12668228149414,63.709999084472656,65.2300033569336,62.220001220703125,62.349998474121094,61089900.0,62.633880615234375,64.68000030517578,66.4000015258789,64.62000274658203,65.0,71663200.0,45.57017517089844,46.63999938964844,47.43000030517578,46.47999954223633,46.869998931884766,181608100.0,2738.60009765625,2738.60009765625,2789.0,2729.5,2736.10009765625,2093.0,8177.2001953125,8177.2001953125,8325.5,8071.7001953125,8248.7998046875,5100937400.0,,,,,
2024-11-01,,,,,,,,,,,,,,,,,,,,,,,,,,,,,,,,,,,,,,,,,,,4.37,21.88,5728.8,1.0848,1.2959
2024-11-02,229.84898376464844,236.97999572753906,248.0,219.1699981689453,222.64999389648438,63771300.0,43.61783218383789,45.130001068115234,45.54999923706055,41.11000061035156,41.61000061035156,258719700.0,65.8471908569336,68.62999725341797,70.08999633789062,62.22999954223633,62.9900016784668,97582400.0,67.82432556152344,70.04000091552734,74.2699966430664,63.04999923706055,64.55999755859375,122695800.0,48.06167984008789,49.189998626708984,49.68000030517578,46.029998779296875,46.61000061035156,361388700.0,2687.5,2687.5,2743.89990234375,2659.39990234375,2736.5,2180.0,8072.39990234375,8072.39990234375,8301.7998046875,8060.89990234375,8177.2001953125,4605857100.0,,,,,
2024-11-08,,,,,,,,,,,,,,,,,,,,,,,,,,,,,,,,,,,,,,,,,,,4.3,14.94,5995.54,1.071,1.2905
2024-11-09,237.9282989501953,245.30999755859375,246.4199981689453,238.75999450683594,240.0,49041700.0,45.183555603027344,46.75,46.84000015258789,45.58000183105469,45.599998474121094,194575300.0,66.55693054199219,68.76000213623047,70.19999694824219,67.47000122070312,69.5,75881300.0,72.40308380126953,74.33999633789062,74.41000366210938,71.0199966430664,71.0199966430664,86280800.0,48.72608184814453,49.869998931884766,50.13999938964844,49.54999923706055,49.68000030517578,233042100.0,2565.699951171875,2565.699951171875,2671.699951171875,2554.199951171875,2671.699951171875,238.0,8063.60009765625,8063.60009765625,8148.2001953125,7995.89990234375,8072.39990234375,4025608800.0,,,,,
2024-11-15,,,,,,,,,,,,,,,,,,,,,,,,,,,,,,,,,,,,,,,,,,,4.43,16.14,5870.62,1.0552,1.2629
2024-11-16,241.07081604003906,248.5500030517578,249.14999389648438,238.63999938964844,247.75999450683594,41640200.0,45.42517852783203,47.0,47.220001220703125,45.91999816894531,46.75,172248100.0,67.60233306884766,69.83999633789062,70.19999694824219,67.69999694824219,68.68000030517578,64504700.0,73.98088073730469,75.95999908447266,76.08000183105469,72.43000030517578,74.5,83333500.0,49.56636047363281,50.72999954223633,50.779998779296875,49.29999923706055,49.90999984741211,181021400.0,2709.89990234375,2709.89990234375,2710.5,2589.39990234375,2591.699951171875,324.0,8262.099609375,8262.099609375,8274.7998046875,8052.0,8063.60009765625,3932822400.0,,,,,
2024-11-22,,,,,,,,,,,,,,,,,,,,,,,,,,,,,,,,,,,,,,,,,,,4.41,15.24,5969.34,1.0399,1.2516
2024-11-23,242.2056121826172,249.72000122070312,254.30999755859375,248.33999633789062,249.58999633789062,27474600.0,45.91808319091797,47.5099983215332,48.08000183105469,47.15999984741211,47.2599983215332,119560500.0,68.59933471679688,70.87000274658203,71.19000244140625,69.33000183105469,70.44000244140625,49505900.0,74.1854019165039,76.16999816894531,78.12999725341797,75.97000122070312,76.19999694824219,77354600.0,50.16236114501953,51.34000015258789,51.619998931884766,50.7599983215332,51.0099983215332,122893000.0,2657.0,2657.0,2689.39990234375,2616.800048828125,2689.39990234375,305119.0,8287.2998046875,8287.2998046875,8307.2998046875,8237.7001953125,8262.099609375,4486025500.0,,,,,
2024-11-29,,,,,,,,,,,,,,,,,,,,,,,,,,,,,,,,,,,,,,,,,,,4.18,13.51,6032.38,1.0547,1.2699
2024-11-30,239.9166259765625,247.36000061035156,250.25,242.22999572753906,249.5500030517578,34995900.0,45.183555603027344,46.75,47.81999969482422,46.130001068115234,47.7400016784668,159460400.0,69.83832550048828,72.1500015258789,72.8499984741211,70.5,71.26000213623047,64897400.0,72.39334869384766,74.33000183105469,76.94999694824219,72.70999908447266,76.94999694824219,80188300.0,49.243927001953125,50.400001525878906,51.4900016784668,50.09000015258789,51.41999816894531,200464000.0,2638.60009765625,2638.60009765625,2658.300048828125,2617.5,2649.0,3150.0,8308.599609375,8308.599609375,8388.400390625,8274.7001953125,8287.2998046875,4311963600.0,,,,,
2024-12-06,,,,,,,,,,,,,,,,,,,,,,,,,,,,,,,,,,,,,,,,,,,4.15,12.77,6090.27,1.0563,1.2744
2024-12-07,232.71990966796875,239.94000244140625,247.9600067138672,239.13999938964844,247.1300048828125,40575700.0,44.38527297973633,45.66999816894531,46.75,45.380001068115234,46.560001373291016,164036800.0,68.73484802246094,71.01000213623047,73.37999725341797,70.76000213623047,72.30000305175781,70037400.0,68.60470581054688,70.44000244140625,74.55000305175781,70.0199966430664,74.30999755859375,68903200.0,48.403648376464844,49.540000915527344,50.4900016784668,49.38999938964844,50.439998626708984,178163700.0,2656.0,2656.0,2733.800048828125,2630.800048828125,2632.10009765625,8249.0,8300.2998046875,8300.2998046875,8372.099609375,8248.400390625,8308.599609375,3849307100.0,,,,,
2024-12-13,,,,,,,,,,,,,,,,,,,,,,,,,,,,,,,,,,,,,,,,,,,4.4,13.81,6051.09,1.0498,1.2629
2024-12-14,230.45033264160156,237.60000610351562,240.6699981689453,229.52999877929688,240.61000061035156,72577200.0,42.927467346191406,44.16999816894531,45.68000030517578,43.099998474121094,45.59000015258789,214962700.0,66.9731674194336,69.19000244140625,71.7699966430664,67.91999816894531,71.2699966430664,83685200.0,68.5073013305664,70.33999633789062,72.29000091552734,68.61000061035156,70.47000122070312,127957600.0,47.39727783203125,48.5099983215332,49.630001068115234,47.59000015258789,49.56999969482422,273452700.0,2628.699951171875,2628.699951171875,2663.300048828125,2582.10009765625,2658.300048828125,2978.0,8084.60009765625,8084.60009765625,8305.2001953125,8002.2998046875,8300.2998046875,5045800800.0,,,,,
2024-12-20,,,,,,,,,,,,,,,,,,,,,,,,,,,,,,,,,,,,,,,,,,,4.52,18.36,5930.85,1.043,1.2587
2024-12-21,233.91290283203125,241.1699981689453,243.38999938964844,234.8800048828125,236.07000732421875,22522600.0,43.09268569946289,44.34000015258789,44.779998779296875,42.779998779296875,43.900001525878906,81479100.0,68.72516632080078,71.0,71.52999877929688,68.87000274658203,69.36000061035156,28877700.0,69.25724792480469,71.11000061035156,71.83999633789062,69.62000274658203,69.72000122070312,30443500.0,47.631771087646484,48.75,49.16999816894531,47.869998931884766,48.060001373291016,116041800.0,2617.199951171875,2617.199951171875,2638.800048828125,2609.5,2620.0,1212.0,8149.7998046875,8149.7998046875,8152.0,8051.89990234375,8084.60009765625,1173376800.0,,,,,
2024-12-27,,,,,,,,,,,,,,,,,,,,,,,,,,,,,,,,,,,,,,,,,,,4.62,15.95,5970.84,1.0423,1.2573
2024-12-28,235.95941162109375,243.27999877929688,244.8800048828125,237.11000061035156,238.77000427246094,29306800.0,43.549468994140625,44.810001373291016,44.849998474121094,43.54999923706055,43.88999938964844,81286500.0,68.72516632080078,71.0,71.16000366210938,69.6500015258789,70.18000030517578,34227700.0,69.45203399658203,71.30999755859375,71.41999816894531,69.73999786376953,70.41000366210938,32931400.0,47.67790985107422,48.59000015258789,48.77000045776367,47.86000061035156,48.25,121067500.0,2645.0,2645.0,2663.10009765625,2597.0,2620.699951171875,3514.0,8224.0,8224.0,8270.599609375,8094.89990234375,8149.7998046875,1693118700.0,,,,,
2025-01-03,,,,,,,,,,,,,,,,,,,,,,,,,,,,,,,,,,,,,,,,,,,4.6,16.13,5942.47,1.0292,1.2419
2025-01-04,232.65199279785156,239.8699951171875,245.69000244140625,238.74000549316406,243.6999969482422,37603300.0,43.841026306152344,45.11000061035156,46.650001525878906,44.7400016784668,45.15999984741211,152617000.0,69.11235046386719,71.4000015258789,74.29000091552734,71.0199966430664,72.2300033569336,64469600.0,68.13719940185547,69.95999908447266,73.25,69.33999633789062,71.93000030517578,60098900.0,46.43174743652344,47.31999969482422,49.02000045776367,47.150001525878906,48.79999923706055,201523300.0,2708.5,2708.5,2720.10009765625,2617.300048828125,2645.5,4144.0,8248.5,8248.5,8326.2998046875,8189.5,8224.0,4157592000.0,,,,,
2025-01-10,,,,,,,,,,,,,,,,,,,,,,,,,,,,,,,,,,,,,,,,,,,4.77,19.54,5827.04,1.0238,1.2215
2025-01-11,252.65975952148438,259.1600036621094,260.6199951171875,239.0,239.6699981689453,73831600.0,45.22108459472656,46.529998779296875,47.5099983215332,44.689998626708984,45.099998474121094,228712800.0,77.4271240234375,79.98999786376953,80.44999694824219,70.9800033569336,70.9800033569336,124747500.0,75.07170104980469,77.08000183105469,77.25,69.55999755859375,69.9000015258789,109404100.0,49.28712844848633,50.22999954223633,50.31999969482422,47.040000915527344,47.08000183105469,214056500.0,2744.300048828125,2744.300048828125,2751.60009765625,2670.800048828125,2711.10009765625,5424.0,8505.2001953125,8505.2001953125,8533.400390625,8192.2998046875,8248.5,4758482500.0,,,,,
2025-01-17,,,,,,,,,,,,,,,,,,,,,,,,,,,,,,,,,,,,,,,,,,,4.61,15.97,5996.66,1.0287,1.2181
2025-01-18,258.197265625,264.8399963378906,267.1000061035156,259.5,260.07000732421875,41150000.0,45.21136474609375,46.52000045776367,47.150001525878906,45.7599983215332,46.619998931884766,152364500.0,78.86939239501953,81.4800033569336,82.7699966430664,79.91999816894531,80.43000030517578,66483500.0,75.3054428100586,77.31999969482422,78.30000305175781,76.86000061035156,77.69000244140625,56102200.0,49.895484924316406,50.849998474121094,50.900001525878906,50.209999084472656,50.400001525878906,141631400.0,2777.300048828125,2777.300048828125,2792.0,2724.800048828125,2746.0,8526.0,8502.400390625,8502.400390625,8586.7001953125,8492.7001953125,8505.2001953125,4269571800.0,,,,,
2025-01-24,,,,,,,,,,,,,,,,,,,,,,,,,,,,,,,,,,,,,,,,,,,4.63,14.85,6101.24,1.0515,1.2496
2025-01-25,260.5955810546875,267.29998779296875,270.82000732421875,262.260009765625,264.1700134277344,38529900.0,44.99755096435547,46.29999923706055,47.439998626708984,46.15999984741211,46.54999923706055,156686900.0,78.82099151611328,81.43000030517578,82.62000274658203,79.4800033569336,80.75,63471300.0,76.74687957763672,78.80000305175781,79.29000091552734,76.88999938964844,77.4000015258789,57631100.0,50.50384521484375,51.470001220703125,52.040000915527344,50.619998931884766,50.7599983215332,249879600.0,2812.5,2812.5,2838.0,2737.5,2761.10009765625,172567.0,8674.0,8674.0,8692.7998046875,8462.2001953125,8502.400390625,3993656300.0,,,,,
2025-01-31,,,,,,,,,,,,,,,,,,,,,,,,,,,,,,,,,,,,,,,,,,,4.58,16.43,6040.53,1.04,1.2447
2025-02-01,268.88238525390625,275.79998779296875,278.54998779296875,261.70001220703125,261.8299865722656,33834100.0,46.066612243652344,47.400001525878906,47.97999954223633,45.11000061035156,45.41999816894531,163386400.0,79.10169219970703,81.72000122070312,82.91000366210938,76.88999938964844,78.5,75008300.0,78.56816101074219,80.66999816894531,81.5,77.0199966430664,77.2300033569336,79931700.0,50.84727478027344,51.81999969482422,52.2599983215332,50.40999984741211,50.75,228874800.0,2867.300048828125,2867.300048828125,2889.5,2780.89990234375,2818.199951171875,14293.0,8700.5,8700.5,8767.5,8520.2001953125,8674.0,4474339700.0,,,,,
2025-02-07,,,,,,,,,,,,,,,,,,,,,,,,,,,,,,,,,,,,,,,,,,,4.49,16.54,6025.99,1.0329,1.2396
2025-02-08,269.6525573730469,276.5899963378906,279.2300109863281,269.5899963378906,276.1499938964844,36595000.0,45.638980865478516,46.959999084472656,47.560001373291016,45.939998626708984,47.47999954223633,129593100.0,82.46623229980469,84.61000061035156,84.66999816894531,80.01000213623047,81.62999725341797,58266900.0,78.28072357177734,79.9800033569336,80.56999969482422,77.80999755859375,80.45999908447266,76095400.0,50.82765197753906,51.79999923706055,52.02000045776367,50.91999816894531,51.90999984741211,194504000.0,2883.60009765625,2883.60009765625,2945.39990234375,2863.800048828125,2864.199951171875,13957.0,8732.5,8732.5,8820.900390625,8694.599609375,8700.5,4364269900.0,,,,,
2025-02-14,,,,,,,,,,,,,,,,,,,,,,,,,,,,,,,,,,,,,,,,,,,4.47,14.77,6114.63,1.0498,1.2609
2025-02-15,257.6123352050781,264.239990234375,280.25,262.8399963378906,276.760009765625,41609300.0,43.549468994140625,44.810001373291016,46.650001525878906,44.540000915527344,46.560001373291016,160278900.0,77.63189697265625,79.6500015258789,84.73999786376953,79.61000061035156,83.94000244140625,57685900.0,75.85340118408203,77.5,80.94999694824219,77.33000183105469,79.98999786376953,62248200.0,49.79736328125,50.75,52.25,50.650001525878906,51.880001068115234,164114100.0,2937.60009765625,2937.60009765625,2955.800048828125,2873.800048828125,2879.199951171875,9858.0,8659.400390625,8659.400390625,8787.7001953125,8638.599609375,8732.5,4355884900.0,,,,,
2025-02-21,,,,,,,,,,,,,,,,,,,,,,,,,,,,,,,,,,,,,,,,,,,4.42,18.21,6013.13,1.0455,1.2647
2025-02-22,258.0120544433594,264.6499938964844,267.0,253.35000610351562,265.489990234375,44596300.0,44.80317306518555,46.099998474121094,46.20000076293945,43.349998474121094,45.029998779296875,196981700.0,77.9242935180664,79.94999694824219,80.69000244140625,76.45999908447266,80.22000122070312,70165900.0,76.65597534179688,78.31999969482422,78.5199966430664,74.93000030517578,77.97000122070312,80582700.0,51.200523376464844,52.18000030517578,52.2599983215332,50.310001373291016,50.9900016784668,245972900.0,2836.800048828125,2836.800048828125,2957.89990234375,2834.10009765625,2933.10009765625,8524.0,8809.7001953125,8809.7001953125,8810.5,8614.099609375,8659.400390625,6101268900.0,,,,,
2025-02-28,,,,,,,,,,,,,,,,,,,,,,,,,,,,,,,,,,,,,,,,,,,4.24,19.63,5954.5,1.0402,1.2591
2025-03-01,236.20310974121094,242.27999877929688,266.32000732421875,239.4199981689453,264.0,60867200.0,40.23539352416992,41.400001525878906,46.959999084472656,40.61000061035156,46.209999084472656,286567900.0,68.67474365234375,70.45999908447266,80.43000030517578,68.06999969482422,80.0,108082900.0,69.54045104980469,71.05000305175781,78.9800033569336,68.0999984741211,78.86000061035156,108010900.0,48.19795608520508,49.119998931884766,52.63999938964844,48.25,52.31999969482422,393833300.0,2904.699951171875,2904.699951171875,2927.89990234375,2863.39990234375,2872.699951171875,3260.0,8679.900390625,8679.900390625,8908.7998046875,8627.2998046875,8809.7001953125,5551623900.0,,,,,
2025-03-07,,,,,,,,,,,,,,,,,,,,,,,,,,,,,,,,,,,,,,,,,,,4.32,23.37,5770.2,1.0859,1.2918
2025-03-08,226.60992431640625,232.44000244140625,237.50999450683594,224.22999572753906,236.2100067138672,81514200.0,39.99052429199219,40.88999938964844,41.02000045776367,39.18000030517578,40.400001525878906,244143500.0,67.03731536865234,68.77999877929688,69.13999938964844,66.05000305175781,68.48999786376953,89631200.0,69.34468841552734,70.8499984741211,71.06999969482422,65.5199966430664,69.55000305175781,103589700.0,47.60922622680664,48.52000045776367,48.61000061035156,47.220001220703125,48.290000915527344,311415700.0,2994.5,2994.5,3004.800048828125,2880.199951171875,2910.10009765625,4631.0,8632.2998046875,8632.2998046875,8700.7998046875,8481.099609375,8679.900390625,5102460500.0,,,,,
2025-03-14,,,,,,,,,,,,,,,,,,,,,,,,,,,,,,,,,,,,,,,,,,,4.31,21.77,5638.94,1.0872,1.2917
2025-03-15,235.56944274902344,241.6300048828125,242.3300018310547,230.4600067138672,231.17999267578125,57706900.0,41.5357666015625,42.470001220703125,42.720001220703125,40.59000015258789,40.91999816894531,223387500.0,70.15623474121094,71.9800033569336,72.9800033569336,68.68000030517578,68.88999938964844,76261800.0,70.97920227050781,72.5199966430664,73.83000183105469,70.08000183105469,70.47000122070312,81775700.0,48.531578063964844,49.459999084472656,49.97999954223633,48.31999969482422,48.33000183105469,220284200.0,3018.199951171875,3018.199951171875,3050.89990234375,2989.0,2991.0,1153.0,8646.7998046875,8646.7998046875,8742.7998046875,8616.0,8632.2998046875,5632558400.0,,,,,
2025-03-21,,,,,,,,,,,,,,,,,,,,,,,,,,,,,,,,,,,,,,,,,,,4.25,19.28,5667.56,1.0806,1.2896
2025-03-22,236.7588348388672,242.85000610351562,254.6699981689453,241.11000061035156,245.47999572753906,51490600.0,40.34260940551758,41.25,43.720001220703125,40.9900016784668,42.93000030517578,145975700.0,68.54804229736328,70.33000183105469,75.05999755859375,69.68000030517578,73.26000213623047,65365100.0,69.1880874633789,70.69000244140625,75.37999725341797,69.94999694824219,73.63999938964844,55048900.0,48.2862663269043,49.209999084472656,50.90999984741211,49.02000045776367,49.790000915527344,185426300.0,3086.5,3086.5,3094.89990234375,3006.0,3024.300048828125,155859.0,8658.900390625,8658.900390625,8717.0,8611.400390625,8646.7998046875,3863218300.0,,,,,
2025-03-28,,,,,,,,,,,,,,,,,,,,,,,,,,,,,,,,,,,,,,,,,,,4.27,21.65,5580.94,1.0826,1.2942
2025-03-29,205.00575256347656,210.27999877929688,247.25,208.92999267578125,239.41000366210938,73775700.0,33.63350296020508,34.38999938964844,41.970001220703125,33.66999816894531,40.779998779296875,313443700.0,56.65715789794922,58.130001068115234,71.95999908447266,56.310001373291016,69.5,127457200.0,59.68439865112305,60.97999954223633,72.47000122070312,59.709999084472656,69.9000015258789,91301500.0,43.5278434753418,44.20000076293945,50.33000183105469,44.09000015258789,48.720001220703125,347089400.0,3012.0,3012.0,3168.60009765625,3011.0,3091.0,19868.0,8055.0,8055.0,8671.900390625,8023.5,8658.900390625,5184260100.0,,,,,
2025-04-04,,,,,,,,,,,,,,,,,,,,,,,,,,,,,,,,,,,,,,,,,,,4.01,45.31,5074.08,1.1014,1.2927
2025-04-05,231.69400024414062,236.1999969482422,238.5800018310547,202.16000366210938,205.77000427246094,105603400.0,35.1591911315918,35.95000076293945,37.849998474121094,33.06999969482422,34.970001220703125,531742600.0,60.07822036743164,61.63999938964844,65.75,55.5099983215332,56.15999984741211,167886700.0,61.181884765625,62.5099983215332,67.19000244140625,58.41999816894531,60.689998626708984,174317800.0,45.96028137207031,46.66999816894531,47.61000061035156,42.209999084472656,42.84000015258789,613005900.0,3222.199951171875,3222.199951171875,3235.0,2949.699951171875,3016.39990234375,14130.0,7964.2001953125,7964.2001953125,8166.5,7544.7998046875,8055.0,7455641500.0,,,,,
2025-04-11,,,,,,,,,,,,,,,,,,,,,,,,,,,,,,,,,,,,,,,,,,,4.48,37.56,5363.36,1.1325,1.3051
2025-04-12,227.534912109375,231.9600067138672,239.77999877929688,227.92999267578125,237.10000610351562,42810900.0,36.587074279785156,37.40999984741211,38.75,36.27000045776367,36.4900016784668,231525500.0,61.64742660522461,63.25,66.29000091552734,61.29999923706055,63.349998474121094,81703200.0,63.33514404296875,64.70999908447266,65.70999908447266,62.400001525878906,63.15999984741211,85273900.0,45.940589904785156,46.650001525878906,47.900001525878906,46.18000030517578,47.349998474121094,203649900.0,3308.699951171875,3308.699951171875,3345.0,3194.5,3215.5,3351.0,8275.7001953125,8275.7001953125,8295.099609375,7964.2001953125,7964.2001953125,3083613200.0,,,,,
2025-04-18,,,,,,,,,,,,,,,,,,,,,,,,,,,,,,,,,,,,,,,,,,,4.34,29.65,5282.7,1.139,1.3279
2025-04-19,238.90380859375,243.5500030517578,246.7899932861328,226.33999633789062,230.6300048828125,51188200.0,38.816917419433594,39.689998626708984,40.130001068115234,36.4900016784668,37.06999969482422,206796900.0,66.6961898803711,68.43000030517578,68.81999969482422,61.95000076293945,62.75,71557900.0,68.24848937988281,69.7300033569336,70.19000244140625,63.400001525878906,64.19999694824219,92271300.0,47.28975296020508,48.02000045776367,48.72999954223633,45.13999938964844,46.40999984741211,186458900.0,3282.39990234375,3282.39990234375,3485.60009765625,3256.199951171875,3342.199951171875,1916.0,8415.2998046875,8415.2998046875,8467.7998046875,8262.5,8275.7001953125,4015446200.0,,,,,
2025-04-25,,,,,,,,,,,,,,,,,,,,,,,,,,,,,,,,,,,,,,,,,,,4.29,24.84,5525.21,1.1381,1.3331
2025-04-26,247.69285583496094,252.50999450683594,253.6199951171875,238.42999267578125,244.55999755859375,43457400.0,40.166561126708984,41.06999969482422,41.22999954223633,38.81999969482422,39.79999923706055,187397200.0,68.80145263671875,70.58999633789062,70.83000183105469,66.72000122070312,68.66000366210938,61897600.0,72.23202514648438,73.80000305175781,74.16000366210938,68.66999816894531,69.80999755859375,103230600.0,49.00328826904297,49.7599983215332,49.939998626708984,47.5,48.220001220703125,179610300.0,3231.89990234375,3231.89990234375,3340.0,3198.60009765625,3284.5,6265.0,8596.400390625,8596.400390625,8622.099609375,8404.099609375,8415.2998046875,4420402900.0,,,,,
2025-05-02,,,,,,,,,,,,,,,,,,,,,,,,,,,,,,,,,,,,,,,,,,,4.33,22.68,5686.67,1.133,1.3283
2025-05-03,248.2519989013672,253.0800018310547,255.8800048828125,248.8300018310547,251.17999267578125,33952400.0,40.8707275390625,41.790000915527344,42.150001525878906,40.560001373291016,40.849998474121094,162381400.0,69.63966369628906,71.44999694824219,72.26000213623047,69.16999816894531,69.27999877929688,51322300.0,70.91069793701172,72.44999694824219,74.88999938964844,72.02999877929688,73.3499984741211,79570200.0,49.101776123046875,49.86000061035156,50.369998931884766,48.970001220703125,49.34000015258789,136528300.0,3335.39990234375,3335.39990234375,3430.89990234375,3239.699951171875,3242.699951171875,4097.0,8554.7998046875,8554.7998046875,8641.7001953125,8514.0,8596.400390625,3837351600.0,,,,,
2025-05-09,,,,,,,,,,,,,,,,,,,,,,,,,,,,,,,,,,,,,,,,,,,4.37,21.9,5659.91,1.127,1.3318
2025-05-10,262.45574951171875,267.55999755859375,269.5199890136719,258.70001220703125,262.8999938964844,44983500.0,43.706932067871094,44.689998626708984,44.97999954223633,42.939998626708984,43.31999969482422,227394600.0,74.39163208007812,75.72000122070312,76.2699966430664,74.29000091552734,74.5999984741211,68870300.0,74.97051239013672,76.18000030517578,76.58000183105469,74.06999969482422,74.98999786376953,77296200.0,50.80546569824219,51.59000015258789,51.66999816894531,50.54999923706055,51.11000061035156,205167900.0,3182.0,3182.0,3300.699951171875,3125.0,3300.699951171875,7679.0,8684.599609375,8684.599609375,8697.0,8531.099609375,8554.7998046875,4535179400.0,,,,,
2025-05-16,,,,,,,,,,,,,,,,,,,,,,,,,,,,,,,,,,,,,,,,,,,4.43,17.24,5958.38,1.1141,1.3257
2025-05-17,255.73643493652344,260.7099914550781,268.32000732421875,256.0,265.54998779296875,41231200.0,42.24971389770508,43.20000076293945,45.13999938964844,42.349998474121094,44.11000061035156,190835400.0,71.80776977539062,73.08999633789062,76.31999969482422,71.6500015258789,75.0,60686100.0,71.67369842529297,72.83000183105469,76.41000366210938,71.9000015258789,75.5999984741211,60065300.0,49.288883209228516,50.04999923706055,51.77000045776367,49.56999969482422,51.31999969482422,160581800.0,3363.60009765625,3363.60009765625,3363.60009765625,3207.5,3234.39990234375,2858.0,8718.0,8718.0,8798.5,8604.7998046875,8684.599609375,4631439200.0,,,,,
2025-05-23,,,,,,,,,,,,,,,,,,,,,,,,,,,,,,,,,,,,,,,,,,,4.51,22.29,5802.82,1.135,1.3511
2025-05-24,258.96368408203125,264.0,266.7200012207031,261.989990234375,262.0400085449219,29100900.0,43.15925598144531,44.130001068115234,44.459999084472656,43.29999923706055,43.790000915527344,167078400.0,73.99864959716797,75.31999969482422,75.75,73.48999786376953,74.16000366210938,46533100.0,73.59273529052734,74.77999877929688,75.08000183105469,73.05000305175781,73.61000061035156,50783800.0,50.1850471496582,50.959999084472656,51.04999923706055,50.2599983215332,50.439998626708984,142418200.0,3288.89990234375,3288.89990234375,3341.0,3242.39990234375,3332.5,154530.0,8772.400390625,8772.400390625,8824.0,8709.099609375,8718.0,4370431700.0,,,,,
2025-05-30,,,,,,,,,,,,,,,,,,,,,,,,,,,,,,,,,,,,,,,,,,,4.41,18.57,5911.69,1.1347,1.3468
2025-05-31,260.6606750488281,265.7300109863281,267.1199951171875,260.30999755859375,263.0199890136719,34837200.0,43.980777740478516,44.970001220703125,45.16999816894531,43.36000061035156,43.880001068115234,159528400.0,76.88707733154297,78.26000213623047,78.41000366210938,74.30000305175781,75.16000366210938,55271300.0,75.11813354492188,76.33000183105469,78.80000305175781,73.2699966430664,74.26000213623047,85135400.0,50.500179290771484,51.279998779296875,51.439998626708984,50.290000915527344,50.61000061035156,165445400.0,3322.699951171875,3322.699951171875,3400.0,3296.89990234375,3296.89990234375,8405.0,8837.900390625,8837.900390625,8851.400390625,8730.599609375,8772.400390625,3542061100.0,,,,,
2025-06-06,,,,,,,,,,,,,,,,,,,,,,,,,,,,,,,,,,,,,,,,,,,4.51,16.77,6000.36,1.1397,1.3532
2025-06-07,259.8955383300781,264.95001220703125,269.6199951171875,262.7099914550781,266.0,36973500.0,43.374244689941406,44.09000015258789,45.40999984741211,43.65999984741211,45.11000061035156,185963700.0,75.02040100097656,76.36000061035156,78.91999816894531,76.11000061035156,78.5999984741211,47987800.0,71.2111587524414,72.36000061035156,76.69999694824219,71.93000030517578,76.55000305175781,80479300.0,49.200252532958984,49.959999084472656,51.36000061035156,49.810001373291016,51.34000015258789,175841900.0,3431.199951171875,3431.199951171875,3444.0,3290.0,3315.60009765625,6375.0,8850.599609375,8850.599609375,8898.599609375,8812.099609375,8837.900390625,3592823700.0,,,,,
2025-06-13,,,,,,,,,,,,,,,,,,,,,,,,,,,,,,,,,,,,,,,,,,,4.41,20.82,5976.97,1.1557,1.3594
2025-06-14,269.7538146972656,275.0,277.7200012207031,266.8500061035156,267.0,38861400.0,44.761348724365234,45.5,45.650001525878906,44.060001373291016,44.63999938964844,163869500.0,77.07373809814453,78.44999694824219,79.2699966430664,76.94999694824219,77.12999725341797,50677800.0,74.20289611816406,75.4000015258789,75.77999877929688,72.30000305175781,73.4000015258789,81564100.0,49.59416961669922,50.36000061035156,50.880001068115234,50.09000015258789,50.31999969482422,156947400.0,3368.10009765625,3368.10009765625,3442.0,3341.0,3442.0,2666.0,8774.7001953125,8774.7001953125,8902.400390625,8772.2998046875,8850.599609375,4664300400.0,,,,,
2025-06-20,,,,,,,,,,,,,,,,,,,,,,,,,,,,,,,,,,,,,,,,,,,4.38,20.62,5967.84,1.152,1.3465
2025-06-21,281.6327819824219,287.1099853515625,289.4100036621094,272.1099853515625,275.05999755859375,51000100.0,46.35505294799805,47.119998931884766,47.66999816894531,45.11000061035156,45.400001525878906,218485600.0,82.89971160888672,84.37999725341797,84.79000091552734,77.51000213623047,78.37000274658203,84095000.0,78.23779296875,79.5,80.1500015258789,74.81999969482422,75.12999725341797,87211500.0,51.150142669677734,51.939998626708984,52.22999954223633,49.84000015258789,50.20000076293945,194191700.0,3273.699951171875,3273.699951171875,3387.89990234375,3253.800048828125,3365.89990234375,3283.0,8798.900390625,8798.900390625,8831.900390625,8707.7001953125,8774.7001953125,3854127700.0,,,,,
2025-06-27,,,,,,,,,,,,,,,,,,,,,,,,,,,,,,,,,,,,,,,,,,,4.29,16.32,6173.07,1.1724,1.372
2025-06-28,290.35321044921875,296.0,296.3999938964844,286.5899963378906,290.3999938964844,36727800.0,48.13566589355469,48.93000030517578,49.310001373291016,46.939998626708984,47.619998931884766,166086000.0,87.16357421875,88.72000122070312,88.80000305175781,84.61000061035156,84.9000015258789,61774200.0,82.272705078125,83.5999984741211,83.94999694824219,79.91000366210938,80.4800033569336,69085300.0,52.56064987182617,53.189998626708984,53.27000045776367,52.13999938964844,52.18000030517578,143013600.0,3332.5,3332.5,3362.0,3262.0,3265.89990234375,1652.0,8822.900390625,8822.900390625,8837.7998046875,8726.900390625,8798.900390625,3673200500.0,,,,,
2025-07-04,,,,,,,,,,,,,,,,,,,,,,,,,,,,,,,,,,,,,,,,,,,4.35,17.48,6279.35,1.1758,1.3656
2025-07-05,282.7431640625,286.8599853515625,296.0400085449219,280.30999755859375,295.25,51336000.0,45.97138214111328,46.72999954223633,49.209999084472656,46.25,48.7400016784668,245760300.0,85.20848846435547,86.7300033569336,88.83000183105469,85.4800033569336,88.12999725341797,60254400.0,81.2393798828125,82.55000305175781,83.58999633789062,81.02999877929688,82.97000122070312,79526000.0,51.5428352355957,52.15999984741211,53.25,52.08000183105469,53.130001068115234,182681400.0,3356.0,3356.0,3370.0,3282.0,3305.5,2262.0,8941.099609375,8941.099609375,8984.099609375,8798.7001953125,8822.900390625,3421568200.0,,,,,
2025-07-11,,,,,,,,,,,,,,,,,,,,,,,,,,,,,,,,,,,,,,,,,,,4.43,16.4,6259.75,1.1696,1.3503
2025-07-12,287.08990478515625,291.2699890136719,292.5,283.010009765625,287.07000732421875,52312300.0,46.55180358886719,47.31999969482422,47.380001068115234,45.0099983215332,46.810001373291016,257617700.0,91.81058502197266,93.44999694824219,93.80000305175781,86.22000122070312,86.4800033569336,116595600.0,79.35969543457031,80.63999938964844,83.5199966430664,77.72000122070312,82.19999694824219,147773300.0,51.91834259033203,52.540000915527344,52.650001525878906,51.33000183105469,52.150001525878906,200072800.0,3353.0,3353.0,3375.5,3313.800048828125,3367.0,2072.0,8992.099609375,8992.099609375,9017.0,8926.599609375,8941.099609375,3080559700.0,,,,,
2025-07-18,,,,,,,,,,,,,,,,,,,,,,,,,,,,,,,,,,,,,,,,,,,4.44,16.41,6296.79,1.1645,1.3439
2025-07-19,294.3344421386719,298.6199951171875,299.5899963378906,289.17999267578125,291.0,34618800.0,47.66345977783203,48.45000076293945,49.0,47.20000076293945,47.540000915527344,165758000.0,94.38463592529297,96.06999969482422,96.91000366210938,92.52999877929688,93.58999633789062,78704700.0,82.98126983642578,84.31999969482422,84.83000183105469,80.16999816894531,80.75,89426400.0,52.80769348144531,53.439998626708984,53.4900016784668,52.369998931884766,52.56999969482422,162608400.0,3334.0,3334.0,3441.0,3326.5,3350.300048828125,1397.0,9120.2998046875,9120.2998046875,9158.2001953125,8975.2001953125,8992.099609375,3989854200.0,,,,,
2025-07-25,,,,,,,,,,,,,,,,,,,,,,,,,,,,,,,,,,,,,,,,,,,4.4,14.93,6388.64,1.173,1.3429
2025-07-26,285.2171630859375,289.3699951171875,301.2900085449219,284.239990234375,297.6600036621094,48294600.0,44.91875457763672,45.65999984741211,48.540000915527344,45.31999969482422,48.45000076293945,171399500.0,90.21900939941406,91.83000183105469,96.19999694824219,87.94000244140625,96.06999969482422,78903000.0,76.54510498046875,77.77999877929688,84.5,77.4000015258789,84.31999969482422,69569600.0,50.791831970214844,51.400001525878906,53.439998626708984,51.04999923706055,53.380001068115234,213502800.0,3347.699951171875,3347.699951171875,3360.60009765625,3263.89990234375,3326.60009765625,140053.0,9068.599609375,9068.599609375,9190.7001953125,9027.900390625,9120.2998046875,3713070300.0,,,,,
2025-08-01,,,,,,,,,,,,,,,,,,,,,,,,,,,,,,,,,,,,,,,,,,,4.23,20.38,6238.01,1.1555,1.3259
2025-08-02,284.615966796875,288.760009765625,295.7900085449219,284.7099914550781,290.260009765625,34853200.0,45.263065338134766,46.0099983215332,46.29999923706055,44.75,45.959999084472656,163495500.0,91.10322570800781,92.7300033569336,93.29000091552734,89.68000030517578,91.75,68337700.0,76.6139907836914,77.8499984741211,78.81999969482422,76.16000366210938,78.5199966430664,71042800.0,51.23650360107422,51.849998474121094,52.25,51.220001220703125,51.599998474121094,190406600.0,3439.10009765625,3439.10009765625,3477.0,3347.39990234375,3367.60009765625,15879.0,9095.7001953125,9095.7001953125,9184.2001953125,9068.099609375,9068.599609375,4710066800.0,,,,,
2025-08-08,,,,,,,,,,,,,,,,,,,,,,,,,,,,,,,,,,,,,,,,,,,4.27,15.15,6389.45,1.166,1.3444
2025-08-09,286.3210754394531,290.489990234375,295.5,287.1600036621094,289.3999938964844,36164300.0,46.17797088623047,46.939998626708984,47.81999969482422,45.810001373291016,46.060001373291016,147856400.0,92.6517562866211,93.69000244140625,96.19999694824219,90.80000305175781,93.02999877929688,75073900.0,76.32164764404297,77.0999984741211,79.72000122070312,77.01000213623047,78.01000213623047,74620300.0,51.83928680419922,52.459999084472656,53.15999984741211,51.720001220703125,51.959999084472656,189966100.0,3336.0,3336.0,3383.89990234375,3328.89990234375,3383.89990234375,5887.0,9138.900390625,9138.900390625,9222.099609375,9093.2001953125,9095.7001953125,3060183700.0,,,,,
2025-08-15,,,,,,,,,,,,,,,,,,,,,,,,,,,,,,,,,,,,,,,,,,,4.33,15.09,6449.8,1.1708,1.3565
2025-08-16,291.9885559082031,296.239990234375,297.1600036621094,287.2699890136719,290.0,33969400.0,48.67673873901367,49.47999954223633,49.65999984741211,46.790000915527344,46.91999816894531,181522800.0,94.20436096191406,95.26000213623047,95.62000274658203,90.68000030517578,93.3499984741211,71492100.0,78.30145263671875,79.0999984741211,79.30999755859375,76.58999633789062,76.98999786376953,54266600.0,52.936153411865234,53.56999969482422,53.68000030517578,52.290000915527344,52.38999938964844,165701500.0,3374.39990234375,3374.39990234375,3377.699951171875,3310.10009765625,3333.5,4896.0,9321.400390625,9321.400390625,9357.5,9126.900390625,9138.900390625,3256775300.0,,,,,
2025-08-22,,,,,,,,,,,,,,,,,,,,,,,,,,,,,,,,,,,,,,,,,,,4.26,14.22,6466.91,1.1713,1.3528
2025-08-23,297.0942687988281,301.4200134277344,302.95001220703125,293.5,296.239990234375,31834400.0,49.916282653808594,50.7400016784668,50.91999816894531,49.209999084472656,49.38999938964844,183199100.0,95.49983978271484,96.56999969482422,97.48999786376953,94.02999877929688,95.2300033569336,50235200.0,81.3503646850586,82.18000030517578,83.20999908447266,78.87000274658203,78.87999725341797,68525700.0,53.3511848449707,53.9900016784668,54.13999938964844,53.099998474121094,53.470001220703125,157093300.0,3473.699951171875,3473.699951171875,3475.60009765625,3366.0,3366.0,6206.0,9187.2998046875,9187.2998046875,9325.900390625,9179.2001953125,9321.400390625,3150302300.0,,,,,
2025-08-29,,,,,,,,,,,,,,,,,,,,,,,,,,,,,,,,,,,,,,,,,,,4.23,15.36,6460.26,1.1695,1.3511
2025-08-30,290.1552734375,294.3800048828125,305.1499938964844,294.30999755859375,300.260009765625,29982300.0,48.96202850341797,49.77000045776367,50.83000183105469,49.22999954223633,50.220001220703125,165924200.0,94.34280395507812,95.4000015258789,97.9800033569336,92.95999908447266,95.0199966430664,59208500.0,78.16287231445312,78.95999908447266,82.12999725341797,78.69999694824219,81.70999908447266,55983700.0,52.44206619262695,53.06999969482422,54.25,52.869998931884766,53.70000076293945,166260300.0,3613.199951171875,3613.199951171875,3613.199951171875,3485.699951171875,3485.699951171875,1892.0,9208.2001953125,9208.2001953125,9253.5,9107.400390625,9187.2998046875,2853767600.0,,,,,
2025-09-05,,,,,,,,,,,,,,,,,,,,,,,,,,,,,,,,,,,,,,,,,,,4.1,15.18,6481.5,1.1759,1.3543
2025-09-06,302.5054626464844,306.9100036621094,307.54998779296875,291.44000244140625,294.8900146484375,38613200.0,50.03565216064453,50.58000183105469,50.959999084472656,48.880001068115234,49.79999923706055,175705800.0,98.3380355834961,99.44000244140625,99.69999694824219,94.63999938964844,95.86000061035156,64668100.0,80.63762664794922,81.45999908447266,81.63999938964844,78.55999755859375,78.98999786376953,79008600.0,53.163429260253906,53.79999923706055,54.06999969482422,52.84000015258789,53.09000015258789,183632600.0,3649.39990234375,3649.39990234375,3670.39990234375,3590.0,3594.5,2375.0,9283.2998046875,9283.2998046875,9340.7001953125,9190.599609375,9208.2001953125,3528570500.0,,,,,
2025-09-12,,,,,,,,,,,,,,,,,,,,,,,,,,,,,,,,,,,,,,,,,,,4.06,14.76,6584.29,1.1714,1.3547
2025-09-13,310.26251220703125,314.7799987792969,315.79998779296875,307.1300048828125,307.1700134277344,57924700.0,51.68767547607422,52.25,52.65999984741211,50.209999084472656,50.849998474121094,233223500.0,101.54212951660156,102.68000030517578,103.12999725341797,99.20999908447266,99.80000305175781,73765700.0,83.78553009033203,84.63999938964844,84.93000030517578,80.08000183105469,81.61000061035156,84518700.0,53.60810470581055,54.25,54.5,53.27000045776367,53.88999938964844,191721100.0,3671.5,3671.5,3698.60009765625,3635.10009765625,3640.0,1057.0,9216.7001953125,9216.7001953125,9314.400390625,9195.7001953125,9283.2998046875,4989646800.0,,,,,
2025-09-19,,,,,,,,,,,,,,,,,,,,,,,,,,,,,,,,,,,,,,,,,,,4.14,15.45,6664.36,1.1753,1.3484
2025-09-20,311.52410888671875,316.05999755859375,317.80999755859375,309.55999755859375,309.79998779296875,37756400.0,51.64810562133789,52.209999084472656,52.880001068115234,51.439998626708984,51.7599983215332,125740300.0,102.27392578125,103.41999816894531,105.58999633789062,100.1500015258789,101.76000213623047,62024000.0,84.15180206298828,85.01000213623047,86.66000366210938,83.55999755859375,83.87999725341797,55859700.0,53.22272491455078,53.86000061035156,54.4900016784668,53.2400016784668,53.70000076293945,140428900.0,3775.300048828125,3775.300048828125,3786.0,3688.0,3688.199951171875,22832.0,9284.7998046875,9284.7998046875,9292.099609375,9177.099609375,9216.7001953125,3269900600.0,,,,,
2025-09-26,,,,,,,,,,,,,,,,,,,,,,,,,,,,,,,,,,,,,,,,,,,4.2,15.29,6643.7,1.1692,1.3404
2025-09-27,305.5806884765625,310.0299987792969,318.010009765625,306.1400146484375,317.05999755859375,41150800.0,50.095001220703125,50.63999938964844,52.56999969482422,50.06999969482422,52.36000061035156,128678000.0,96.65686798095703,97.73999786376953,104.38999938964844,96.69999694824219,104.1500015258789,70706600.0,79.85560607910156,80.66999816894531,85.19000244140625,80.04000091552734,84.69999694824219,59769500.0,53.25912857055664,53.720001220703125,54.2400016784668,53.060001373291016,54.040000915527344,150921100.0,3880.800048828125,3880.800048828125,3891.89990234375,3754.800048828125,3754.800048828125,16059.0,9491.2998046875,9491.2998046875,9494.599609375,9266.2998046875,9284.7998046875,3417701800.0,,,,,
2025-10-03,,,,,,,,,,,,,,,,,,,,,,,,,,,,,,,,,,,,,,,,,,,4.13,16.65,6715.79,1.1747,1.3481
2025-10-04,296.5718688964844,300.8900146484375,311.75,300.80999755859375,310.17999267578125,37816300.0,48.12642288208008,48.650001525878906,51.31999969482422,48.54999923706055,50.93000030517578,127156600.0,92.88909912109375,93.93000030517578,100.05999755859375,93.66000366210938,99.19999694824219,57333500.0,76.8364028930664,77.62000274658203,81.45999908447266,77.62000274658203,80.55999755859375,58922900.0,51.7125129699707,52.15999984741211,54.06999969482422,52.15999984741211,53.93000030517578,197619100.0,3975.89990234375,3975.89990234375,4049.199951171875,3926.800048828125,3931.300048828125,11176.0,9427.5,9427.5,9577.099609375,9414.599609375,9491.2001953125,3652389600.0,,,,,
2025-10-10,,,,,,,,,,,,,,,,,,,,,,,,,,,,,,,,,,,,,,,,,,,4.05,21.66,6552.51,1.1613,1.3343
2025-10-11,294.7155456542969,297.55999755859375,312.1199951171875,294.20001220703125,305.6000061035156,59025200.0,50.728111267089844,51.279998779296875,52.849998474121094,48.529998779296875,49.20000076293945,244860700.0,95.99430084228516,97.06999969482422,102.1500015258789,95.04000091552734,95.56999969482422,101900100.0,82.43926239013672,83.27999877929688,87.47000122070312,78.27999877929688,78.73999786376953,114913900.0,51.73234176635742,52.18000030517578,53.7599983215332,51.540000915527344,52.54999923706055,279476200.0,4189.89990234375,4189.89990234375,4358.0,4016.0,4016.0,16173.0,9354.599609375,9354.599609375,9474.2998046875,9276.900390625,9427.5,3395870500.0,,,,,
2025-10-17,,,,,,,,,,,,,,,,,,,,,,,,,,,,,,,,,,,,,,,,,,,4.02,20.78,6664.01,1.1674,1.3425
2025-10-18,297.5680236816406,300.44000244140625,304.04998779296875,290.5400085449219,298.5,34988800.0,52.00423049926758,52.56999969482422,52.81999969482422,50.439998626708984,51.439998626708984,152997100.0,97.68534851074219,98.77999877929688,99.5999984741211,95.0,97.47000122070312,54881800.0,85.53766632080078,86.41000366210938,87.30999755859375,83.08999633789062,83.62000274658203,83002500.0,52.654361724853516,53.11000061035156,53.279998779296875,52.119998931884766,52.36000061035156,185852200.0,4118.39990234375,4118.39990234375,4356.60009765625,4006.0,4244.10009765625,6407.0,9645.599609375,9645.599609375,9645.599609375,9354.5,9354.5,3865985400.0,,,,,
2025-10-24,,,,,,,,,,,,,,,,,,,,,,,,,,,,,,,,,,,,,,,,,,,4.02,16.37,6791.69,1.1626,1.3298
2025-10-25,308.1459045410156,311.1199951171875,312.8699951171875,301.010009765625,302.1600036621094,34734400.0,52.87476348876953,53.45000076293945,53.63999938964844,52.31999969482422,52.79999923706055,162924100.0,100.10820007324219,101.2300033569336,101.94000244140625,98.30999755859375,99.30000305175781,54633700.0,86.09201049804688,86.97000122070312,87.3499984741211,85.01000213623047,86.9000015258789,70934100.0,51.92070770263672,52.369998931884766,53.43000030517578,51.869998931884766,53.369998931884766,211642900.0,3982.199951171875,3982.199951171875,4078.60009765625,3913.699951171875,4060.0,3277.0,9717.2998046875,9717.2998046875,9787.599609375,9632.7998046875,9645.599609375,3680038600.0,,,,,
2025-10-31,,,,,,,,,,,,,,,,,,,,,,,,,,,,,,,,,,,,,,,,,,,4.11,17.44,6840.2,1.1541,1.3141
2025-11-01,311.20635986328125,314.2099914550781,314.8399963378906,305.1000061035156,311.0,36228800.0,52.6274528503418,53.20000076293945,54.0,51.7400016784668,53.2599983215332,228666200.0,99.6730728149414,100.79000091552734,102.55000305175781,97.37000274658203,100.72000122070312,58440200.0,85.17140197753906,86.04000091552734,88.5,84.04000091552734,87.13999938964844,77528700.0,52.32719039916992,52.779998779296875,52.81999969482422,51.650001525878906,52.33000183105469,210249100.0,3999.39990234375,3999.39990234375,4020.0,3927.39990234375,3976.199951171875,2111.0,9682.599609375,9682.599609375,9786.7998046875,9574.2001953125,9717.2998046875,4421211500.0,,,,,
2025-11-07,,,,,,,,,,,,,,,,,,,,,,,,,,,,,,,,,,,,,,,,,,,4.11,19.08,6728.8,1.1578,1.3165
2025-11-08,300.7076721191406,303.6099853515625,322.25,301.2300109863281,315.0,40702900.0,52.043800354003906,52.61000061035156,54.689998626708984,52.029998779296875,53.40999984741211,158954800.0,99.7799072265625,100.30000305175781,103.86000061035156,98.1500015258789,101.26000213623047,57540800.0,84.63404083251953,85.05000305175781,88.63999938964844,82.95999908447266,86.29000091552734,74870200.0,52.000022888183594,52.45000076293945,53.88999938964844,52.27000045776367,52.93000030517578,214669000.0,4087.60009765625,4087.60009765625,4228.7001953125,4047.0,4060.0,1804.0,9698.400390625,9698.400390625,9930.099609375,9610.5,9682.599609375,3842847700.0,,,,,
2025-11-14,,,,,,,,,,,,,,,,,,,,,,,,,,,,,,,,,,,,,,,,,,,4.14,19.83,6734.11,1.1617,1.3156
2025-11-15,295.171142578125,298.0199890136719,309.9200134277344,292.80999755859375,304.0,41236300.0,51.005104064941406,51.560001373291016,52.95000076293945,50.70000076293945,52.58000183105469,179377400.0,98.18820190429688,98.69999694824219,102.86000061035156,95.83000183105469,100.08000183105469,57318500.0,82.70352935791016,83.11000061035156,86.04000091552734,81.05000305175781,84.69000244140625,67955900.0,51.22671127319336,51.66999816894531,52.4900016784668,51.08000183105469,52.470001220703125,321135300.0,4076.699951171875,4076.699951171875,4122.7001953125,4019.39990234375,4070.0,3786.0,9539.7001953125,9539.7001953125,9707.7001953125,9423.900390625,9698.400390625,4097093100.0,,,,,
2025-11-21,,,,,,,,,,,,,,,,,,,,,,,,,,,,,,,,,,,,,,,,,,,4.06,23.43,6602.99,1.1506,1.31
2025-11-22,310.087158203125,313.0799865722656,313.7200012207031,294.510009765625,298.239990234375,32050700.0,53.07261276245117,53.650001525878906,53.939998626708984,51.400001525878906,51.650001525878906,145128600.0,103.06279754638672,103.5999984741211,104.37000274658203,98.5999984741211,98.72000122070312,45520400.0,85.43012237548828,85.8499984741211,86.5199966430664,82.41000366210938,83.08999633789062,56390200.0,52.872474670410156,53.33000183105469,53.54999923706055,51.33000183105469,51.7400016784668,146183500.0,4218.2998046875,4218.2998046875,4223.89990234375,4060.5,4060.5,187086.0,9720.5,9720.5,9740.2001953125,9521.5,9539.7001953125,4876289400.0,,,,,
2025-11-28,,,,,,,,,,,,,,,,,,,,,,,,,,,,,,,,,,,,,,,,,,,4.02,16.35,6849.09,1.16,1.3239
2025-11-29,312.0284729003906,315.0400085449219,318.489990234375,306.79998779296875,312.95001220703125,39658300.0,53.369380950927734,53.95000076293945,54.83000183105469,52.970001220703125,53.5,186260500.0,108.31541442871094,108.87999725341797,109.37000274658203,102.41000366210938,103.0999984741211,59471800.0,89.39066314697266,89.83000183105469,91.11000061035156,85.16999816894531,85.83000183105469,58361200.0,53.2194709777832,53.68000030517578,53.93000030517578,52.63999938964844,53.06999969482422,153296800.0,4212.89990234375,4212.89990234375,4262.10009765625,4167.0,4218.5,4325.0,9667.0,9667.0,9744.7998046875,9667.0,9720.599609375,3719533500.0,,,,,
2025-12-05,,,,,,,,,,,,,,,,,,,,,,,,,,,,,,,,,,,,,,,,,,,4.14,15.41,6870.4,1.1635,1.3324
2025-12-06,315.4751892089844,318.5199890136719,320.2699890136719,298.4599914550781,315.05999755859375,63045300.0,54.83003616333008,55.13999938964844,55.29999923706055,53.27000045776367,53.900001525878906,212226600.0,111.22027587890625,111.80000305175781,113.43000030517578,107.01000213623047,109.19999694824219,65859400.0,92.30632781982422,92.76000213623047,93.41999816894531,88.19000244140625,89.83000183105469,81136000.0,54.47857666015625,54.95000076293945,55.209999084472656,53.209999084472656,53.70000076293945,239152500.0,4300.10009765625,4300.10009765625,4355.0,4175.5,4205.5,3729.0,9649.0,9649.0,9761.5,9622.7001953125,9667.099609375,3735891200.0,,,,,
2025-12-12,,,,,,,,,,,,,,,,,,,,,,,,,,,,,,,,,,,,,,,,,,,4.19,15.74,6827.41,1.1731,1.3351
2025-12-13,314.17767333984375,317.2099914550781,322.8800048828125,312.2200012207031,319.5899963378906,63853400.0,54.95930862426758,55.27000045776367,56.06999969482422,53.77000045776367,55.40999984741211,261571900.0,114.26441192626953,114.86000061035156,115.61000061035156,110.55000305175781,112.44999694824219,91876600.0,92.55510711669922,93.01000213623047,94.26000213623047,91.29000091552734,93.58000183105469,91313300.0,54.3695182800293,54.84000015258789,55.310001373291016,54.36000061035156,55.18000030517578,195428400.0,4361.39990234375,4361.39990234375,4361.39990234375,4270.5,4308.2998046875,6589.0,9897.400390625,9897.400390625,9903.099609375,9649.0,9649.0,4574209800.0,,,,,
2025-12-19,,,,,,,,,,,,,,,,,,,,,,,,,,,,,,,,,,,,,,,,,,,4.16,14.91,6834.5,1.1721,1.3379
2025-12-20,324.7754211425781,327.9100036621094,330.8599853515625,317.510009765625,317.510009765625,23470500.0,55.854244232177734,56.16999816894531,56.54999923706055,55.34000015258789,55.369998931884766,84577200.0,119.79557800292969,120.41999816894531,122.83999633789062,114.87000274658203,115.20999908447266,60446400.0,94.79410552978516,95.26000213623047,95.8499984741211,93.05000305175781,93.19999694824219,28830600.0,55.142826080322266,55.619998931884766,55.88999938964844,54.7400016784668,54.75,98816600.0,4529.10009765625,4529.10009765625,4556.2998046875,4371.10009765625,4371.10009765625,1906.0,9870.7001953125,9870.7001953125,9901.5,9829.400390625,9897.400390625,1164014100.0,,,,,
2025-12-26,,,,,,,,,,,,,,,,,,,,,,,,,,,,,,,,,,,,,,,,,,,4.14,13.6,6929.94,1.1766,1.3492
2025-12-27,319.1398010253906,322.2200012207031,327.7699890136719,322.0400085449219,327.0,21588100.0,54.69082260131836,55.0,56.25,54.93000030517578,56.11000061035156,54760700.0,116.08492279052734,116.69000244140625,120.56999969482422,116.37000274658203,120.36000061035156,25840000.0,92.74417114257812,93.19999694824219,95.61000061035156,93.12000274658203,95.36000061035156,22961300.0,54.48990249633789,54.77000045776367,55.68000030517578,54.75,55.59000015258789,73380900.0,4325.60009765625,4325.60009765625,4403.60009765625,4285.0,4371.5,4666.0,9931.400390625,9931.400390625,9954.2998046875,9858.5,9870.7001953125,888684100.0,,,,,
2026-01-02,,,,,,,,,,,,,,,,,,,,,,,,,,,,,,,,,,,,,,,,,,,4.18,14.95,6845.5,1.1736,1.3447
